id,subtarea_id,etapa_id,fecha,comentario,tiene_alerta,responsable_id,responsable,created_at,updated_at
1,113,6,Mon Mar 16 2026 00:00:00 GMT-0500 (hora de Ecuador),Pendiente la revisión de la jefatura financiera; TICs envió para la revisión el 20/02/2026,1,,,Mon Mar 16 2026 09:07:40 GMT-0500 (hora de Ecuador),Thu Mar 19 2026 13:47:36 GMT-0500 (hora de Ecuador)
2,30,6,Mon Mar 16 2026 00:00:00 GMT-0500 (hora de Ecuador),Pendiente la respuesta de revisión de la Jefatura Financiera; TICs envió el pedido el 18/02/2026 y se realizó la insistencia el 13/02/2026.,1,,,Mon Mar 16 2026 09:12:18 GMT-0500 (hora de Ecuador),Thu Mar 19 2026 13:47:36 GMT-0500 (hora de Ecuador)
3,127,6,Mon Mar 16 2026 00:00:00 GMT-0500 (hora de Ecuador),En revisión de la Jefatura Administrativa desde el 27/02/2026; Se realiza la insistencia de revisión el 16/03/2026,1,,,Mon Mar 16 2026 09:17:59 GMT-0500 (hora de Ecuador),Thu Mar 19 2026 13:47:36 GMT-0500 (hora de Ecuador)
4,11,6,Mon Mar 16 2026 00:00:00 GMT-0500 (hora de Ecuador),Está en revisión de observaciones de la Jefatura Financiera desde el 11/03/2026;,0,,,Mon Mar 16 2026 09:27:06 GMT-0500 (hora de Ecuador),Thu Mar 19 2026 13:47:36 GMT-0500 (hora de Ecuador)
5,172,15,Mon Mar 16 2026 00:00:00 GMT-0500 (hora de Ecuador),"Esta en elaboración hasta el 17/03/2026, esperando que se tengas las cotizaciones.",1,,,Mon Mar 16 2026 09:42:34 GMT-0500 (hora de Ecuador),Thu Mar 19 2026 13:47:36 GMT-0500 (hora de Ecuador)
6,14,1,Mon Mar 16 2026 00:00:00 GMT-0500 (hora de Ecuador),El responsable realizará el pedido hasta 16/03/2026,1,,,Mon Mar 16 2026 09:49:46 GMT-0500 (hora de Ecuador),Thu Mar 19 2026 13:47:36 GMT-0500 (hora de Ecuador)
7,14,2,Mon Mar 16 2026 00:00:00 GMT-0500 (hora de Ecuador),El responsable realizará el pedido hasta el 16/03/2026,1,,,Mon Mar 16 2026 09:50:24 GMT-0500 (hora de Ecuador),Thu Mar 19 2026 13:47:36 GMT-0500 (hora de Ecuador)
8,14,3,Mon Mar 16 2026 00:00:00 GMT-0500 (hora de Ecuador),En revisión interna del área con Gabriela Cevallos,1,,,Mon Mar 16 2026 09:51:05 GMT-0500 (hora de Ecuador),Thu Mar 19 2026 13:47:36 GMT-0500 (hora de Ecuador)
9,217,5,Mon Mar 16 2026 00:00:00 GMT-0500 (hora de Ecuador),Se encuentra en revisión interna del TDR.,1,,,Mon Mar 16 2026 10:59:01 GMT-0500 (hora de Ecuador),Thu Mar 19 2026 13:47:36 GMT-0500 (hora de Ecuador)
10,217,2,Mon Mar 16 2026 00:00:00 GMT-0500 (hora de Ecuador),El responsable realizará la solicitud de certificación el 16/03/2026,0,,,Mon Mar 16 2026 11:01:07 GMT-0500 (hora de Ecuador),Thu Mar 19 2026 13:47:36 GMT-0500 (hora de Ecuador)
11,217,4,Mon Mar 16 2026 00:00:00 GMT-0500 (hora de Ecuador),Se encuentra en revisión interna,1,,,Mon Mar 16 2026 11:01:43 GMT-0500 (hora de Ecuador),Thu Mar 19 2026 13:47:36 GMT-0500 (hora de Ecuador)
12,215,50,Mon Mar 16 2026 00:00:00 GMT-0500 (hora de Ecuador),"La Dirección Financiera está solicitando la LUAE, la contratista esta en proceso de sacar la LUAE, es un documento no contemplado en el proceso, estaría pendiente de acuerdo a los tiempo del Municipio.",1,,,Mon Mar 16 2026 11:12:40 GMT-0500 (hora de Ecuador),Thu Mar 19 2026 13:47:36 GMT-0500 (hora de Ecuador)
13,194,33,Mon Mar 16 2026 00:00:00 GMT-0500 (hora de Ecuador),Se realizará la carga de la Información hasta terminar el proceso,0,,,Mon Mar 16 2026 11:21:48 GMT-0500 (hora de Ecuador),Thu Mar 19 2026 13:47:36 GMT-0500 (hora de Ecuador)
14,194,39,Mon Mar 16 2026 00:00:00 GMT-0500 (hora de Ecuador),Se carga la Información al finalizar el proceso,0,,,Mon Mar 16 2026 11:23:18 GMT-0500 (hora de Ecuador),Thu Mar 19 2026 13:47:36 GMT-0500 (hora de Ecuador)
15,194,50,Mon Mar 16 2026 00:00:00 GMT-0500 (hora de Ecuador),En espera de la directriz de Gerencia General,1,,,Mon Mar 16 2026 11:27:05 GMT-0500 (hora de Ecuador),Mon Mar 16 2026 11:27:05 GMT-0500 (hora de Ecuador)
16,62,8,Mon Mar 16 2026 00:00:00 GMT-0500 (hora de Ecuador),Pendiente de autorización de DAF,1,,,Mon Mar 16 2026 11:52:10 GMT-0500 (hora de Ecuador),Thu Mar 19 2026 13:47:36 GMT-0500 (hora de Ecuador)
17,59,13,Mon Mar 16 2026 00:00:00 GMT-0500 (hora de Ecuador),Se volverá a lanzar la publicación,1,,,Mon Mar 16 2026 11:58:48 GMT-0500 (hora de Ecuador),Thu Mar 19 2026 13:47:36 GMT-0500 (hora de Ecuador)
19,49,1,Tue Mar 17 2026 00:00:00 GMT-0500 (hora de Ecuador),"Por parte de financiero se solicitará la actualización del PAC, así mismo se solicitará que se proceda la contratación bajo servicios profesionales",1,,,Tue Mar 17 2026 08:57:22 GMT-0500 (hora de Ecuador),Thu Mar 19 2026 13:47:36 GMT-0500 (hora de Ecuador)
20,60,13,Tue Mar 17 2026 00:00:00 GMT-0500 (hora de Ecuador),Se volverá a lanzar la publicación,1,,,Tue Mar 17 2026 09:01:59 GMT-0500 (hora de Ecuador),Thu Mar 19 2026 13:47:36 GMT-0500 (hora de Ecuador)
21,75,14,Tue Mar 17 2026 00:00:00 GMT-0500 (hora de Ecuador),Solo se recibió una proforma,1,,,Tue Mar 17 2026 09:03:40 GMT-0500 (hora de Ecuador),Thu Mar 19 2026 13:47:36 GMT-0500 (hora de Ecuador)
29,52,6,Tue Mar 17 2026 00:00:00 GMT-0500 (hora de Ecuador),Se encuentra en ajustes del TDR,1,,,Tue Mar 17 2026 09:52:47 GMT-0500 (hora de Ecuador),Tue Mar 17 2026 09:52:47 GMT-0500 (hora de Ecuador)
31,127,6,Tue Mar 17 2026 00:00:00 GMT-0500 (hora de Ecuador),Se recibió las observaciones de la jefatura Administrativa y de inmedaito se envio el 16/03/2026 ha revisión del equipo jurídico y financiero. Al momento 17/03/2026 no se recibe observaciones a los documentos,1,,,Tue Mar 17 2026 11:23:19 GMT-0500 (hora de Ecuador),Thu Mar 19 2026 13:47:36 GMT-0500 (hora de Ecuador)
34,194,50,Thu Mar 19 2026 00:00:00 GMT-0500 (hora de Ecuador),Hasta el 19/03/2026 se espera la directriz si continua el proceso.,1,,,Thu Mar 19 2026 13:58:58 GMT-0500 (hora de Ecuador),Thu Mar 19 2026 13:58:58 GMT-0500 (hora de Ecuador)
35,14,3,Thu Mar 19 2026 00:00:00 GMT-0500 (hora de Ecuador),En definición de reunión del 19/03/2026,1,,,Thu Mar 19 2026 14:06:02 GMT-0500 (hora de Ecuador),Thu Mar 19 2026 14:06:02 GMT-0500 (hora de Ecuador)
36,217,2,Thu Mar 19 2026 00:00:00 GMT-0500 (hora de Ecuador),En definición de reunión del 19/03/2026,1,,,Thu Mar 19 2026 14:06:49 GMT-0500 (hora de Ecuador),Thu Mar 19 2026 14:06:49 GMT-0500 (hora de Ecuador)
37,207,51,Thu Mar 19 2026 00:00:00 GMT-0500 (hora de Ecuador),"Se vuelven a enviar las cartas de intención por falta de aclaración de único productor y documento notariado, se estima que Yatra tenga confirmación esta semana.",1,,,Thu Mar 19 2026 14:14:54 GMT-0500 (hora de Ecuador),Thu Mar 19 2026 14:14:54 GMT-0500 (hora de Ecuador)
38,75,15,Thu Mar 19 2026 00:00:00 GMT-0500 (hora de Ecuador),Se está elaborando el estudio de mercado el cual se firma el 19/03/2026.,1,,,Thu Mar 19 2026 14:18:43 GMT-0500 (hora de Ecuador),Thu Mar 19 2026 14:18:43 GMT-0500 (hora de Ecuador)
39,75,14,Thu Mar 19 2026 00:00:00 GMT-0500 (hora de Ecuador),"Se realizó tres publicaciones, se recibió una proforma.",0,,,Thu Mar 19 2026 14:19:07 GMT-0500 (hora de Ecuador),Thu Mar 19 2026 14:19:07 GMT-0500 (hora de Ecuador)
40,60,13,Thu Mar 19 2026 00:00:00 GMT-0500 (hora de Ecuador),"Se espera la reforma programática, para hacer la reforma PAC y continuar con el tramite",1,,,Thu Mar 19 2026 14:22:33 GMT-0500 (hora de Ecuador),Thu Mar 19 2026 14:22:33 GMT-0500 (hora de Ecuador)
41,52,14,Thu Mar 19 2026 00:00:00 GMT-0500 (hora de Ecuador),La recepción de proformas será hasta el 24/03/2026,1,,,Thu Mar 19 2026 14:28:22 GMT-0500 (hora de Ecuador),Thu Mar 19 2026 14:28:22 GMT-0500 (hora de Ecuador)
46,30,6,Thu Mar 19 2026 00:00:00 GMT-0500 (hora de Ecuador),"Pendiente la revisión de la DAF, se realizó una insistencia el 19/03/2026.",1,,,Thu Mar 19 2026 15:01:23 GMT-0500 (hora de Ecuador),Thu Mar 19 2026 15:01:23 GMT-0500 (hora de Ecuador)
47,11,6,Thu Mar 19 2026 00:00:00 GMT-0500 (hora de Ecuador),Se realizó la insistencia de revisión a la DAF el 19/03/2026,0,,,Thu Mar 19 2026 15:05:22 GMT-0500 (hora de Ecuador),Thu Mar 19 2026 15:05:22 GMT-0500 (hora de Ecuador)
48,59,13,Thu Mar 19 2026 00:00:00 GMT-0500 (hora de Ecuador),"Se espera la reforma programática, para hacer la reforma PAC y continuar con el tramite",0,,,Thu Mar 19 2026 15:07:39 GMT-0500 (hora de Ecuador),Thu Mar 19 2026 15:07:39 GMT-0500 (hora de Ecuador)
49,215,50,Thu Mar 19 2026 00:00:00 GMT-0500 (hora de Ecuador),"Espera que se notifique la administración del contrato, por parte de Jurídico hasta el 19/03/2026",1,,,Thu Mar 19 2026 15:20:15 GMT-0500 (hora de Ecuador),Thu Mar 19 2026 15:20:15 GMT-0500 (hora de Ecuador)
50,215,50,Tue Mar 24 2026 00:00:00 GMT-0500 (hora de Ecuador),Ya se encuentra en ejecución,0,,,Tue Mar 24 2026 13:30:13 GMT-0500 (hora de Ecuador),Tue Mar 24 2026 13:30:13 GMT-0500 (hora de Ecuador)
51,194,50,Tue Mar 24 2026 00:00:00 GMT-0500 (hora de Ecuador),Se envió el informe para declarar desierto el proceso,0,,,Tue Mar 24 2026 13:33:45 GMT-0500 (hora de Ecuador),Tue Mar 24 2026 13:33:45 GMT-0500 (hora de Ecuador)
54,75,36,Tue Mar 24 2026 00:00:00 GMT-0500 (hora de Ecuador),Se encuentra en la elaboración de pliegos hasta el 24/03/2026,1,,,Tue Mar 24 2026 13:49:06 GMT-0500 (hora de Ecuador),Tue Mar 24 2026 13:49:06 GMT-0500 (hora de Ecuador)
55,75,33,Tue Mar 24 2026 00:00:00 GMT-0500 (hora de Ecuador),Se carga al finalizar el proceso,0,,,Tue Mar 24 2026 13:49:45 GMT-0500 (hora de Ecuador),Tue Mar 24 2026 13:49:45 GMT-0500 (hora de Ecuador)
56,60,13,Tue Mar 24 2026 00:00:00 GMT-0500 (hora de Ecuador),"Salió nuevamente la publicación para contratar por ínfima cuantía, hasta que se restablezcan los valores.",1,,,Tue Mar 24 2026 13:53:31 GMT-0500 (hora de Ecuador),Tue Mar 24 2026 13:53:31 GMT-0500 (hora de Ecuador)
57,52,14,Tue Mar 24 2026 00:00:00 GMT-0500 (hora de Ecuador),Recepción de proformas hasta el 24/03/2026,0,,,Tue Mar 24 2026 13:58:20 GMT-0500 (hora de Ecuador),Tue Mar 24 2026 13:58:20 GMT-0500 (hora de Ecuador)
58,30,6,Tue Mar 24 2026 00:00:00 GMT-0500 (hora de Ecuador),Se entregó lo documentos digitales a Karen Flores para revisión preliminar de la DAF acordando la revisión hasta el 24/03/2026,1,,,Tue Mar 24 2026 14:01:52 GMT-0500 (hora de Ecuador),Tue Mar 24 2026 14:01:52 GMT-0500 (hora de Ecuador)
59,113,6,Tue Mar 24 2026 00:00:00 GMT-0500 (hora de Ecuador),Se entregó lo documentos digitales a Karen Flores para revisión preliminar de la DAF acordando la revisión hasta el 24/03/2026,1,,,Tue Mar 24 2026 14:04:32 GMT-0500 (hora de Ecuador),Tue Mar 24 2026 14:04:32 GMT-0500 (hora de Ecuador)
60,127,6,Tue Mar 24 2026 00:00:00 GMT-0500 (hora de Ecuador),Se entregó lo documentos digitales a Karen Flores para revisión preliminar de la DAF acordando la revisión hasta el 24/03/2026,1,,,Tue Mar 24 2026 14:06:46 GMT-0500 (hora de Ecuador),Tue Mar 24 2026 14:06:46 GMT-0500 (hora de Ecuador)
61,62,8,Tue Mar 24 2026 00:00:00 GMT-0500 (hora de Ecuador),La persona a cargo realizó la insistencia al Enrique para solicitar a la DAF la autorización de la necesidad,1,,,Tue Mar 24 2026 14:11:34 GMT-0500 (hora de Ecuador),Tue Mar 24 2026 14:11:34 GMT-0500 (hora de Ecuador)
63,72,1,Tue Mar 24 2026 00:00:00 GMT-0500 (hora de Ecuador),"Se espera a la definición de la reforma presupuestaria, por falta de recursos.",1,,,Tue Mar 24 2026 14:17:54 GMT-0500 (hora de Ecuador),Tue Mar 24 2026 14:17:54 GMT-0500 (hora de Ecuador)
64,59,13,Tue Mar 24 2026 00:00:00 GMT-0500 (hora de Ecuador),"Se realizó nuevamente la publicación para contratar por ínfima cuantía, hasta que se restablezcan los valores",1,,,Tue Mar 24 2026 14:39:36 GMT-0500 (hora de Ecuador),Tue Mar 24 2026 14:39:36 GMT-0500 (hora de Ecuador)
65,49,1,Tue Mar 24 2026 00:00:00 GMT-0500 (hora de Ecuador),"Se realizó una reforma al POA, el requerimiento se encuentra en planificación, para realizar la contratación de servicios personales por contrato.",1,,,Tue Mar 24 2026 14:44:57 GMT-0500 (hora de Ecuador),Tue Mar 24 2026 14:44:57 GMT-0500 (hora de Ecuador)
66,142,15,Tue Mar 24 2026 00:00:00 GMT-0500 (hora de Ecuador),"El responsable realizará la calificación hasta el 24/03/2026, para continuar con el proceso.",1,,,Tue Mar 24 2026 15:21:47 GMT-0500 (hora de Ecuador),Tue Mar 24 2026 15:21:47 GMT-0500 (hora de Ecuador)
68,172,15,Tue Mar 24 2026 00:00:00 GMT-0500 (hora de Ecuador),"Se realizó una tercera publicación del proceso, el cual finalizó el 23/03/2026, actualmente se encuentra en la elaboración de estudios de mercado hasta el 24/03/2026",1,,,Tue Mar 24 2026 15:54:33 GMT-0500 (hora de Ecuador),Tue Mar 24 2026 15:54:33 GMT-0500 (hora de Ecuador)
70,217,10,Tue Mar 24 2026 00:00:00 GMT-0500 (hora de Ecuador),El responsable envió la solicitud de reforma CATE.,1,,,Tue Mar 24 2026 16:34:43 GMT-0500 (hora de Ecuador),Tue Mar 24 2026 16:34:43 GMT-0500 (hora de Ecuador)
71,217,3,Tue Mar 24 2026 00:00:00 GMT-0500 (hora de Ecuador),Se encuentra en la corrección de observaciones realizadas por la DAF,1,,,Tue Mar 24 2026 16:36:57 GMT-0500 (hora de Ecuador),Tue Mar 24 2026 16:36:57 GMT-0500 (hora de Ecuador)
72,217,4,Tue Mar 24 2026 00:00:00 GMT-0500 (hora de Ecuador),Se encuentra en la corrección de observaciones realizadas por la DAF,1,,,Tue Mar 24 2026 16:37:10 GMT-0500 (hora de Ecuador),Tue Mar 24 2026 16:37:10 GMT-0500 (hora de Ecuador)
73,217,5,Tue Mar 24 2026 00:00:00 GMT-0500 (hora de Ecuador),Se encuentra en la corrección de observaciones realizadas por la DAF,1,,,Tue Mar 24 2026 16:37:16 GMT-0500 (hora de Ecuador),Tue Mar 24 2026 16:37:16 GMT-0500 (hora de Ecuador)
78,207,52,Tue Mar 24 2026 00:00:00 GMT-0500 (hora de Ecuador),Se realizará la valoración hasta el jueves 26/03/2026,1,,,Tue Mar 24 2026 17:05:41 GMT-0500 (hora de Ecuador),Tue Mar 24 2026 17:05:41 GMT-0500 (hora de Ecuador)
79,207,53,Tue Mar 24 2026 00:00:00 GMT-0500 (hora de Ecuador),Se realizará la aprobación hasta el jueves 26/03/2026,1,,,Tue Mar 24 2026 17:06:02 GMT-0500 (hora de Ecuador),Tue Mar 24 2026 17:06:02 GMT-0500 (hora de Ecuador)
81,14,3,Tue Mar 24 2026 00:00:00 GMT-0500 (hora de Ecuador),Pendiente de la revisión por parte de Carlitos Benitez hasta el 25/03/2026.,1,,,Tue Mar 24 2026 21:51:34 GMT-0500 (hora de Ecuador),Tue Mar 24 2026 21:51:34 GMT-0500 (hora de Ecuador)
84,75,36,Wed Mar 25 2026 00:00:00 GMT-0500 (hora de Ecuador),Se encuentra en la elaboración de pliegos hasta el 25/03/2026,1,,,Wed Mar 25 2026 14:14:14 GMT-0500 (hora de Ecuador),Wed Mar 25 2026 14:14:14 GMT-0500 (hora de Ecuador)
85,75,37,Wed Mar 25 2026 00:00:00 GMT-0500 (hora de Ecuador),La resolución estaría lista para el 26/03/2026,0,,,Wed Mar 25 2026 14:15:50 GMT-0500 (hora de Ecuador),Wed Mar 25 2026 14:15:50 GMT-0500 (hora de Ecuador)
89,225,3,Wed Mar 25 2026 00:00:00 GMT-0500 (hora de Ecuador),guardado,0,,,Wed Mar 25 2026 14:35:04 GMT-0500 (hora de Ecuador),Wed Mar 25 2026 14:35:04 GMT-0500 (hora de Ecuador)
90,30,6,Wed Mar 25 2026 00:00:00 GMT-0500 (hora de Ecuador),Continua pendiente la revisión por Karen Flores de la DAF hasta el 25/03/2026,1,,,Wed Mar 25 2026 14:38:36 GMT-0500 (hora de Ecuador),Wed Mar 25 2026 14:38:36 GMT-0500 (hora de Ecuador)
91,49,1,Wed Mar 25 2026 00:00:00 GMT-0500 (hora de Ecuador),"El proyecto se encuentra desfinanciado, el responsable debe solicitar un pedido de reforma.",1,,,Wed Mar 25 2026 14:42:41 GMT-0500 (hora de Ecuador),Wed Mar 25 2026 14:42:41 GMT-0500 (hora de Ecuador)
92,62,8,Wed Mar 25 2026 00:00:00 GMT-0500 (hora de Ecuador),Con fecha 25/03/2026 se realiza una insistencia de la autorización a la DAF.,1,,,Wed Mar 25 2026 15:24:09 GMT-0500 (hora de Ecuador),Wed Mar 25 2026 15:24:09 GMT-0500 (hora de Ecuador)
93,72,1,Wed Mar 25 2026 00:00:00 GMT-0500 (hora de Ecuador),Hoy se actualiza el POA y con eso ya pueden verificar la disponibilidad del presupuesto.,1,,,Wed Mar 25 2026 15:25:37 GMT-0500 (hora de Ecuador),Wed Mar 25 2026 15:25:37 GMT-0500 (hora de Ecuador)
94,172,24,Wed Mar 25 2026 00:00:00 GMT-0500 (hora de Ecuador),Se realizará la solicitud hasta el 26/03/2026,0,,,Wed Mar 25 2026 15:32:42 GMT-0500 (hora de Ecuador),Wed Mar 25 2026 15:32:42 GMT-0500 (hora de Ecuador)
95,172,16,Wed Mar 25 2026 00:00:00 GMT-0500 (hora de Ecuador),Se realizará la solicitud hasta el 27/06/2026,0,,,Wed Mar 25 2026 15:33:25 GMT-0500 (hora de Ecuador),Wed Mar 25 2026 15:33:25 GMT-0500 (hora de Ecuador)
96,142,15,Wed Mar 25 2026 00:00:00 GMT-0500 (hora de Ecuador),El responsable debe realizar la corrección de observaciones realizadas por compras públicas hasta el 25/03/2026,1,,,Wed Mar 25 2026 16:05:07 GMT-0500 (hora de Ecuador),Wed Mar 25 2026 16:05:07 GMT-0500 (hora de Ecuador)
98,52,14,Thu Mar 26 2026 00:00:00 GMT-0500 (hora de Ecuador),La publicación estará abierta hasta el 30/03/2026,1,,,Thu Mar 26 2026 19:33:50 GMT-0500 (hora de Ecuador),Thu Mar 26 2026 19:33:50 GMT-0500 (hora de Ecuador)
104,225,1,Fri Mar 27 2026 00:00:00 GMT-0500 (hora de Ecuador),aa,1,,,Fri Mar 27 2026 17:06:28 GMT-0500 (hora de Ecuador),Fri Mar 27 2026 17:06:28 GMT-0500 (hora de Ecuador)
105,225,1,Fri Mar 27 2026 00:00:00 GMT-0500 (hora de Ecuador),aa,1,,,Fri Mar 27 2026 17:06:56 GMT-0500 (hora de Ecuador),Fri Mar 27 2026 17:06:56 GMT-0500 (hora de Ecuador)
106,225,4,Fri Mar 27 2026 00:00:00 GMT-0500 (hora de Ecuador),asas,1,,,Fri Mar 27 2026 17:07:09 GMT-0500 (hora de Ecuador),Fri Mar 27 2026 17:07:09 GMT-0500 (hora de Ecuador)
107,225,7,Fri Mar 27 2026 00:00:00 GMT-0500 (hora de Ecuador),aa,1,,,Fri Mar 27 2026 17:07:27 GMT-0500 (hora de Ecuador),Fri Mar 27 2026 17:07:27 GMT-0500 (hora de Ecuador)
108,225,1,Fri Mar 27 2026 00:00:00 GMT-0500 (hora de Ecuador),fsf,0,,,Fri Mar 27 2026 17:09:03 GMT-0500 (hora de Ecuador),Fri Mar 27 2026 17:09:03 GMT-0500 (hora de Ecuador)
109,225,1,Fri Mar 27 2026 00:00:00 GMT-0500 (hora de Ecuador),asas,1,,,Fri Mar 27 2026 17:09:09 GMT-0500 (hora de Ecuador),Fri Mar 27 2026 17:09:09 GMT-0500 (hora de Ecuador)
110,30,6,Mon Mar 30 2026 00:00:00 GMT-0500 (hora de Ecuador),"Detenido por identificación de financiamiento con fuente de inversión. 
La documentación continua pendiente de revisión por parte de la DAF responsable Karen Flores.",1,,,Mon Mar 30 2026 14:57:18 GMT-0500 (hora de Ecuador),Mon Mar 30 2026 14:57:18 GMT-0500 (hora de Ecuador)
111,220,1,Tue Mar 31 2026 00:00:00 GMT-0500 (hora de Ecuador),12,0,,,Tue Mar 31 2026 21:07:59 GMT-0500 (hora de Ecuador),Tue Mar 31 2026 21:07:59 GMT-0500 (hora de Ecuador)
112,14,3,Wed Apr 01 2026 00:00:00 GMT-0500 (hora de Ecuador),"Continua pendiente la revisión por parte de Carlitos Benitez, la persona responsable a cargo del proceso pre contractual es Gabriela Cevallos.",1,,,Wed Apr 01 2026 13:49:29 GMT-0500 (hora de Ecuador),Wed Apr 01 2026 13:49:29 GMT-0500 (hora de Ecuador)
113,72,1,Thu Apr 02 2026 00:00:00 GMT-0500 (hora de Ecuador),realizando refroma para completar el recruso del proceso,0,,,Thu Apr 02 2026 01:37:52 GMT-0500 (hora de Ecuador),Thu Apr 02 2026 01:37:52 GMT-0500 (hora de Ecuador)
114,72,1,Thu Apr 02 2026 00:00:00 GMT-0500 (hora de Ecuador),realizando reforma para completar recurso,1,,,Thu Apr 02 2026 01:38:27 GMT-0500 (hora de Ecuador),Thu Apr 02 2026 01:38:27 GMT-0500 (hora de Ecuador)
115,72,3,Thu Apr 02 2026 00:00:00 GMT-0500 (hora de Ecuador),elaborado en revisión de compras,0,,,Thu Apr 02 2026 01:39:15 GMT-0500 (hora de Ecuador),Thu Apr 02 2026 01:39:15 GMT-0500 (hora de Ecuador)
116,72,4,Thu Apr 02 2026 00:00:00 GMT-0500 (hora de Ecuador),documento elaborado en revisión de compras,0,,,Thu Apr 02 2026 01:40:08 GMT-0500 (hora de Ecuador),Thu Apr 02 2026 01:40:08 GMT-0500 (hora de Ecuador)
117,72,5,Thu Apr 02 2026 00:00:00 GMT-0500 (hora de Ecuador),documento con observaciones para entrega a compras para aprobación,0,,,Thu Apr 02 2026 01:40:43 GMT-0500 (hora de Ecuador),Thu Apr 02 2026 01:40:43 GMT-0500 (hora de Ecuador)
118,59,13,Thu Apr 02 2026 00:00:00 GMT-0500 (hora de Ecuador),en elboración de reforma por optimización de recursos,0,,,Thu Apr 02 2026 01:44:45 GMT-0500 (hora de Ecuador),Thu Apr 02 2026 01:44:45 GMT-0500 (hora de Ecuador)
119,60,13,Thu Apr 02 2026 00:00:00 GMT-0500 (hora de Ecuador),en elaboración de reforma por optimización de recursos,0,,,Thu Apr 02 2026 01:46:08 GMT-0500 (hora de Ecuador),Thu Apr 02 2026 01:46:08 GMT-0500 (hora de Ecuador)
120,62,15,Thu Apr 02 2026 00:00:00 GMT-0500 (hora de Ecuador),elaborando el estudio de mercado de acuerdo a las proformas recibidas,0,,,Thu Apr 02 2026 02:16:23 GMT-0500 (hora de Ecuador),Thu Apr 02 2026 02:16:23 GMT-0500 (hora de Ecuador)
121,59,36,Thu Apr 02 2026 00:00:00 GMT-0500 (hora de Ecuador),no aplica para proceso de infina,0,,,Thu Apr 02 2026 03:46:14 GMT-0500 (hora de Ecuador),Thu Apr 02 2026 03:46:14 GMT-0500 (hora de Ecuador)
123,115,1,Thu Apr 02 2026 00:00:00 GMT-0500 (hora de Ecuador),se encuentra en levantamiento de información técnica,0,,,Thu Apr 02 2026 04:12:50 GMT-0500 (hora de Ecuador),Thu Apr 02 2026 04:12:50 GMT-0500 (hora de Ecuador)
124,177,1,Thu Apr 02 2026 00:00:00 GMT-0500 (hora de Ecuador),se encuentra programada para el mes de mayo ejecutar el proceso,0,,,Thu Apr 02 2026 04:13:45 GMT-0500 (hora de Ecuador),Thu Apr 02 2026 04:13:45 GMT-0500 (hora de Ecuador)
125,105,1,Thu Apr 02 2026 00:00:00 GMT-0500 (hora de Ecuador),Suspendido/ se encuentra desfinanciado el proceso/ elaborando la información técnica,0,,,Thu Apr 02 2026 04:16:21 GMT-0500 (hora de Ecuador),Thu Apr 02 2026 04:16:21 GMT-0500 (hora de Ecuador)
126,70,1,Thu Apr 02 2026 00:00:00 GMT-0500 (hora de Ecuador),se encuentra en levantamiento de información técnica,0,,,Thu Apr 02 2026 04:18:31 GMT-0500 (hora de Ecuador),Thu Apr 02 2026 04:18:31 GMT-0500 (hora de Ecuador)
127,171,1,Thu Apr 02 2026 00:00:00 GMT-0500 (hora de Ecuador),Se encuentra en levantamiento de información técnica,0,,,Thu Apr 02 2026 04:21:45 GMT-0500 (hora de Ecuador),Thu Apr 02 2026 04:21:45 GMT-0500 (hora de Ecuador)
128,127,7,Thu Apr 02 2026 00:00:00 GMT-0500 (hora de Ecuador),2 de abril de realizará los ajustes (a cargo de FMedina),0,,,Thu Apr 02 2026 13:19:47 GMT-0500 (hora de Ecuador),Thu Apr 02 2026 13:19:47 GMT-0500 (hora de Ecuador)
130,113,6,Thu Apr 02 2026 00:00:00 GMT-0500 (hora de Ecuador),"el 1 de abril de 2026, El Financiero realizó la revisión",0,,,Thu Apr 02 2026 13:43:28 GMT-0500 (hora de Ecuador),Thu Apr 02 2026 13:43:28 GMT-0500 (hora de Ecuador)
131,127,6,Thu Apr 02 2026 00:00:00 GMT-0500 (hora de Ecuador),"el 1 de abril de 2026, la jefatura Financera concluyó la revisión",0,,,Thu Apr 02 2026 13:44:37 GMT-0500 (hora de Ecuador),Thu Apr 02 2026 13:44:37 GMT-0500 (hora de Ecuador)
132,14,1,Thu Apr 02 2026 00:00:00 GMT-0500 (hora de Ecuador),"Mediante Memorando Nro. EPMGDT-DTNAE-2026-0091-M, se solicito la certificación",0,,,Thu Apr 02 2026 13:54:56 GMT-0500 (hora de Ecuador),Thu Apr 02 2026 13:54:56 GMT-0500 (hora de Ecuador)
133,14,2,Thu Apr 02 2026 00:00:00 GMT-0500 (hora de Ecuador),Se registró la certificación No 2026/CPA/0049,0,,,Thu Apr 02 2026 13:55:43 GMT-0500 (hora de Ecuador),Thu Apr 02 2026 13:55:43 GMT-0500 (hora de Ecuador)
134,113,7,Thu Apr 02 2026 00:00:00 GMT-0500 (hora de Ecuador),Ajustes al TDR se estima concluir el 2 de abril,0,,,Thu Apr 02 2026 13:55:58 GMT-0500 (hora de Ecuador),Thu Apr 02 2026 13:55:58 GMT-0500 (hora de Ecuador)
135,30,6,Thu Apr 02 2026 00:00:00 GMT-0500 (hora de Ecuador),"El 1 de abril de 2026, la jefatura Financiera concluyó la revisión",0,,,Thu Apr 02 2026 13:59:09 GMT-0500 (hora de Ecuador),Thu Apr 02 2026 13:59:09 GMT-0500 (hora de Ecuador)
136,30,7,Thu Apr 02 2026 00:00:00 GMT-0500 (hora de Ecuador),Detenido por desfinanciado de presupuesto de gasto corriente,1,,,Thu Apr 02 2026 13:59:38 GMT-0500 (hora de Ecuador),Thu Apr 02 2026 13:59:38 GMT-0500 (hora de Ecuador)
137,23,1,Thu Apr 02 2026 00:00:00 GMT-0500 (hora de Ecuador),en elaboración de documentación habilitante por parte de TICS,0,,,Thu Apr 02 2026 14:36:13 GMT-0500 (hora de Ecuador),Thu Apr 02 2026 14:36:13 GMT-0500 (hora de Ecuador)
138,49,1,Thu Apr 02 2026 00:00:00 GMT-0500 (hora de Ecuador),"Con memorando N.° EPMGDT-JF-150-M, de fecha 18 de marzo de 2026, la Jefatura Financiera solicitó la reforma al Plan Anual de Contratación (PAC), considerando que la actividad de verificación de la recaudación de la Tasa de Facilidades y Servicios Turísticos puede ser ejecutada de manera directa por el personal técnico del área de Tesorería, quienes cuentan con las competencias y conocimientos necesarios para el desarrollo de dicha actividad.
Esta acción permite optimizar el uso de los recursos públicos, al evitar la contratación de servicios de consultoría externa, en concordancia con los principios de eficiencia, eficacia y economía que rigen la gestión pública. Asimismo, la ejecución interna de esta actividad contribuye al fortalecimiento institucional y al cumplimiento de los objetivos estratégicos, garantizando un adecuado control y seguimiento de los ingresos generados por dicha tasa.
En virtud de lo expuesto, se solicitó la autorización correspondiente para proceder con la reforma al PAC, a fin de eliminar la contratación prevista bajo el ítem 530601, denominada “Consultoría para la verificación de recaudación de la Tasa de Facilidades y Servicios Turísticos 2025”.
En la hoja de ruta del memorando en mención, la Directora Administrativa Financiera, con fecha 18 de marzo de 2026, emitió el siguiente pronunciamiento: “Autorizado, en tanto en cuanto se gestione dando cumplimiento a la normativa legal vigente.",0,,,Thu Apr 02 2026 14:50:11 GMT-0500 (hora de Ecuador),Thu Apr 02 2026 14:50:11 GMT-0500 (hora de Ecuador)
139,181,50,Thu Apr 02 2026 00:00:00 GMT-0500 (hora de Ecuador),Se encuentra en la DAF pendiente de la firma de la Orden de Compra que se realizará entre el 02/04/2026 al 06/04/2026,0,,,Thu Apr 02 2026 15:47:13 GMT-0500 (hora de Ecuador),Thu Apr 02 2026 15:47:13 GMT-0500 (hora de Ecuador)
140,102,1,Thu Apr 02 2026 00:00:00 GMT-0500 (hora de Ecuador),Se realizará el pedido de la certificación hoy 02/04/2026,0,,,Thu Apr 02 2026 15:49:33 GMT-0500 (hora de Ecuador),Thu Apr 02 2026 15:49:33 GMT-0500 (hora de Ecuador)
141,102,2,Thu Apr 02 2026 00:00:00 GMT-0500 (hora de Ecuador),Se realizará el pedido de la certificación hoy 02/04/2026,0,,,Thu Apr 02 2026 15:49:42 GMT-0500 (hora de Ecuador),Thu Apr 02 2026 15:49:42 GMT-0500 (hora de Ecuador)
142,102,3,Thu Apr 02 2026 00:00:00 GMT-0500 (hora de Ecuador),Se encuentra en elaboración pendiente para el 08/04/2026,0,,,Thu Apr 02 2026 15:50:08 GMT-0500 (hora de Ecuador),Thu Apr 02 2026 15:50:08 GMT-0500 (hora de Ecuador)
143,142,36,Thu Apr 02 2026 00:00:00 GMT-0500 (hora de Ecuador),"Se encuentra en la DAF, el pedido se solicito el 30/03/2026",0,,,Thu Apr 02 2026 15:52:32 GMT-0500 (hora de Ecuador),Thu Apr 02 2026 15:52:32 GMT-0500 (hora de Ecuador)
144,174,17,Thu Apr 02 2026 00:00:00 GMT-0500 (hora de Ecuador),Se ha enviado la solicitud de certificación presupuestaria como estaba previsto,0,,,Thu Apr 02 2026 23:41:51 GMT-0500 (hora de Ecuador),Thu Apr 02 2026 23:41:51 GMT-0500 (hora de Ecuador)
145,62,15,Mon Apr 06 2026 00:00:00 GMT-0500 (hora de Ecuador),se volvio a publicar la necesidad porque las proformas que llegaron superaban el monto programado,1,,,Mon Apr 06 2026 13:17:07 GMT-0500 (hora de Ecuador),Mon Apr 06 2026 13:17:07 GMT-0500 (hora de Ecuador)
146,23,9,Mon Apr 06 2026 00:00:00 GMT-0500 (hora de Ecuador),"No envían informe técnico, en espera de envío de TICs del informe, el Ing Pacha",0,,,Mon Apr 06 2026 13:18:50 GMT-0500 (hora de Ecuador),Mon Apr 06 2026 13:18:50 GMT-0500 (hora de Ecuador)
147,75,41,Mon Apr 06 2026 00:00:00 GMT-0500 (hora de Ecuador),fueron enviadas la preguntas y respuestas del proceso,0,,,Mon Apr 06 2026 13:20:12 GMT-0500 (hora de Ecuador),Mon Apr 06 2026 13:20:12 GMT-0500 (hora de Ecuador)
148,75,42,Mon Apr 06 2026 00:00:00 GMT-0500 (hora de Ecuador),enviadas las respuestas del proceso,0,,,Mon Apr 06 2026 13:20:31 GMT-0500 (hora de Ecuador),Mon Apr 06 2026 13:20:31 GMT-0500 (hora de Ecuador)
149,171,1,Mon Apr 06 2026 00:00:00 GMT-0500 (hora de Ecuador),"el proceso se encuentra programado para el mes de Julio, ya que se encuentra un proceso en curso",0,,,Mon Apr 06 2026 13:21:37 GMT-0500 (hora de Ecuador),Mon Apr 06 2026 13:21:37 GMT-0500 (hora de Ecuador)
150,52,15,Mon Apr 06 2026 00:00:00 GMT-0500 (hora de Ecuador),documento suscrito 31 de marzo de 2026,0,,,Mon Apr 06 2026 13:24:43 GMT-0500 (hora de Ecuador),Mon Apr 06 2026 13:24:43 GMT-0500 (hora de Ecuador)
151,52,16,Mon Apr 06 2026 00:00:00 GMT-0500 (hora de Ecuador),se obtuvo con fecha 31 de marzo de 2026,0,,,Mon Apr 06 2026 13:25:03 GMT-0500 (hora de Ecuador),Mon Apr 06 2026 13:25:03 GMT-0500 (hora de Ecuador)
152,52,19,Mon Apr 06 2026 00:00:00 GMT-0500 (hora de Ecuador),se obtuvo con 1 de baril de 2026,0,,,Mon Apr 06 2026 13:25:40 GMT-0500 (hora de Ecuador),Mon Apr 06 2026 13:25:40 GMT-0500 (hora de Ecuador)
153,52,34,Mon Apr 06 2026 00:00:00 GMT-0500 (hora de Ecuador),se socilito con fecha 2 de abril de 2026,0,,,Mon Apr 06 2026 13:26:48 GMT-0500 (hora de Ecuador),Mon Apr 06 2026 13:26:48 GMT-0500 (hora de Ecuador)
154,52,35,Mon Apr 06 2026 00:00:00 GMT-0500 (hora de Ecuador),se obtuvo con fecha 02 de abril de 2026,0,,,Mon Apr 06 2026 13:27:09 GMT-0500 (hora de Ecuador),Mon Apr 06 2026 13:27:09 GMT-0500 (hora de Ecuador)
155,52,36,Mon Apr 06 2026 00:00:00 GMT-0500 (hora de Ecuador),se encuentra en elaboración de pliegos a cargo de María José Valdivieso,0,,,Mon Apr 06 2026 13:27:45 GMT-0500 (hora de Ecuador),Mon Apr 06 2026 13:27:45 GMT-0500 (hora de Ecuador)
156,52,33,Mon Apr 06 2026 00:00:00 GMT-0500 (hora de Ecuador),se inicia el proceso de respaldo,0,,,Mon Apr 06 2026 13:28:06 GMT-0500 (hora de Ecuador),Mon Apr 06 2026 13:28:06 GMT-0500 (hora de Ecuador)
157,52,17,Mon Apr 06 2026 00:00:00 GMT-0500 (hora de Ecuador),se obtuvo 1 de abril de 2026,0,,,Mon Apr 06 2026 13:28:34 GMT-0500 (hora de Ecuador),Mon Apr 06 2026 13:28:34 GMT-0500 (hora de Ecuador)
158,52,18,Mon Apr 06 2026 00:00:00 GMT-0500 (hora de Ecuador),se obtuvo el 1 de abril de 2026,0,,,Mon Apr 06 2026 13:28:48 GMT-0500 (hora de Ecuador),Mon Apr 06 2026 13:28:48 GMT-0500 (hora de Ecuador)
159,72,3,Mon Apr 06 2026 00:00:00 GMT-0500 (hora de Ecuador),En revisión de compras a cargo de Alejandra Quelal,0,,,Mon Apr 06 2026 13:31:10 GMT-0500 (hora de Ecuador),Mon Apr 06 2026 13:31:10 GMT-0500 (hora de Ecuador)
160,72,4,Mon Apr 06 2026 00:00:00 GMT-0500 (hora de Ecuador),En revisión de compras a cargo de Alejandra Quelal,0,,,Mon Apr 06 2026 13:31:25 GMT-0500 (hora de Ecuador),Mon Apr 06 2026 13:31:25 GMT-0500 (hora de Ecuador)
161,72,5,Mon Apr 06 2026 00:00:00 GMT-0500 (hora de Ecuador),en revisión de compras a cargo de Alejandra Quelal,0,,,Mon Apr 06 2026 13:31:43 GMT-0500 (hora de Ecuador),Mon Apr 06 2026 13:31:43 GMT-0500 (hora de Ecuador)
162,115,1,Mon Apr 06 2026 00:00:00 GMT-0500 (hora de Ecuador),se encuentra en levantamiento de información,0,,,Mon Apr 06 2026 13:32:33 GMT-0500 (hora de Ecuador),Mon Apr 06 2026 13:32:33 GMT-0500 (hora de Ecuador)
163,105,1,Mon Apr 06 2026 00:00:00 GMT-0500 (hora de Ecuador),Suspendido/ se encuentra desfinanciado el proceso / elaborando la infromación técnica,0,,,Mon Apr 06 2026 13:33:45 GMT-0500 (hora de Ecuador),Mon Apr 06 2026 13:33:45 GMT-0500 (hora de Ecuador)
164,23,9,Mon Apr 06 2026 00:00:00 GMT-0500 (hora de Ecuador),El Ing. Pacha comunica al Jefe Admiistrativo que el día 06 de abril del 2026 entregará el informe,0,,,Mon Apr 06 2026 15:33:26 GMT-0500 (hora de Ecuador),Mon Apr 06 2026 15:33:26 GMT-0500 (hora de Ecuador)
165,172,16,Mon Apr 06 2026 00:00:00 GMT-0500 (hora de Ecuador),Solicutud enviada mediante Memorando Nro. EPMGDT-DTNAE-2026-0096-M,0,,,Mon Apr 06 2026 17:01:17 GMT-0500 (hora de Ecuador),Mon Apr 06 2026 17:01:17 GMT-0500 (hora de Ecuador)
166,174,17,Mon Apr 06 2026 00:00:00 GMT-0500 (hora de Ecuador),Esperando respuesta por parte de la jefatura financiera,0,,,Mon Apr 06 2026 20:29:44 GMT-0500 (hora de Ecuador),Mon Apr 06 2026 20:29:44 GMT-0500 (hora de Ecuador)
167,30,8,Mon Apr 06 2026 00:00:00 GMT-0500 (hora de Ecuador),"Se encuentra desfinanciado USD $ 17.000,00. En espera de presupuesto",0,,,Mon Apr 06 2026 21:50:10 GMT-0500 (hora de Ecuador),Mon Apr 06 2026 21:50:10 GMT-0500 (hora de Ecuador)
168,113,12,Mon Apr 06 2026 00:00:00 GMT-0500 (hora de Ecuador),El 6 de abril de 2026 se envió el memorando de solicitud a la Dirección Adminsitrativa,0,,,Mon Apr 06 2026 21:54:18 GMT-0500 (hora de Ecuador),Mon Apr 06 2026 21:54:18 GMT-0500 (hora de Ecuador)
169,218,17,Tue Apr 07 2026 00:00:00 GMT-0500 (hora de Ecuador),Se solicitó la certificación el día lunes 06 de abril en la noche,1,,,Tue Apr 07 2026 13:06:23 GMT-0500 (hora de Ecuador),Tue Apr 07 2026 13:06:23 GMT-0500 (hora de Ecuador)
171,49,1,Tue Apr 07 2026 00:00:00 GMT-0500 (hora de Ecuador),Al momento el contrato se encuentra sin presupuesto.,1,,,Tue Apr 07 2026 14:33:38 GMT-0500 (hora de Ecuador),Tue Apr 07 2026 14:33:38 GMT-0500 (hora de Ecuador)
172,195,3,Tue Apr 07 2026 00:00:00 GMT-0500 (hora de Ecuador),"Se han realizado las revisiones pertinentes desde las Direcciones de Promoción del Destino Turístico, Servicios para la Industria Turística, Compras Públicas, Jurídico y Financiero.
El proceso se encuentra en revisión final de los productos por parte de las Direcciones de Desarrollo de Productos Sostenibles y Turismo de Negocios y Atracción de Eventos.",1,,,Tue Apr 07 2026 14:44:02 GMT-0500 (hora de Ecuador),Tue Apr 07 2026 14:44:02 GMT-0500 (hora de Ecuador)
173,195,4,Tue Apr 07 2026 00:00:00 GMT-0500 (hora de Ecuador),"Se han realizado las revisiones pertinentes desde las Direcciones de Promoción del Destino Turístico, Servicios para la Industria Turística, Compras Públicas, Jurídico y Financiero.
El proceso se encuentra en revisión final de los productos por parte de las Direcciones de Desarrollo de Productos Sostenibles y Turismo de Negocios y Atracción de Eventos.",1,,,Tue Apr 07 2026 14:44:16 GMT-0500 (hora de Ecuador),Tue Apr 07 2026 14:44:16 GMT-0500 (hora de Ecuador)
174,195,5,Tue Apr 07 2026 00:00:00 GMT-0500 (hora de Ecuador),"Se han realizado las revisiones pertinentes desde las Direcciones de Promoción del Destino Turístico, Servicios para la Industria Turística, Compras Públicas, Jurídico y Financiero.
El proceso se encuentra en revisión final de los productos por parte de las Direcciones de Desarrollo de Productos Sostenibles y Turismo de Negocios y Atracción de Eventos.",1,,,Tue Apr 07 2026 14:44:28 GMT-0500 (hora de Ecuador),Tue Apr 07 2026 14:44:28 GMT-0500 (hora de Ecuador)
175,195,6,Tue Apr 07 2026 00:00:00 GMT-0500 (hora de Ecuador),"Se han realizado las revisiones pertinentes desde las Direcciones de Promoción del Destino Turístico, Servicios para la Industria Turística, Compras Públicas, Jurídico y Financiero.
El proceso se encuentra en revisión final de los productos por parte de las Direcciones de Desarrollo de Productos Sostenibles y Turismo de Negocios y Atracción de Eventos.",1,,,Tue Apr 07 2026 14:44:44 GMT-0500 (hora de Ecuador),Tue Apr 07 2026 14:44:44 GMT-0500 (hora de Ecuador)
176,218,18,Tue Apr 07 2026 00:00:00 GMT-0500 (hora de Ecuador),A la espera de recibir certificación presupuestaria para poder solicitar certificación PAC,0,,,Tue Apr 07 2026 14:50:06 GMT-0500 (hora de Ecuador),Tue Apr 07 2026 14:50:06 GMT-0500 (hora de Ecuador)
177,218,19,Tue Apr 07 2026 00:00:00 GMT-0500 (hora de Ecuador),A la espera de recibir certifiación presupuestaria par apoder solicitar certificación PAC.,0,,,Tue Apr 07 2026 14:50:58 GMT-0500 (hora de Ecuador),Tue Apr 07 2026 14:50:58 GMT-0500 (hora de Ecuador)
178,30,8,Tue Apr 07 2026 00:00:00 GMT-0500 (hora de Ecuador),"7abril2026. Se encuentra desfinanciado USD $ 17.000,00. En espera de presupuesto",1,,,Tue Apr 07 2026 15:36:23 GMT-0500 (hora de Ecuador),Tue Apr 07 2026 15:36:23 GMT-0500 (hora de Ecuador)
179,113,12,Tue Apr 07 2026 00:00:00 GMT-0500 (hora de Ecuador),El 6 de abril de 2026 se envió el memorando de solicitud a la Dirección Adminsitrativa. En espera de la respuesta,0,,,Tue Apr 07 2026 15:37:08 GMT-0500 (hora de Ecuador),Tue Apr 07 2026 15:37:08 GMT-0500 (hora de Ecuador)
180,14,10,Tue Apr 07 2026 00:00:00 GMT-0500 (hora de Ecuador),Se emitió la solicitud mediante Memorando Nro. EPMGDT-DTNAE-2026-0097-M,0,,,Tue Apr 07 2026 19:30:51 GMT-0500 (hora de Ecuador),Tue Apr 07 2026 19:30:51 GMT-0500 (hora de Ecuador)
181,11,8,Wed Apr 08 2026 00:00:00 GMT-0500 (hora de Ecuador),La línea se encuentra desfinanciada,0,,,Wed Apr 08 2026 13:37:57 GMT-0500 (hora de Ecuador),Wed Apr 08 2026 13:37:57 GMT-0500 (hora de Ecuador)
182,23,1,Wed Apr 08 2026 00:00:00 GMT-0500 (hora de Ecuador),Se va a enviar el stock de bodega por  Jimmy Castillo el dia 08 de abril de 2026 a TICS para culminar el informe de necesidad,0,,,Wed Apr 08 2026 14:55:20 GMT-0500 (hora de Ecuador),Wed Apr 08 2026 14:55:20 GMT-0500 (hora de Ecuador)
183,23,9,Wed Apr 08 2026 00:00:00 GMT-0500 (hora de Ecuador),Bienes enviará el stock de bodega (Jimmy Castillo) el día 08 de abril de 2026 a TICS (Ing Pacha ) para culminar el informe de necesidad,0,,,Wed Apr 08 2026 14:56:45 GMT-0500 (hora de Ecuador),Wed Apr 08 2026 14:56:45 GMT-0500 (hora de Ecuador)
184,31,1,Wed Apr 08 2026 00:00:00 GMT-0500 (hora de Ecuador),proceso se tiene programado para el último cuatrimestre,0,,,Wed Apr 08 2026 14:57:46 GMT-0500 (hora de Ecuador),Wed Apr 08 2026 14:57:46 GMT-0500 (hora de Ecuador)
185,62,15,Wed Apr 08 2026 00:00:00 GMT-0500 (hora de Ecuador),"Se publico el proceso el 6 de abril, se reciben las proformas el dia8 de abril al medio día y se culmina el estudio de mercado el día 9 de abril a cargo de Marcelo Rodriguez",0,,,Wed Apr 08 2026 15:01:36 GMT-0500 (hora de Ecuador),Wed Apr 08 2026 15:01:36 GMT-0500 (hora de Ecuador)
186,72,5,Wed Apr 08 2026 00:00:00 GMT-0500 (hora de Ecuador),En revisión de Alejandra Quelal entregarían hoy los documentos revisados,0,,,Wed Apr 08 2026 15:02:25 GMT-0500 (hora de Ecuador),Wed Apr 08 2026 15:02:25 GMT-0500 (hora de Ecuador)
187,105,1,Wed Apr 08 2026 00:00:00 GMT-0500 (hora de Ecuador),"se dispone por parte de Enrique siguencia apertura una linea para mantenimeinto correctuvo menor y mejora de imagen en predios administrados oe Quito turismo, de lcual se ejecutará por $10000 porgramado para junio con un plazo de 20 días a cargo de Marcelo Rodriguez",0,,,Wed Apr 08 2026 15:05:44 GMT-0500 (hora de Ecuador),Wed Apr 08 2026 15:05:44 GMT-0500 (hora de Ecuador)
188,115,1,Wed Apr 08 2026 00:00:00 GMT-0500 (hora de Ecuador),se programa crear una linea poa con fondos ddel mantenimiento Fase 2 y se encuenytra en levantamiento de infromación se ofrece entregar la información para el mes de junio de acuerdo a prioridades que disponga Enrique Siguencia,0,,,Wed Apr 08 2026 15:08:42 GMT-0500 (hora de Ecuador),Wed Apr 08 2026 15:08:42 GMT-0500 (hora de Ecuador)
189,52,36,Wed Apr 08 2026 00:00:00 GMT-0500 (hora de Ecuador),el 07 de abril La DAF solicitó la elaboración de inicio de proceso  con memorando EPMGDT-DAF-2026-0183-M a DAJ hasta esta hora el SItra no ha sido reasignado a algun funcionario para gestión,0,,,Wed Apr 08 2026 15:15:07 GMT-0500 (hora de Ecuador),Wed Apr 08 2026 15:15:07 GMT-0500 (hora de Ecuador)
190,52,37,Wed Apr 08 2026 00:00:00 GMT-0500 (hora de Ecuador),el 07 de abril La DAF solicitó la elaboración de inicio de proceso con memorando EPMGDT-DAF-2026-0183-M a DAJ hasta esta hora el SItra no ha sido reasignado a algun funcionario para gestión,0,,,Wed Apr 08 2026 15:15:57 GMT-0500 (hora de Ecuador),Wed Apr 08 2026 15:15:57 GMT-0500 (hora de Ecuador)
191,217,42,Wed Apr 08 2026 00:00:00 GMT-0500 (hora de Ecuador),Desde el área de compras publicas de emitieron las preguntas del proceso de PCMA. Pero el 07/04/2026 el SERCOP intervino el proceso y lo suspendió,0,,,Wed Apr 08 2026 15:18:41 GMT-0500 (hora de Ecuador),Wed Apr 08 2026 15:18:41 GMT-0500 (hora de Ecuador)
192,75,43,Wed Apr 08 2026 00:00:00 GMT-0500 (hora de Ecuador),se recibieron las ofertas el dia 07 de abril de 2026 a las 17h00 y les entregaron a los miembris de comisión la documentación,0,,,Wed Apr 08 2026 15:19:13 GMT-0500 (hora de Ecuador),Wed Apr 08 2026 15:19:13 GMT-0500 (hora de Ecuador)
193,217,42,Wed Apr 08 2026 00:00:00 GMT-0500 (hora de Ecuador),"Se tiene elaborada el acta de respuesta de las 10 preguntas, pero por el bloqueo del SERCOP no se pudo suscribir y remitir el acta firmada",0,,,Wed Apr 08 2026 15:19:32 GMT-0500 (hora de Ecuador),Wed Apr 08 2026 15:19:32 GMT-0500 (hora de Ecuador)
195,70,1,Wed Apr 08 2026 00:00:00 GMT-0500 (hora de Ecuador),Este proceso se encuentra programado para el mes de junio y en levantamiento de infromación técnica,0,,,Wed Apr 08 2026 15:22:38 GMT-0500 (hora de Ecuador),Wed Apr 08 2026 15:22:38 GMT-0500 (hora de Ecuador)
196,177,1,Wed Apr 08 2026 00:00:00 GMT-0500 (hora de Ecuador),el proceso al estar programado en POA para Julio se encuentra el levantamiento de información técnica,0,,,Wed Apr 08 2026 15:26:02 GMT-0500 (hora de Ecuador),Wed Apr 08 2026 15:26:02 GMT-0500 (hora de Ecuador)
197,75,44,Wed Apr 08 2026 00:00:00 GMT-0500 (hora de Ecuador),El día 08 de abril se procederá a revisar las ofertas (Jimmy Castillo) para verificar si existe o no la necesidad de pedir convalidación de lo presentado por los oferentes,0,,,Wed Apr 08 2026 15:27:24 GMT-0500 (hora de Ecuador),Wed Apr 08 2026 15:27:24 GMT-0500 (hora de Ecuador)
198,144,8,Wed Apr 08 2026 00:00:00 GMT-0500 (hora de Ecuador),Coordinación debe validar y se enviará a Gerencia para autorización,0,,,Wed Apr 08 2026 17:56:07 GMT-0500 (hora de Ecuador),Wed Apr 08 2026 17:56:07 GMT-0500 (hora de Ecuador)
199,144,12,Wed Apr 08 2026 00:00:00 GMT-0500 (hora de Ecuador),"Una vez que responda la revisión de DAF por correo electrónico, cumpliendo la disposición de la resolución de directrices, se enviará la solicitud.",0,,,Wed Apr 08 2026 17:59:19 GMT-0500 (hora de Ecuador),Wed Apr 08 2026 17:59:19 GMT-0500 (hora de Ecuador)
200,195,7,Wed Apr 08 2026 00:00:00 GMT-0500 (hora de Ecuador),"Se han realizado las revisiones pertinentes desde las Direcciones de Promoción del Destino Turístico, Servicios para la Industria Turística, Compras Públicas, Jurídico y Financiero. El proceso se encuentra en revisión final de los productos por parte de las Direcciones de Desarrollo de Productos Sostenibles y Turismo de Negocios y Atracción de Eventos.",1,,,Wed Apr 08 2026 18:11:30 GMT-0500 (hora de Ecuador),Wed Apr 08 2026 18:11:30 GMT-0500 (hora de Ecuador)
201,195,8,Wed Apr 08 2026 00:00:00 GMT-0500 (hora de Ecuador),"Se han realizado las revisiones pertinentes desde las Direcciones de Promoción del Destino Turístico, Servicios para la Industria Turística, Compras Públicas, Jurídico y Financiero. El proceso se encuentra en revisión final de los productos por parte de las Direcciones de Desarrollo de Productos Sostenibles y Turismo de Negocios y Atracción de Eventos.",1,,,Wed Apr 08 2026 18:11:45 GMT-0500 (hora de Ecuador),Wed Apr 08 2026 18:11:45 GMT-0500 (hora de Ecuador)
202,195,9,Wed Apr 08 2026 00:00:00 GMT-0500 (hora de Ecuador),"Se han realizado las revisiones pertinentes desde las Direcciones de Promoción del Destino Turístico, Servicios para la Industria Turística, Compras Públicas, Jurídico y Financiero. El proceso se encuentra en revisión final de los productos por parte de las Direcciones de Desarrollo de Productos Sostenibles y Turismo de Negocios y Atracción de Eventos.",1,,,Wed Apr 08 2026 18:12:08 GMT-0500 (hora de Ecuador),Wed Apr 08 2026 18:12:08 GMT-0500 (hora de Ecuador)
204,113,13,Wed Apr 08 2026 00:00:00 GMT-0500 (hora de Ecuador),El 6 de abril de 2026 se envió el memorando de solicitud a la Dirección Adminsitrativa. En espera de la respuesta,1,,,Wed Apr 08 2026 19:46:46 GMT-0500 (hora de Ecuador),Wed Apr 08 2026 19:46:46 GMT-0500 (hora de Ecuador)
205,145,2,Thu Apr 09 2026 00:00:00 GMT-0500 (hora de Ecuador),"El día 8 de abril, la Dirección de planificación envío el documento con la certificación.",0,,,Thu Apr 09 2026 13:35:38 GMT-0500 (hora de Ecuador),Thu Apr 09 2026 13:35:38 GMT-0500 (hora de Ecuador)
206,30,8,Thu Apr 09 2026 00:00:00 GMT-0500 (hora de Ecuador),"Se encuentra desfinanciado USD $ 17.000,00. En espera de presupuesto",0,,,Thu Apr 09 2026 14:12:41 GMT-0500 (hora de Ecuador),Thu Apr 09 2026 14:12:41 GMT-0500 (hora de Ecuador)
207,30,9,Thu Apr 09 2026 00:00:00 GMT-0500 (hora de Ecuador),"Se encuentra desfinanciado USD $ 17.000,00. En espera de presupuesto",0,,,Thu Apr 09 2026 14:12:56 GMT-0500 (hora de Ecuador),Thu Apr 09 2026 14:12:56 GMT-0500 (hora de Ecuador)
209,113,13,Thu Apr 09 2026 00:00:00 GMT-0500 (hora de Ecuador),"Se envion la solicitud de publicación el 6 de abril de 2026,  hoy se realizó por correo la consulta del estado de publicación a la Jefatura Administrativa",0,,,Thu Apr 09 2026 14:22:11 GMT-0500 (hora de Ecuador),Thu Apr 09 2026 14:22:11 GMT-0500 (hora de Ecuador)
211,207,53,Thu Apr 09 2026 00:00:00 GMT-0500 (hora de Ecuador),"Estamos a la espera de que el organizador traiga las garantías, Cristina Santamaría debe ingresar las garantías hasta el viernes 10/04/2026.",1,,,Thu Apr 09 2026 14:23:26 GMT-0500 (hora de Ecuador),Thu Apr 09 2026 14:23:26 GMT-0500 (hora de Ecuador)
212,172,26,Thu Apr 09 2026 00:00:00 GMT-0500 (hora de Ecuador),"El día 07/04/2026, la comisión técnica designada suscribió el acta de preguntas y respuestas del VPN, no se emitieron preguntas al respecto del proceso, estamos a al espera de la certificación presupuestaria para continuar con el proceso",1,,,Thu Apr 09 2026 14:24:47 GMT-0500 (hora de Ecuador),Thu Apr 09 2026 14:24:47 GMT-0500 (hora de Ecuador)
213,144,8,Thu Apr 09 2026 00:00:00 GMT-0500 (hora de Ecuador),La Coordinadora Belén Pacheco espera la disposición si debe validar la solicitud que la gerencia debe autorizar.,0,,,Thu Apr 09 2026 14:25:07 GMT-0500 (hora de Ecuador),Thu Apr 09 2026 14:25:07 GMT-0500 (hora de Ecuador)
214,144,11,Thu Apr 09 2026 00:00:00 GMT-0500 (hora de Ecuador),Con fecha 8 de abril se respondió el CATE,0,,,Thu Apr 09 2026 14:26:32 GMT-0500 (hora de Ecuador),Thu Apr 09 2026 14:26:32 GMT-0500 (hora de Ecuador)
216,14,3,Thu Apr 09 2026 00:00:00 GMT-0500 (hora de Ecuador),"En elaboración de los informes a cargo de Gabriel Cevallos, con fecha tentativa de entrega para el 09/04/2026.",1,,,Thu Apr 09 2026 14:35:47 GMT-0500 (hora de Ecuador),Thu Apr 09 2026 14:35:47 GMT-0500 (hora de Ecuador)
217,48,1,Thu Apr 09 2026 00:00:00 GMT-0500 (hora de Ecuador),"De acuerdo a cronograma, con fecha 06 de abril se elaboró el Memorando Nro. EPMGDT-DAF-2026-0179-M solicitando a Planificación la certificación programática.",1,,,Thu Apr 09 2026 14:36:52 GMT-0500 (hora de Ecuador),Thu Apr 09 2026 14:36:52 GMT-0500 (hora de Ecuador)
218,23,9,Thu Apr 09 2026 00:00:00 GMT-0500 (hora de Ecuador),Jimmy Castillo remitirá el stock de bodega a TICs el dia 09 de abril de 2026 para que pueda continuar con el informe de necesidad,0,,,Thu Apr 09 2026 18:19:52 GMT-0500 (hora de Ecuador),Thu Apr 09 2026 18:19:52 GMT-0500 (hora de Ecuador)
219,31,1,Thu Apr 09 2026 00:00:00 GMT-0500 (hora de Ecuador),proceso se tiene programado para el último cuatrimestre,0,,,Thu Apr 09 2026 18:20:16 GMT-0500 (hora de Ecuador),Thu Apr 09 2026 18:20:16 GMT-0500 (hora de Ecuador)
220,70,1,Thu Apr 09 2026 00:00:00 GMT-0500 (hora de Ecuador),Este proceso se encuentra programado para el mes de junio y en levantamiento de infromación técnica,0,,,Thu Apr 09 2026 18:22:12 GMT-0500 (hora de Ecuador),Thu Apr 09 2026 18:22:12 GMT-0500 (hora de Ecuador)
221,105,1,Thu Apr 09 2026 00:00:00 GMT-0500 (hora de Ecuador),"Se dispuso solicitar el recursopara poder cumplir con el Plan de mantenimiento de QT y se incorpore en la solicitud de reforma por un monto de 200.000,00 documento elaborado el día de hoy hasta las 16h30 para envío de la DAF a cargo de la Reforma Ximena Llanga",0,,,Thu Apr 09 2026 18:27:06 GMT-0500 (hora de Ecuador),Thu Apr 09 2026 18:27:06 GMT-0500 (hora de Ecuador)
222,115,1,Thu Apr 09 2026 00:00:00 GMT-0500 (hora de Ecuador),se esta realizando la Refroma de optimización de recursos con la diminucion de este recurso a cargo de Ximena llanga disupesto por Enrique,0,,,Thu Apr 09 2026 18:28:09 GMT-0500 (hora de Ecuador),Thu Apr 09 2026 18:28:09 GMT-0500 (hora de Ecuador)
223,52,37,Thu Apr 09 2026 00:00:00 GMT-0500 (hora de Ecuador),en espera de entrega de resolucion de inicio a cargo de Jurídico,0,,,Thu Apr 09 2026 18:50:38 GMT-0500 (hora de Ecuador),Thu Apr 09 2026 18:50:38 GMT-0500 (hora de Ecuador)
224,152,6,Thu Apr 09 2026 00:00:00 GMT-0500 (hora de Ecuador),"Se envio correo desde Javier Pacha para Jefatura Administativa (Jorge) para revisión de los informes de necesidad y TDR, lo mismo al Jurídico se envia",0,,,Thu Apr 09 2026 20:42:11 GMT-0500 (hora de Ecuador),Thu Apr 09 2026 20:42:11 GMT-0500 (hora de Ecuador)
225,145,3,Fri Apr 10 2026 00:00:00 GMT-0500 (hora de Ecuador),"Se envío a la Jefatura Administrativa los documentos para revisión, los mismo que fueron revisados y están en proceso de corrección nuevamente",0,,,Fri Apr 10 2026 13:40:23 GMT-0500 (hora de Ecuador),Fri Apr 10 2026 13:40:23 GMT-0500 (hora de Ecuador)
226,145,4,Fri Apr 10 2026 00:00:00 GMT-0500 (hora de Ecuador),"Se enviaron los documentos a la jefatura administrativa, los mismo que fueron revisados y enviados a la dirección para su corrección",0,,,Fri Apr 10 2026 13:40:57 GMT-0500 (hora de Ecuador),Fri Apr 10 2026 13:40:57 GMT-0500 (hora de Ecuador)
227,145,5,Fri Apr 10 2026 00:00:00 GMT-0500 (hora de Ecuador),Se enviaron los documentos y están en revisión por parte de la Jefatura Administrativa,0,,,Fri Apr 10 2026 13:41:20 GMT-0500 (hora de Ecuador),Fri Apr 10 2026 13:41:20 GMT-0500 (hora de Ecuador)
228,195,12,Fri Apr 10 2026 00:00:00 GMT-0500 (hora de Ecuador),"Se han realizado las revisiones pertinentes desde las Direcciones de Promoción del Destino Turístico, Servicios para la Industria Turística, Compras Públicas, Jurídico y Financiero y con fecha el Director Walter Bustos de la Dirección de Desarrollo de Productos Sostenibles remitió sus aportes y observaciones el 08/04/2026 a las 15h47. El proceso se encuentra en revisión final de los productos por parte de la Dirección de Turismo de Negocios y Atracción de Eventos.",1,,,Fri Apr 10 2026 13:59:17 GMT-0500 (hora de Ecuador),Fri Apr 10 2026 13:59:17 GMT-0500 (hora de Ecuador)
229,195,13,Fri Apr 10 2026 00:00:00 GMT-0500 (hora de Ecuador),"Se han realizado las revisiones pertinentes desde las Direcciones de Promoción del Destino Turístico, Servicios para la Industria Turística, Compras Públicas, Jurídico y Financiero y con fecha el Director Walter Bustos de la Dirección de Desarrollo de Productos Sostenibles remitió sus aportes y observaciones el 08/04/2026 a las 15h47. El proceso se encuentra en revisión final de los productos por parte de la Dirección de Turismo de Negocios y Atracción de Eventos.",1,,,Fri Apr 10 2026 13:59:32 GMT-0500 (hora de Ecuador),Fri Apr 10 2026 13:59:32 GMT-0500 (hora de Ecuador)
230,195,13,Fri Apr 10 2026 00:00:00 GMT-0500 (hora de Ecuador),El proceso se encuentra en revisión final de los productos por parte de la Dirección de Turismo de Negocios y Atracción de Eventos. La Directora (E) Mónica Burbano reasignó y solicitó por correo electrónico con fecha 10/04/2026 a las 06h10 a la compañera Ana María Palacios  se analice tecnicamente los documentos finales remitidos con fecha 31/03/2026.,1,,,Fri Apr 10 2026 14:09:16 GMT-0500 (hora de Ecuador),Fri Apr 10 2026 14:09:16 GMT-0500 (hora de Ecuador)
231,30,8,Fri Apr 10 2026 00:00:00 GMT-0500 (hora de Ecuador),"Se encuentra desfinanciado USD $ 17.000,00. En espera de presupuesto",0,,,Fri Apr 10 2026 14:13:26 GMT-0500 (hora de Ecuador),Fri Apr 10 2026 14:13:26 GMT-0500 (hora de Ecuador)
232,30,9,Fri Apr 10 2026 00:00:00 GMT-0500 (hora de Ecuador),"Se encuentra desfinanciado USD $ 17.000,00. En espera de presupuesto",1,,,Fri Apr 10 2026 14:13:56 GMT-0500 (hora de Ecuador),Fri Apr 10 2026 14:13:56 GMT-0500 (hora de Ecuador)
233,113,13,Fri Apr 10 2026 00:00:00 GMT-0500 (hora de Ecuador),Esperando respuesta de la publicación en la Jef Administrativa enviada el 6 de abril,0,,,Fri Apr 10 2026 14:15:09 GMT-0500 (hora de Ecuador),Fri Apr 10 2026 14:15:09 GMT-0500 (hora de Ecuador)
234,127,9,Fri Apr 10 2026 00:00:00 GMT-0500 (hora de Ecuador),"El área está haciendo ajustes a los informes para solicitar la aprobación del director de planificación, se enviará para la aprobación hoy 10/04/2026.",1,,,Fri Apr 10 2026 14:35:30 GMT-0500 (hora de Ecuador),Fri Apr 10 2026 14:35:30 GMT-0500 (hora de Ecuador)
235,113,14,Fri Apr 10 2026 00:00:00 GMT-0500 (hora de Ecuador),la Jef Administrativa publicó el 10 de abril en SERCOP y estamos a la espera de las ofertas con plazo de tres días laborables,0,,,Fri Apr 10 2026 14:38:22 GMT-0500 (hora de Ecuador),Fri Apr 10 2026 14:38:22 GMT-0500 (hora de Ecuador)
236,23,9,Fri Apr 10 2026 00:00:00 GMT-0500 (hora de Ecuador),sepaso el stock de odega a tics 9-04-26 por correo a Ing Pacha,0,,,Fri Apr 10 2026 14:47:00 GMT-0500 (hora de Ecuador),Fri Apr 10 2026 14:47:00 GMT-0500 (hora de Ecuador)
237,52,37,Fri Apr 10 2026 00:00:00 GMT-0500 (hora de Ecuador),se debe cambiar el cronogrsma de publicación el dia de 10-04-26 a cargo de Maria jose Valdivieso,0,,,Fri Apr 10 2026 14:48:19 GMT-0500 (hora de Ecuador),Fri Apr 10 2026 14:48:19 GMT-0500 (hora de Ecuador)
238,62,15,Fri Apr 10 2026 00:00:00 GMT-0500 (hora de Ecuador),Se encuentra en ejecución aun el estudio han llegado 12 proformas de la cual cumple una sola el presupuesto planificado y el resto tiene un monto superior el día 10-04-26 se culmina el estudio de marcado a cargo de Marcelo rodriguez,0,,,Fri Apr 10 2026 15:05:15 GMT-0500 (hora de Ecuador),Fri Apr 10 2026 15:05:15 GMT-0500 (hora de Ecuador)
239,72,5,Fri Apr 10 2026 00:00:00 GMT-0500 (hora de Ecuador),Ya paso la revisión de Alejandra Quelal los documentos el dia 10-04-26 se firmaría los documentos y en espera de aprobación de reforma de recursos para financiar el proceso,0,,,Fri Apr 10 2026 15:06:49 GMT-0500 (hora de Ecuador),Fri Apr 10 2026 15:06:49 GMT-0500 (hora de Ecuador)
240,105,1,Fri Apr 10 2026 00:00:00 GMT-0500 (hora de Ecuador),Se envió a DAF la solicitud de aprobación y gestión de reforma para financiar este item con sitra  EPMGDT-JA-2026-0359-M de fecha 09-04-26,0,,,Fri Apr 10 2026 15:08:56 GMT-0500 (hora de Ecuador),Fri Apr 10 2026 15:08:56 GMT-0500 (hora de Ecuador)
241,127,9,Fri Apr 10 2026 00:00:00 GMT-0500 (hora de Ecuador),Ya esta aprobado,0,,,Fri Apr 10 2026 15:11:06 GMT-0500 (hora de Ecuador),Fri Apr 10 2026 15:11:06 GMT-0500 (hora de Ecuador)
242,127,12,Fri Apr 10 2026 00:00:00 GMT-0500 (hora de Ecuador),Viernes 10 de abril se enviará la solciitud de publicación,0,,,Fri Apr 10 2026 15:11:39 GMT-0500 (hora de Ecuador),Fri Apr 10 2026 15:11:39 GMT-0500 (hora de Ecuador)
243,52,37,Fri Apr 10 2026 00:00:00 GMT-0500 (hora de Ecuador),se publica el día de hoy el proceso esta a cargo Maria jose valdiviezo,0,,,Fri Apr 10 2026 15:13:08 GMT-0500 (hora de Ecuador),Fri Apr 10 2026 15:13:08 GMT-0500 (hora de Ecuador)
244,218,19,Fri Apr 10 2026 00:00:00 GMT-0500 (hora de Ecuador),"Según Memorando Nro. EPMGDT-DPDT-2026-0187-M, de fecha 9 de abril de 2026, se solicitó al Certificación PAC a el Sr. Ing. Jorge Enrique Siguencia Guillén, Jefe Administrativo. Certificación que aún no ha sido emitida.",0,,,Fri Apr 10 2026 15:26:26 GMT-0500 (hora de Ecuador),Fri Apr 10 2026 15:26:26 GMT-0500 (hora de Ecuador)
245,172,17,Fri Apr 10 2026 00:00:00 GMT-0500 (hora de Ecuador),"Desde la Jefatura Financiera se solicita que para la emisión de la CP, se debe hacer un alcance con la desagregación de valores por años, dicho alcance se realizara el día de hoy viernes 10 de abril de 2026",0,,,Fri Apr 10 2026 15:50:14 GMT-0500 (hora de Ecuador),Fri Apr 10 2026 15:50:14 GMT-0500 (hora de Ecuador)
246,14,11,Fri Apr 10 2026 00:00:00 GMT-0500 (hora de Ecuador),"La Jefatura Administrativa emite la certificación JA-VCE-2026-027, sobre el material POP",0,,,Fri Apr 10 2026 15:52:28 GMT-0500 (hora de Ecuador),Fri Apr 10 2026 15:52:28 GMT-0500 (hora de Ecuador)
247,14,3,Fri Apr 10 2026 00:00:00 GMT-0500 (hora de Ecuador),"Gabriela Cevallos fue designada para el evento Host Experience de la USFQ, por lo cual la revisión de los informes de Necesidad, Técnico y TDR queda pendiente para el 13 de abril de 2026",0,,,Fri Apr 10 2026 15:53:57 GMT-0500 (hora de Ecuador),Fri Apr 10 2026 15:53:57 GMT-0500 (hora de Ecuador)
248,14,4,Fri Apr 10 2026 00:00:00 GMT-0500 (hora de Ecuador),"Gabriela Cevallos fue designada para el evento Host Experience de la USFQ, por lo cual la revisión de los informes de Necesidad, Técnico y TDR queda pendiente para el 13 de abril de 2026",0,,,Fri Apr 10 2026 15:54:05 GMT-0500 (hora de Ecuador),Fri Apr 10 2026 15:54:05 GMT-0500 (hora de Ecuador)
249,14,5,Fri Apr 10 2026 00:00:00 GMT-0500 (hora de Ecuador),"Gabriela Cevallos fue designada para el evento Host Experience de la USFQ, por lo cual la revisión de los informes de Necesidad, Técnico y TDR queda pendiente para el 13 de abril de 2026",0,,,Fri Apr 10 2026 15:54:13 GMT-0500 (hora de Ecuador),Fri Apr 10 2026 15:54:13 GMT-0500 (hora de Ecuador)
250,144,8,Fri Apr 10 2026 00:00:00 GMT-0500 (hora de Ecuador),En revisión de gerencia,0,,,Fri Apr 10 2026 16:10:41 GMT-0500 (hora de Ecuador),Fri Apr 10 2026 16:10:41 GMT-0500 (hora de Ecuador)
251,207,55,Fri Apr 10 2026 00:00:00 GMT-0500 (hora de Ecuador),"El proceso se encuentra devuelto por parte de la D. Jurídica, conforme a lo mencionado, Cristina Santamaría es la responsable de gestionar con los productores la entrega de garantías correspondientes,  y lo concerniente a la aplicación de multas, para la posterior solicitud del informe financiero.",0,,,Fri Apr 10 2026 16:40:01 GMT-0500 (hora de Ecuador),Fri Apr 10 2026 16:40:01 GMT-0500 (hora de Ecuador)
252,30,8,Mon Apr 13 2026 00:00:00 GMT-0500 (hora de Ecuador),"Se encuentra desfinanciado USD $ 17.000,00. En espera de presupuesto",0,,,Mon Apr 13 2026 18:51:15 GMT-0500 (hora de Ecuador),Mon Apr 13 2026 18:51:15 GMT-0500 (hora de Ecuador)
253,30,9,Mon Apr 13 2026 00:00:00 GMT-0500 (hora de Ecuador),"Se encuentra desfinanciado USD $ 17.000,00. En espera de presupuesto",0,,,Mon Apr 13 2026 18:51:22 GMT-0500 (hora de Ecuador),Mon Apr 13 2026 18:51:22 GMT-0500 (hora de Ecuador)
254,113,14,Mon Apr 13 2026 00:00:00 GMT-0500 (hora de Ecuador),la Jef Administrativa publicó el 10 de abril en SERCOP y estamos a la espera de las ofertas con plazo de tres días laborables,0,,,Mon Apr 13 2026 18:52:45 GMT-0500 (hora de Ecuador),Mon Apr 13 2026 18:52:45 GMT-0500 (hora de Ecuador)
255,127,12,Mon Apr 13 2026 00:00:00 GMT-0500 (hora de Ecuador),Se envió el 13 de abril la solicitud de publicación,0,,,Mon Apr 13 2026 19:00:07 GMT-0500 (hora de Ecuador),Mon Apr 13 2026 19:00:07 GMT-0500 (hora de Ecuador)
256,75,45,Mon Apr 13 2026 00:00:00 GMT-0500 (hora de Ecuador),no se solicitó convalidaciones no fue necesario,0,,,Mon Apr 13 2026 20:25:42 GMT-0500 (hora de Ecuador),Mon Apr 13 2026 20:25:42 GMT-0500 (hora de Ecuador)
257,75,46,Mon Apr 13 2026 00:00:00 GMT-0500 (hora de Ecuador),no se solicitó convalidaciones no fue necesario y se actualiza el cronograma el día 13 de abril de 2026,0,,,Mon Apr 13 2026 20:26:23 GMT-0500 (hora de Ecuador),Mon Apr 13 2026 20:26:23 GMT-0500 (hora de Ecuador)
258,52,40,Mon Apr 13 2026 00:00:00 GMT-0500 (hora de Ecuador),Los tiempos en el portal cambiaron por cambio de norma y se actualizaran en el sistema,0,,,Mon Apr 13 2026 20:27:56 GMT-0500 (hora de Ecuador),Mon Apr 13 2026 20:27:56 GMT-0500 (hora de Ecuador)
259,72,3,Mon Apr 13 2026 00:00:00 GMT-0500 (hora de Ecuador),se planifica suscribir hoy el documento a cargo de Marcelo Rodríguez,0,,,Mon Apr 13 2026 20:34:53 GMT-0500 (hora de Ecuador),Mon Apr 13 2026 20:34:53 GMT-0500 (hora de Ecuador)
260,72,4,Mon Apr 13 2026 00:00:00 GMT-0500 (hora de Ecuador),se prevee suscribir el documento el dia 13 de abril de 2024 acargo de Marcelo Rodríguez,0,,,Mon Apr 13 2026 20:35:41 GMT-0500 (hora de Ecuador),Mon Apr 13 2026 20:35:41 GMT-0500 (hora de Ecuador)
261,23,9,Mon Apr 13 2026 00:00:00 GMT-0500 (hora de Ecuador),el día de hoy jimmy Castillo envia un alcance de estock de bidega a tics para que elabore el informe de necesidad,0,,,Mon Apr 13 2026 21:49:56 GMT-0500 (hora de Ecuador),Mon Apr 13 2026 21:49:56 GMT-0500 (hora de Ecuador)
262,23,3,Mon Apr 13 2026 00:00:00 GMT-0500 (hora de Ecuador),"TICs realizará la consolidación del stock remitido el 13/04/2026, TICs enviará el informe hoy 13/04/2026",1,,,Mon Apr 13 2026 21:51:11 GMT-0500 (hora de Ecuador),Mon Apr 13 2026 21:51:11 GMT-0500 (hora de Ecuador)
263,48,6,Mon Apr 13 2026 00:00:00 GMT-0500 (hora de Ecuador),Mesa técnica programada para el 14/04/2026,1,,,Mon Apr 13 2026 22:02:26 GMT-0500 (hora de Ecuador),Mon Apr 13 2026 22:02:26 GMT-0500 (hora de Ecuador)
264,142,39,Tue Apr 14 2026 00:00:00 GMT-0500 (hora de Ecuador),No se ha publicado en el portal,1,,,Tue Apr 14 2026 14:42:31 GMT-0500 (hora de Ecuador),Tue Apr 14 2026 14:42:31 GMT-0500 (hora de Ecuador)
265,142,39,Tue Apr 14 2026 00:00:00 GMT-0500 (hora de Ecuador),"última consulta, lunes 13 de abril a las 16h00",1,,,Tue Apr 14 2026 14:43:06 GMT-0500 (hora de Ecuador),Tue Apr 14 2026 14:43:06 GMT-0500 (hora de Ecuador)
266,181,40,Tue Apr 14 2026 00:00:00 GMT-0500 (hora de Ecuador),Administrativo pidió ajustes a la Certificación Presupuestaria previo a la firma de la Ínfima Cuantía. Se realizó los ajustes y se espera a la firma del documento de la orden de servicio. Última consulta lunes 14 de abril.,1,,,Tue Apr 14 2026 14:46:25 GMT-0500 (hora de Ecuador),Tue Apr 14 2026 14:46:25 GMT-0500 (hora de Ecuador)
267,102,7,Tue Apr 14 2026 00:00:00 GMT-0500 (hora de Ecuador),"Seguimos en correcciones, la primera reunión con Administrativo se dio fecha por parte de Compras Públicas recién el lunes 13 de abril. Ya está la primera revisión con Compras Públicas, al momento se encuentra con correcciones de Financiero y se regresará el documento con Compras Públicas para la aprobación final.",0,,,Tue Apr 14 2026 14:52:23 GMT-0500 (hora de Ecuador),Tue Apr 14 2026 14:52:23 GMT-0500 (hora de Ecuador)
268,127,12,Tue Apr 14 2026 00:00:00 GMT-0500 (hora de Ecuador),"Se envió el 13 de abril la solicitud de publicación, En espera de la confirmación dela jefatura Administrativa",0,,,Tue Apr 14 2026 15:33:00 GMT-0500 (hora de Ecuador),Tue Apr 14 2026 15:33:00 GMT-0500 (hora de Ecuador)
269,132,6,Tue Apr 14 2026 00:00:00 GMT-0500 (hora de Ecuador),9 de abril se envio a revisión de Jurídico y Administrativo.,0,,,Tue Apr 14 2026 15:47:44 GMT-0500 (hora de Ecuador),Tue Apr 14 2026 15:47:44 GMT-0500 (hora de Ecuador)
270,132,6,Tue Apr 14 2026 00:00:00 GMT-0500 (hora de Ecuador),Se envio un incistencia al Administrativo,0,,,Tue Apr 14 2026 15:53:16 GMT-0500 (hora de Ecuador),Tue Apr 14 2026 15:53:16 GMT-0500 (hora de Ecuador)
271,152,6,Tue Apr 14 2026 00:00:00 GMT-0500 (hora de Ecuador),Se envio una incistencia al Administrativo,0,,,Tue Apr 14 2026 15:53:59 GMT-0500 (hora de Ecuador),Tue Apr 14 2026 15:53:59 GMT-0500 (hora de Ecuador)
272,174,17,Tue Apr 14 2026 00:00:00 GMT-0500 (hora de Ecuador),Financiero Entregó la Certificación el 14/4/2026 a las 11:51,0,,,Tue Apr 14 2026 17:06:21 GMT-0500 (hora de Ecuador),Tue Apr 14 2026 17:06:21 GMT-0500 (hora de Ecuador)
273,172,17,Tue Apr 14 2026 00:00:00 GMT-0500 (hora de Ecuador),"Mediante Memorando Nro. EPMGDT-JF-2026-0195-M de fecha 14 de abril de 2026, la JF remite la certificación presupuestaria",0,,,Tue Apr 14 2026 17:25:42 GMT-0500 (hora de Ecuador),Tue Apr 14 2026 17:25:42 GMT-0500 (hora de Ecuador)
274,172,60,Tue Apr 14 2026 00:00:00 GMT-0500 (hora de Ecuador),"Mediante Oficio SERCOP No. RMI-45716-2026 de fecha 13 de abril de 2026, el SERCOP remite el acta de Verificación de Producto Nacional",0,,,Tue Apr 14 2026 17:26:52 GMT-0500 (hora de Ecuador),Tue Apr 14 2026 17:26:52 GMT-0500 (hora de Ecuador)
275,145,6,Tue Apr 14 2026 00:00:00 GMT-0500 (hora de Ecuador),Se realizaron várias mesas técnicas para mejorar los documentos,0,,,Tue Apr 14 2026 17:41:56 GMT-0500 (hora de Ecuador),Tue Apr 14 2026 17:41:56 GMT-0500 (hora de Ecuador)
276,145,7,Tue Apr 14 2026 00:00:00 GMT-0500 (hora de Ecuador),Se enviaron las correcciones a los documentos solicitados,0,,,Tue Apr 14 2026 17:43:10 GMT-0500 (hora de Ecuador),Tue Apr 14 2026 17:43:10 GMT-0500 (hora de Ecuador)
277,217,42,Tue Apr 14 2026 00:00:00 GMT-0500 (hora de Ecuador),"Mediante Oficio Nro. EPMGDT-GG-2026-0511-O, la EPMGDT solicita al SERCOP disponer el levantamiento de la suspensión del procedimiento, con el propósito de garantizar la continuidad de la gestión institucional.",0,,,Tue Apr 14 2026 21:28:31 GMT-0500 (hora de Ecuador),Tue Apr 14 2026 21:28:31 GMT-0500 (hora de Ecuador)
278,14,3,Tue Apr 14 2026 00:00:00 GMT-0500 (hora de Ecuador),"Gabriela Cevallos se encuentra elaborando los informes de Necesidad, Técnico y TDR queda pendiente para el 13 de abril de 2026, fecha estimada de obtención 15/04/2026",0,,,Tue Apr 14 2026 21:29:24 GMT-0500 (hora de Ecuador),Tue Apr 14 2026 21:29:24 GMT-0500 (hora de Ecuador)
279,14,4,Tue Apr 14 2026 00:00:00 GMT-0500 (hora de Ecuador),"Gabriela Cevallos se encuentra elaborando los informes de Necesidad, Técnico y TDR queda pendiente para el 13 de abril de 2026, fecha estimada de obtención 15/04/2026",0,,,Tue Apr 14 2026 21:29:54 GMT-0500 (hora de Ecuador),Tue Apr 14 2026 21:29:54 GMT-0500 (hora de Ecuador)
280,14,5,Tue Apr 14 2026 00:00:00 GMT-0500 (hora de Ecuador),"Gabriela Cevallos se encuentra elaborando los informes de Necesidad, Técnico y TDR queda pendiente para el 13 de abril de 2026, fecha estimada de obtención 15/04/2026",0,,,Tue Apr 14 2026 21:30:02 GMT-0500 (hora de Ecuador),Tue Apr 14 2026 21:30:02 GMT-0500 (hora de Ecuador)
281,218,19,Wed Apr 15 2026 00:00:00 GMT-0500 (hora de Ecuador),Se recibió la Cerificación PAC,0,,,Wed Apr 15 2026 15:21:36 GMT-0500 (hora de Ecuador),Wed Apr 15 2026 15:21:36 GMT-0500 (hora de Ecuador)
283,113,15,Thu Apr 16 2026 00:00:00 GMT-0500 (hora de Ecuador),Analizando las proformas para realizar el estudio de Mercado hasta el 17/04/2026,1,,,Thu Apr 16 2026 14:01:12 GMT-0500 (hora de Ecuador),Thu Apr 16 2026 14:01:12 GMT-0500 (hora de Ecuador)
284,144,8,Thu Apr 16 2026 00:00:00 GMT-0500 (hora de Ecuador),pendiente revisión de gerencia,0,,,Thu Apr 16 2026 14:26:14 GMT-0500 (hora de Ecuador),Thu Apr 16 2026 14:26:14 GMT-0500 (hora de Ecuador)
285,195,3,Thu Apr 16 2026 00:00:00 GMT-0500 (hora de Ecuador),"Una vez revisado y actualizado el documento final con las observaciones emitidas por la Dirección de Turismo de Negocios, y una vez confirmados los miembros de la comisión técnica el día 15/04/2026 a las 14h49 se procedió a la suscripción de los documentos correspondientes (Informe Técnico, Informe de Necesidad y Anexo 1), proceso que inició la tarde del miércoles 15/04/2026 y concluyó al mediodía del 16/04/2026.",0,,,Thu Apr 16 2026 18:35:12 GMT-0500 (hora de Ecuador),Thu Apr 16 2026 18:35:12 GMT-0500 (hora de Ecuador)
286,195,4,Thu Apr 16 2026 00:00:00 GMT-0500 (hora de Ecuador),"Una vez revisado y actualizado el documento final con las observaciones emitidas por la Dirección de Turismo de Negocios, y una vez confirmados los miembros de la comisión técnica el día 15/04/2026 a las 14h49 se procedió a la suscripción de los documentos correspondientes (Informe Técnico, Informe de Necesidad y Anexo 1), proceso que inició la tarde del miércoles 15/04/2026 y concluyó al mediodía del 16/04/2026.",0,,,Thu Apr 16 2026 18:35:24 GMT-0500 (hora de Ecuador),Thu Apr 16 2026 18:35:24 GMT-0500 (hora de Ecuador)
287,195,5,Thu Apr 16 2026 00:00:00 GMT-0500 (hora de Ecuador),"Una vez revisado y actualizado el documento final con las observaciones emitidas por la Dirección de Turismo de Negocios, y una vez confirmados los miembros de la comisión técnica el día 15/04/2026 a las 14h49 se procedió a la suscripción de los documentos correspondientes (Informe Técnico, Informe de Necesidad y Anexo 1), proceso que inició la tarde del miércoles 15/04/2026 y concluyó al mediodía del 16/04/2026.",0,,,Thu Apr 16 2026 18:36:47 GMT-0500 (hora de Ecuador),Thu Apr 16 2026 18:36:47 GMT-0500 (hora de Ecuador)
288,218,36,Thu Apr 16 2026 00:00:00 GMT-0500 (hora de Ecuador),El proceso encuentra en la Jefatura de Compras Públicas,0,,,Thu Apr 16 2026 21:20:53 GMT-0500 (hora de Ecuador),Thu Apr 16 2026 21:20:53 GMT-0500 (hora de Ecuador)
289,144,8,Fri Apr 17 2026 00:00:00 GMT-0500 (hora de Ecuador),La solicitud se envió con fecha 16 de abril desde la directora Mónica a la coordinadora Belén Pacheco,0,,,Fri Apr 17 2026 14:46:49 GMT-0500 (hora de Ecuador),Fri Apr 17 2026 14:46:49 GMT-0500 (hora de Ecuador)
290,144,9,Fri Apr 17 2026 00:00:00 GMT-0500 (hora de Ecuador),Se autoriza informe de necesidad con fecha 16 de abril por parte de Belén Pacheco. Coordinación.,0,,,Fri Apr 17 2026 14:49:20 GMT-0500 (hora de Ecuador),Fri Apr 17 2026 14:49:20 GMT-0500 (hora de Ecuador)
291,148,3,Fri Apr 17 2026 00:00:00 GMT-0500 (hora de Ecuador),Productos en revisión. Inclusión de cursos para el Chocó Andino en coordinación con la Dirección de Desarrollo.,0,,,Fri Apr 17 2026 15:42:57 GMT-0500 (hora de Ecuador),Fri Apr 17 2026 15:42:57 GMT-0500 (hora de Ecuador)
292,148,4,Fri Apr 17 2026 00:00:00 GMT-0500 (hora de Ecuador),Productos en revisión. Inclusión de cursos para el Chocó Andino en coordinación con la Dirección de Desarrollo.,0,,,Fri Apr 17 2026 15:43:05 GMT-0500 (hora de Ecuador),Fri Apr 17 2026 15:43:05 GMT-0500 (hora de Ecuador)
293,148,5,Fri Apr 17 2026 00:00:00 GMT-0500 (hora de Ecuador),Productos en revisión. Inclusión de cursos para el Chocó Andino en coordinación con la Dirección de Desarrollo.,0,,,Fri Apr 17 2026 15:43:12 GMT-0500 (hora de Ecuador),Fri Apr 17 2026 15:43:12 GMT-0500 (hora de Ecuador)
294,144,12,Fri Apr 17 2026 00:00:00 GMT-0500 (hora de Ecuador),se envía con fecha 17 de abril a la DAF.,0,,,Fri Apr 17 2026 20:24:05 GMT-0500 (hora de Ecuador),Fri Apr 17 2026 20:24:05 GMT-0500 (hora de Ecuador)
295,145,8,Mon Apr 20 2026 00:00:00 GMT-0500 (hora de Ecuador),"Se están realizando cambios al documento, conforme lo solicitado por DAF",0,,,Mon Apr 20 2026 21:33:56 GMT-0500 (hora de Ecuador),Mon Apr 20 2026 21:33:56 GMT-0500 (hora de Ecuador)
296,145,9,Mon Apr 20 2026 00:00:00 GMT-0500 (hora de Ecuador),Se están realizando cambios al documento por solicitud de DAF,0,,,Mon Apr 20 2026 21:34:35 GMT-0500 (hora de Ecuador),Mon Apr 20 2026 21:34:35 GMT-0500 (hora de Ecuador)
297,148,3,Mon Apr 20 2026 00:00:00 GMT-0500 (hora de Ecuador),"Se aumenta presupuesto de capacitaciones, por tanto se deben replantear los productos. Se revisarán los cambios con Compras Públicas el día miércoles 22 de abril. Responsable: Rosa Estrella.",0,,,Mon Apr 20 2026 21:47:13 GMT-0500 (hora de Ecuador),Mon Apr 20 2026 21:47:13 GMT-0500 (hora de Ecuador)
298,148,4,Mon Apr 20 2026 00:00:00 GMT-0500 (hora de Ecuador),"Se aumenta presupuesto de capacitaciones, por tanto se deben replantear los productos. Se revisarán los cambios con Compras Públicas el día miércoles 22 de abril. Responsable: Rosa Estrella.",0,,,Mon Apr 20 2026 21:47:38 GMT-0500 (hora de Ecuador),Mon Apr 20 2026 21:47:38 GMT-0500 (hora de Ecuador)
299,148,5,Mon Apr 20 2026 00:00:00 GMT-0500 (hora de Ecuador),"Se aumenta presupuesto de capacitaciones, por tanto se deben replantear los productos. Se revisarán los cambios con Compras Públicas el día miércoles 22 de abril. Responsable: Rosa Estrella.",0,,,Mon Apr 20 2026 21:47:49 GMT-0500 (hora de Ecuador),Mon Apr 20 2026 21:47:49 GMT-0500 (hora de Ecuador)
300,148,6,Mon Apr 20 2026 00:00:00 GMT-0500 (hora de Ecuador),"Se aumenta presupuesto de capacitaciones, por tanto se deben replantear los productos. Se revisarán los cambios con Compras Públicas el día miércoles 22 de abril. Responsable: Rosa Estrella.",0,,,Mon Apr 20 2026 21:47:58 GMT-0500 (hora de Ecuador),Mon Apr 20 2026 21:47:58 GMT-0500 (hora de Ecuador)
301,148,7,Mon Apr 20 2026 00:00:00 GMT-0500 (hora de Ecuador),"Se aumenta presupuesto de capacitaciones, por tanto se deben replantear los productos. Se revisarán los cambios con Compras Públicas el día miércoles 22 de abril. Responsable: Rosa Estrella.",0,,,Mon Apr 20 2026 21:48:05 GMT-0500 (hora de Ecuador),Mon Apr 20 2026 21:48:05 GMT-0500 (hora de Ecuador)
302,127,16,Tue Apr 21 2026 00:00:00 GMT-0500 (hora de Ecuador),"Se esta elaborando los informes del Mintel para solicitar el aval, se estima que en dos días se pueda obtener el aval",0,,,Tue Apr 21 2026 13:48:34 GMT-0500 (hora de Ecuador),Tue Apr 21 2026 13:48:34 GMT-0500 (hora de Ecuador)
303,113,17,Tue Apr 21 2026 00:00:00 GMT-0500 (hora de Ecuador),"El 17 de abril se envio por memorando para María Fernanda Solorzano, aunno se tiene respuesta",0,,,Tue Apr 21 2026 13:57:27 GMT-0500 (hora de Ecuador),Tue Apr 21 2026 13:57:27 GMT-0500 (hora de Ecuador)
304,113,17,Tue Apr 21 2026 00:00:00 GMT-0500 (hora de Ecuador),"Hoy se le hizo un seguimiento al Financiero por mensaje de texto, de Javier para Mafer",0,,,Tue Apr 21 2026 13:59:06 GMT-0500 (hora de Ecuador),Tue Apr 21 2026 13:59:06 GMT-0500 (hora de Ecuador)
305,113,33,Wed Apr 22 2026 00:00:00 GMT-0500 (hora de Ecuador),La documentación se encuentra cargada hasta la solicitud certificación PAC,0,,,Wed Apr 22 2026 15:35:11 GMT-0500 (hora de Ecuador),Wed Apr 22 2026 15:35:11 GMT-0500 (hora de Ecuador)
306,157,33,Wed Apr 22 2026 00:00:00 GMT-0500 (hora de Ecuador),La documentación se encuentra cargada hasta Informe técnico,0,,,Wed Apr 22 2026 15:37:26 GMT-0500 (hora de Ecuador),Wed Apr 22 2026 15:37:26 GMT-0500 (hora de Ecuador)
307,195,13,Wed Apr 22 2026 00:00:00 GMT-0500 (hora de Ecuador),Se ingresaron los productos a la matriz de formato de productos para publicación de acuerdo al direccionamiento de la jefatura Administrativa. (Compras Públicas). Se entregó la matriz de acuerdo el requerimiento el 22/04/2026 10h50,1,,,Wed Apr 22 2026 16:00:43 GMT-0500 (hora de Ecuador),Wed Apr 22 2026 16:00:43 GMT-0500 (hora de Ecuador)
308,195,14,Wed Apr 22 2026 00:00:00 GMT-0500 (hora de Ecuador),Se ingresaron los productos a la matriz de formato de productos para publicación de acuerdo al direccionamiento de la jefatura Administrativa. (Compras Públicas). Se entregó la matriz de acuerdo el requerimiento el 22/04/2026 10h50,1,,,Wed Apr 22 2026 16:01:05 GMT-0500 (hora de Ecuador),Wed Apr 22 2026 16:01:05 GMT-0500 (hora de Ecuador)
309,142,38,Fri Apr 24 2026 00:00:00 GMT-0500 (hora de Ecuador),"Está en la etapa de calificación de ofertas, según los tiempos del portal de Compras Públicas",0,,,Fri Apr 24 2026 14:09:54 GMT-0500 (hora de Ecuador),Fri Apr 24 2026 14:09:54 GMT-0500 (hora de Ecuador)
310,181,50,Fri Apr 24 2026 00:00:00 GMT-0500 (hora de Ecuador),demora en la firma de la Ínfima Cuantía y la designación de Administrador se demoró un día hasta hacer entrega,0,,,Fri Apr 24 2026 14:19:37 GMT-0500 (hora de Ecuador),Fri Apr 24 2026 14:19:37 GMT-0500 (hora de Ecuador)
311,102,7,Fri Apr 24 2026 00:00:00 GMT-0500 (hora de Ecuador),Seguimos a la espera de la confirmación de Financiero y posterior envío a Compras Públicas con las recomendaciones finales,0,,,Fri Apr 24 2026 14:20:56 GMT-0500 (hora de Ecuador),Fri Apr 24 2026 14:20:56 GMT-0500 (hora de Ecuador)
312,195,14,Fri Apr 24 2026 00:00:00 GMT-0500 (hora de Ecuador),"El proceso se encuentra publicado desde:

Fecha de Publicación de la Necesidad:
2026-04-22 12:00:00
Fecha Límite para la entrega de Proformas:
2026-05-08 12:00:00

En el siguiente enlace se encuentra la información de publicación: https://www.compraspublicas.gob.ec/ProcesoContratacion/compras/NCO/NCORegistroDetalle.cpe?&id=GLVCt4H3nb01kY2dY_x1t2YVBMHixX7RZt0MYdT-gvY,&op=1",1,,,Fri Apr 24 2026 14:46:03 GMT-0500 (hora de Ecuador),Fri Apr 24 2026 14:46:03 GMT-0500 (hora de Ecuador)
313,195,15,Fri Apr 24 2026 00:00:00 GMT-0500 (hora de Ecuador),"El proceso se encuentra publicado desde:

Fecha de Publicación de la Necesidad:
2026-04-22 12:00:00
Fecha Límite para la entrega de Proformas:
2026-05-08 12:00:00

En el siguiente enlace se encuentra la información de publicación: https://www.compraspublicas.gob.ec/ProcesoContratacion/compras/NCO/NCORegistroDetalle.cpe?&id=GLVCt4H3nb01kY2dY_x1t2YVBMHixX7RZt0MYdT-gvY,&op=1",1,,,Fri Apr 24 2026 14:46:32 GMT-0500 (hora de Ecuador),Fri Apr 24 2026 14:46:32 GMT-0500 (hora de Ecuador)
314,195,16,Fri Apr 24 2026 00:00:00 GMT-0500 (hora de Ecuador),"El proceso se encuentra publicado desde:

Fecha de Publicación de la Necesidad:
2026-04-22 12:00:00
Fecha Límite para la entrega de Proformas:
2026-05-08 12:00:00

En el siguiente enlace se encuentra la información de publicación: https://www.compraspublicas.gob.ec/ProcesoContratacion/compras/NCO/NCORegistroDetalle.cpe?&id=GLVCt4H3nb01kY2dY_x1t2YVBMHixX7RZt0MYdT-gvY,&op=1",1,,,Fri Apr 24 2026 14:46:48 GMT-0500 (hora de Ecuador),Fri Apr 24 2026 14:46:48 GMT-0500 (hora de Ecuador)
315,174,26,Fri Apr 24 2026 00:00:00 GMT-0500 (hora de Ecuador),"La jefatura de Compras Públicas es la encargada de solicitar esta autorización, lo hizo el día 20/04/2026",0,,,Fri Apr 24 2026 15:05:42 GMT-0500 (hora de Ecuador),Fri Apr 24 2026 15:05:42 GMT-0500 (hora de Ecuador)
316,113,33,Fri Apr 24 2026 00:00:00 GMT-0500 (hora de Ecuador),Concluyendo la carga de la documentación en el ERP,0,,,Fri Apr 24 2026 15:17:31 GMT-0500 (hora de Ecuador),Fri Apr 24 2026 15:17:31 GMT-0500 (hora de Ecuador)
317,127,17,Fri Apr 24 2026 00:00:00 GMT-0500 (hora de Ecuador),En espera de respuesta desde la jefatura Financiera al Memorando de Certificación Presupuestario enviado el 21 de abril.,0,,,Fri Apr 24 2026 15:18:51 GMT-0500 (hora de Ecuador),Fri Apr 24 2026 15:18:51 GMT-0500 (hora de Ecuador)
318,30,8,Fri Apr 24 2026 00:00:00 GMT-0500 (hora de Ecuador),"Se encuentra desfinanciado USD $ 17.000,00. En espera de presupuesto",0,,,Fri Apr 24 2026 15:19:28 GMT-0500 (hora de Ecuador),Fri Apr 24 2026 15:19:28 GMT-0500 (hora de Ecuador)
319,30,9,Fri Apr 24 2026 00:00:00 GMT-0500 (hora de Ecuador),"Se encuentra desfinanciado USD $ 17.000,00. En espera de presupuesto",0,,,Fri Apr 24 2026 15:19:36 GMT-0500 (hora de Ecuador),Fri Apr 24 2026 15:19:36 GMT-0500 (hora de Ecuador)
320,186,13,Fri Apr 24 2026 00:00:00 GMT-0500 (hora de Ecuador),Se volvio a publicar el proceso porque no se recibió proformas. Esta publicado hasta el lunes 27 de abril,0,,,Fri Apr 24 2026 15:20:45 GMT-0500 (hora de Ecuador),Fri Apr 24 2026 15:20:45 GMT-0500 (hora de Ecuador)
321,157,6,Fri Apr 24 2026 00:00:00 GMT-0500 (hora de Ecuador),"Enviado correo de revisión al Jurídicio y Administativo, enviado el 24 de abril.",0,,,Fri Apr 24 2026 15:43:48 GMT-0500 (hora de Ecuador),Fri Apr 24 2026 15:43:48 GMT-0500 (hora de Ecuador)
322,48,6,Fri Apr 24 2026 00:00:00 GMT-0500 (hora de Ecuador),"Se realizó la mesa técnica con el área de Contratación Pública. Como resultado de la revisión de la documentación habilitante, se determinó que la línea del Plan Operativo Anual (POA) vigente no guarda concordancia con la necesidad definida en el objeto de contratación. En atención a lo expuesto, con fecha 14 de abril mediante memorando nro. EPMGDT-DAF-2026-0195-M, se efectuó la solicitud formal de reforma a la línea POA, encontrándose pendiente de respuesta.",1,,,Fri Apr 24 2026 15:47:22 GMT-0500 (hora de Ecuador),Fri Apr 24 2026 15:47:22 GMT-0500 (hora de Ecuador)
323,148,3,Fri Apr 24 2026 00:00:00 GMT-0500 (hora de Ecuador),"Se mantuvo una reunión con la Dirección de Desarrollo el día viernes 24 de abril de 2026, revisando las necesidades de capacitación de la ruralidad. Se ajustarán los productos (temáticas de capacitación) de acuerdo a los resultados de la reunión. Las temáticas se compartirán con Gerencia Técnicas y Gerencia General para aprobación.",0,,,Fri Apr 24 2026 16:22:45 GMT-0500 (hora de Ecuador),Fri Apr 24 2026 16:22:45 GMT-0500 (hora de Ecuador)
324,148,4,Fri Apr 24 2026 00:00:00 GMT-0500 (hora de Ecuador),"Se mantuvo una reunión con la Dirección de Desarrollo el día viernes 24 de abril de 2026, revisando las necesidades de capacitación de la ruralidad. Se ajustarán los productos (temáticas de capacitación) de acuerdo a los resultados de la reunión. Las temáticas se compartirán con Gerencia Técnicas y Gerencia General para aprobación.",0,,,Fri Apr 24 2026 16:22:56 GMT-0500 (hora de Ecuador),Fri Apr 24 2026 16:22:56 GMT-0500 (hora de Ecuador)
325,148,5,Fri Apr 24 2026 00:00:00 GMT-0500 (hora de Ecuador),"Se mantuvo una reunión con la Dirección de Desarrollo el día viernes 24 de abril de 2026, revisando las necesidades de capacitación de la ruralidad. Se ajustarán los productos (temáticas de capacitación) de acuerdo a los resultados de la reunión. Las temáticas se compartirán con Gerencia Técnicas y Gerencia General para aprobación.",0,,,Fri Apr 24 2026 16:23:05 GMT-0500 (hora de Ecuador),Fri Apr 24 2026 16:23:05 GMT-0500 (hora de Ecuador)
326,148,6,Fri Apr 24 2026 00:00:00 GMT-0500 (hora de Ecuador),"Se mantuvo una reunión con la Dirección de Desarrollo el día viernes 24 de abril de 2026, revisando las necesidades de capacitación de la ruralidad. Se ajustarán los productos (temáticas de capacitación) de acuerdo a los resultados de la reunión. Las temáticas se compartirán con Gerencia Técnicas y Gerencia General para aprobación.",0,,,Fri Apr 24 2026 16:23:11 GMT-0500 (hora de Ecuador),Fri Apr 24 2026 16:23:11 GMT-0500 (hora de Ecuador)
327,148,8,Fri Apr 24 2026 00:00:00 GMT-0500 (hora de Ecuador),"Se mantuvo una reunión con la Dirección de Desarrollo el día viernes 24 de abril de 2026, revisando las necesidades de capacitación de la ruralidad. Se ajustarán los productos (temáticas de capacitación) de acuerdo a los resultados de la reunión. Las temáticas se compartirán con Gerencia Técnicas y Gerencia General para aprobación.",0,,,Fri Apr 24 2026 16:23:18 GMT-0500 (hora de Ecuador),Fri Apr 24 2026 16:23:18 GMT-0500 (hora de Ecuador)
328,148,9,Fri Apr 24 2026 00:00:00 GMT-0500 (hora de Ecuador),"Se mantuvo una reunión con la Dirección de Desarrollo el día viernes 24 de abril de 2026, revisando las necesidades de capacitación de la ruralidad. Se ajustarán los productos (temáticas de capacitación) de acuerdo a los resultados de la reunión. Las temáticas se compartirán con Gerencia Técnicas y Gerencia General para aprobación.",0,,,Fri Apr 24 2026 16:23:25 GMT-0500 (hora de Ecuador),Fri Apr 24 2026 16:23:25 GMT-0500 (hora de Ecuador)
329,132,6,Fri Apr 24 2026 00:00:00 GMT-0500 (hora de Ecuador),24 de abril de envia recordatorio de revisión a la jefatura Administrativa,0,,,Fri Apr 24 2026 16:27:09 GMT-0500 (hora de Ecuador),Fri Apr 24 2026 16:27:09 GMT-0500 (hora de Ecuador)
330,152,6,Fri Apr 24 2026 00:00:00 GMT-0500 (hora de Ecuador),Recordario el 24 de abril a la jefatura Administrativa,0,,,Fri Apr 24 2026 16:42:57 GMT-0500 (hora de Ecuador),Fri Apr 24 2026 16:42:57 GMT-0500 (hora de Ecuador)
331,172,27,Fri Apr 24 2026 00:00:00 GMT-0500 (hora de Ecuador),"el 22 de abril de 2026, se emitió la solicitud al SERCOP para la autorización de contratación internacional, estamos a la espera de la respuesta, desde Compras Públicas nos mencionan que este proceso de acuerdo al COA puede tardar 30 días",0,,,Fri Apr 24 2026 16:55:06 GMT-0500 (hora de Ecuador),Fri Apr 24 2026 16:55:06 GMT-0500 (hora de Ecuador)
332,217,42,Fri Apr 24 2026 00:00:00 GMT-0500 (hora de Ecuador),"Mediante Oficio Nro. EPMGDT-GG-2026-0511-O, la EPMGDT solicita al SERCOP disponer el levantamiento de la suspensión del procedimiento, con el propósito de garantizar la continuidad de la gestión institucional.

Nos mencionan que el COA dispone a la institución SERCOP 30 días hábiles para emitir su pronunciamiento.",0,,,Fri Apr 24 2026 16:56:18 GMT-0500 (hora de Ecuador),Fri Apr 24 2026 16:56:18 GMT-0500 (hora de Ecuador)
333,145,9,Fri Apr 24 2026 00:00:00 GMT-0500 (hora de Ecuador),"Se continua en la revisión, pero las diversas actividades en los que se nos ha designado no ha premitido continuar con dicha revisión.",0,,,Fri Apr 24 2026 17:04:54 GMT-0500 (hora de Ecuador),Fri Apr 24 2026 17:04:54 GMT-0500 (hora de Ecuador)
334,207,52,Fri Apr 24 2026 00:00:00 GMT-0500 (hora de Ecuador),Ruth Utreras de la Dirección de Planificación entrego la valoración del evento el 24 de marzo de 2026,0,,,Fri Apr 24 2026 17:16:59 GMT-0500 (hora de Ecuador),Fri Apr 24 2026 17:16:59 GMT-0500 (hora de Ecuador)
335,207,55,Fri Apr 24 2026 00:00:00 GMT-0500 (hora de Ecuador),"La funcionaria Ana Maria Palacios, se encuentra regularizando los informes técnicos conforma la normativa legal vigente.",0,,,Fri Apr 24 2026 17:19:59 GMT-0500 (hora de Ecuador),Fri Apr 24 2026 17:19:59 GMT-0500 (hora de Ecuador)
336,14,3,Fri Apr 24 2026 00:00:00 GMT-0500 (hora de Ecuador),"Gabriela Cevallos se encuentra elaborando los informes de Necesidad, Técnico y TDR , fecha estimada de obtención 28/04/2026",0,,,Fri Apr 24 2026 17:20:40 GMT-0500 (hora de Ecuador),Fri Apr 24 2026 17:20:40 GMT-0500 (hora de Ecuador)
337,14,4,Fri Apr 24 2026 00:00:00 GMT-0500 (hora de Ecuador),"Gabriela Cevallos se encuentra elaborando los informes de Necesidad, Técnico y TDR , fecha estimada de obtención 28/04/2026",0,,,Fri Apr 24 2026 17:20:47 GMT-0500 (hora de Ecuador),Fri Apr 24 2026 17:20:47 GMT-0500 (hora de Ecuador)
338,14,5,Fri Apr 24 2026 00:00:00 GMT-0500 (hora de Ecuador),"Gabriela Cevallos se encuentra elaborando los informes de Necesidad, Técnico y TDR , fecha estimada de obtención 28/04/2026",0,,,Fri Apr 24 2026 17:20:56 GMT-0500 (hora de Ecuador),Fri Apr 24 2026 17:20:56 GMT-0500 (hora de Ecuador)
339,152,33,Fri Apr 24 2026 00:00:00 GMT-0500 (hora de Ecuador),Cargado en ERP hasata la documentación del CATE,0,,,Fri Apr 24 2026 20:54:26 GMT-0500 (hora de Ecuador),Fri Apr 24 2026 20:54:26 GMT-0500 (hora de Ecuador)
340,52,43,Tue Apr 28 2026 00:00:00 GMT-0500 (hora de Ecuador),La fecha limite de entrega de ofertas es el 06/05/2026,0,,,Tue Apr 28 2026 14:03:17 GMT-0500 (hora de Ecuador),Tue Apr 28 2026 14:03:17 GMT-0500 (hora de Ecuador)
341,148,3,Tue Apr 28 2026 00:00:00 GMT-0500 (hora de Ecuador),A la espera de la aprobación de temáticas por parte de gerencia general.,0,,,Tue Apr 28 2026 15:38:05 GMT-0500 (hora de Ecuador),Tue Apr 28 2026 15:38:05 GMT-0500 (hora de Ecuador)
342,148,4,Tue Apr 28 2026 00:00:00 GMT-0500 (hora de Ecuador),A la espera de la aprobación de temáticas por parte de gerencia general.,0,,,Tue Apr 28 2026 15:38:16 GMT-0500 (hora de Ecuador),Tue Apr 28 2026 15:38:16 GMT-0500 (hora de Ecuador)
343,102,7,Tue Apr 28 2026 00:00:00 GMT-0500 (hora de Ecuador),Nos hemos acercado a Compras Públicas para hacer la revisión y por sus diversas actividades no logran darnos una reunión para definir TDRs e Informes.,0,,,Tue Apr 28 2026 16:47:14 GMT-0500 (hora de Ecuador),Tue Apr 28 2026 16:47:14 GMT-0500 (hora de Ecuador)
344,142,47,Wed Apr 29 2026 00:00:00 GMT-0500 (hora de Ecuador),Miércoles 29 de abril se enviará la calificación del proveedor en el proceso de Pauta,0,,,Wed Apr 29 2026 14:27:03 GMT-0500 (hora de Ecuador),Wed Apr 29 2026 14:27:03 GMT-0500 (hora de Ecuador)
345,102,12,Wed Apr 29 2026 00:00:00 GMT-0500 (hora de Ecuador),Miércoles 29 de abril se enviará el día de hoy la publicación,0,,,Wed Apr 29 2026 14:29:34 GMT-0500 (hora de Ecuador),Wed Apr 29 2026 14:29:34 GMT-0500 (hora de Ecuador)
346,195,14,Wed Apr 29 2026 00:00:00 GMT-0500 (hora de Ecuador),"El proceso se encuentra publicado desde: Fecha de Publicación de la Necesidad: 2026-04-22 12:00:00 Fecha Límite para la entrega de Proformas: 2026-05-08 12:00:00 En el siguiente enlace se encuentra la información de publicación: https://www.compraspublicas.gob.ec/ProcesoContratacion/compras/NCO/NCORegistroDetalle.cpe?&id=GLVCt4H3nb01kY2dY_x1t2YVBMHixX7RZt0MYdT-gvY,&op=1",1,,,Wed Apr 29 2026 14:56:54 GMT-0500 (hora de Ecuador),Wed Apr 29 2026 14:56:54 GMT-0500 (hora de Ecuador)
347,195,15,Wed Apr 29 2026 00:00:00 GMT-0500 (hora de Ecuador),"El proceso se encuentra publicado desde: Fecha de Publicación de la Necesidad: 2026-04-22 12:00:00 Fecha Límite para la entrega de Proformas: 2026-05-08 12:00:00 En el siguiente enlace se encuentra la información de publicación: https://www.compraspublicas.gob.ec/ProcesoContratacion/compras/NCO/NCORegistroDetalle.cpe?&id=GLVCt4H3nb01kY2dY_x1t2YVBMHixX7RZt0MYdT-gvY,&op=",1,,,Wed Apr 29 2026 14:57:10 GMT-0500 (hora de Ecuador),Wed Apr 29 2026 14:57:10 GMT-0500 (hora de Ecuador)
348,195,16,Wed Apr 29 2026 00:00:00 GMT-0500 (hora de Ecuador),"El proceso se encuentra publicado desde: Fecha de Publicación de la Necesidad: 2026-04-22 12:00:00 Fecha Límite para la entrega de Proformas: 2026-05-08 12:00:00 En el siguiente enlace se encuentra la información de publicación: https://www.compraspublicas.gob.ec/ProcesoContratacion/compras/NCO/NCORegistroDetalle.cpe?&id=GLVCt4H3nb01kY2dY_x1t2YVBMHixX7RZt0MYdT-gvY,&op=1",1,,,Wed Apr 29 2026 14:57:24 GMT-0500 (hora de Ecuador),Wed Apr 29 2026 14:57:24 GMT-0500 (hora de Ecuador)
349,127,16,Wed Apr 29 2026 00:00:00 GMT-0500 (hora de Ecuador),29 de abril Richard Correa envia Memorando de insistencia del pedido de Certificación Presupuestaria solicta previamente el 21 de abril. 9 días en espera de la respuesta,0,,,Wed Apr 29 2026 14:58:17 GMT-0500 (hora de Ecuador),Wed Apr 29 2026 14:58:17 GMT-0500 (hora de Ecuador)
350,127,17,Wed Apr 29 2026 00:00:00 GMT-0500 (hora de Ecuador),29 de abril Richard Correa envia Memorando de insistencia del pedido de Certificación Presupuestaria solicta previamente el 21 de abril. 9 días en espera de la respuesta,0,,,Wed Apr 29 2026 14:59:50 GMT-0500 (hora de Ecuador),Wed Apr 29 2026 14:59:50 GMT-0500 (hora de Ecuador)
351,218,43,Wed Apr 29 2026 00:00:00 GMT-0500 (hora de Ecuador),Según el cronograma la entrega de ofertas es el 04 de mayo de 2026,0,,,Wed Apr 29 2026 16:03:45 GMT-0500 (hora de Ecuador),Wed Apr 29 2026 16:03:45 GMT-0500 (hora de Ecuador)
352,144,15,Wed Apr 29 2026 00:00:00 GMT-0500 (hora de Ecuador),Suscrito con fecha 28 de abril,0,,,Wed Apr 29 2026 17:25:50 GMT-0500 (hora de Ecuador),Wed Apr 29 2026 17:25:50 GMT-0500 (hora de Ecuador)
353,144,16,Wed Apr 29 2026 00:00:00 GMT-0500 (hora de Ecuador),Enviada con fecha 28 de abril a la DAF,0,,,Wed Apr 29 2026 17:26:34 GMT-0500 (hora de Ecuador),Wed Apr 29 2026 17:26:34 GMT-0500 (hora de Ecuador)
354,113,35,Wed Apr 29 2026 00:00:00 GMT-0500 (hora de Ecuador),Se realizo hoy un seguimiento por correo a la jefatura Administrativa,0,,,Wed Apr 29 2026 19:06:45 GMT-0500 (hora de Ecuador),Wed Apr 29 2026 19:06:45 GMT-0500 (hora de Ecuador)
355,186,14,Wed Apr 29 2026 00:00:00 GMT-0500 (hora de Ecuador),Se solicita realizar la tercera publicación porque no se recibieorn ofertas,0,,,Wed Apr 29 2026 19:07:20 GMT-0500 (hora de Ecuador),Wed Apr 29 2026 19:07:20 GMT-0500 (hora de Ecuador)
356,157,6,Wed Apr 29 2026 00:00:00 GMT-0500 (hora de Ecuador),Javier Pacha envia correo de seguimiento de revisión al jefe Administrativo,0,,,Wed Apr 29 2026 19:12:42 GMT-0500 (hora de Ecuador),Wed Apr 29 2026 19:12:42 GMT-0500 (hora de Ecuador)
357,132,6,Wed Apr 29 2026 00:00:00 GMT-0500 (hora de Ecuador),29 de abril de reenvia correo desde Javier Pacha a la jefatura Administrativa como seguimiento a la revisión,0,,,Wed Apr 29 2026 19:18:43 GMT-0500 (hora de Ecuador),Wed Apr 29 2026 19:18:43 GMT-0500 (hora de Ecuador)
358,152,6,Wed Apr 29 2026 00:00:00 GMT-0500 (hora de Ecuador),29 de abril se realiza correo de seguimiento a la jefatura Administrativa,0,,,Wed Apr 29 2026 19:21:30 GMT-0500 (hora de Ecuador),Wed Apr 29 2026 19:21:30 GMT-0500 (hora de Ecuador)
359,218,44,Tue May 05 2026 00:00:00 GMT-0500 (hora de Ecuador),Se encuentra en la calificación de las ofertas,0,,,Tue May 05 2026 14:41:13 GMT-0500 (hora de Ecuador),Tue May 05 2026 14:41:13 GMT-0500 (hora de Ecuador)
360,142,48,Tue May 05 2026 00:00:00 GMT-0500 (hora de Ecuador),Actualmente se encuentra en la jefatura de Compras Públicas para la subida al portal.,0,,,Tue May 05 2026 14:59:44 GMT-0500 (hora de Ecuador),Tue May 05 2026 14:59:44 GMT-0500 (hora de Ecuador)
361,102,13,Tue May 05 2026 00:00:00 GMT-0500 (hora de Ecuador),"Se va a volver a firmar los TDR xq la Jefatura Administrativa verificó que faltaba información en los documentos, y es necesario volver a firmarlos, retrasando el proceso una semana.",0,,,Tue May 05 2026 15:04:39 GMT-0500 (hora de Ecuador),Tue May 05 2026 15:04:39 GMT-0500 (hora de Ecuador)
362,144,16,Tue May 05 2026 00:00:00 GMT-0500 (hora de Ecuador),"Se ingresa nuevamente la solicitud a la DAF con fecha 05/05/2026, por falta de un documento.",0,,,Tue May 05 2026 15:13:20 GMT-0500 (hora de Ecuador),Tue May 05 2026 15:13:20 GMT-0500 (hora de Ecuador)
363,127,19,Tue May 05 2026 00:00:00 GMT-0500 (hora de Ecuador),Se envio la solicitu de PAc el 4 de mayo,0,,,Tue May 05 2026 15:14:45 GMT-0500 (hora de Ecuador),Tue May 05 2026 15:14:45 GMT-0500 (hora de Ecuador)
364,148,3,Tue May 05 2026 00:00:00 GMT-0500 (hora de Ecuador),"Se realizó la aprobación por parte de la Gerencia General, el 06/05/2026 se realizará 
la revisión del informe técnico con Compras públicas y Financiero",0,,,Tue May 05 2026 15:15:41 GMT-0500 (hora de Ecuador),Tue May 05 2026 15:15:41 GMT-0500 (hora de Ecuador)
365,113,35,Tue May 05 2026 00:00:00 GMT-0500 (hora de Ecuador),El proceso es infima cuantía que no requiere la aprobación de inicio,0,,,Tue May 05 2026 15:17:33 GMT-0500 (hora de Ecuador),Tue May 05 2026 15:17:33 GMT-0500 (hora de Ecuador)
366,113,40,Tue May 05 2026 00:00:00 GMT-0500 (hora de Ecuador),"Pendiente la suscripción de la orden de compra, esta en elaboración jefatura Administrativa",1,,,Tue May 05 2026 15:18:56 GMT-0500 (hora de Ecuador),Tue May 05 2026 15:18:56 GMT-0500 (hora de Ecuador)
367,172,29,Tue May 05 2026 00:00:00 GMT-0500 (hora de Ecuador),Se esta trabajando en las aclaraciones del Informe de Quito Honesto para solicitar formalmente su acompañamiento,0,,,Tue May 05 2026 15:19:09 GMT-0500 (hora de Ecuador),Tue May 05 2026 15:19:09 GMT-0500 (hora de Ecuador)
368,14,3,Tue May 05 2026 00:00:00 GMT-0500 (hora de Ecuador),"Gabriela Cevallos se encuentra elaborando los informes de Necesidad, Técnico y TDR , fecha estimada de obtención 06/05/2026",0,,,Tue May 05 2026 15:20:46 GMT-0500 (hora de Ecuador),Tue May 05 2026 15:20:46 GMT-0500 (hora de Ecuador)
369,14,4,Tue May 05 2026 00:00:00 GMT-0500 (hora de Ecuador),"Gabriela Cevallos se encuentra elaborando los informes de Necesidad, Técnico y TDR , fecha estimada de obtención 06/05/2026",0,,,Tue May 05 2026 15:20:57 GMT-0500 (hora de Ecuador),Tue May 05 2026 15:20:57 GMT-0500 (hora de Ecuador)
370,186,13,Tue May 05 2026 00:00:00 GMT-0500 (hora de Ecuador),Se volvio a solicitar la publicación el 29 de abril y se hace una incistencia por correoel 5 de mayo,0,,,Tue May 05 2026 15:28:44 GMT-0500 (hora de Ecuador),Tue May 05 2026 15:28:44 GMT-0500 (hora de Ecuador)
371,157,6,Tue May 05 2026 00:00:00 GMT-0500 (hora de Ecuador),"Se realiza insistencia el 5 de mayo a la jefatura Administrativa, la solicitud inicial fue el 24 de abril",0,,,Tue May 05 2026 15:36:09 GMT-0500 (hora de Ecuador),Tue May 05 2026 15:36:09 GMT-0500 (hora de Ecuador)
372,185,3,Tue May 05 2026 00:00:00 GMT-0500 (hora de Ecuador),En determinación de las características técnicas,0,,,Tue May 05 2026 15:37:51 GMT-0500 (hora de Ecuador),Tue May 05 2026 15:37:51 GMT-0500 (hora de Ecuador)
373,132,6,Tue May 05 2026 00:00:00 GMT-0500 (hora de Ecuador),TIC está ajustando los documentos con las observaciones,0,,,Tue May 05 2026 15:40:47 GMT-0500 (hora de Ecuador),Tue May 05 2026 15:40:47 GMT-0500 (hora de Ecuador)
374,152,6,Tue May 05 2026 00:00:00 GMT-0500 (hora de Ecuador),Se realizó incistencia de la revisión 5 de mayo de 2026 a la jefatura Administrativa,0,,,Tue May 05 2026 15:59:26 GMT-0500 (hora de Ecuador),Tue May 05 2026 15:59:26 GMT-0500 (hora de Ecuador)
375,207,54,Tue May 05 2026 00:00:00 GMT-0500 (hora de Ecuador),Se solicita CP e Informe Financiero mediante Memorando Nro. EPMGDT-DTNAE-2026-0127-M de fecha 5 de mayo de 2026,0,,,Tue May 05 2026 19:39:27 GMT-0500 (hora de Ecuador),Tue May 05 2026 19:39:27 GMT-0500 (hora de Ecuador)
376,207,54,Wed May 06 2026 00:00:00 GMT-0500 (hora de Ecuador),Se remitió a esta dirección el Informe Técnico Nro. GADDMQ-EPMGDT-JF-2026-0018-IT y la Certificación Presupuestaria No. 193,0,,,Wed May 06 2026 15:30:13 GMT-0500 (hora de Ecuador),Wed May 06 2026 15:30:13 GMT-0500 (hora de Ecuador)
377,207,55,Wed May 06 2026 00:00:00 GMT-0500 (hora de Ecuador),Se solicito mediante memorando a la Dirección de Asesoría Jurídica el Informe Jurídico para el evento Ed Sheeran,0,,,Wed May 06 2026 15:31:04 GMT-0500 (hora de Ecuador),Wed May 06 2026 15:31:04 GMT-0500 (hora de Ecuador)
378,195,17,Wed May 06 2026 00:00:00 GMT-0500 (hora de Ecuador),"El proceso se encuentra publicado desde: Fecha de Publicación de la Necesidad: 2026-04-22 12:00:00 Fecha Límite para la entrega de Proformas: 2026-05-08 12:00:00 En el siguiente enlace se encuentra la información de publicación: https://www.compraspublicas.gob.ec/ProcesoContratacion/compras/NCO/NCORegistroDetalle.cpe?&id=GLVCt4H3nb01kY2dY_x1t2YVBMHixX7RZt0MYdT-gvY,&op=1",1,,,Wed May 06 2026 15:46:06 GMT-0500 (hora de Ecuador),Wed May 06 2026 15:46:06 GMT-0500 (hora de Ecuador)
379,195,18,Wed May 06 2026 00:00:00 GMT-0500 (hora de Ecuador),"El proceso se encuentra publicado desde: Fecha de Publicación de la Necesidad: 2026-04-22 12:00:00 Fecha Límite para la entrega de Proformas: 2026-05-08 12:00:00 En el siguiente enlace se encuentra la información de publicación: https://www.compraspublicas.gob.ec/ProcesoContratacion/compras/NCO/NCORegistroDetalle.cpe?&id=GLVCt4H3nb01kY2dY_x1t2YVBMHixX7RZt0MYdT-gvY,&op=1",1,,,Wed May 06 2026 15:46:15 GMT-0500 (hora de Ecuador),Wed May 06 2026 15:46:15 GMT-0500 (hora de Ecuador)
380,195,19,Wed May 06 2026 00:00:00 GMT-0500 (hora de Ecuador),"El proceso se encuentra publicado desde: Fecha de Publicación de la Necesidad: 2026-04-22 12:00:00 Fecha Límite para la entrega de Proformas: 2026-05-08 12:00:00 En el siguiente enlace se encuentra la información de publicación: https://www.compraspublicas.gob.ec/ProcesoContratacion/compras/NCO/NCORegistroDetalle.cpe?&id=GLVCt4H3nb01kY2dY_x1t2YVBMHixX7RZt0MYdT-gvY,&op=1",1,,,Wed May 06 2026 15:46:28 GMT-0500 (hora de Ecuador),Wed May 06 2026 15:46:28 GMT-0500 (hora de Ecuador)
381,195,29,Wed May 06 2026 00:00:00 GMT-0500 (hora de Ecuador),"El proceso se encuentra publicado desde: Fecha de Publicación de la Necesidad: 2026-04-22 12:00:00 Fecha Límite para la entrega de Proformas: 2026-05-08 12:00:00 En el siguiente enlace se encuentra la información de publicación: https://www.compraspublicas.gob.ec/ProcesoContratacion/compras/NCO/NCORegistroDetalle.cpe?&id=GLVCt4H3nb01kY2dY_x1t2YVBMHixX7RZt0MYdT-gvY,&op=1",1,,,Wed May 06 2026 15:46:37 GMT-0500 (hora de Ecuador),Wed May 06 2026 15:46:37 GMT-0500 (hora de Ecuador)
382,52,43,Wed May 06 2026 00:00:00 GMT-0500 (hora de Ecuador),Las ofertas se entregan con 06/05/2026,0,,,Wed May 06 2026 16:29:04 GMT-0500 (hora de Ecuador),Wed May 06 2026 16:29:04 GMT-0500 (hora de Ecuador)
383,75,50,Wed May 06 2026 00:00:00 GMT-0500 (hora de Ecuador),Contrato en revisión de DAF,0,,,Wed May 06 2026 16:29:57 GMT-0500 (hora de Ecuador),Wed May 06 2026 16:29:57 GMT-0500 (hora de Ecuador)
384,218,44,Fri May 08 2026 00:00:00 GMT-0500 (hora de Ecuador),No existieron convalidaciones.,0,,,Fri May 08 2026 13:23:34 GMT-0500 (hora de Ecuador),Fri May 08 2026 13:23:34 GMT-0500 (hora de Ecuador)
385,218,44,Fri May 08 2026 00:00:00 GMT-0500 (hora de Ecuador),No existieron convalidaciones.,0,,,Fri May 08 2026 13:24:48 GMT-0500 (hora de Ecuador),Fri May 08 2026 13:24:48 GMT-0500 (hora de Ecuador)
386,189,2,Fri May 08 2026 00:00:00 GMT-0500 (hora de Ecuador),No se cuenta con los recursos necesarios. Desfinanciada,0,,,Fri May 08 2026 17:15:45 GMT-0500 (hora de Ecuador),Fri May 08 2026 17:15:45 GMT-0500 (hora de Ecuador)
387,145,8,Mon May 11 2026 00:00:00 GMT-0500 (hora de Ecuador),Se debe analizar la pertinencia legal para esta contratación; ya que todos los años la Empresa Fiduciaria realiza una auditoría financiera al CCMQ,0,,,Mon May 11 2026 14:03:58 GMT-0500 (hora de Ecuador),Mon May 11 2026 14:03:58 GMT-0500 (hora de Ecuador)
388,148,3,Mon May 11 2026 00:00:00 GMT-0500 (hora de Ecuador),"Revisión final de temáticas con Directora, GG y Coordinación Técnica 12/05/2026",0,,,Mon May 11 2026 14:41:13 GMT-0500 (hora de Ecuador),Mon May 11 2026 14:41:13 GMT-0500 (hora de Ecuador)
389,148,4,Mon May 11 2026 00:00:00 GMT-0500 (hora de Ecuador),"Revisión final de temáticas con Directora, GG y Coordinación Técnica 12/05/2026",0,,,Mon May 11 2026 14:41:24 GMT-0500 (hora de Ecuador),Mon May 11 2026 14:41:24 GMT-0500 (hora de Ecuador)
390,148,5,Mon May 11 2026 00:00:00 GMT-0500 (hora de Ecuador),"Revisión final de temáticas con Directora, GG y Coordinación Técnica 12/05/2026",0,,,Mon May 11 2026 14:41:35 GMT-0500 (hora de Ecuador),Mon May 11 2026 14:41:35 GMT-0500 (hora de Ecuador)
391,23,17,Mon May 11 2026 00:00:00 GMT-0500 (hora de Ecuador),Pendiente entrega de certificación por parte de Financiero,0,,,Mon May 11 2026 14:47:54 GMT-0500 (hora de Ecuador),Mon May 11 2026 14:47:54 GMT-0500 (hora de Ecuador)
392,195,15,Mon May 11 2026 00:00:00 GMT-0500 (hora de Ecuador),"Mediante Memorando Nro. EPMGDT-DPDT-2026-0230-M, de fecha 8 de mayo de 2026, las Direcciones solicitaron una ampliación de dos (2) días adicionales para la publicación y recepción de proformas, considerando que, una vez concluido el plazo establecido para la recepción, únicamente se receptaron dos proformas. Al momento, se encuentra pendiente la respuesta por parte de la Dirección Administrativa Financiera.",1,,,Mon May 11 2026 15:03:41 GMT-0500 (hora de Ecuador),Mon May 11 2026 15:03:41 GMT-0500 (hora de Ecuador)
393,195,16,Mon May 11 2026 00:00:00 GMT-0500 (hora de Ecuador),"Mediante Memorando Nro. EPMGDT-DPDT-2026-0230-M, de fecha 8 de mayo de 2026, las Direcciones solicitaron una ampliación de dos (2) días adicionales para la publicación y recepción de proformas, considerando que, una vez concluido el plazo establecido para la recepción, únicamente se receptaron dos proformas. Al momento, se encuentra pendiente la respuesta por parte de la Dirección Administrativa Financiera.",1,,,Mon May 11 2026 15:04:09 GMT-0500 (hora de Ecuador),Mon May 11 2026 15:04:09 GMT-0500 (hora de Ecuador)
394,195,17,Mon May 11 2026 00:00:00 GMT-0500 (hora de Ecuador),"Mediante Memorando Nro. EPMGDT-DPDT-2026-0230-M, de fecha 8 de mayo de 2026, las Direcciones solicitaron una ampliación de dos (2) días adicionales para la publicación y recepción de proformas, considerando que, una vez concluido el plazo establecido para la recepción, únicamente se receptaron dos proformas. Al momento, se encuentra pendiente la respuesta por parte de la Dirección Administrativa Financiera.",1,,,Mon May 11 2026 15:04:23 GMT-0500 (hora de Ecuador),Mon May 11 2026 15:04:23 GMT-0500 (hora de Ecuador)
395,195,18,Mon May 11 2026 00:00:00 GMT-0500 (hora de Ecuador),"Mediante Memorando Nro. EPMGDT-DPDT-2026-0230-M, de fecha 8 de mayo de 2026, las Direcciones solicitaron una ampliación de dos (2) días adicionales para la publicación y recepción de proformas, considerando que, una vez concluido el plazo establecido para la recepción, únicamente se receptaron dos proformas. Al momento, se encuentra pendiente la respuesta por parte de la Dirección Administrativa Financiera.",1,,,Mon May 11 2026 15:04:37 GMT-0500 (hora de Ecuador),Mon May 11 2026 15:04:37 GMT-0500 (hora de Ecuador)
396,195,19,Mon May 11 2026 00:00:00 GMT-0500 (hora de Ecuador),"Mediante Memorando Nro. EPMGDT-DPDT-2026-0230-M, de fecha 8 de mayo de 2026, las Direcciones solicitaron una ampliación de dos (2) días adicionales para la publicación y recepción de proformas, considerando que, una vez concluido el plazo establecido para la recepción, únicamente se receptaron dos proformas. Al momento, se encuentra pendiente la respuesta por parte de la Dirección Administrativa Financiera.",1,,,Mon May 11 2026 15:04:47 GMT-0500 (hora de Ecuador),Mon May 11 2026 15:04:47 GMT-0500 (hora de Ecuador)
397,195,29,Mon May 11 2026 00:00:00 GMT-0500 (hora de Ecuador),"Mediante Memorando Nro. EPMGDT-DPDT-2026-0230-M, de fecha 8 de mayo de 2026, las Direcciones solicitaron una ampliación de dos (2) días adicionales para la publicación y recepción de proformas, considerando que, una vez concluido el plazo establecido para la recepción, únicamente se receptaron dos proformas. Al momento, se encuentra pendiente la respuesta por parte de la Dirección Administrativa Financiera.",1,,,Mon May 11 2026 15:04:58 GMT-0500 (hora de Ecuador),Mon May 11 2026 15:04:58 GMT-0500 (hora de Ecuador)
398,30,8,Tue May 12 2026 00:00:00 GMT-0500 (hora de Ecuador),Se realizó reforma para contar con presupuesto y se envió reforma al PAC. Se volverá a solicitar la certificación programática,0,,,Tue May 12 2026 13:48:07 GMT-0500 (hora de Ecuador),Tue May 12 2026 13:48:07 GMT-0500 (hora de Ecuador)
399,30,8,Wed May 13 2026 00:00:00 GMT-0500 (hora de Ecuador),Hoy se suscribe el informe de necesidad para la aprobación del Director de Planificación y TDR preliminares,0,,,Wed May 13 2026 13:50:54 GMT-0500 (hora de Ecuador),Wed May 13 2026 13:50:54 GMT-0500 (hora de Ecuador)
400,127,33,Wed May 13 2026 00:00:00 GMT-0500 (hora de Ecuador),En proceso de carga,0,,,Wed May 13 2026 13:53:03 GMT-0500 (hora de Ecuador),Wed May 13 2026 13:53:03 GMT-0500 (hora de Ecuador)
401,52,49,Wed May 13 2026 00:00:00 GMT-0500 (hora de Ecuador),Elaboración de resolución de adjudicación,0,,,Wed May 13 2026 14:00:36 GMT-0500 (hora de Ecuador),Wed May 13 2026 14:00:36 GMT-0500 (hora de Ecuador)
402,75,50,Wed May 13 2026 00:00:00 GMT-0500 (hora de Ecuador),En elaboración reforma solicitada por Financiero,0,,,Wed May 13 2026 14:03:04 GMT-0500 (hora de Ecuador),Wed May 13 2026 14:03:04 GMT-0500 (hora de Ecuador)
403,113,40,Wed May 13 2026 00:00:00 GMT-0500 (hora de Ecuador),El proveedor ya firmo y en espera que le notifiquen al administrador,0,,,Wed May 13 2026 14:27:01 GMT-0500 (hora de Ecuador),Wed May 13 2026 14:27:01 GMT-0500 (hora de Ecuador)
404,189,1,Wed May 13 2026 00:00:00 GMT-0500 (hora de Ecuador),Proyecto desfinanciado,0,,,Wed May 13 2026 15:21:52 GMT-0500 (hora de Ecuador),Wed May 13 2026 15:21:52 GMT-0500 (hora de Ecuador)
405,218,49,Tue May 19 2026 00:00:00 GMT-0500 (hora de Ecuador),No se realizado la adjudicación ya que el proceso se encuentra suspendido en el SERCOP.,0,,,Tue May 19 2026 17:33:45 GMT-0500 (hora de Ecuador),Tue May 19 2026 17:33:45 GMT-0500 (hora de Ecuador)
406,218,49,Tue May 19 2026 00:00:00 GMT-0500 (hora de Ecuador),Se encuentra en proceso el desarrollo del informe de constestación al SERCOP por parte de la Comisión Técnica y Compras Públicas.,0,,,Tue May 19 2026 17:34:44 GMT-0500 (hora de Ecuador),Tue May 19 2026 17:34:44 GMT-0500 (hora de Ecuador)
407,23,34,Tue May 19 2026 00:00:00 GMT-0500 (hora de Ecuador),SE SOLICITÓ CON FECHA 19/05/2026,0,,,Tue May 19 2026 18:02:27 GMT-0500 (hora de Ecuador),Tue May 19 2026 18:02:27 GMT-0500 (hora de Ecuador)
408,75,50,Tue May 19 2026 00:00:00 GMT-0500 (hora de Ecuador),CONTRATO PARA LA FIRMA,0,,,Tue May 19 2026 18:15:30 GMT-0500 (hora de Ecuador),Tue May 19 2026 18:15:30 GMT-0500 (hora de Ecuador)
409,70,1,Tue May 19 2026 00:00:00 GMT-0500 (hora de Ecuador),ESTE PROCESO SE ENCUENTRA PROGRAMADO PARA EL MES DE JUNIO 2026,0,,,Tue May 19 2026 18:17:22 GMT-0500 (hora de Ecuador),Tue May 19 2026 18:17:22 GMT-0500 (hora de Ecuador)
410,171,1,Tue May 19 2026 00:00:00 GMT-0500 (hora de Ecuador),ESTE PROCESO SE ENCUENTRA PROGRAMADO PARA JULIO 2026,0,,,Tue May 19 2026 18:18:20 GMT-0500 (hora de Ecuador),Tue May 19 2026 18:18:20 GMT-0500 (hora de Ecuador)
411,30,15,Wed May 20 2026 00:00:00 GMT-0500 (hora de Ecuador),Elaborando el estudio de mercado,0,,,Wed May 20 2026 14:17:40 GMT-0500 (hora de Ecuador),Wed May 20 2026 14:17:40 GMT-0500 (hora de Ecuador)
412,127,40,Wed May 20 2026 00:00:00 GMT-0500 (hora de Ecuador),Javier Pacha envio correo a Jroge Suguensia solictando conocer el avance de la elaboración y suscripción de orden de compra,0,,,Wed May 20 2026 14:37:49 GMT-0500 (hora de Ecuador),Wed May 20 2026 14:37:49 GMT-0500 (hora de Ecuador)
413,186,15,Wed May 20 2026 00:00:00 GMT-0500 (hora de Ecuador),Se esta elaborando el estudio de mercado,0,,,Wed May 20 2026 14:38:30 GMT-0500 (hora de Ecuador),Wed May 20 2026 14:38:30 GMT-0500 (hora de Ecuador)
414,157,6,Wed May 20 2026 00:00:00 GMT-0500 (hora de Ecuador),Se envia un correo de reiteración del pedido iniciado el 24 de abril al jefe Administrativo,0,,,Wed May 20 2026 14:39:21 GMT-0500 (hora de Ecuador),Wed May 20 2026 14:39:21 GMT-0500 (hora de Ecuador)
415,132,6,Wed May 20 2026 00:00:00 GMT-0500 (hora de Ecuador),Se envia correo de insistencia desde JAvier Pacha para Jorge Siguensia para contar con la revisión,0,,,Wed May 20 2026 14:52:54 GMT-0500 (hora de Ecuador),Wed May 20 2026 14:52:54 GMT-0500 (hora de Ecuador)
416,3,3,Wed May 20 2026 00:00:00 GMT-0500 (hora de Ecuador),"Planificación indica que se retirará el presupuesto, se continua con la elaboración del informe",0,,,Wed May 20 2026 14:54:00 GMT-0500 (hora de Ecuador),Wed May 20 2026 14:54:00 GMT-0500 (hora de Ecuador)
417,152,6,Wed May 20 2026 00:00:00 GMT-0500 (hora de Ecuador),Se envia correo de insistencia a Jorge Sigueincia jefe administrativo,0,,,Wed May 20 2026 14:58:15 GMT-0500 (hora de Ecuador),Wed May 20 2026 14:58:15 GMT-0500 (hora de Ecuador)
418,52,50,Thu May 21 2026 00:00:00 GMT-0500 (hora de Ecuador),Se suscribió la carta de cobertura provisional,0,,,Thu May 21 2026 13:17:47 GMT-0500 (hora de Ecuador),Thu May 21 2026 13:17:47 GMT-0500 (hora de Ecuador)
419,75,50,Thu May 21 2026 00:00:00 GMT-0500 (hora de Ecuador),Pendiente de suscripción por parte de la DAF,0,,,Thu May 21 2026 13:19:23 GMT-0500 (hora de Ecuador),Thu May 21 2026 13:19:23 GMT-0500 (hora de Ecuador)
420,23,36,Thu May 21 2026 00:00:00 GMT-0500 (hora de Ecuador),PENDIENTE EN COMPRAS PÚBLICAS,0,,,Thu May 21 2026 13:31:23 GMT-0500 (hora de Ecuador),Thu May 21 2026 13:31:23 GMT-0500 (hora de Ecuador)
421,23,37,Tue May 26 2026 00:00:00 GMT-0500 (hora de Ecuador),Se solicitó el 22/05/2026,0,,,Tue May 26 2026 16:34:51 GMT-0500 (hora de Ecuador),Tue May 26 2026 16:34:51 GMT-0500 (hora de Ecuador)
422,102,14,Tue May 26 2026 00:00:00 GMT-0500 (hora de Ecuador),"El 14 de mayo se receptó a través del Portal 2 proformas, y según la recomendación de Compras Públicas se volvió a publicar un días más. La recepción de esta nueva publicación es el día de hoy 26 mayo 18h00",0,,,Tue May 26 2026 19:57:55 GMT-0500 (hora de Ecuador),Tue May 26 2026 19:57:55 GMT-0500 (hora de Ecuador)
423,102,15,Tue May 26 2026 00:00:00 GMT-0500 (hora de Ecuador),"Está listo, en espera de la última proforma",0,,,Tue May 26 2026 19:58:16 GMT-0500 (hora de Ecuador),Tue May 26 2026 19:58:16 GMT-0500 (hora de Ecuador)
424,23,37,Wed May 27 2026 00:00:00 GMT-0500 (hora de Ecuador),Pendiente emisión de resolución de inicio,0,,,Wed May 27 2026 20:13:13 GMT-0500 (hora de Ecuador),Wed May 27 2026 20:13:13 GMT-0500 (hora de Ecuador)
425,102,15,Wed May 27 2026 00:00:00 GMT-0500 (hora de Ecuador),enviado a la jefatura de Compras Públicas el 27 de mayo de 2026,0,,,Wed May 27 2026 21:38:15 GMT-0500 (hora de Ecuador),Wed May 27 2026 21:38:15 GMT-0500 (hora de Ecuador)
426,177,3,Thu Jun 04 2026 00:00:00 GMT-0500 (hora de Ecuador),"Se están revisando borradores de informe técnico, informe necesidad y términos de referencia con Compras Públicas",0,,,Thu Jun 04 2026 15:07:03 GMT-0500 (hora de Ecuador),Thu Jun 04 2026 15:07:03 GMT-0500 (hora de Ecuador)
427,23,40,Thu Jun 04 2026 00:00:00 GMT-0500 (hora de Ecuador),"La compra es por catalogo electrónico, la necesidad de las ordenes de compra se publicó el 02/06/2026 y la aceptación es hasta el 04/06/2026.",0,,,Thu Jun 04 2026 15:11:35 GMT-0500 (hora de Ecuador),Thu Jun 04 2026 15:11:35 GMT-0500 (hora de Ecuador)
428,23,40,Tue Jun 09 2026 00:00:00 GMT-0500 (hora de Ecuador),Las ordenes de compra se encuentran para firma de Gerencia General,0,,,Tue Jun 09 2026 21:44:37 GMT-0500 (hora de Ecuador),Tue Jun 09 2026 21:44:37 GMT-0500 (hora de Ecuador)
429,177,5,Thu Jun 11 2026 00:00:00 GMT-0500 (hora de Ecuador),Términos de referencia se firman hoy 11/06/2026,0,,,Thu Jun 11 2026 14:26:59 GMT-0500 (hora de Ecuador),Thu Jun 11 2026 14:26:59 GMT-0500 (hora de Ecuador)
430,177,50,Tue Jun 30 2026 00:00:00 GMT-0500 (hora de Ecuador),El 30/06/2026 se suscriben las ordenes de compra de seguridad,0,,,Tue Jun 30 2026 21:47:10 GMT-0500 (hora de Ecuador),Tue Jun 30 2026 21:47:10 GMT-0500 (hora de Ecuador)
431,256,61,Thu Jul 23 2026 00:00:00 GMT-0500 (hora de Ecuador),No se debe firmar infíma cuantía,0,,,Thu Jul 23 2026 20:21:36 GMT-0500 (hora de Ecuador),Thu Jul 23 2026 20:21:36 GMT-0500 (hora de Ecuador)
432,225,1,Mon Aug 03 2026 00:00:00 GMT-0500 (hora de Ecuador),hola,0,,,Mon Aug 03 2026 13:35:24 GMT-0500 (hora de Ecuador),Mon Aug 03 2026 13:35:24 GMT-0500 (hora de Ecuador)
435,157,34,Mon Aug 03 2026 00:00:00 GMT-0500 (hora de Ecuador),"- Estudio de mercado actualizado conforme el nuevo formato por actualización de normativa.
- Pendiente la entrega del nuevo formato de TDR para actualización del documento por cambio de normativa.",0,,,Mon Aug 03 2026 14:03:52 GMT-0500 (hora de Ecuador),Mon Aug 03 2026 14:03:52 GMT-0500 (hora de Ecuador)
436,148,33,Tue Aug 04 2026 00:00:00 GMT-0500 (hora de Ecuador),"Debido a las reformas al Reglamento General de la Ley Orgánica del Sistema Nacional de Contratación Pública, contenidas en el Decreto Ejecutivo No. 461, las cuales incorporan cambios importantes para la gestión de la contratación pública, se deberán adaptar los documentos técnicos relevantes e iniciar nuevamente el proceso.",0,,,Tue Aug 04 2026 14:32:45 GMT-0500 (hora de Ecuador),Tue Aug 04 2026 14:32:45 GMT-0500 (hora de Ecuador)
437,148,34,Tue Aug 04 2026 00:00:00 GMT-0500 (hora de Ecuador),"Debido a las reformas al Reglamento General de la Ley Orgánica del Sistema Nacional de Contratación Pública, contenidas en el Decreto Ejecutivo No. 461, las cuales incorporan cambios importantes para la gestión de la contratación pública, se deberán adaptar los documentos técnicos relevantes e iniciar nuevamente el proceso.",0,,,Tue Aug 04 2026 14:32:54 GMT-0500 (hora de Ecuador),Tue Aug 04 2026 14:32:54 GMT-0500 (hora de Ecuador)
438,252,15,Tue Aug 04 2026 00:00:00 GMT-0500 (hora de Ecuador),"Debido a las reformas al Reglamento General de la Ley Orgánica del Sistema Nacional de Contratación Pública, contenidas en el Decreto Ejecutivo No. 461, las cuales incorporan cambios importantes para la gestión de la contratación pública, se deberán adaptar los documentos técnicos relevantes e iniciar nuevamente el proceso.",0,,,Tue Aug 04 2026 14:33:20 GMT-0500 (hora de Ecuador),Tue Aug 04 2026 14:33:20 GMT-0500 (hora de Ecuador)
