id,subtarea_id,etapa_id,estado,fecha_planificada,fecha_real,responsable_id,responsable,observaciones
1,1,1,pendiente,Tue Jul 21 2026 00:00:00 GMT-0500 (hora de Ecuador),,,,
2,1,2,pendiente,,,,,
3,1,3,pendiente,,,,,
4,1,4,pendiente,,,,,
5,1,5,pendiente,,,,,
6,1,6,pendiente,,,,,
7,1,7,pendiente,,,,,
8,1,8,pendiente,,,,,
9,1,9,pendiente,,,,,
10,1,10,pendiente,,,,,
11,1,11,pendiente,,,,,
12,1,12,pendiente,,,,,
13,1,13,pendiente,,,,,
14,1,14,pendiente,,,,,
15,1,15,pendiente,,,,,
16,1,16,pendiente,,,,,
17,1,17,pendiente,,,,,
18,1,18,pendiente,,,,,
19,1,19,pendiente,,,,,
20,1,20,pendiente,,,,,
21,1,21,pendiente,,,,,
22,1,22,pendiente,,,,,
23,1,23,pendiente,,,,,
24,1,24,pendiente,,,,,
25,1,25,pendiente,,,,,
26,1,26,pendiente,,,,,
27,1,27,pendiente,,,,,
28,1,28,pendiente,,,,,
29,1,29,pendiente,,,,,
30,1,30,pendiente,,,,,
31,1,31,pendiente,,,,,
32,1,32,pendiente,,,,,
33,1,33,pendiente,,,,,
34,1,34,pendiente,,,,,
35,1,35,pendiente,,,,,
36,1,36,pendiente,,,,,
37,1,37,pendiente,,,,,
38,1,38,pendiente,,,,,
39,1,39,pendiente,,,,,
40,1,40,pendiente,,,,,
41,1,41,pendiente,,,,,
42,1,42,pendiente,,,,,
43,1,43,pendiente,,,,,
44,1,44,pendiente,,,,,
45,1,45,pendiente,,,,,
46,1,46,pendiente,,,,,
47,1,47,pendiente,,,,,
48,1,48,pendiente,,,,,
49,1,49,pendiente,,,,,
50,1,50,pendiente,,,,,
51,2,1,pendiente,,,,,
52,2,2,pendiente,,,,,
53,2,3,pendiente,,,,,
54,2,4,pendiente,,,,,
55,2,5,pendiente,,,,,
56,2,6,pendiente,,,,,
57,2,7,pendiente,,,,,
58,2,8,pendiente,,,,,
59,2,9,pendiente,,,,,
60,2,10,pendiente,,,,,
61,2,11,pendiente,,,,,
62,2,12,pendiente,,,,,
63,2,13,pendiente,,,,,
64,2,14,pendiente,,,,,
65,2,15,pendiente,,,,,
66,2,16,pendiente,,,,,
67,2,17,pendiente,,,,,
68,2,18,pendiente,,,,,
69,2,19,pendiente,,,,,
70,2,20,pendiente,,,,,
71,2,21,pendiente,,,,,
72,2,22,pendiente,,,,,
73,2,23,pendiente,,,,,
74,2,24,pendiente,,,,,
75,2,25,pendiente,,,,,
76,2,26,pendiente,,,,,
77,2,27,pendiente,,,,,
78,2,28,pendiente,,,,,
79,2,29,pendiente,,,,,
80,2,30,pendiente,,,,,
81,2,31,pendiente,,,,,
82,2,32,pendiente,,,,,
83,2,33,pendiente,,,,,
84,2,34,pendiente,,,,,
85,2,35,pendiente,,,,,
86,2,36,pendiente,,,,,
87,2,37,pendiente,,,,,
88,2,38,pendiente,,,,,
89,2,39,pendiente,,,,,
90,2,40,pendiente,,,,,
91,2,41,pendiente,,,,,
92,2,42,pendiente,,,,,
93,2,43,pendiente,,,,,
94,2,44,pendiente,,,,,
95,2,45,pendiente,,,,,
96,2,46,pendiente,,,,,
97,2,47,pendiente,,,,,
98,2,48,pendiente,,,,,
99,2,49,pendiente,,,,,
100,2,50,pendiente,,,,,
101,3,1,completado,Wed Apr 15 2026 00:00:00 GMT-0500 (hora de Ecuador),Tue May 12 2026 00:00:00 GMT-0500 (hora de Ecuador),,Javier Pacha,
102,3,2,completado,Wed Apr 15 2026 00:00:00 GMT-0500 (hora de Ecuador),Tue May 12 2026 00:00:00 GMT-0500 (hora de Ecuador),,Javier Pacha,
103,3,3,pendiente,Thu Apr 16 2026 00:00:00 GMT-0500 (hora de Ecuador),,,Javier Pacha,
104,3,4,pendiente,Thu Apr 16 2026 00:00:00 GMT-0500 (hora de Ecuador),,,Javier Pacha,
105,3,5,pendiente,Thu Apr 16 2026 00:00:00 GMT-0500 (hora de Ecuador),,,Javier Pacha,
106,3,6,pendiente,Fri Apr 17 2026 00:00:00 GMT-0500 (hora de Ecuador),,,Javier Pacha,
107,3,7,pendiente,Mon Apr 20 2026 00:00:00 GMT-0500 (hora de Ecuador),,,Javier Pacha,
108,3,8,pendiente,Tue Apr 21 2026 00:00:00 GMT-0500 (hora de Ecuador),,,Javier Pacha,
109,3,9,pendiente,Wed Apr 22 2026 00:00:00 GMT-0500 (hora de Ecuador),,,Javier Pacha,
110,3,10,completado,Thu Apr 23 2026 00:00:00 GMT-0500 (hora de Ecuador),Tue May 12 2026 00:00:00 GMT-0500 (hora de Ecuador),,Javier Pacha,
111,3,11,completado,Fri Apr 24 2026 00:00:00 GMT-0500 (hora de Ecuador),Thu May 14 2026 00:00:00 GMT-0500 (hora de Ecuador),,Javier Pacha,
112,3,12,pendiente,Fri Apr 24 2026 00:00:00 GMT-0500 (hora de Ecuador),,,Javier Pacha,
113,3,13,pendiente,Mon Apr 27 2026 00:00:00 GMT-0500 (hora de Ecuador),,,Javier Pacha,
114,3,14,pendiente,Tue Apr 28 2026 00:00:00 GMT-0500 (hora de Ecuador),,,Javier Pacha,
115,3,15,pendiente,Wed Apr 29 2026 00:00:00 GMT-0500 (hora de Ecuador),,,Javier Pacha,
116,3,16,pendiente,Thu Apr 30 2026 00:00:00 GMT-0500 (hora de Ecuador),,,Javier Pacha,
117,3,17,pendiente,Thu Apr 30 2026 00:00:00 GMT-0500 (hora de Ecuador),,,Javier Pacha,
118,3,18,pendiente,Fri May 01 2026 00:00:00 GMT-0500 (hora de Ecuador),,,Javier Pacha,
119,3,19,pendiente,Fri May 01 2026 00:00:00 GMT-0500 (hora de Ecuador),,,Javier Pacha,
120,3,20,pendiente,,,,Javier Pacha,
121,3,21,pendiente,,,,Javier Pacha,
122,3,22,pendiente,,,,Javier Pacha,
123,3,23,pendiente,,,,Javier Pacha,
124,3,24,pendiente,,,,Javier Pacha,
125,3,25,pendiente,,,,Javier Pacha,
126,3,26,pendiente,,,,Javier Pacha,
127,3,27,pendiente,,,,Javier Pacha,
128,3,28,pendiente,,,,Javier Pacha,
129,3,29,pendiente,,,,Javier Pacha,
130,3,30,pendiente,,,,Javier Pacha,
131,3,31,pendiente,,,,Javier Pacha,
132,3,32,pendiente,,,,Javier Pacha,
133,3,33,pendiente,Mon May 04 2026 00:00:00 GMT-0500 (hora de Ecuador),,,Javier Pacha,
134,3,34,pendiente,Tue May 05 2026 00:00:00 GMT-0500 (hora de Ecuador),,,Javier Pacha,
135,3,35,pendiente,Tue May 05 2026 00:00:00 GMT-0500 (hora de Ecuador),,,Javier Pacha,
136,3,36,pendiente,,,,Javier Pacha,
137,3,37,pendiente,,,,Javier Pacha,
138,3,38,pendiente,,,,Javier Pacha,
139,3,39,pendiente,Tue May 05 2026 00:00:00 GMT-0500 (hora de Ecuador),,,Javier Pacha,
140,3,40,pendiente,Sun May 10 2026 00:00:00 GMT-0500 (hora de Ecuador),,,Javier Pacha,
141,3,41,pendiente,,,,Javier Pacha,
142,3,42,pendiente,,,,Javier Pacha,
143,3,43,pendiente,,,,Javier Pacha,
144,3,44,pendiente,,,,Javier Pacha,
145,3,45,pendiente,,,,Javier Pacha,
146,3,46,pendiente,,,,Javier Pacha,
147,3,47,pendiente,,,,Javier Pacha,
148,3,48,pendiente,,,,Javier Pacha,
149,3,49,pendiente,,,,Javier Pacha,
150,3,50,pendiente,Sun May 10 2026 00:00:00 GMT-0500 (hora de Ecuador),,,Javier Pacha,
151,4,1,pendiente,,,,,
152,4,2,pendiente,,,,,
153,4,3,pendiente,,,,,
154,4,4,pendiente,,,,,
155,4,5,pendiente,,,,,
156,4,6,pendiente,,,,,
157,4,7,pendiente,,,,,
158,4,8,pendiente,,,,,
159,4,9,pendiente,,,,,
160,4,10,pendiente,,,,,
161,4,11,pendiente,,,,,
162,4,12,pendiente,,,,,
163,4,13,pendiente,,,,,
164,4,14,pendiente,,,,,
165,4,15,pendiente,,,,,
166,4,16,pendiente,,,,,
167,4,17,pendiente,,,,,
168,4,18,pendiente,,,,,
169,4,19,pendiente,,,,,
170,4,20,pendiente,,,,,
171,4,21,pendiente,,,,,
172,4,22,pendiente,,,,,
173,4,23,pendiente,,,,,
174,4,24,pendiente,,,,,
175,4,25,pendiente,,,,,
176,4,26,pendiente,,,,,
177,4,27,pendiente,,,,,
178,4,28,pendiente,,,,,
179,4,29,pendiente,,,,,
180,4,30,pendiente,,,,,
181,4,31,pendiente,,,,,
182,4,32,pendiente,,,,,
183,4,33,pendiente,,,,,
184,4,34,pendiente,,,,,
185,4,35,pendiente,,,,,
186,4,36,pendiente,,,,,
187,4,37,pendiente,,,,,
188,4,38,pendiente,,,,,
189,4,39,pendiente,,,,,
190,4,40,pendiente,,,,,
191,4,41,pendiente,,,,,
192,4,42,pendiente,,,,,
193,4,43,pendiente,,,,,
194,4,44,pendiente,,,,,
195,4,45,pendiente,,,,,
196,4,46,pendiente,,,,,
197,4,47,pendiente,,,,,
198,4,48,pendiente,,,,,
199,4,49,pendiente,,,,,
200,4,50,pendiente,,,,,
201,5,1,pendiente,,,,,
202,5,2,pendiente,,,,,
203,5,3,pendiente,,,,,
204,5,4,pendiente,,,,,
205,5,5,pendiente,,,,,
206,5,6,pendiente,,,,,
207,5,7,pendiente,,,,,
208,5,8,pendiente,,,,,
209,5,9,pendiente,,,,,
210,5,10,pendiente,,,,,
211,5,11,pendiente,,,,,
212,5,12,pendiente,,,,,
213,5,13,pendiente,,,,,
214,5,14,pendiente,,,,,
215,5,15,pendiente,,,,,
216,5,16,pendiente,,,,,
217,5,17,pendiente,,,,,
218,5,18,pendiente,,,,,
219,5,19,pendiente,,,,,
220,5,20,pendiente,,,,,
221,5,21,pendiente,,,,,
222,5,22,pendiente,,,,,
223,5,23,pendiente,,,,,
224,5,24,pendiente,,,,,
225,5,25,pendiente,,,,,
226,5,26,pendiente,,,,,
227,5,27,pendiente,,,,,
228,5,28,pendiente,,,,,
229,5,29,pendiente,,,,,
230,5,30,pendiente,,,,,
231,5,31,pendiente,,,,,
232,5,32,pendiente,,,,,
233,5,33,pendiente,,,,,
234,5,34,pendiente,,,,,
235,5,35,pendiente,,,,,
236,5,36,pendiente,,,,,
237,5,37,pendiente,,,,,
238,5,38,pendiente,,,,,
239,5,39,pendiente,,,,,
240,5,40,pendiente,,,,,
241,5,41,pendiente,,,,,
242,5,42,pendiente,,,,,
243,5,43,pendiente,,,,,
244,5,44,pendiente,,,,,
245,5,45,pendiente,,,,,
246,5,46,pendiente,,,,,
247,5,47,pendiente,,,,,
248,5,48,pendiente,,,,,
249,5,49,pendiente,,,,,
250,5,50,pendiente,,,,,
251,6,1,pendiente,Tue Mar 17 2026 00:00:00 GMT-0500 (hora de Ecuador),,,Fabricio Medina,
252,6,2,pendiente,Tue Mar 17 2026 00:00:00 GMT-0500 (hora de Ecuador),,,Fabricio Medina,
253,6,3,pendiente,Wed Mar 18 2026 00:00:00 GMT-0500 (hora de Ecuador),,,Fabricio Medina,
254,6,4,pendiente,Wed Mar 18 2026 00:00:00 GMT-0500 (hora de Ecuador),,,Fabricio Medina,
255,6,5,pendiente,Wed Mar 18 2026 00:00:00 GMT-0500 (hora de Ecuador),,,Fabricio Medina,
256,6,6,pendiente,Thu Mar 19 2026 00:00:00 GMT-0500 (hora de Ecuador),,,Fabricio Medina,
257,6,7,pendiente,Fri Mar 20 2026 00:00:00 GMT-0500 (hora de Ecuador),,,Fabricio Medina,
258,6,8,pendiente,Mon Mar 23 2026 00:00:00 GMT-0500 (hora de Ecuador),,,Fabricio Medina,
259,6,9,pendiente,Tue Mar 24 2026 00:00:00 GMT-0500 (hora de Ecuador),,,Fabricio Medina,
260,6,10,pendiente,Wed Mar 25 2026 00:00:00 GMT-0500 (hora de Ecuador),,,Fabricio Medina,
261,6,11,pendiente,Thu Mar 26 2026 00:00:00 GMT-0500 (hora de Ecuador),,,Fabricio Medina,
262,6,12,pendiente,Thu Mar 26 2026 00:00:00 GMT-0500 (hora de Ecuador),,,Fabricio Medina,
263,6,13,pendiente,Fri Mar 27 2026 00:00:00 GMT-0500 (hora de Ecuador),,,Fabricio Medina,
264,6,14,pendiente,Mon Mar 30 2026 00:00:00 GMT-0500 (hora de Ecuador),,,Fabricio Medina,
265,6,15,pendiente,Tue Mar 31 2026 00:00:00 GMT-0500 (hora de Ecuador),,,Fabricio Medina,
266,6,16,pendiente,Wed Apr 01 2026 00:00:00 GMT-0500 (hora de Ecuador),,,Fabricio Medina,
267,6,17,pendiente,Wed Apr 01 2026 00:00:00 GMT-0500 (hora de Ecuador),,,Fabricio Medina,
268,6,18,pendiente,Thu Apr 02 2026 00:00:00 GMT-0500 (hora de Ecuador),,,Fabricio Medina,
269,6,19,pendiente,Thu Apr 02 2026 00:00:00 GMT-0500 (hora de Ecuador),,,Fabricio Medina,
270,6,20,pendiente,,,,Fabricio Medina,
271,6,21,pendiente,,,,Fabricio Medina,
272,6,22,pendiente,,,,Fabricio Medina,
273,6,23,pendiente,,,,Fabricio Medina,
274,6,24,pendiente,,,,Fabricio Medina,
275,6,25,pendiente,,,,Fabricio Medina,
276,6,26,pendiente,,,,Fabricio Medina,
277,6,27,pendiente,,,,Fabricio Medina,
278,6,28,pendiente,,,,Fabricio Medina,
279,6,29,pendiente,,,,Fabricio Medina,
280,6,30,pendiente,,,,Fabricio Medina,
281,6,31,pendiente,,,,Fabricio Medina,
282,6,32,pendiente,,,,Fabricio Medina,
283,6,33,pendiente,Fri Apr 03 2026 00:00:00 GMT-0500 (hora de Ecuador),,,Fabricio Medina,
284,6,34,pendiente,Mon Apr 06 2026 00:00:00 GMT-0500 (hora de Ecuador),,,Fabricio Medina,
285,6,35,pendiente,Mon Apr 06 2026 00:00:00 GMT-0500 (hora de Ecuador),,,Fabricio Medina,
286,6,36,pendiente,,,,Fabricio Medina,
287,6,37,pendiente,,,,Fabricio Medina,
288,6,38,pendiente,,,,Fabricio Medina,
289,6,39,pendiente,Mon Apr 06 2026 00:00:00 GMT-0500 (hora de Ecuador),,,Fabricio Medina,
290,6,40,pendiente,Fri Apr 10 2026 00:00:00 GMT-0500 (hora de Ecuador),,,Fabricio Medina,
291,6,41,pendiente,,,,Fabricio Medina,
292,6,42,pendiente,,,,Fabricio Medina,
293,6,43,pendiente,,,,Fabricio Medina,
294,6,44,pendiente,,,,Fabricio Medina,
295,6,45,pendiente,,,,Fabricio Medina,
296,6,46,pendiente,,,,Fabricio Medina,
297,6,47,pendiente,,,,Fabricio Medina,
298,6,48,pendiente,,,,Fabricio Medina,
299,6,49,pendiente,,,,Fabricio Medina,
300,6,50,pendiente,Fri Apr 10 2026 00:00:00 GMT-0500 (hora de Ecuador),,,Fabricio Medina,
301,7,1,pendiente,,,,,
302,7,2,pendiente,,,,,
303,7,3,pendiente,,,,,
304,7,4,pendiente,,,,,
305,7,5,pendiente,,,,,
306,7,6,pendiente,,,,,
307,7,7,pendiente,,,,,
308,7,8,pendiente,,,,,
309,7,9,pendiente,,,,,
310,7,10,pendiente,,,,,
311,7,11,pendiente,,,,,
312,7,12,pendiente,,,,,
313,7,13,pendiente,,,,,
314,7,14,pendiente,,,,,
315,7,15,pendiente,,,,,
316,7,16,pendiente,,,,,
317,7,17,pendiente,,,,,
318,7,18,pendiente,,,,,
319,7,19,pendiente,,,,,
320,7,20,pendiente,,,,,
321,7,21,pendiente,,,,,
322,7,22,pendiente,,,,,
323,7,23,pendiente,,,,,
324,7,24,pendiente,,,,,
325,7,25,pendiente,,,,,
326,7,26,pendiente,,,,,
327,7,27,pendiente,,,,,
328,7,28,pendiente,,,,,
329,7,29,pendiente,,,,,
330,7,30,pendiente,,,,,
331,7,31,pendiente,,,,,
332,7,32,pendiente,,,,,
333,7,33,pendiente,,,,,
334,7,34,pendiente,,,,,
335,7,35,pendiente,,,,,
336,7,36,pendiente,,,,,
337,7,37,pendiente,,,,,
338,7,38,pendiente,,,,,
339,7,39,pendiente,,,,,
340,7,40,pendiente,,,,,
341,7,41,pendiente,,,,,
342,7,42,pendiente,,,,,
343,7,43,pendiente,,,,,
344,7,44,pendiente,,,,,
345,7,45,pendiente,,,,,
346,7,46,pendiente,,,,,
347,7,47,pendiente,,,,,
348,7,48,pendiente,,,,,
349,7,49,pendiente,,,,,
350,7,50,pendiente,,,,,
351,8,1,pendiente,,,,,
352,8,2,pendiente,,,,,
353,8,3,pendiente,,,,,
354,8,4,pendiente,,,,,
355,8,5,pendiente,,,,,
356,8,6,pendiente,,,,,
357,8,7,pendiente,,,,,
358,8,8,pendiente,,,,,
359,8,9,pendiente,,,,,
360,8,10,pendiente,,,,,
361,8,11,pendiente,,,,,
362,8,12,pendiente,,,,,
363,8,13,pendiente,,,,,
364,8,14,pendiente,,,,,
365,8,15,pendiente,,,,,
366,8,16,pendiente,,,,,
367,8,17,pendiente,,,,,
368,8,18,pendiente,,,,,
369,8,19,pendiente,,,,,
370,8,20,pendiente,,,,,
371,8,21,pendiente,,,,,
372,8,22,pendiente,,,,,
373,8,23,pendiente,,,,,
374,8,24,pendiente,,,,,
375,8,25,pendiente,,,,,
376,8,26,pendiente,,,,,
377,8,27,pendiente,,,,,
378,8,28,pendiente,,,,,
379,8,29,pendiente,,,,,
380,8,30,pendiente,,,,,
381,8,31,pendiente,,,,,
382,8,32,pendiente,,,,,
383,8,33,pendiente,,,,,
384,8,34,pendiente,,,,,
385,8,35,pendiente,,,,,
386,8,36,pendiente,,,,,
387,8,37,pendiente,,,,,
388,8,38,pendiente,,,,,
389,8,39,pendiente,,,,,
390,8,40,pendiente,,,,,
391,8,41,pendiente,,,,,
392,8,42,pendiente,,,,,
393,8,43,pendiente,,,,,
394,8,44,pendiente,,,,,
395,8,45,pendiente,,,,,
396,8,46,pendiente,,,,,
397,8,47,pendiente,,,,,
398,8,48,pendiente,,,,,
399,8,49,pendiente,,,,,
400,8,50,pendiente,,,,,
401,9,1,pendiente,,,,,
402,9,2,pendiente,,,,,
403,9,3,pendiente,,,,,
404,9,4,pendiente,,,,,
405,9,5,pendiente,,,,,
406,9,6,pendiente,,,,,
407,9,7,pendiente,,,,,
408,9,8,pendiente,,,,,
409,9,9,pendiente,,,,,
410,9,10,pendiente,,,,,
411,9,11,pendiente,,,,,
412,9,12,pendiente,,,,,
413,9,13,pendiente,,,,,
414,9,14,pendiente,,,,,
415,9,15,pendiente,,,,,
416,9,16,pendiente,,,,,
417,9,17,pendiente,,,,,
418,9,18,pendiente,,,,,
419,9,19,pendiente,,,,,
420,9,20,pendiente,,,,,
421,9,21,pendiente,,,,,
422,9,22,pendiente,,,,,
423,9,23,pendiente,,,,,
424,9,24,pendiente,,,,,
425,9,25,pendiente,,,,,
426,9,26,pendiente,,,,,
427,9,27,pendiente,,,,,
428,9,28,pendiente,,,,,
429,9,29,pendiente,,,,,
430,9,30,pendiente,,,,,
431,9,31,pendiente,,,,,
432,9,32,pendiente,,,,,
433,9,33,pendiente,,,,,
434,9,34,pendiente,,,,,
435,9,35,pendiente,,,,,
436,9,36,pendiente,,,,,
437,9,37,pendiente,,,,,
438,9,38,pendiente,,,,,
439,9,39,pendiente,,,,,
440,9,40,pendiente,,,,,
441,9,41,pendiente,,,,,
442,9,42,pendiente,,,,,
443,9,43,pendiente,,,,,
444,9,44,pendiente,,,,,
445,9,45,pendiente,,,,,
446,9,46,pendiente,,,,,
447,9,47,pendiente,,,,,
448,9,48,pendiente,,,,,
449,9,49,pendiente,,,,,
450,9,50,pendiente,,,,,
451,10,1,pendiente,,,,,
452,10,2,pendiente,,,,,
453,10,3,pendiente,,,,,
454,10,4,pendiente,,,,,
455,10,5,pendiente,,,,,
456,10,6,pendiente,,,,,
457,10,7,pendiente,,,,,
458,10,8,pendiente,,,,,
459,10,9,pendiente,,,,,
460,10,10,pendiente,,,,,
461,10,11,pendiente,,,,,
462,10,12,pendiente,,,,,
463,10,13,pendiente,,,,,
464,10,14,pendiente,,,,,
465,10,15,pendiente,,,,,
466,10,16,pendiente,,,,,
467,10,17,pendiente,,,,,
468,10,18,pendiente,,,,,
469,10,19,pendiente,,,,,
470,10,20,pendiente,,,,,
471,10,21,pendiente,,,,,
472,10,22,pendiente,,,,,
473,10,23,pendiente,,,,,
474,10,24,pendiente,,,,,
475,10,25,pendiente,,,,,
476,10,26,pendiente,,,,,
477,10,27,pendiente,,,,,
478,10,28,pendiente,,,,,
479,10,29,pendiente,,,,,
480,10,30,pendiente,,,,,
481,10,31,pendiente,,,,,
482,10,32,pendiente,,,,,
483,10,33,pendiente,,,,,
484,10,34,pendiente,,,,,
485,10,35,pendiente,,,,,
486,10,36,pendiente,,,,,
487,10,37,pendiente,,,,,
488,10,38,pendiente,,,,,
489,10,39,pendiente,,,,,
490,10,40,pendiente,,,,,
491,10,41,pendiente,,,,,
492,10,42,pendiente,,,,,
493,10,43,pendiente,,,,,
494,10,44,pendiente,,,,,
495,10,45,pendiente,,,,,
496,10,46,pendiente,,,,,
497,10,47,pendiente,,,,,
498,10,48,pendiente,,,,,
499,10,49,pendiente,,,,,
500,10,50,pendiente,,,,,
501,11,1,completado,Mon Jun 01 2026 00:00:00 GMT-0500 (hora de Ecuador),Thu May 07 2026 00:00:00 GMT-0500 (hora de Ecuador),,,
502,11,2,completado,Mon Jun 01 2026 00:00:00 GMT-0500 (hora de Ecuador),Thu May 07 2026 00:00:00 GMT-0500 (hora de Ecuador),,,
503,11,3,completado,Tue Jun 02 2026 00:00:00 GMT-0500 (hora de Ecuador),Tue Mar 03 2026 00:00:00 GMT-0500 (hora de Ecuador),,,
504,11,4,completado,Tue Jun 02 2026 00:00:00 GMT-0500 (hora de Ecuador),Mon Mar 09 2026 00:00:00 GMT-0500 (hora de Ecuador),,,
505,11,5,completado,Tue Jun 02 2026 00:00:00 GMT-0500 (hora de Ecuador),Wed Mar 11 2026 00:00:00 GMT-0500 (hora de Ecuador),,,
506,11,6,completado,Wed Jun 03 2026 00:00:00 GMT-0500 (hora de Ecuador),Wed Apr 08 2026 00:00:00 GMT-0500 (hora de Ecuador),,,
507,11,7,completado,Thu Jun 04 2026 00:00:00 GMT-0500 (hora de Ecuador),Wed Apr 08 2026 00:00:00 GMT-0500 (hora de Ecuador),,,
508,11,8,completado,Fri Jun 05 2026 00:00:00 GMT-0500 (hora de Ecuador),Tue Jun 09 2026 00:00:00 GMT-0500 (hora de Ecuador),,,
509,11,9,completado,Mon Jun 08 2026 00:00:00 GMT-0500 (hora de Ecuador),Wed Jun 10 2026 00:00:00 GMT-0500 (hora de Ecuador),,,
510,11,10,completado,Tue Jun 09 2026 00:00:00 GMT-0500 (hora de Ecuador),Thu Feb 26 2026 00:00:00 GMT-0500 (hora de Ecuador),,,
511,11,11,completado,Wed Jun 10 2026 00:00:00 GMT-0500 (hora de Ecuador),Thu Feb 26 2026 00:00:00 GMT-0500 (hora de Ecuador),,,
512,11,12,completado,Wed Jun 10 2026 00:00:00 GMT-0500 (hora de Ecuador),Fri Jun 12 2026 00:00:00 GMT-0500 (hora de Ecuador),,,
513,11,13,completado,Thu Jun 11 2026 00:00:00 GMT-0500 (hora de Ecuador),Mon Jun 15 2026 00:00:00 GMT-0500 (hora de Ecuador),,,
514,11,14,pendiente,Fri Jun 12 2026 00:00:00 GMT-0500 (hora de Ecuador),,,,
515,11,15,pendiente,Mon Jun 15 2026 00:00:00 GMT-0500 (hora de Ecuador),,,,
516,11,16,pendiente,Tue Jun 16 2026 00:00:00 GMT-0500 (hora de Ecuador),,,,
517,11,17,pendiente,Tue Jun 16 2026 00:00:00 GMT-0500 (hora de Ecuador),,,,
518,11,18,pendiente,Wed Jun 17 2026 00:00:00 GMT-0500 (hora de Ecuador),,,,
519,11,19,pendiente,Wed Jun 17 2026 00:00:00 GMT-0500 (hora de Ecuador),,,,
520,11,20,pendiente,,,,,
521,11,21,pendiente,,,,,
522,11,22,pendiente,,,,,
523,11,23,pendiente,,,,,
524,11,24,pendiente,,,,,
525,11,25,pendiente,,,,,
526,11,26,pendiente,,,,,
527,11,27,pendiente,,,,,
528,11,28,pendiente,,,,,
529,11,29,pendiente,,,,,
530,11,30,pendiente,,,,,
531,11,31,pendiente,,,,,
532,11,32,pendiente,,,,,
533,11,33,pendiente,Thu Jun 18 2026 00:00:00 GMT-0500 (hora de Ecuador),,,,
534,11,34,pendiente,Fri Jun 19 2026 00:00:00 GMT-0500 (hora de Ecuador),,,,
535,11,35,pendiente,Fri Jun 19 2026 00:00:00 GMT-0500 (hora de Ecuador),,,,
536,11,36,pendiente,Mon Jun 22 2026 00:00:00 GMT-0500 (hora de Ecuador),,,,
537,11,37,pendiente,Tue Jun 23 2026 00:00:00 GMT-0500 (hora de Ecuador),,,,
538,11,38,pendiente,Wed Jun 24 2026 00:00:00 GMT-0500 (hora de Ecuador),,,,
539,11,39,pendiente,Thu Jun 25 2026 00:00:00 GMT-0500 (hora de Ecuador),,,,
540,11,40,pendiente,Thu Jun 25 2026 00:00:00 GMT-0500 (hora de Ecuador),,,,
541,11,41,pendiente,Wed Jul 01 2026 00:00:00 GMT-0500 (hora de Ecuador),,,,
542,11,42,pendiente,Fri Jul 03 2026 00:00:00 GMT-0500 (hora de Ecuador),,,,
543,11,43,pendiente,Thu Jul 09 2026 00:00:00 GMT-0500 (hora de Ecuador),,,,
544,11,44,pendiente,Fri Jul 10 2026 00:00:00 GMT-0500 (hora de Ecuador),,,,
545,11,45,pendiente,Mon Jul 13 2026 00:00:00 GMT-0500 (hora de Ecuador),,,,
546,11,46,pendiente,Wed Jul 15 2026 00:00:00 GMT-0500 (hora de Ecuador),,,,
547,11,47,pendiente,Thu Jul 16 2026 00:00:00 GMT-0500 (hora de Ecuador),,,,
548,11,48,pendiente,Thu Jul 16 2026 00:00:00 GMT-0500 (hora de Ecuador),,,,
549,11,49,pendiente,Tue Jul 21 2026 00:00:00 GMT-0500 (hora de Ecuador),,,,
550,11,50,pendiente,Fri Jul 24 2026 00:00:00 GMT-0500 (hora de Ecuador),,,,
551,12,1,pendiente,Sat May 30 2026 00:00:00 GMT-0500 (hora de Ecuador),,,Javier Pacha,
552,12,2,pendiente,Sat May 30 2026 00:00:00 GMT-0500 (hora de Ecuador),,,Javier Pacha,
553,12,3,pendiente,Tue Jun 02 2026 00:00:00 GMT-0500 (hora de Ecuador),,,Javier Pacha,
554,12,4,pendiente,Tue Jun 02 2026 00:00:00 GMT-0500 (hora de Ecuador),,,Javier Pacha,
555,12,5,pendiente,Tue Jun 02 2026 00:00:00 GMT-0500 (hora de Ecuador),,,Javier Pacha,
556,12,6,pendiente,Wed Jun 03 2026 00:00:00 GMT-0500 (hora de Ecuador),,,Javier Pacha,
557,12,7,pendiente,Thu Jun 04 2026 00:00:00 GMT-0500 (hora de Ecuador),,,Javier Pacha,
558,12,8,pendiente,Fri Jun 05 2026 00:00:00 GMT-0500 (hora de Ecuador),,,Javier Pacha,
559,12,9,pendiente,Sat Jun 06 2026 00:00:00 GMT-0500 (hora de Ecuador),,,Javier Pacha,
560,12,10,pendiente,Tue Jun 09 2026 00:00:00 GMT-0500 (hora de Ecuador),,,Javier Pacha,
561,12,11,pendiente,Wed Jun 10 2026 00:00:00 GMT-0500 (hora de Ecuador),,,Javier Pacha,
562,12,12,pendiente,Wed Jun 10 2026 00:00:00 GMT-0500 (hora de Ecuador),,,Javier Pacha,
563,12,13,pendiente,Thu Jun 11 2026 00:00:00 GMT-0500 (hora de Ecuador),,,Javier Pacha,
564,12,14,pendiente,Fri Jun 12 2026 00:00:00 GMT-0500 (hora de Ecuador),,,Javier Pacha,
565,12,15,pendiente,Sat Jun 13 2026 00:00:00 GMT-0500 (hora de Ecuador),,,Javier Pacha,
566,12,16,pendiente,Tue Jun 16 2026 00:00:00 GMT-0500 (hora de Ecuador),,,Javier Pacha,
567,12,17,pendiente,Tue Jun 16 2026 00:00:00 GMT-0500 (hora de Ecuador),,,Javier Pacha,
568,12,18,pendiente,Wed Jun 17 2026 00:00:00 GMT-0500 (hora de Ecuador),,,Javier Pacha,
569,12,19,pendiente,Wed Jun 17 2026 00:00:00 GMT-0500 (hora de Ecuador),,,Javier Pacha,
570,12,20,pendiente,,,,Javier Pacha,
571,12,21,pendiente,,,,Javier Pacha,
572,12,22,pendiente,,,,Javier Pacha,
573,12,23,pendiente,,,,Javier Pacha,
574,12,24,pendiente,,,,Javier Pacha,
575,12,25,pendiente,,,,Javier Pacha,
576,12,26,pendiente,,,,Javier Pacha,
577,12,27,pendiente,,,,Javier Pacha,
578,12,28,pendiente,,,,Javier Pacha,
579,12,29,pendiente,,,,Javier Pacha,
580,12,30,pendiente,,,,Javier Pacha,
581,12,31,pendiente,,,,Javier Pacha,
582,12,32,pendiente,,,,Javier Pacha,
583,12,33,pendiente,Thu Jun 18 2026 00:00:00 GMT-0500 (hora de Ecuador),,,Javier Pacha,
584,12,34,pendiente,Fri Jun 19 2026 00:00:00 GMT-0500 (hora de Ecuador),,,Javier Pacha,
585,12,35,pendiente,Fri Jun 19 2026 00:00:00 GMT-0500 (hora de Ecuador),,,Javier Pacha,
586,12,36,pendiente,Sat Jun 20 2026 00:00:00 GMT-0500 (hora de Ecuador),,,Javier Pacha,
587,12,37,pendiente,Tue Jun 23 2026 00:00:00 GMT-0500 (hora de Ecuador),,,Javier Pacha,
588,12,38,pendiente,Wed Jun 24 2026 00:00:00 GMT-0500 (hora de Ecuador),,,Javier Pacha,
589,12,39,pendiente,Thu Jun 25 2026 00:00:00 GMT-0500 (hora de Ecuador),,,Javier Pacha,
590,12,40,pendiente,Thu Jun 25 2026 00:00:00 GMT-0500 (hora de Ecuador),,,Javier Pacha,
591,12,41,pendiente,Wed Jul 01 2026 00:00:00 GMT-0500 (hora de Ecuador),,,Javier Pacha,
592,12,42,pendiente,Fri Jul 03 2026 00:00:00 GMT-0500 (hora de Ecuador),,,Javier Pacha,
593,12,43,pendiente,Thu Jul 09 2026 00:00:00 GMT-0500 (hora de Ecuador),,,Javier Pacha,
594,12,44,pendiente,Fri Jul 10 2026 00:00:00 GMT-0500 (hora de Ecuador),,,Javier Pacha,
595,12,45,pendiente,Sat Jul 11 2026 00:00:00 GMT-0500 (hora de Ecuador),,,Javier Pacha,
596,12,46,pendiente,Wed Jul 15 2026 00:00:00 GMT-0500 (hora de Ecuador),,,Javier Pacha,
597,12,47,pendiente,Thu Jul 16 2026 00:00:00 GMT-0500 (hora de Ecuador),,,Javier Pacha,
598,12,48,pendiente,Thu Jul 16 2026 00:00:00 GMT-0500 (hora de Ecuador),,,Javier Pacha,
599,12,49,pendiente,Tue Jul 21 2026 00:00:00 GMT-0500 (hora de Ecuador),,,Javier Pacha,
600,12,50,pendiente,Fri Jul 24 2026 00:00:00 GMT-0500 (hora de Ecuador),,,Javier Pacha,
601,13,1,pendiente,Mon Jun 01 2026 00:00:00 GMT-0500 (hora de Ecuador),,,Javier Pacha,
602,13,2,pendiente,Mon Jun 01 2026 00:00:00 GMT-0500 (hora de Ecuador),,,Javier Pacha,
603,13,3,pendiente,Tue Jun 02 2026 00:00:00 GMT-0500 (hora de Ecuador),,,Javier Pacha,
604,13,4,pendiente,Tue Jun 02 2026 00:00:00 GMT-0500 (hora de Ecuador),,,Javier Pacha,
605,13,5,pendiente,Tue Jun 02 2026 00:00:00 GMT-0500 (hora de Ecuador),,,Javier Pacha,
606,13,6,pendiente,Wed Jun 03 2026 00:00:00 GMT-0500 (hora de Ecuador),,,Javier Pacha,
607,13,7,pendiente,Thu Jun 04 2026 00:00:00 GMT-0500 (hora de Ecuador),,,Javier Pacha,
608,13,8,pendiente,Fri Jun 05 2026 00:00:00 GMT-0500 (hora de Ecuador),,,Javier Pacha,
609,13,9,pendiente,Mon Jun 08 2026 00:00:00 GMT-0500 (hora de Ecuador),,,Javier Pacha,
610,13,10,pendiente,Tue Jun 09 2026 00:00:00 GMT-0500 (hora de Ecuador),,,Javier Pacha,
611,13,11,pendiente,Wed Jun 10 2026 00:00:00 GMT-0500 (hora de Ecuador),,,Javier Pacha,
612,13,12,pendiente,Wed Jun 10 2026 00:00:00 GMT-0500 (hora de Ecuador),,,Javier Pacha,
613,13,13,pendiente,Thu Jun 11 2026 00:00:00 GMT-0500 (hora de Ecuador),,,Javier Pacha,
614,13,14,pendiente,Fri Jun 12 2026 00:00:00 GMT-0500 (hora de Ecuador),,,Javier Pacha,
615,13,15,pendiente,Mon Jun 15 2026 00:00:00 GMT-0500 (hora de Ecuador),,,Javier Pacha,
616,13,16,pendiente,Tue Jun 16 2026 00:00:00 GMT-0500 (hora de Ecuador),,,Javier Pacha,
617,13,17,pendiente,Tue Jun 16 2026 00:00:00 GMT-0500 (hora de Ecuador),,,Javier Pacha,
618,13,18,pendiente,Wed Jun 17 2026 00:00:00 GMT-0500 (hora de Ecuador),,,Javier Pacha,
619,13,19,pendiente,Wed Jun 17 2026 00:00:00 GMT-0500 (hora de Ecuador),,,Javier Pacha,
620,13,20,pendiente,,,,Javier Pacha,
621,13,21,pendiente,,,,Javier Pacha,
622,13,22,pendiente,,,,Javier Pacha,
623,13,23,pendiente,,,,Javier Pacha,
624,13,24,pendiente,,,,Javier Pacha,
625,13,25,pendiente,,,,Javier Pacha,
626,13,26,pendiente,,,,Javier Pacha,
627,13,27,pendiente,,,,Javier Pacha,
628,13,28,pendiente,,,,Javier Pacha,
629,13,29,pendiente,,,,Javier Pacha,
630,13,30,pendiente,,,,Javier Pacha,
631,13,31,pendiente,,,,Javier Pacha,
632,13,32,pendiente,,,,Javier Pacha,
633,13,33,pendiente,Thu Jun 18 2026 00:00:00 GMT-0500 (hora de Ecuador),,,Javier Pacha,
634,13,34,pendiente,Fri Jun 19 2026 00:00:00 GMT-0500 (hora de Ecuador),,,Javier Pacha,
635,13,35,pendiente,Fri Jun 19 2026 00:00:00 GMT-0500 (hora de Ecuador),,,Javier Pacha,
636,13,36,pendiente,Mon Jun 22 2026 00:00:00 GMT-0500 (hora de Ecuador),,,Javier Pacha,
637,13,37,pendiente,Tue Jun 23 2026 00:00:00 GMT-0500 (hora de Ecuador),,,Javier Pacha,
638,13,38,pendiente,Wed Jun 24 2026 00:00:00 GMT-0500 (hora de Ecuador),,,Javier Pacha,
639,13,39,pendiente,Thu Jun 25 2026 00:00:00 GMT-0500 (hora de Ecuador),,,Javier Pacha,
640,13,40,pendiente,Thu Jun 25 2026 00:00:00 GMT-0500 (hora de Ecuador),,,Javier Pacha,
641,13,41,pendiente,Wed Jul 01 2026 00:00:00 GMT-0500 (hora de Ecuador),,,Javier Pacha,
642,13,42,pendiente,Fri Jul 03 2026 00:00:00 GMT-0500 (hora de Ecuador),,,Javier Pacha,
643,13,43,pendiente,Thu Jul 09 2026 00:00:00 GMT-0500 (hora de Ecuador),,,Javier Pacha,
644,13,44,pendiente,Fri Jul 10 2026 00:00:00 GMT-0500 (hora de Ecuador),,,Javier Pacha,
645,13,45,pendiente,Mon Jul 13 2026 00:00:00 GMT-0500 (hora de Ecuador),,,Javier Pacha,
646,13,46,pendiente,Wed Jul 15 2026 00:00:00 GMT-0500 (hora de Ecuador),,,Javier Pacha,
647,13,47,pendiente,Thu Jul 16 2026 00:00:00 GMT-0500 (hora de Ecuador),,,Javier Pacha,
648,13,48,pendiente,Thu Jul 16 2026 00:00:00 GMT-0500 (hora de Ecuador),,,Javier Pacha,
649,13,49,pendiente,Tue Jul 21 2026 00:00:00 GMT-0500 (hora de Ecuador),,,Javier Pacha,
650,13,50,pendiente,Fri Jul 24 2026 00:00:00 GMT-0500 (hora de Ecuador),,,Javier Pacha,
651,14,1,completado,Thu Mar 05 2026 00:00:00 GMT-0500 (hora de Ecuador),Thu Apr 02 2026 00:00:00 GMT-0500 (hora de Ecuador),,Carlos Benítez Salguero,"Con el objetivo de avanzar en el proceso, Javier Ocampo envió hoy (01/04/2026) el Sitra a Ximena Ulloa. Para asegurar una pronta respuesta, se le envió un mensaje de WhatsApp solicitando su colaboración."
652,14,2,completado,Thu Mar 05 2026 00:00:00 GMT-0500 (hora de Ecuador),Thu Apr 02 2026 00:00:00 GMT-0500 (hora de Ecuador),,Carlos Benítez Salguero,
653,14,3,pendiente,Fri Mar 06 2026 00:00:00 GMT-0500 (hora de Ecuador),,,Carlos Benítez Salguero,
654,14,4,pendiente,Fri Mar 06 2026 00:00:00 GMT-0500 (hora de Ecuador),,,Carlos Benítez Salguero,
655,14,5,pendiente,Fri Mar 06 2026 00:00:00 GMT-0500 (hora de Ecuador),,,Carlos Benítez Salguero,
656,14,6,pendiente,Mon Mar 09 2026 00:00:00 GMT-0500 (hora de Ecuador),,,Carlos Benítez Salguero,
657,14,7,pendiente,Tue Mar 10 2026 00:00:00 GMT-0500 (hora de Ecuador),,,Carlos Benítez Salguero,
658,14,8,pendiente,Wed Mar 11 2026 00:00:00 GMT-0500 (hora de Ecuador),,,Carlos Benítez Salguero,
659,14,9,pendiente,Thu Mar 12 2026 00:00:00 GMT-0500 (hora de Ecuador),,,Carlos Benítez Salguero,
660,14,10,completado,Fri Mar 13 2026 00:00:00 GMT-0500 (hora de Ecuador),Tue Apr 07 2026 00:00:00 GMT-0500 (hora de Ecuador),,Carlos Benítez Salguero,
661,14,11,completado,Mon Mar 16 2026 00:00:00 GMT-0500 (hora de Ecuador),Fri Apr 10 2026 00:00:00 GMT-0500 (hora de Ecuador),,Carlos Benítez Salguero,
662,14,12,pendiente,Mon Mar 16 2026 00:00:00 GMT-0500 (hora de Ecuador),,,Carlos Benítez Salguero,
663,14,13,pendiente,Tue Mar 17 2026 00:00:00 GMT-0500 (hora de Ecuador),,,Carlos Benítez Salguero,
664,14,14,pendiente,Wed Mar 18 2026 00:00:00 GMT-0500 (hora de Ecuador),,,Carlos Benítez Salguero,
665,14,15,pendiente,Thu Mar 19 2026 00:00:00 GMT-0500 (hora de Ecuador),,,Carlos Benítez Salguero,
666,14,16,pendiente,Fri Mar 20 2026 00:00:00 GMT-0500 (hora de Ecuador),,,Carlos Benítez Salguero,
667,14,17,pendiente,Fri Mar 20 2026 00:00:00 GMT-0500 (hora de Ecuador),,,Carlos Benítez Salguero,
668,14,18,pendiente,Mon Mar 23 2026 00:00:00 GMT-0500 (hora de Ecuador),,,Carlos Benítez Salguero,
669,14,19,pendiente,Mon Mar 23 2026 00:00:00 GMT-0500 (hora de Ecuador),,,Carlos Benítez Salguero,
670,14,20,pendiente,,,,Carlos Benítez Salguero,
671,14,21,pendiente,,,,Carlos Benítez Salguero,
672,14,22,pendiente,,,,Carlos Benítez Salguero,
673,14,23,pendiente,,,,Carlos Benítez Salguero,
674,14,24,pendiente,,,,Carlos Benítez Salguero,
675,14,25,pendiente,,,,Carlos Benítez Salguero,
676,14,26,pendiente,,,,Carlos Benítez Salguero,
677,14,27,pendiente,,,,Carlos Benítez Salguero,
678,14,28,pendiente,,,,Carlos Benítez Salguero,
679,14,29,pendiente,,,,Carlos Benítez Salguero,
680,14,30,pendiente,,,,Carlos Benítez Salguero,
681,14,31,pendiente,,,,Carlos Benítez Salguero,
682,14,32,pendiente,,,,Carlos Benítez Salguero,
683,14,33,pendiente,Tue Mar 24 2026 00:00:00 GMT-0500 (hora de Ecuador),,,Carlos Benítez Salguero,
684,14,34,pendiente,Wed Mar 25 2026 00:00:00 GMT-0500 (hora de Ecuador),,,Carlos Benítez Salguero,
685,14,35,pendiente,Wed Mar 25 2026 00:00:00 GMT-0500 (hora de Ecuador),,,Carlos Benítez Salguero,
686,14,36,pendiente,Thu Mar 26 2026 00:00:00 GMT-0500 (hora de Ecuador),,,Carlos Benítez Salguero,
687,14,37,pendiente,Fri Mar 27 2026 00:00:00 GMT-0500 (hora de Ecuador),,,Carlos Benítez Salguero,
688,14,38,pendiente,Mon Mar 30 2026 00:00:00 GMT-0500 (hora de Ecuador),,,Carlos Benítez Salguero,
689,14,39,pendiente,Tue Mar 31 2026 00:00:00 GMT-0500 (hora de Ecuador),,,Carlos Benítez Salguero,
690,14,40,pendiente,Tue Mar 31 2026 00:00:00 GMT-0500 (hora de Ecuador),,,Carlos Benítez Salguero,
691,14,41,pendiente,Thu Apr 02 2026 00:00:00 GMT-0500 (hora de Ecuador),,,Carlos Benítez Salguero,
692,14,42,pendiente,Mon Apr 06 2026 00:00:00 GMT-0500 (hora de Ecuador),,,Carlos Benítez Salguero,
693,14,43,pendiente,Wed Apr 08 2026 00:00:00 GMT-0500 (hora de Ecuador),,,Carlos Benítez Salguero,
694,14,44,pendiente,Thu Apr 09 2026 00:00:00 GMT-0500 (hora de Ecuador),,,Carlos Benítez Salguero,
695,14,45,pendiente,Fri Apr 10 2026 00:00:00 GMT-0500 (hora de Ecuador),,,Carlos Benítez Salguero,
696,14,46,pendiente,Tue Apr 14 2026 00:00:00 GMT-0500 (hora de Ecuador),,,Carlos Benítez Salguero,
697,14,47,pendiente,Wed Apr 15 2026 00:00:00 GMT-0500 (hora de Ecuador),,,Carlos Benítez Salguero,
698,14,48,pendiente,Fri Apr 17 2026 00:00:00 GMT-0500 (hora de Ecuador),,,Carlos Benítez Salguero,
699,14,49,pendiente,Wed Apr 22 2026 00:00:00 GMT-0500 (hora de Ecuador),,,Carlos Benítez Salguero,
700,14,50,pendiente,Mon Apr 27 2026 00:00:00 GMT-0500 (hora de Ecuador),,,Carlos Benítez Salguero,
701,15,1,pendiente,,,,,
702,15,2,pendiente,,,,,
703,15,3,pendiente,,,,,
704,15,4,pendiente,,,,,
705,15,5,pendiente,,,,,
706,15,6,pendiente,,,,,
707,15,7,pendiente,,,,,
708,15,8,pendiente,,,,,
709,15,9,pendiente,,,,,
710,15,10,pendiente,,,,,
711,15,11,pendiente,,,,,
712,15,12,pendiente,,,,,
713,15,13,pendiente,,,,,
714,15,14,pendiente,,,,,
715,15,15,pendiente,,,,,
716,15,16,pendiente,,,,,
717,15,17,pendiente,,,,,
718,15,18,pendiente,,,,,
719,15,19,pendiente,,,,,
720,15,20,pendiente,,,,,
721,15,21,pendiente,,,,,
722,15,22,pendiente,,,,,
723,15,23,pendiente,,,,,
724,15,24,pendiente,,,,,
725,15,25,pendiente,,,,,
726,15,26,pendiente,,,,,
727,15,27,pendiente,,,,,
728,15,28,pendiente,,,,,
729,15,29,pendiente,,,,,
730,15,30,pendiente,,,,,
731,15,31,pendiente,,,,,
732,15,32,pendiente,,,,,
733,15,33,pendiente,,,,,
734,15,34,pendiente,,,,,
735,15,35,pendiente,,,,,
736,15,36,pendiente,,,,,
737,15,37,pendiente,,,,,
738,15,38,pendiente,,,,,
739,15,39,pendiente,,,,,
740,15,40,pendiente,,,,,
741,15,41,pendiente,,,,,
742,15,42,pendiente,,,,,
743,15,43,pendiente,,,,,
744,15,44,pendiente,,,,,
745,15,45,pendiente,,,,,
746,15,46,pendiente,,,,,
747,15,47,pendiente,,,,,
748,15,48,pendiente,,,,,
749,15,49,pendiente,,,,,
750,15,50,pendiente,,,,,
751,16,1,pendiente,Fri Jun 05 2026 00:00:00 GMT-0500 (hora de Ecuador),,,Javier Pacha,
752,16,2,pendiente,Fri Jun 05 2026 00:00:00 GMT-0500 (hora de Ecuador),,,Javier Pacha,
753,16,3,pendiente,Mon Jun 08 2026 00:00:00 GMT-0500 (hora de Ecuador),,,Javier Pacha,
754,16,4,pendiente,Mon Jun 08 2026 00:00:00 GMT-0500 (hora de Ecuador),,,Javier Pacha,
755,16,5,pendiente,Mon Jun 08 2026 00:00:00 GMT-0500 (hora de Ecuador),,,Javier Pacha,
756,16,6,pendiente,Tue Jun 09 2026 00:00:00 GMT-0500 (hora de Ecuador),,,Javier Pacha,
757,16,7,pendiente,Wed Jun 10 2026 00:00:00 GMT-0500 (hora de Ecuador),,,Javier Pacha,
758,16,8,pendiente,Thu Jun 11 2026 00:00:00 GMT-0500 (hora de Ecuador),,,Javier Pacha,
759,16,9,pendiente,Fri Jun 12 2026 00:00:00 GMT-0500 (hora de Ecuador),,,Javier Pacha,
760,16,10,pendiente,Mon Jun 15 2026 00:00:00 GMT-0500 (hora de Ecuador),,,Javier Pacha,
761,16,11,pendiente,Tue Jun 16 2026 00:00:00 GMT-0500 (hora de Ecuador),,,Javier Pacha,
762,16,12,pendiente,Tue Jun 16 2026 00:00:00 GMT-0500 (hora de Ecuador),,,Javier Pacha,
763,16,13,pendiente,Wed Jun 17 2026 00:00:00 GMT-0500 (hora de Ecuador),,,Javier Pacha,
764,16,14,pendiente,Thu Jun 18 2026 00:00:00 GMT-0500 (hora de Ecuador),,,Javier Pacha,
765,16,15,pendiente,Fri Jun 19 2026 00:00:00 GMT-0500 (hora de Ecuador),,,Javier Pacha,
766,16,16,pendiente,Mon Jun 22 2026 00:00:00 GMT-0500 (hora de Ecuador),,,Javier Pacha,
767,16,17,pendiente,Mon Jun 22 2026 00:00:00 GMT-0500 (hora de Ecuador),,,Javier Pacha,
768,16,18,pendiente,Tue Jun 23 2026 00:00:00 GMT-0500 (hora de Ecuador),,,Javier Pacha,
769,16,19,pendiente,Tue Jun 23 2026 00:00:00 GMT-0500 (hora de Ecuador),,,Javier Pacha,
770,16,20,pendiente,,,,Javier Pacha,
771,16,21,pendiente,,,,Javier Pacha,
772,16,22,pendiente,,,,Javier Pacha,
773,16,23,pendiente,,,,Javier Pacha,
774,16,24,pendiente,,,,Javier Pacha,
775,16,25,pendiente,,,,Javier Pacha,
776,16,26,pendiente,,,,Javier Pacha,
777,16,27,pendiente,,,,Javier Pacha,
778,16,28,pendiente,,,,Javier Pacha,
779,16,29,pendiente,,,,Javier Pacha,
780,16,30,pendiente,,,,Javier Pacha,
781,16,31,pendiente,,,,Javier Pacha,
782,16,32,pendiente,,,,Javier Pacha,
783,16,33,pendiente,Wed Jun 24 2026 00:00:00 GMT-0500 (hora de Ecuador),,,Javier Pacha,
784,16,34,pendiente,Thu Jun 25 2026 00:00:00 GMT-0500 (hora de Ecuador),,,Javier Pacha,
785,16,35,pendiente,Thu Jun 25 2026 00:00:00 GMT-0500 (hora de Ecuador),,,Javier Pacha,
786,16,36,pendiente,Fri Jun 26 2026 00:00:00 GMT-0500 (hora de Ecuador),,,Javier Pacha,
787,16,37,pendiente,Mon Jun 29 2026 00:00:00 GMT-0500 (hora de Ecuador),,,Javier Pacha,
788,16,38,pendiente,Tue Jun 30 2026 00:00:00 GMT-0500 (hora de Ecuador),,,Javier Pacha,
789,16,39,pendiente,Wed Jul 01 2026 00:00:00 GMT-0500 (hora de Ecuador),,,Javier Pacha,
790,16,40,pendiente,Wed Jul 01 2026 00:00:00 GMT-0500 (hora de Ecuador),,,Javier Pacha,
791,16,41,pendiente,,,,Javier Pacha,
792,16,42,pendiente,,,,Javier Pacha,
793,16,43,pendiente,,,,Javier Pacha,
794,16,44,pendiente,,,,Javier Pacha,
795,16,45,pendiente,,,,Javier Pacha,
796,16,46,pendiente,,,,Javier Pacha,
797,16,47,pendiente,,,,Javier Pacha,
798,16,48,pendiente,,,,Javier Pacha,
799,16,49,pendiente,Fri Jul 03 2026 00:00:00 GMT-0500 (hora de Ecuador),,,Javier Pacha,
800,16,50,pendiente,,,,Javier Pacha,
801,17,1,pendiente,,,,,
802,17,2,pendiente,,,,,
803,17,3,pendiente,,,,,
804,17,4,pendiente,,,,,
805,17,5,pendiente,,,,,
806,17,6,pendiente,,,,,
807,17,7,pendiente,,,,,
808,17,8,pendiente,,,,,
809,17,9,pendiente,,,,,
810,17,10,pendiente,,,,,
811,17,11,pendiente,,,,,
812,17,12,pendiente,,,,,
813,17,13,pendiente,,,,,
814,17,14,pendiente,,,,,
815,17,15,pendiente,,,,,
816,17,16,pendiente,,,,,
817,17,17,pendiente,,,,,
818,17,18,pendiente,,,,,
819,17,19,pendiente,,,,,
820,17,20,pendiente,,,,,
821,17,21,pendiente,,,,,
822,17,22,pendiente,,,,,
823,17,23,pendiente,,,,,
824,17,24,pendiente,,,,,
825,17,25,pendiente,,,,,
826,17,26,pendiente,,,,,
827,17,27,pendiente,,,,,
828,17,28,pendiente,,,,,
829,17,29,pendiente,,,,,
830,17,30,pendiente,,,,,
831,17,31,pendiente,,,,,
832,17,32,pendiente,,,,,
833,17,33,pendiente,,,,,
834,17,34,pendiente,,,,,
835,17,35,pendiente,,,,,
836,17,36,pendiente,,,,,
837,17,37,pendiente,,,,,
838,17,38,pendiente,,,,,
839,17,39,pendiente,,,,,
840,17,40,pendiente,,,,,
841,17,41,pendiente,,,,,
842,17,42,pendiente,,,,,
843,17,43,pendiente,,,,,
844,17,44,pendiente,,,,,
845,17,45,pendiente,,,,,
846,17,46,pendiente,,,,,
847,17,47,pendiente,,,,,
848,17,48,pendiente,,,,,
849,17,49,pendiente,,,,,
850,17,50,pendiente,,,,,
851,18,1,pendiente,,,,,
852,18,2,pendiente,,,,,
853,18,3,pendiente,,,,,
854,18,4,pendiente,,,,,
855,18,5,pendiente,,,,,
856,18,6,pendiente,,,,,
857,18,7,pendiente,,,,,
858,18,8,pendiente,,,,,
859,18,9,pendiente,,,,,
860,18,10,pendiente,,,,,
861,18,11,pendiente,,,,,
862,18,12,pendiente,,,,,
863,18,13,pendiente,,,,,
864,18,14,pendiente,,,,,
865,18,15,pendiente,,,,,
866,18,16,pendiente,,,,,
867,18,17,pendiente,,,,,
868,18,18,pendiente,,,,,
869,18,19,pendiente,,,,,
870,18,20,pendiente,,,,,
871,18,21,pendiente,,,,,
872,18,22,pendiente,,,,,
873,18,23,pendiente,,,,,
874,18,24,pendiente,,,,,
875,18,25,pendiente,,,,,
876,18,26,pendiente,,,,,
877,18,27,pendiente,,,,,
878,18,28,pendiente,,,,,
879,18,29,pendiente,,,,,
880,18,30,pendiente,,,,,
881,18,31,pendiente,,,,,
882,18,32,pendiente,,,,,
883,18,33,pendiente,,,,,
884,18,34,pendiente,,,,,
885,18,35,pendiente,,,,,
886,18,36,pendiente,,,,,
887,18,37,pendiente,,,,,
888,18,38,pendiente,,,,,
889,18,39,pendiente,,,,,
890,18,40,pendiente,,,,,
891,18,41,pendiente,,,,,
892,18,42,pendiente,,,,,
893,18,43,pendiente,,,,,
894,18,44,pendiente,,,,,
895,18,45,pendiente,,,,,
896,18,46,pendiente,,,,,
897,18,47,pendiente,,,,,
898,18,48,pendiente,,,,,
899,18,49,pendiente,,,,,
900,18,50,pendiente,,,,,
901,19,1,pendiente,,,,,
902,19,2,pendiente,,,,,
903,19,3,pendiente,,,,,
904,19,4,pendiente,,,,,
905,19,5,pendiente,,,,,
906,19,6,pendiente,,,,,
907,19,7,pendiente,,,,,
908,19,8,pendiente,,,,,
909,19,9,pendiente,,,,,
910,19,10,pendiente,,,,,
911,19,11,pendiente,,,,,
912,19,12,pendiente,,,,,
913,19,13,pendiente,,,,,
914,19,14,pendiente,,,,,
915,19,15,pendiente,,,,,
916,19,16,pendiente,,,,,
917,19,17,pendiente,,,,,
918,19,18,pendiente,,,,,
919,19,19,pendiente,,,,,
920,19,20,pendiente,,,,,
921,19,21,pendiente,,,,,
922,19,22,pendiente,,,,,
923,19,23,pendiente,,,,,
924,19,24,pendiente,,,,,
925,19,25,pendiente,,,,,
926,19,26,pendiente,,,,,
927,19,27,pendiente,,,,,
928,19,28,pendiente,,,,,
929,19,29,pendiente,,,,,
930,19,30,pendiente,,,,,
931,19,31,pendiente,,,,,
932,19,32,pendiente,,,,,
933,19,33,pendiente,,,,,
934,19,34,pendiente,,,,,
935,19,35,pendiente,,,,,
936,19,36,pendiente,,,,,
937,19,37,pendiente,,,,,
938,19,38,pendiente,,,,,
939,19,39,pendiente,,,,,
940,19,40,pendiente,,,,,
941,19,41,pendiente,,,,,
942,19,42,pendiente,,,,,
943,19,43,pendiente,,,,,
944,19,44,pendiente,,,,,
945,19,45,pendiente,,,,,
946,19,46,pendiente,,,,,
947,19,47,pendiente,,,,,
948,19,48,pendiente,,,,,
949,19,49,pendiente,,,,,
950,19,50,pendiente,,,,,
951,20,1,pendiente,,,,,
952,20,2,pendiente,,,,,
953,20,3,pendiente,,,,,
954,20,4,pendiente,,,,,
955,20,5,pendiente,,,,,
956,20,6,pendiente,,,,,
957,20,7,pendiente,,,,,
958,20,8,pendiente,,,,,
959,20,9,pendiente,,,,,
960,20,10,pendiente,,,,,
961,20,11,pendiente,,,,,
962,20,12,pendiente,,,,,
963,20,13,pendiente,,,,,
964,20,14,pendiente,,,,,
965,20,15,pendiente,,,,,
966,20,16,pendiente,,,,,
967,20,17,pendiente,,,,,
968,20,18,pendiente,,,,,
969,20,19,pendiente,,,,,
970,20,20,pendiente,,,,,
971,20,21,pendiente,,,,,
972,20,22,pendiente,,,,,
973,20,23,pendiente,,,,,
974,20,24,pendiente,,,,,
975,20,25,pendiente,,,,,
976,20,26,pendiente,,,,,
977,20,27,pendiente,,,,,
978,20,28,pendiente,,,,,
979,20,29,pendiente,,,,,
980,20,30,pendiente,,,,,
981,20,31,pendiente,,,,,
982,20,32,pendiente,,,,,
983,20,33,pendiente,,,,,
984,20,34,pendiente,,,,,
985,20,35,pendiente,,,,,
986,20,36,pendiente,,,,,
987,20,37,pendiente,,,,,
988,20,38,pendiente,,,,,
989,20,39,pendiente,,,,,
990,20,40,pendiente,,,,,
991,20,41,pendiente,,,,,
992,20,42,pendiente,,,,,
993,20,43,pendiente,,,,,
994,20,44,pendiente,,,,,
995,20,45,pendiente,,,,,
996,20,46,pendiente,,,,,
997,20,47,pendiente,,,,,
998,20,48,pendiente,,,,,
999,20,49,pendiente,,,,,
1000,20,50,pendiente,,,,,
1001,21,1,pendiente,,,,,
1002,21,2,pendiente,,,,,
1003,21,3,pendiente,,,,,
1004,21,4,pendiente,,,,,
1005,21,5,pendiente,,,,,
1006,21,6,pendiente,,,,,
1007,21,7,pendiente,,,,,
1008,21,8,pendiente,,,,,
1009,21,9,pendiente,,,,,
1010,21,10,pendiente,,,,,
1011,21,11,pendiente,,,,,
1012,21,12,pendiente,,,,,
1013,21,13,pendiente,,,,,
1014,21,14,pendiente,,,,,
1015,21,15,pendiente,,,,,
1016,21,16,pendiente,,,,,
1017,21,17,pendiente,,,,,
1018,21,18,pendiente,,,,,
1019,21,19,pendiente,,,,,
1020,21,20,pendiente,,,,,
1021,21,21,pendiente,,,,,
1022,21,22,pendiente,,,,,
1023,21,23,pendiente,,,,,
1024,21,24,pendiente,,,,,
1025,21,25,pendiente,,,,,
1026,21,26,pendiente,,,,,
1027,21,27,pendiente,,,,,
1028,21,28,pendiente,,,,,
1029,21,29,pendiente,,,,,
1030,21,30,pendiente,,,,,
1031,21,31,pendiente,,,,,
1032,21,32,pendiente,,,,,
1033,21,33,pendiente,,,,,
1034,21,34,pendiente,,,,,
1035,21,35,pendiente,,,,,
1036,21,36,pendiente,,,,,
1037,21,37,pendiente,,,,,
1038,21,38,pendiente,,,,,
1039,21,39,pendiente,,,,,
1040,21,40,pendiente,,,,,
1041,21,41,pendiente,,,,,
1042,21,42,pendiente,,,,,
1043,21,43,pendiente,,,,,
1044,21,44,pendiente,,,,,
1045,21,45,pendiente,,,,,
1046,21,46,pendiente,,,,,
1047,21,47,pendiente,,,,,
1048,21,48,pendiente,,,,,
1049,21,49,pendiente,,,,,
1050,21,50,pendiente,,,,,
1051,22,1,pendiente,Wed Aug 05 2026 00:00:00 GMT-0500 (hora de Ecuador),,,Andrés Mogro,
1052,22,2,pendiente,Wed Aug 05 2026 00:00:00 GMT-0500 (hora de Ecuador),,,Andrés Mogro,
1053,22,3,pendiente,Thu Aug 06 2026 00:00:00 GMT-0500 (hora de Ecuador),,,Andrés Mogro,
1054,22,4,pendiente,Thu Aug 06 2026 00:00:00 GMT-0500 (hora de Ecuador),,,Andrés Mogro,
1055,22,5,pendiente,Thu Aug 06 2026 00:00:00 GMT-0500 (hora de Ecuador),,,Andrés Mogro,
1056,22,6,pendiente,Fri Aug 07 2026 00:00:00 GMT-0500 (hora de Ecuador),,,Andrés Mogro,
1057,22,7,pendiente,Tue Aug 11 2026 00:00:00 GMT-0500 (hora de Ecuador),,,Andrés Mogro,
1058,22,8,pendiente,Wed Aug 12 2026 00:00:00 GMT-0500 (hora de Ecuador),,,Andrés Mogro,
1059,22,9,pendiente,Thu Aug 13 2026 00:00:00 GMT-0500 (hora de Ecuador),,,Andrés Mogro,
1060,22,10,pendiente,Fri Aug 14 2026 00:00:00 GMT-0500 (hora de Ecuador),,,Andrés Mogro,
1061,22,11,pendiente,Mon Aug 17 2026 00:00:00 GMT-0500 (hora de Ecuador),,,Andrés Mogro,
1062,22,12,pendiente,Mon Aug 17 2026 00:00:00 GMT-0500 (hora de Ecuador),,,Andrés Mogro,
1063,22,13,pendiente,Tue Aug 18 2026 00:00:00 GMT-0500 (hora de Ecuador),,,Andrés Mogro,
1064,22,14,pendiente,Wed Aug 19 2026 00:00:00 GMT-0500 (hora de Ecuador),,,Andrés Mogro,
1065,22,15,pendiente,Thu Aug 20 2026 00:00:00 GMT-0500 (hora de Ecuador),,,Andrés Mogro,
1066,22,16,pendiente,Fri Aug 21 2026 00:00:00 GMT-0500 (hora de Ecuador),,,Andrés Mogro,
1067,22,17,pendiente,Fri Aug 21 2026 00:00:00 GMT-0500 (hora de Ecuador),,,Andrés Mogro,
1068,22,18,pendiente,Mon Aug 24 2026 00:00:00 GMT-0500 (hora de Ecuador),,,Andrés Mogro,
1069,22,19,pendiente,Mon Aug 24 2026 00:00:00 GMT-0500 (hora de Ecuador),,,Andrés Mogro,
1070,22,20,pendiente,,,,Andrés Mogro,
1071,22,21,pendiente,,,,Andrés Mogro,
1072,22,22,pendiente,,,,Andrés Mogro,
1073,22,23,pendiente,,,,Andrés Mogro,
1074,22,24,pendiente,,,,Andrés Mogro,
1075,22,25,pendiente,,,,Andrés Mogro,
1076,22,26,pendiente,,,,Andrés Mogro,
1077,22,27,pendiente,,,,Andrés Mogro,
1078,22,28,pendiente,,,,Andrés Mogro,
1079,22,29,pendiente,,,,Andrés Mogro,
1080,22,30,pendiente,,,,Andrés Mogro,
1081,22,31,pendiente,,,,Andrés Mogro,
1082,22,32,pendiente,,,,Andrés Mogro,
1083,22,33,pendiente,Tue Aug 25 2026 00:00:00 GMT-0500 (hora de Ecuador),,,Andrés Mogro,
1084,22,34,pendiente,Wed Aug 26 2026 00:00:00 GMT-0500 (hora de Ecuador),,,Andrés Mogro,
1085,22,35,pendiente,Wed Aug 26 2026 00:00:00 GMT-0500 (hora de Ecuador),,,Andrés Mogro,
1086,22,36,pendiente,Thu Aug 27 2026 00:00:00 GMT-0500 (hora de Ecuador),,,Andrés Mogro,
1087,22,37,pendiente,Fri Aug 28 2026 00:00:00 GMT-0500 (hora de Ecuador),,,Andrés Mogro,
1088,22,38,pendiente,Mon Aug 31 2026 00:00:00 GMT-0500 (hora de Ecuador),,,Andrés Mogro,
1089,22,39,pendiente,Tue Sep 01 2026 00:00:00 GMT-0500 (hora de Ecuador),,,Andrés Mogro,
1090,22,40,pendiente,Tue Sep 01 2026 00:00:00 GMT-0500 (hora de Ecuador),,,Andrés Mogro,
1091,22,41,pendiente,,,,Andrés Mogro,
1092,22,42,pendiente,,,,Andrés Mogro,
1093,22,43,pendiente,,,,Andrés Mogro,
1094,22,44,pendiente,,,,Andrés Mogro,
1095,22,45,pendiente,,,,Andrés Mogro,
1096,22,46,pendiente,,,,Andrés Mogro,
1097,22,47,pendiente,,,,Andrés Mogro,
1098,22,48,pendiente,,,,Andrés Mogro,
1099,22,49,pendiente,Thu Sep 03 2026 00:00:00 GMT-0500 (hora de Ecuador),,,Andrés Mogro,
1100,22,50,pendiente,,,,Andrés Mogro,
1101,23,1,completado,Fri Mar 27 2026 00:00:00 GMT-0500 (hora de Ecuador),Mon Apr 13 2026 00:00:00 GMT-0500 (hora de Ecuador),,Daniel Rojas,
1102,23,2,completado,Fri Mar 27 2026 00:00:00 GMT-0500 (hora de Ecuador),Mon Apr 13 2026 00:00:00 GMT-0500 (hora de Ecuador),,Daniel Rojas,
1103,23,3,completado,Mon Apr 06 2026 00:00:00 GMT-0500 (hora de Ecuador),Tue Apr 28 2026 00:00:00 GMT-0500 (hora de Ecuador),,Daniel Rojas,
1104,23,4,completado,Fri Apr 10 2026 00:00:00 GMT-0500 (hora de Ecuador),Tue Apr 28 2026 00:00:00 GMT-0500 (hora de Ecuador),,Daniel Rojas,
1105,23,5,completado,Fri Apr 10 2026 00:00:00 GMT-0500 (hora de Ecuador),Wed May 06 2026 00:00:00 GMT-0500 (hora de Ecuador),,Daniel Rojas,
1106,23,6,completado,Sun Apr 12 2026 00:00:00 GMT-0500 (hora de Ecuador),Fri May 01 2026 00:00:00 GMT-0500 (hora de Ecuador),,Daniel Rojas,
1107,23,7,completado,Mon Apr 13 2026 00:00:00 GMT-0500 (hora de Ecuador),Fri May 01 2026 00:00:00 GMT-0500 (hora de Ecuador),,Daniel Rojas,
1108,23,8,completado,Mon Apr 13 2026 00:00:00 GMT-0500 (hora de Ecuador),Fri May 01 2026 00:00:00 GMT-0500 (hora de Ecuador),,Daniel Rojas,
1109,23,9,completado,Mon Apr 06 2026 00:00:00 GMT-0500 (hora de Ecuador),Tue Apr 28 2026 00:00:00 GMT-0500 (hora de Ecuador),,Daniel Rojas,
1110,23,10,completado,Tue Apr 07 2026 00:00:00 GMT-0500 (hora de Ecuador),Tue Apr 28 2026 00:00:00 GMT-0500 (hora de Ecuador),,Daniel Rojas,
1111,23,11,completado,Wed Apr 08 2026 00:00:00 GMT-0500 (hora de Ecuador),Tue Apr 28 2026 00:00:00 GMT-0500 (hora de Ecuador),,Daniel Rojas,
1112,23,12,completado,Wed Apr 08 2026 00:00:00 GMT-0500 (hora de Ecuador),Tue Apr 28 2026 00:00:00 GMT-0500 (hora de Ecuador),,Daniel Rojas,
1113,23,13,completado,Thu Apr 09 2026 00:00:00 GMT-0500 (hora de Ecuador),Tue Apr 28 2026 00:00:00 GMT-0500 (hora de Ecuador),,Daniel Rojas,
1114,23,14,completado,Fri Apr 10 2026 00:00:00 GMT-0500 (hora de Ecuador),Fri May 01 2026 00:00:00 GMT-0500 (hora de Ecuador),,Daniel Rojas,
1115,23,15,completado,Mon Apr 13 2026 00:00:00 GMT-0500 (hora de Ecuador),Fri May 01 2026 00:00:00 GMT-0500 (hora de Ecuador),,Daniel Rojas,
1116,23,16,completado,Tue Apr 14 2026 00:00:00 GMT-0500 (hora de Ecuador),Wed May 06 2026 00:00:00 GMT-0500 (hora de Ecuador),,Daniel Rojas,
1117,23,17,completado,Tue Apr 14 2026 00:00:00 GMT-0500 (hora de Ecuador),Wed May 13 2026 00:00:00 GMT-0500 (hora de Ecuador),,Daniel Rojas,
1118,23,18,completado,Wed Apr 15 2026 00:00:00 GMT-0500 (hora de Ecuador),Tue May 19 2026 00:00:00 GMT-0500 (hora de Ecuador),,Daniel Rojas,
1119,23,19,completado,Wed Apr 15 2026 00:00:00 GMT-0500 (hora de Ecuador),Tue May 19 2026 00:00:00 GMT-0500 (hora de Ecuador),,Daniel Rojas,
1120,23,20,pendiente,,,,Daniel Rojas,
1121,23,21,pendiente,,,,Daniel Rojas,
1122,23,22,pendiente,,,,Daniel Rojas,
1123,23,23,pendiente,,,,Daniel Rojas,
1124,23,24,pendiente,,,,Daniel Rojas,
1125,23,25,pendiente,,,,Daniel Rojas,
1126,23,26,pendiente,,,,Daniel Rojas,
1127,23,27,pendiente,,,,Daniel Rojas,
1128,23,28,pendiente,,,,Daniel Rojas,
1129,23,29,pendiente,,,,Daniel Rojas,
1130,23,30,pendiente,,,,Daniel Rojas,
1131,23,31,pendiente,,,,Daniel Rojas,
1132,23,32,pendiente,,,,Daniel Rojas,
1133,23,33,pendiente,Thu Apr 16 2026 00:00:00 GMT-0500 (hora de Ecuador),,,Daniel Rojas,
1134,23,34,completado,Fri Apr 17 2026 00:00:00 GMT-0500 (hora de Ecuador),Thu May 21 2026 00:00:00 GMT-0500 (hora de Ecuador),,Daniel Rojas,
1135,23,35,completado,Fri Apr 17 2026 00:00:00 GMT-0500 (hora de Ecuador),Thu May 21 2026 00:00:00 GMT-0500 (hora de Ecuador),,Daniel Rojas,
1136,23,36,completado,Mon Apr 20 2026 00:00:00 GMT-0500 (hora de Ecuador),Tue May 26 2026 00:00:00 GMT-0500 (hora de Ecuador),,Daniel Rojas,
1137,23,37,completado,Tue Apr 21 2026 00:00:00 GMT-0500 (hora de Ecuador),Mon Jun 01 2026 00:00:00 GMT-0500 (hora de Ecuador),,Daniel Rojas,
1138,23,38,completado,Tue Apr 21 2026 00:00:00 GMT-0500 (hora de Ecuador),Thu Jun 04 2026 00:00:00 GMT-0500 (hora de Ecuador),,Daniel Rojas,
1139,23,39,pendiente,Wed Apr 22 2026 00:00:00 GMT-0500 (hora de Ecuador),,,Daniel Rojas,
1140,23,40,completado,Thu Apr 23 2026 00:00:00 GMT-0500 (hora de Ecuador),Thu Jun 11 2026 00:00:00 GMT-0500 (hora de Ecuador),,Daniel Rojas,
1141,23,41,pendiente,,,,Daniel Rojas,
1142,23,42,pendiente,,,,Daniel Rojas,
1143,23,43,pendiente,,,,Daniel Rojas,
1144,23,44,pendiente,,,,Daniel Rojas,
1145,23,45,pendiente,,,,Daniel Rojas,
1146,23,46,pendiente,,,,Daniel Rojas,
1147,23,47,pendiente,,,,Daniel Rojas,
1148,23,48,pendiente,,,,Daniel Rojas,
1149,23,49,completado,Mon Apr 27 2026 00:00:00 GMT-0500 (hora de Ecuador),Thu Jun 11 2026 00:00:00 GMT-0500 (hora de Ecuador),,Daniel Rojas,
1150,23,50,pendiente,,,,Daniel Rojas,
1151,24,1,completado,Mon Jul 20 2026 00:00:00 GMT-0500 (hora de Ecuador),Tue Jul 21 2026 00:00:00 GMT-0500 (hora de Ecuador),,,
1152,24,2,pendiente,,,,,
1153,24,3,pendiente,,,,,
1154,24,4,pendiente,,,,,
1155,24,5,pendiente,,,,,
1156,24,6,pendiente,,,,,
1157,24,7,pendiente,,,,,
1158,24,8,pendiente,,,,,
1159,24,9,pendiente,,,,,
1160,24,10,pendiente,,,,,
1161,24,11,pendiente,,,,,
1162,24,12,pendiente,,,,,
1163,24,13,pendiente,,,,,
1164,24,14,pendiente,,,,,
1165,24,15,pendiente,,,,,
1166,24,16,pendiente,,,,,
1167,24,17,pendiente,,,,,
1168,24,18,pendiente,,,,,
1169,24,19,pendiente,,,,,
1170,24,20,pendiente,,,,,
1171,24,21,pendiente,,,,,
1172,24,22,pendiente,,,,,
1173,24,23,pendiente,,,,,
1174,24,24,pendiente,,,,,
1175,24,25,pendiente,,,,,
1176,24,26,pendiente,,,,,
1177,24,27,pendiente,,,,,
1178,24,28,pendiente,,,,,
1179,24,29,pendiente,,,,,
1180,24,30,pendiente,,,,,
1181,24,31,pendiente,,,,,
1182,24,32,pendiente,,,,,
1183,24,33,pendiente,,,,,
1184,24,34,pendiente,,,,,
1185,24,35,pendiente,,,,,
1186,24,36,pendiente,,,,,
1187,24,37,pendiente,,,,,
1188,24,38,pendiente,,,,,
1189,24,39,pendiente,,,,,
1190,24,40,pendiente,,,,,
1191,24,41,pendiente,,,,,
1192,24,42,pendiente,,,,,
1193,24,43,pendiente,,,,,
1194,24,44,pendiente,,,,,
1195,24,45,pendiente,,,,,
1196,24,46,pendiente,,,,,
1197,24,47,pendiente,,,,,
1198,24,48,pendiente,,,,,
1199,24,49,pendiente,,,,,
1200,24,50,pendiente,,,,,
1201,25,1,pendiente,,,,,
1202,25,2,pendiente,,,,,
1203,25,3,pendiente,,,,,
1204,25,4,pendiente,,,,,
1205,25,5,pendiente,,,,,
1206,25,6,pendiente,,,,,
1207,25,7,pendiente,,,,,
1208,25,8,pendiente,,,,,
1209,25,9,pendiente,,,,,
1210,25,10,pendiente,,,,,
1211,25,11,pendiente,,,,,
1212,25,12,pendiente,,,,,
1213,25,13,pendiente,,,,,
1214,25,14,pendiente,,,,,
1215,25,15,pendiente,,,,,
1216,25,16,pendiente,,,,,
1217,25,17,pendiente,,,,,
1218,25,18,pendiente,,,,,
1219,25,19,pendiente,,,,,
1220,25,20,pendiente,,,,,
1221,25,21,pendiente,,,,,
1222,25,22,pendiente,,,,,
1223,25,23,pendiente,,,,,
1224,25,24,pendiente,,,,,
1225,25,25,pendiente,,,,,
1226,25,26,pendiente,,,,,
1227,25,27,pendiente,,,,,
1228,25,28,pendiente,,,,,
1229,25,29,pendiente,,,,,
1230,25,30,pendiente,,,,,
1231,25,31,pendiente,,,,,
1232,25,32,pendiente,,,,,
1233,25,33,pendiente,,,,,
1234,25,34,pendiente,,,,,
1235,25,35,pendiente,,,,,
1236,25,36,pendiente,,,,,
1237,25,37,pendiente,,,,,
1238,25,38,pendiente,,,,,
1239,25,39,pendiente,,,,,
1240,25,40,pendiente,,,,,
1241,25,41,pendiente,,,,,
1242,25,42,pendiente,,,,,
1243,25,43,pendiente,,,,,
1244,25,44,pendiente,,,,,
1245,25,45,pendiente,,,,,
1246,25,46,pendiente,,,,,
1247,25,47,pendiente,,,,,
1248,25,48,pendiente,,,,,
1249,25,49,pendiente,,,,,
1250,25,50,pendiente,,,,,
1251,26,1,pendiente,,,,,
1252,26,2,pendiente,,,,,
1253,26,3,pendiente,,,,,
1254,26,4,pendiente,,,,,
1255,26,5,pendiente,,,,,
1256,26,6,pendiente,,,,,
1257,26,7,pendiente,,,,,
1258,26,8,pendiente,,,,,
1259,26,9,pendiente,,,,,
1260,26,10,pendiente,,,,,
1261,26,11,pendiente,,,,,
1262,26,12,pendiente,,,,,
1263,26,13,pendiente,,,,,
1264,26,14,pendiente,,,,,
1265,26,15,pendiente,,,,,
1266,26,16,pendiente,,,,,
1267,26,17,pendiente,,,,,
1268,26,18,pendiente,,,,,
1269,26,19,pendiente,,,,,
1270,26,20,pendiente,,,,,
1271,26,21,pendiente,,,,,
1272,26,22,pendiente,,,,,
1273,26,23,pendiente,,,,,
1274,26,24,pendiente,,,,,
1275,26,25,pendiente,,,,,
1276,26,26,pendiente,,,,,
1277,26,27,pendiente,,,,,
1278,26,28,pendiente,,,,,
1279,26,29,pendiente,,,,,
1280,26,30,pendiente,,,,,
1281,26,31,pendiente,,,,,
1282,26,32,pendiente,,,,,
1283,26,33,pendiente,,,,,
1284,26,34,pendiente,,,,,
1285,26,35,pendiente,,,,,
1286,26,36,pendiente,,,,,
1287,26,37,pendiente,,,,,
1288,26,38,pendiente,,,,,
1289,26,39,pendiente,,,,,
1290,26,40,pendiente,,,,,
1291,26,41,pendiente,,,,,
1292,26,42,pendiente,,,,,
1293,26,43,pendiente,,,,,
1294,26,44,pendiente,,,,,
1295,26,45,pendiente,,,,,
1296,26,46,pendiente,,,,,
1297,26,47,pendiente,,,,,
1298,26,48,pendiente,,,,,
1299,26,49,pendiente,,,,,
1300,26,50,pendiente,,,,,
1301,27,1,pendiente,,,,,
1302,27,2,pendiente,,,,,
1303,27,3,pendiente,,,,,
1304,27,4,pendiente,,,,,
1305,27,5,pendiente,,,,,
1306,27,6,pendiente,,,,,
1307,27,7,pendiente,,,,,
1308,27,8,pendiente,,,,,
1309,27,9,pendiente,,,,,
1310,27,10,pendiente,,,,,
1311,27,11,pendiente,,,,,
1312,27,12,pendiente,,,,,
1313,27,13,pendiente,,,,,
1314,27,14,pendiente,,,,,
1315,27,15,pendiente,,,,,
1316,27,16,pendiente,,,,,
1317,27,17,pendiente,,,,,
1318,27,18,pendiente,,,,,
1319,27,19,pendiente,,,,,
1320,27,20,pendiente,,,,,
1321,27,21,pendiente,,,,,
1322,27,22,pendiente,,,,,
1323,27,23,pendiente,,,,,
1324,27,24,pendiente,,,,,
1325,27,25,pendiente,,,,,
1326,27,26,pendiente,,,,,
1327,27,27,pendiente,,,,,
1328,27,28,pendiente,,,,,
1329,27,29,pendiente,,,,,
1330,27,30,pendiente,,,,,
1331,27,31,pendiente,,,,,
1332,27,32,pendiente,,,,,
1333,27,33,pendiente,,,,,
1334,27,34,pendiente,,,,,
1335,27,35,pendiente,,,,,
1336,27,36,pendiente,,,,,
1337,27,37,pendiente,,,,,
1338,27,38,pendiente,,,,,
1339,27,39,pendiente,,,,,
1340,27,40,pendiente,,,,,
1341,27,41,pendiente,,,,,
1342,27,42,pendiente,,,,,
1343,27,43,pendiente,,,,,
1344,27,44,pendiente,,,,,
1345,27,45,pendiente,,,,,
1346,27,46,pendiente,,,,,
1347,27,47,pendiente,,,,,
1348,27,48,pendiente,,,,,
1349,27,49,pendiente,,,,,
1350,27,50,pendiente,,,,,
1351,28,1,pendiente,,,,,
1352,28,2,pendiente,,,,,
1353,28,3,pendiente,,,,,
1354,28,4,pendiente,,,,,
1355,28,5,pendiente,,,,,
1356,28,6,pendiente,,,,,
1357,28,7,pendiente,,,,,
1358,28,8,pendiente,,,,,
1359,28,9,pendiente,,,,,
1360,28,10,pendiente,,,,,
1361,28,11,pendiente,,,,,
1362,28,12,pendiente,,,,,
1363,28,13,pendiente,,,,,
1364,28,14,pendiente,,,,,
1365,28,15,pendiente,,,,,
1366,28,16,pendiente,,,,,
1367,28,17,pendiente,,,,,
1368,28,18,pendiente,,,,,
1369,28,19,pendiente,,,,,
1370,28,20,pendiente,,,,,
1371,28,21,pendiente,,,,,
1372,28,22,pendiente,,,,,
1373,28,23,pendiente,,,,,
1374,28,24,pendiente,,,,,
1375,28,25,pendiente,,,,,
1376,28,26,pendiente,,,,,
1377,28,27,pendiente,,,,,
1378,28,28,pendiente,,,,,
1379,28,29,pendiente,,,,,
1380,28,30,pendiente,,,,,
1381,28,31,pendiente,,,,,
1382,28,32,pendiente,,,,,
1383,28,33,pendiente,,,,,
1384,28,34,pendiente,,,,,
1385,28,35,pendiente,,,,,
1386,28,36,pendiente,,,,,
1387,28,37,pendiente,,,,,
1388,28,38,pendiente,,,,,
1389,28,39,pendiente,,,,,
1390,28,40,pendiente,,,,,
1391,28,41,pendiente,Tue Jan 02 1900 00:00:00 GMT-0514 (hora de Ecuador),,,,
1392,28,42,pendiente,Thu Jan 04 1900 00:00:00 GMT-0514 (hora de Ecuador),,,,
1393,28,43,pendiente,Mon Jan 08 1900 00:00:00 GMT-0514 (hora de Ecuador),,,,
1394,28,44,pendiente,Tue Jan 09 1900 00:00:00 GMT-0514 (hora de Ecuador),,,,
1395,28,45,pendiente,Wed Jan 10 1900 00:00:00 GMT-0514 (hora de Ecuador),,,,
1396,28,46,pendiente,Fri Jan 12 1900 00:00:00 GMT-0514 (hora de Ecuador),,,,
1397,28,47,pendiente,Mon Jan 15 1900 00:00:00 GMT-0514 (hora de Ecuador),,,,
1398,28,48,pendiente,Wed Jan 17 1900 00:00:00 GMT-0514 (hora de Ecuador),,,,
1399,28,49,pendiente,Mon Jan 22 1900 00:00:00 GMT-0514 (hora de Ecuador),,,,
1400,28,50,pendiente,,,,,
1401,29,1,pendiente,,,,,
1402,29,2,pendiente,,,,,
1403,29,3,pendiente,,,,,
1404,29,4,pendiente,,,,,
1405,29,5,pendiente,,,,,
1406,29,6,pendiente,,,,,
1407,29,7,pendiente,,,,,
1408,29,8,pendiente,,,,,
1409,29,9,pendiente,,,,,
1410,29,10,pendiente,,,,,
1411,29,11,pendiente,,,,,
1412,29,12,pendiente,,,,,
1413,29,13,pendiente,,,,,
1414,29,14,pendiente,,,,,
1415,29,15,pendiente,,,,,
1416,29,16,pendiente,,,,,
1417,29,17,pendiente,,,,,
1418,29,18,pendiente,,,,,
1419,29,19,pendiente,,,,,
1420,29,20,pendiente,,,,,
1421,29,21,pendiente,,,,,
1422,29,22,pendiente,,,,,
1423,29,23,pendiente,,,,,
1424,29,24,pendiente,,,,,
1425,29,25,pendiente,,,,,
1426,29,26,pendiente,,,,,
1427,29,27,pendiente,,,,,
1428,29,28,pendiente,,,,,
1429,29,29,pendiente,,,,,
1430,29,30,pendiente,,,,,
1431,29,31,pendiente,,,,,
1432,29,32,pendiente,,,,,
1433,29,33,pendiente,,,,,
1434,29,34,pendiente,,,,,
1435,29,35,pendiente,,,,,
1436,29,36,pendiente,,,,,
1437,29,37,pendiente,,,,,
1438,29,38,pendiente,,,,,
1439,29,39,pendiente,,,,,
1440,29,40,pendiente,,,,,
1441,29,41,pendiente,Tue Jan 02 1900 00:00:00 GMT-0514 (hora de Ecuador),,,,
1442,29,42,pendiente,Thu Jan 04 1900 00:00:00 GMT-0514 (hora de Ecuador),,,,
1443,29,43,pendiente,Mon Jan 08 1900 00:00:00 GMT-0514 (hora de Ecuador),,,,
1444,29,44,pendiente,Tue Jan 09 1900 00:00:00 GMT-0514 (hora de Ecuador),,,,
1445,29,45,pendiente,Wed Jan 10 1900 00:00:00 GMT-0514 (hora de Ecuador),,,,
1446,29,46,pendiente,Fri Jan 12 1900 00:00:00 GMT-0514 (hora de Ecuador),,,,
1447,29,47,pendiente,Mon Jan 15 1900 00:00:00 GMT-0514 (hora de Ecuador),,,,
1448,29,48,pendiente,Wed Jan 17 1900 00:00:00 GMT-0514 (hora de Ecuador),,,,
1449,29,49,pendiente,Mon Jan 22 1900 00:00:00 GMT-0514 (hora de Ecuador),,,,
1450,29,50,pendiente,,,,,
1451,30,1,completado,Tue Mar 10 2026 00:00:00 GMT-0500 (hora de Ecuador),Tue Mar 10 2026 00:00:00 GMT-0500 (hora de Ecuador),,,
1452,30,2,completado,Tue Mar 10 2026 00:00:00 GMT-0500 (hora de Ecuador),Tue Mar 10 2026 00:00:00 GMT-0500 (hora de Ecuador),,,
1453,30,3,completado,Wed Mar 11 2026 00:00:00 GMT-0500 (hora de Ecuador),Wed Mar 11 2026 00:00:00 GMT-0500 (hora de Ecuador),,,
1454,30,4,completado,Wed Mar 11 2026 00:00:00 GMT-0500 (hora de Ecuador),Wed Mar 11 2026 00:00:00 GMT-0500 (hora de Ecuador),,,
1455,30,5,completado,Wed Mar 11 2026 00:00:00 GMT-0500 (hora de Ecuador),Wed Mar 11 2026 00:00:00 GMT-0500 (hora de Ecuador),,,
1456,30,6,completado,Thu Mar 12 2026 00:00:00 GMT-0500 (hora de Ecuador),Thu Apr 02 2026 00:00:00 GMT-0500 (hora de Ecuador),,,
1457,30,7,completado,Fri Mar 13 2026 00:00:00 GMT-0500 (hora de Ecuador),Mon Apr 06 2026 00:00:00 GMT-0500 (hora de Ecuador),,,
1458,30,8,completado,Mon Mar 16 2026 00:00:00 GMT-0500 (hora de Ecuador),Wed May 13 2026 00:00:00 GMT-0500 (hora de Ecuador),,,
1459,30,9,completado,Tue Mar 17 2026 00:00:00 GMT-0500 (hora de Ecuador),Wed May 13 2026 00:00:00 GMT-0500 (hora de Ecuador),,,
1460,30,10,completado,Wed Mar 18 2026 00:00:00 GMT-0500 (hora de Ecuador),Wed Mar 18 2026 00:00:00 GMT-0500 (hora de Ecuador),,,
1461,30,11,completado,Thu Mar 19 2026 00:00:00 GMT-0500 (hora de Ecuador),Thu Mar 19 2026 00:00:00 GMT-0500 (hora de Ecuador),,,
1462,30,12,completado,Thu Mar 19 2026 00:00:00 GMT-0500 (hora de Ecuador),Wed May 13 2026 00:00:00 GMT-0500 (hora de Ecuador),,,
1463,30,13,completado,Fri Mar 20 2026 00:00:00 GMT-0500 (hora de Ecuador),Thu May 14 2026 00:00:00 GMT-0500 (hora de Ecuador),,,
1464,30,14,completado,Mon Mar 23 2026 00:00:00 GMT-0500 (hora de Ecuador),Tue May 19 2026 00:00:00 GMT-0500 (hora de Ecuador),,,
1465,30,15,pendiente,Tue Mar 24 2026 00:00:00 GMT-0500 (hora de Ecuador),,,,
1466,30,16,pendiente,Wed Mar 25 2026 00:00:00 GMT-0500 (hora de Ecuador),,,,
1467,30,17,pendiente,Wed Mar 25 2026 00:00:00 GMT-0500 (hora de Ecuador),,,,
1468,30,18,pendiente,Thu Mar 26 2026 00:00:00 GMT-0500 (hora de Ecuador),,,,
1469,30,19,pendiente,Thu Mar 26 2026 00:00:00 GMT-0500 (hora de Ecuador),,,,
1470,30,20,pendiente,,,,,
1471,30,21,pendiente,,,,,
1472,30,22,pendiente,,,,,
1473,30,23,pendiente,,,,,
1474,30,24,pendiente,,,,,
1475,30,25,pendiente,,,,,
1476,30,26,pendiente,,,,,
1477,30,27,pendiente,,,,,
1478,30,28,pendiente,,,,,
1479,30,29,pendiente,,,,,
1480,30,30,pendiente,,,,,
1481,30,31,pendiente,,,,,
1482,30,32,pendiente,,,,,
1483,30,33,pendiente,Fri Mar 27 2026 00:00:00 GMT-0500 (hora de Ecuador),,,,
1484,30,34,pendiente,Mon Mar 30 2026 00:00:00 GMT-0500 (hora de Ecuador),,,,
1485,30,35,pendiente,Mon Mar 30 2026 00:00:00 GMT-0500 (hora de Ecuador),,,,
1486,30,36,pendiente,Tue Mar 31 2026 00:00:00 GMT-0500 (hora de Ecuador),,,,
1487,30,37,pendiente,Wed Apr 01 2026 00:00:00 GMT-0500 (hora de Ecuador),,,,
1488,30,38,pendiente,Thu Apr 02 2026 00:00:00 GMT-0500 (hora de Ecuador),,,,
1489,30,39,pendiente,Thu Apr 02 2026 00:00:00 GMT-0500 (hora de Ecuador),,,,
1490,30,40,pendiente,Thu Apr 02 2026 00:00:00 GMT-0500 (hora de Ecuador),,,,
1491,30,41,pendiente,Tue Apr 07 2026 00:00:00 GMT-0500 (hora de Ecuador),,,,
1492,30,42,pendiente,Thu Apr 09 2026 00:00:00 GMT-0500 (hora de Ecuador),,,,
1493,30,43,pendiente,Mon Apr 13 2026 00:00:00 GMT-0500 (hora de Ecuador),,,,
1494,30,44,pendiente,Tue Apr 14 2026 00:00:00 GMT-0500 (hora de Ecuador),,,,
1495,30,45,pendiente,Wed Apr 15 2026 00:00:00 GMT-0500 (hora de Ecuador),,,,
1496,30,46,pendiente,Fri Apr 17 2026 00:00:00 GMT-0500 (hora de Ecuador),,,,
1497,30,47,pendiente,Mon Apr 20 2026 00:00:00 GMT-0500 (hora de Ecuador),,,,
1498,30,48,pendiente,Wed Apr 22 2026 00:00:00 GMT-0500 (hora de Ecuador),,,,
1499,30,49,pendiente,Mon Apr 27 2026 00:00:00 GMT-0500 (hora de Ecuador),,,,
1500,30,50,pendiente,Thu Apr 30 2026 00:00:00 GMT-0500 (hora de Ecuador),,,,
1501,31,1,pendiente,Wed Jul 15 2026 00:00:00 GMT-0500 (hora de Ecuador),,,Sebastián Humbser,
1502,31,2,pendiente,Wed Jul 15 2026 00:00:00 GMT-0500 (hora de Ecuador),,,Sebastián Humbser,
1503,31,3,pendiente,Thu Jul 16 2026 00:00:00 GMT-0500 (hora de Ecuador),,,Sebastián Humbser,
1504,31,4,pendiente,Thu Jul 16 2026 00:00:00 GMT-0500 (hora de Ecuador),,,Sebastián Humbser,
1505,31,5,pendiente,Thu Jul 16 2026 00:00:00 GMT-0500 (hora de Ecuador),,,Sebastián Humbser,
1506,31,6,pendiente,Fri Jul 17 2026 00:00:00 GMT-0500 (hora de Ecuador),,,Sebastián Humbser,
1507,31,7,pendiente,Mon Jul 20 2026 00:00:00 GMT-0500 (hora de Ecuador),,,Sebastián Humbser,
1508,31,8,pendiente,Tue Jul 21 2026 00:00:00 GMT-0500 (hora de Ecuador),,,Sebastián Humbser,
1509,31,9,pendiente,Wed Jul 22 2026 00:00:00 GMT-0500 (hora de Ecuador),,,Sebastián Humbser,
1510,31,10,pendiente,Thu Jul 23 2026 00:00:00 GMT-0500 (hora de Ecuador),,,Sebastián Humbser,
1511,31,11,pendiente,Fri Jul 24 2026 00:00:00 GMT-0500 (hora de Ecuador),,,Sebastián Humbser,
1512,31,12,pendiente,Fri Jul 24 2026 00:00:00 GMT-0500 (hora de Ecuador),,,Sebastián Humbser,
1513,31,13,pendiente,Mon Jul 27 2026 00:00:00 GMT-0500 (hora de Ecuador),,,Sebastián Humbser,
1514,31,14,pendiente,Tue Jul 28 2026 00:00:00 GMT-0500 (hora de Ecuador),,,Sebastián Humbser,
1515,31,15,pendiente,Wed Jul 29 2026 00:00:00 GMT-0500 (hora de Ecuador),,,Sebastián Humbser,
1516,31,16,pendiente,Thu Jul 30 2026 00:00:00 GMT-0500 (hora de Ecuador),,,Sebastián Humbser,
1517,31,17,pendiente,Thu Jul 30 2026 00:00:00 GMT-0500 (hora de Ecuador),,,Sebastián Humbser,
1518,31,18,pendiente,Fri Jul 31 2026 00:00:00 GMT-0500 (hora de Ecuador),,,Sebastián Humbser,
1519,31,19,pendiente,Fri Jul 31 2026 00:00:00 GMT-0500 (hora de Ecuador),,,Sebastián Humbser,
1520,31,20,pendiente,,,,Sebastián Humbser,
1521,31,21,pendiente,,,,Sebastián Humbser,
1522,31,22,pendiente,,,,Sebastián Humbser,
1523,31,23,pendiente,,,,Sebastián Humbser,
1524,31,24,pendiente,,,,Sebastián Humbser,
1525,31,25,pendiente,,,,Sebastián Humbser,
1526,31,26,pendiente,,,,Sebastián Humbser,
1527,31,27,pendiente,,,,Sebastián Humbser,
1528,31,28,pendiente,,,,Sebastián Humbser,
1529,31,29,pendiente,,,,Sebastián Humbser,
1530,31,30,pendiente,,,,Sebastián Humbser,
1531,31,31,pendiente,,,,Sebastián Humbser,
1532,31,32,pendiente,,,,Sebastián Humbser,
1533,31,33,pendiente,Mon Aug 03 2026 00:00:00 GMT-0500 (hora de Ecuador),,,Sebastián Humbser,
1534,31,34,pendiente,Tue Aug 04 2026 00:00:00 GMT-0500 (hora de Ecuador),,,Sebastián Humbser,
1535,31,35,pendiente,Tue Aug 04 2026 00:00:00 GMT-0500 (hora de Ecuador),,,Sebastián Humbser,
1536,31,36,pendiente,Wed Aug 05 2026 00:00:00 GMT-0500 (hora de Ecuador),,,Sebastián Humbser,
1537,31,37,pendiente,Thu Aug 06 2026 00:00:00 GMT-0500 (hora de Ecuador),,,Sebastián Humbser,
1538,31,38,pendiente,Fri Aug 07 2026 00:00:00 GMT-0500 (hora de Ecuador),,,Sebastián Humbser,
1539,31,39,pendiente,Tue Aug 11 2026 00:00:00 GMT-0500 (hora de Ecuador),,,Sebastián Humbser,
1540,31,40,pendiente,Tue Aug 11 2026 00:00:00 GMT-0500 (hora de Ecuador),,,Sebastián Humbser,
1541,31,41,pendiente,,,,Sebastián Humbser,
1542,31,42,pendiente,,,,Sebastián Humbser,
1543,31,43,pendiente,,,,Sebastián Humbser,
1544,31,44,pendiente,,,,Sebastián Humbser,
1545,31,45,pendiente,,,,Sebastián Humbser,
1546,31,46,pendiente,,,,Sebastián Humbser,
1547,31,47,pendiente,,,,Sebastián Humbser,
1548,31,48,pendiente,,,,Sebastián Humbser,
1549,31,49,pendiente,Thu Aug 13 2026 00:00:00 GMT-0500 (hora de Ecuador),,,Sebastián Humbser,
1550,31,50,pendiente,,,,Sebastián Humbser,
1551,32,1,pendiente,,,,,
1552,32,2,pendiente,,,,,
1553,32,3,pendiente,,,,,
1554,32,4,pendiente,,,,,
1555,32,5,pendiente,,,,,
1556,32,6,pendiente,,,,,
1557,32,7,pendiente,,,,,
1558,32,8,pendiente,,,,,
1559,32,9,pendiente,,,,,
1560,32,10,pendiente,,,,,
1561,32,11,pendiente,,,,,
1562,32,12,pendiente,,,,,
1563,32,13,pendiente,,,,,
1564,32,14,pendiente,,,,,
1565,32,15,pendiente,,,,,
1566,32,16,pendiente,,,,,
1567,32,17,pendiente,,,,,
1568,32,18,pendiente,,,,,
1569,32,19,pendiente,,,,,
1570,32,20,pendiente,,,,,
1571,32,21,pendiente,,,,,
1572,32,22,pendiente,,,,,
1573,32,23,pendiente,,,,,
1574,32,24,pendiente,,,,,
1575,32,25,pendiente,,,,,
1576,32,26,pendiente,,,,,
1577,32,27,pendiente,,,,,
1578,32,28,pendiente,,,,,
1579,32,29,pendiente,,,,,
1580,32,30,pendiente,,,,,
1581,32,31,pendiente,,,,,
1582,32,32,pendiente,,,,,
1583,32,33,pendiente,,,,,
1584,32,34,pendiente,,,,,
1585,32,35,pendiente,,,,,
1586,32,36,pendiente,,,,,
1587,32,37,pendiente,,,,,
1588,32,38,pendiente,,,,,
1589,32,39,pendiente,,,,,
1590,32,40,pendiente,,,,,
1591,32,41,pendiente,,,,,
1592,32,42,pendiente,,,,,
1593,32,43,pendiente,,,,,
1594,32,44,pendiente,,,,,
1595,32,45,pendiente,,,,,
1596,32,46,pendiente,,,,,
1597,32,47,pendiente,,,,,
1598,32,48,pendiente,,,,,
1599,32,49,pendiente,,,,,
1600,32,50,pendiente,,,,,
1601,33,1,pendiente,,,,,
1602,33,2,pendiente,,,,,
1603,33,3,pendiente,,,,,
1604,33,4,pendiente,,,,,
1605,33,5,pendiente,,,,,
1606,33,6,pendiente,,,,,
1607,33,7,pendiente,,,,,
1608,33,8,pendiente,,,,,
1609,33,9,pendiente,,,,,
1610,33,10,pendiente,,,,,
1611,33,11,pendiente,,,,,
1612,33,12,pendiente,,,,,
1613,33,13,pendiente,,,,,
1614,33,14,pendiente,,,,,
1615,33,15,pendiente,,,,,
1616,33,16,pendiente,,,,,
1617,33,17,pendiente,,,,,
1618,33,18,pendiente,,,,,
1619,33,19,pendiente,,,,,
1620,33,20,pendiente,,,,,
1621,33,21,pendiente,,,,,
1622,33,22,pendiente,,,,,
1623,33,23,pendiente,,,,,
1624,33,24,pendiente,,,,,
1625,33,25,pendiente,,,,,
1626,33,26,pendiente,,,,,
1627,33,27,pendiente,,,,,
1628,33,28,pendiente,,,,,
1629,33,29,pendiente,,,,,
1630,33,30,pendiente,,,,,
1631,33,31,pendiente,,,,,
1632,33,32,pendiente,,,,,
1633,33,33,pendiente,,,,,
1634,33,34,pendiente,,,,,
1635,33,35,pendiente,,,,,
1636,33,36,pendiente,,,,,
1637,33,37,pendiente,,,,,
1638,33,38,pendiente,,,,,
1639,33,39,pendiente,,,,,
1640,33,40,pendiente,,,,,
1641,33,41,pendiente,,,,,
1642,33,42,pendiente,,,,,
1643,33,43,pendiente,,,,,
1644,33,44,pendiente,,,,,
1645,33,45,pendiente,,,,,
1646,33,46,pendiente,,,,,
1647,33,47,pendiente,,,,,
1648,33,48,pendiente,,,,,
1649,33,49,pendiente,,,,,
1650,33,50,pendiente,,,,,
1651,34,1,pendiente,,,,,
1652,34,2,pendiente,,,,,
1653,34,3,pendiente,,,,,
1654,34,4,pendiente,,,,,
1655,34,5,pendiente,,,,,
1656,34,6,pendiente,,,,,
1657,34,7,pendiente,,,,,
1658,34,8,pendiente,,,,,
1659,34,9,pendiente,,,,,
1660,34,10,pendiente,,,,,
1661,34,11,pendiente,,,,,
1662,34,12,pendiente,,,,,
1663,34,13,pendiente,,,,,
1664,34,14,pendiente,,,,,
1665,34,15,pendiente,,,,,
1666,34,16,pendiente,,,,,
1667,34,17,pendiente,,,,,
1668,34,18,pendiente,,,,,
1669,34,19,pendiente,,,,,
1670,34,20,pendiente,,,,,
1671,34,21,pendiente,,,,,
1672,34,22,pendiente,,,,,
1673,34,23,pendiente,,,,,
1674,34,24,pendiente,,,,,
1675,34,25,pendiente,,,,,
1676,34,26,pendiente,,,,,
1677,34,27,pendiente,,,,,
1678,34,28,pendiente,,,,,
1679,34,29,pendiente,,,,,
1680,34,30,pendiente,,,,,
1681,34,31,pendiente,,,,,
1682,34,32,pendiente,,,,,
1683,34,33,pendiente,,,,,
1684,34,34,pendiente,,,,,
1685,34,35,pendiente,,,,,
1686,34,36,pendiente,,,,,
1687,34,37,pendiente,,,,,
1688,34,38,pendiente,,,,,
1689,34,39,pendiente,,,,,
1690,34,40,pendiente,,,,,
1691,34,41,pendiente,,,,,
1692,34,42,pendiente,,,,,
1693,34,43,pendiente,,,,,
1694,34,44,pendiente,,,,,
1695,34,45,pendiente,,,,,
1696,34,46,pendiente,,,,,
1697,34,47,pendiente,,,,,
1698,34,48,pendiente,,,,,
1699,34,49,pendiente,,,,,
1700,34,50,pendiente,,,,,
1701,35,1,pendiente,,,,,
1702,35,2,pendiente,,,,,
1703,35,3,pendiente,,,,,
1704,35,4,pendiente,,,,,
1705,35,5,pendiente,,,,,
1706,35,6,pendiente,,,,,
1707,35,7,pendiente,,,,,
1708,35,8,pendiente,,,,,
1709,35,9,pendiente,,,,,
1710,35,10,pendiente,,,,,
1711,35,11,pendiente,,,,,
1712,35,12,pendiente,,,,,
1713,35,13,pendiente,,,,,
1714,35,14,pendiente,,,,,
1715,35,15,pendiente,,,,,
1716,35,16,pendiente,,,,,
1717,35,17,pendiente,,,,,
1718,35,18,pendiente,,,,,
1719,35,19,pendiente,,,,,
1720,35,20,pendiente,,,,,
1721,35,21,pendiente,,,,,
1722,35,22,pendiente,,,,,
1723,35,23,pendiente,,,,,
1724,35,24,pendiente,,,,,
1725,35,25,pendiente,,,,,
1726,35,26,pendiente,,,,,
1727,35,27,pendiente,,,,,
1728,35,28,pendiente,,,,,
1729,35,29,pendiente,,,,,
1730,35,30,pendiente,,,,,
1731,35,31,pendiente,,,,,
1732,35,32,pendiente,,,,,
1733,35,33,pendiente,,,,,
1734,35,34,pendiente,,,,,
1735,35,35,pendiente,,,,,
1736,35,36,pendiente,,,,,
1737,35,37,pendiente,,,,,
1738,35,38,pendiente,,,,,
1739,35,39,pendiente,,,,,
1740,35,40,pendiente,,,,,
1741,35,41,pendiente,,,,,
1742,35,42,pendiente,,,,,
1743,35,43,pendiente,,,,,
1744,35,44,pendiente,,,,,
1745,35,45,pendiente,,,,,
1746,35,46,pendiente,,,,,
1747,35,47,pendiente,,,,,
1748,35,48,pendiente,,,,,
1749,35,49,pendiente,,,,,
1750,35,50,pendiente,,,,,
1751,36,1,pendiente,,,,,
1752,36,2,pendiente,,,,,
1753,36,3,pendiente,,,,,
1754,36,4,pendiente,,,,,
1755,36,5,pendiente,,,,,
1756,36,6,pendiente,,,,,
1757,36,7,pendiente,,,,,
1758,36,8,pendiente,,,,,
1759,36,9,pendiente,,,,,
1760,36,10,pendiente,,,,,
1761,36,11,pendiente,,,,,
1762,36,12,pendiente,,,,,
1763,36,13,pendiente,,,,,
1764,36,14,pendiente,,,,,
1765,36,15,pendiente,,,,,
1766,36,16,pendiente,,,,,
1767,36,17,pendiente,,,,,
1768,36,18,pendiente,,,,,
1769,36,19,pendiente,,,,,
1770,36,20,pendiente,,,,,
1771,36,21,pendiente,,,,,
1772,36,22,pendiente,,,,,
1773,36,23,pendiente,,,,,
1774,36,24,pendiente,,,,,
1775,36,25,pendiente,,,,,
1776,36,26,pendiente,,,,,
1777,36,27,pendiente,,,,,
1778,36,28,pendiente,,,,,
1779,36,29,pendiente,,,,,
1780,36,30,pendiente,,,,,
1781,36,31,pendiente,,,,,
1782,36,32,pendiente,,,,,
1783,36,33,pendiente,,,,,
1784,36,34,pendiente,,,,,
1785,36,35,pendiente,,,,,
1786,36,36,pendiente,,,,,
1787,36,37,pendiente,,,,,
1788,36,38,pendiente,,,,,
1789,36,39,pendiente,,,,,
1790,36,40,pendiente,,,,,
1791,36,41,pendiente,,,,,
1792,36,42,pendiente,,,,,
1793,36,43,pendiente,,,,,
1794,36,44,pendiente,,,,,
1795,36,45,pendiente,,,,,
1796,36,46,pendiente,,,,,
1797,36,47,pendiente,,,,,
1798,36,48,pendiente,,,,,
1799,36,49,pendiente,,,,,
1800,36,50,pendiente,,,,,
1801,37,1,pendiente,,,,,
1802,37,2,pendiente,,,,,
1803,37,3,pendiente,,,,,
1804,37,4,pendiente,,,,,
1805,37,5,pendiente,,,,,
1806,37,6,pendiente,,,,,
1807,37,7,pendiente,,,,,
1808,37,8,pendiente,,,,,
1809,37,9,pendiente,,,,,
1810,37,10,pendiente,,,,,
1811,37,11,pendiente,,,,,
1812,37,12,pendiente,,,,,
1813,37,13,pendiente,,,,,
1814,37,14,pendiente,,,,,
1815,37,15,pendiente,,,,,
1816,37,16,pendiente,,,,,
1817,37,17,pendiente,,,,,
1818,37,18,pendiente,,,,,
1819,37,19,pendiente,,,,,
1820,37,20,pendiente,,,,,
1821,37,21,pendiente,,,,,
1822,37,22,pendiente,,,,,
1823,37,23,pendiente,,,,,
1824,37,24,pendiente,,,,,
1825,37,25,pendiente,,,,,
1826,37,26,pendiente,,,,,
1827,37,27,pendiente,,,,,
1828,37,28,pendiente,,,,,
1829,37,29,pendiente,,,,,
1830,37,30,pendiente,,,,,
1831,37,31,pendiente,,,,,
1832,37,32,pendiente,,,,,
1833,37,33,pendiente,,,,,
1834,37,34,pendiente,,,,,
1835,37,35,pendiente,,,,,
1836,37,36,pendiente,,,,,
1837,37,37,pendiente,,,,,
1838,37,38,pendiente,,,,,
1839,37,39,pendiente,,,,,
1840,37,40,pendiente,,,,,
1841,37,41,pendiente,,,,,
1842,37,42,pendiente,,,,,
1843,37,43,pendiente,,,,,
1844,37,44,pendiente,,,,,
1845,37,45,pendiente,,,,,
1846,37,46,pendiente,,,,,
1847,37,47,pendiente,,,,,
1848,37,48,pendiente,,,,,
1849,37,49,pendiente,,,,,
1850,37,50,pendiente,,,,,
1851,38,1,pendiente,,,,,
1852,38,2,pendiente,,,,,
1853,38,3,pendiente,,,,,
1854,38,4,pendiente,,,,,
1855,38,5,pendiente,,,,,
1856,38,6,pendiente,,,,,
1857,38,7,pendiente,,,,,
1858,38,8,pendiente,,,,,
1859,38,9,pendiente,,,,,
1860,38,10,pendiente,,,,,
1861,38,11,pendiente,,,,,
1862,38,12,pendiente,,,,,
1863,38,13,pendiente,,,,,
1864,38,14,pendiente,,,,,
1865,38,15,pendiente,,,,,
1866,38,16,pendiente,,,,,
1867,38,17,pendiente,,,,,
1868,38,18,pendiente,,,,,
1869,38,19,pendiente,,,,,
1870,38,20,pendiente,,,,,
1871,38,21,pendiente,,,,,
1872,38,22,pendiente,,,,,
1873,38,23,pendiente,,,,,
1874,38,24,pendiente,,,,,
1875,38,25,pendiente,,,,,
1876,38,26,pendiente,,,,,
1877,38,27,pendiente,,,,,
1878,38,28,pendiente,,,,,
1879,38,29,pendiente,,,,,
1880,38,30,pendiente,,,,,
1881,38,31,pendiente,,,,,
1882,38,32,pendiente,,,,,
1883,38,33,pendiente,,,,,
1884,38,34,pendiente,,,,,
1885,38,35,pendiente,,,,,
1886,38,36,pendiente,,,,,
1887,38,37,pendiente,,,,,
1888,38,38,pendiente,,,,,
1889,38,39,pendiente,,,,,
1890,38,40,pendiente,,,,,
1891,38,41,pendiente,,,,,
1892,38,42,pendiente,,,,,
1893,38,43,pendiente,,,,,
1894,38,44,pendiente,,,,,
1895,38,45,pendiente,,,,,
1896,38,46,pendiente,,,,,
1897,38,47,pendiente,,,,,
1898,38,48,pendiente,,,,,
1899,38,49,pendiente,,,,,
1900,38,50,pendiente,,,,,
1901,39,1,pendiente,,,,,
1902,39,2,pendiente,,,,,
1903,39,3,pendiente,,,,,
1904,39,4,pendiente,,,,,
1905,39,5,pendiente,,,,,
1906,39,6,pendiente,,,,,
1907,39,7,pendiente,,,,,
1908,39,8,pendiente,,,,,
1909,39,9,pendiente,,,,,
1910,39,10,pendiente,,,,,
1911,39,11,pendiente,,,,,
1912,39,12,pendiente,,,,,
1913,39,13,pendiente,,,,,
1914,39,14,pendiente,,,,,
1915,39,15,pendiente,,,,,
1916,39,16,pendiente,,,,,
1917,39,17,pendiente,,,,,
1918,39,18,pendiente,,,,,
1919,39,19,pendiente,,,,,
1920,39,20,pendiente,,,,,
1921,39,21,pendiente,,,,,
1922,39,22,pendiente,,,,,
1923,39,23,pendiente,,,,,
1924,39,24,pendiente,,,,,
1925,39,25,pendiente,,,,,
1926,39,26,pendiente,,,,,
1927,39,27,pendiente,,,,,
1928,39,28,pendiente,,,,,
1929,39,29,pendiente,,,,,
1930,39,30,pendiente,,,,,
1931,39,31,pendiente,,,,,
1932,39,32,pendiente,,,,,
1933,39,33,pendiente,,,,,
1934,39,34,pendiente,,,,,
1935,39,35,pendiente,,,,,
1936,39,36,pendiente,,,,,
1937,39,37,pendiente,,,,,
1938,39,38,pendiente,,,,,
1939,39,39,pendiente,,,,,
1940,39,40,pendiente,,,,,
1941,39,41,pendiente,,,,,
1942,39,42,pendiente,,,,,
1943,39,43,pendiente,,,,,
1944,39,44,pendiente,,,,,
1945,39,45,pendiente,,,,,
1946,39,46,pendiente,,,,,
1947,39,47,pendiente,,,,,
1948,39,48,pendiente,,,,,
1949,39,49,pendiente,,,,,
1950,39,50,pendiente,,,,,
1951,40,1,pendiente,,,,,
1952,40,2,pendiente,,,,,
1953,40,3,pendiente,,,,,
1954,40,4,pendiente,,,,,
1955,40,5,pendiente,,,,,
1956,40,6,pendiente,,,,,
1957,40,7,pendiente,,,,,
1958,40,8,pendiente,,,,,
1959,40,9,pendiente,,,,,
1960,40,10,pendiente,,,,,
1961,40,11,pendiente,,,,,
1962,40,12,pendiente,,,,,
1963,40,13,pendiente,,,,,
1964,40,14,pendiente,,,,,
1965,40,15,pendiente,,,,,
1966,40,16,pendiente,,,,,
1967,40,17,pendiente,,,,,
1968,40,18,pendiente,,,,,
1969,40,19,pendiente,,,,,
1970,40,20,pendiente,,,,,
1971,40,21,pendiente,,,,,
1972,40,22,pendiente,,,,,
1973,40,23,pendiente,,,,,
1974,40,24,pendiente,,,,,
1975,40,25,pendiente,,,,,
1976,40,26,pendiente,,,,,
1977,40,27,pendiente,,,,,
1978,40,28,pendiente,,,,,
1979,40,29,pendiente,,,,,
1980,40,30,pendiente,,,,,
1981,40,31,pendiente,,,,,
1982,40,32,pendiente,,,,,
1983,40,33,pendiente,,,,,
1984,40,34,pendiente,,,,,
1985,40,35,pendiente,,,,,
1986,40,36,pendiente,,,,,
1987,40,37,pendiente,,,,,
1988,40,38,pendiente,,,,,
1989,40,39,pendiente,,,,,
1990,40,40,pendiente,,,,,
1991,40,41,pendiente,,,,,
1992,40,42,pendiente,,,,,
1993,40,43,pendiente,,,,,
1994,40,44,pendiente,,,,,
1995,40,45,pendiente,,,,,
1996,40,46,pendiente,,,,,
1997,40,47,pendiente,,,,,
1998,40,48,pendiente,,,,,
1999,40,49,pendiente,,,,,
2000,40,50,pendiente,,,,,
2001,41,1,pendiente,,,,,
2002,41,2,pendiente,,,,,
2003,41,3,pendiente,,,,,
2004,41,4,pendiente,,,,,
2005,41,5,pendiente,,,,,
2006,41,6,pendiente,,,,,
2007,41,7,pendiente,,,,,
2008,41,8,pendiente,,,,,
2009,41,9,pendiente,,,,,
2010,41,10,pendiente,,,,,
2011,41,11,pendiente,,,,,
2012,41,12,pendiente,,,,,
2013,41,13,pendiente,,,,,
2014,41,14,pendiente,,,,,
2015,41,15,pendiente,,,,,
2016,41,16,pendiente,,,,,
2017,41,17,pendiente,,,,,
2018,41,18,pendiente,,,,,
2019,41,19,pendiente,,,,,
2020,41,20,pendiente,,,,,
2021,41,21,pendiente,,,,,
2022,41,22,pendiente,,,,,
2023,41,23,pendiente,,,,,
2024,41,24,pendiente,,,,,
2025,41,25,pendiente,,,,,
2026,41,26,pendiente,,,,,
2027,41,27,pendiente,,,,,
2028,41,28,pendiente,,,,,
2029,41,29,pendiente,,,,,
2030,41,30,pendiente,,,,,
2031,41,31,pendiente,,,,,
2032,41,32,pendiente,,,,,
2033,41,33,pendiente,,,,,
2034,41,34,pendiente,,,,,
2035,41,35,pendiente,,,,,
2036,41,36,pendiente,,,,,
2037,41,37,pendiente,,,,,
2038,41,38,pendiente,,,,,
2039,41,39,pendiente,,,,,
2040,41,40,pendiente,,,,,
2041,41,41,pendiente,,,,,
2042,41,42,pendiente,,,,,
2043,41,43,pendiente,,,,,
2044,41,44,pendiente,,,,,
2045,41,45,pendiente,,,,,
2046,41,46,pendiente,,,,,
2047,41,47,pendiente,,,,,
2048,41,48,pendiente,,,,,
2049,41,49,pendiente,,,,,
2050,41,50,pendiente,,,,,
2051,42,1,pendiente,,,,,
2052,42,2,pendiente,,,,,
2053,42,3,pendiente,,,,,
2054,42,4,pendiente,,,,,
2055,42,5,pendiente,,,,,
2056,42,6,pendiente,,,,,
2057,42,7,pendiente,,,,,
2058,42,8,pendiente,,,,,
2059,42,9,pendiente,,,,,
2060,42,10,pendiente,,,,,
2061,42,11,pendiente,,,,,
2062,42,12,pendiente,,,,,
2063,42,13,pendiente,,,,,
2064,42,14,pendiente,,,,,
2065,42,15,pendiente,,,,,
2066,42,16,pendiente,,,,,
2067,42,17,pendiente,,,,,
2068,42,18,pendiente,,,,,
2069,42,19,pendiente,,,,,
2070,42,20,pendiente,,,,,
2071,42,21,pendiente,,,,,
2072,42,22,pendiente,,,,,
2073,42,23,pendiente,,,,,
2074,42,24,pendiente,,,,,
2075,42,25,pendiente,,,,,
2076,42,26,pendiente,,,,,
2077,42,27,pendiente,,,,,
2078,42,28,pendiente,,,,,
2079,42,29,pendiente,,,,,
2080,42,30,pendiente,,,,,
2081,42,31,pendiente,,,,,
2082,42,32,pendiente,,,,,
2083,42,33,pendiente,,,,,
2084,42,34,pendiente,,,,,
2085,42,35,pendiente,,,,,
2086,42,36,pendiente,,,,,
2087,42,37,pendiente,,,,,
2088,42,38,pendiente,,,,,
2089,42,39,pendiente,,,,,
2090,42,40,pendiente,,,,,
2091,42,41,pendiente,,,,,
2092,42,42,pendiente,,,,,
2093,42,43,pendiente,,,,,
2094,42,44,pendiente,,,,,
2095,42,45,pendiente,,,,,
2096,42,46,pendiente,,,,,
2097,42,47,pendiente,,,,,
2098,42,48,pendiente,,,,,
2099,42,49,pendiente,,,,,
2100,42,50,pendiente,,,,,
2101,43,1,pendiente,,,,,
2102,43,2,pendiente,,,,,
2103,43,3,pendiente,,,,,
2104,43,4,pendiente,,,,,
2105,43,5,pendiente,,,,,
2106,43,6,pendiente,,,,,
2107,43,7,pendiente,,,,,
2108,43,8,pendiente,,,,,
2109,43,9,pendiente,,,,,
2110,43,10,pendiente,,,,,
2111,43,11,pendiente,,,,,
2112,43,12,pendiente,,,,,
2113,43,13,pendiente,,,,,
2114,43,14,pendiente,,,,,
2115,43,15,pendiente,,,,,
2116,43,16,pendiente,,,,,
2117,43,17,pendiente,,,,,
2118,43,18,pendiente,,,,,
2119,43,19,pendiente,,,,,
2120,43,20,pendiente,,,,,
2121,43,21,pendiente,,,,,
2122,43,22,pendiente,,,,,
2123,43,23,pendiente,,,,,
2124,43,24,pendiente,,,,,
2125,43,25,pendiente,,,,,
2126,43,26,pendiente,,,,,
2127,43,27,pendiente,,,,,
2128,43,28,pendiente,,,,,
2129,43,29,pendiente,,,,,
2130,43,30,pendiente,,,,,
2131,43,31,pendiente,,,,,
2132,43,32,pendiente,,,,,
2133,43,33,pendiente,,,,,
2134,43,34,pendiente,,,,,
2135,43,35,pendiente,,,,,
2136,43,36,pendiente,,,,,
2137,43,37,pendiente,,,,,
2138,43,38,pendiente,,,,,
2139,43,39,pendiente,,,,,
2140,43,40,pendiente,,,,,
2141,43,41,pendiente,,,,,
2142,43,42,pendiente,,,,,
2143,43,43,pendiente,,,,,
2144,43,44,pendiente,,,,,
2145,43,45,pendiente,,,,,
2146,43,46,pendiente,,,,,
2147,43,47,pendiente,,,,,
2148,43,48,pendiente,,,,,
2149,43,49,pendiente,,,,,
2150,43,50,pendiente,,,,,
2151,44,1,pendiente,,,,,
2152,44,2,pendiente,,,,,
2153,44,3,pendiente,,,,,
2154,44,4,pendiente,,,,,
2155,44,5,pendiente,,,,,
2156,44,6,pendiente,,,,,
2157,44,7,pendiente,,,,,
2158,44,8,pendiente,,,,,
2159,44,9,pendiente,,,,,
2160,44,10,pendiente,,,,,
2161,44,11,pendiente,,,,,
2162,44,12,pendiente,,,,,
2163,44,13,pendiente,,,,,
2164,44,14,pendiente,,,,,
2165,44,15,pendiente,,,,,
2166,44,16,pendiente,,,,,
2167,44,17,pendiente,,,,,
2168,44,18,pendiente,,,,,
2169,44,19,pendiente,,,,,
2170,44,20,pendiente,,,,,
2171,44,21,pendiente,,,,,
2172,44,22,pendiente,,,,,
2173,44,23,pendiente,,,,,
2174,44,24,pendiente,,,,,
2175,44,25,pendiente,,,,,
2176,44,26,pendiente,,,,,
2177,44,27,pendiente,,,,,
2178,44,28,pendiente,,,,,
2179,44,29,pendiente,,,,,
2180,44,30,pendiente,,,,,
2181,44,31,pendiente,,,,,
2182,44,32,pendiente,,,,,
2183,44,33,pendiente,,,,,
2184,44,34,pendiente,,,,,
2185,44,35,pendiente,,,,,
2186,44,36,pendiente,,,,,
2187,44,37,pendiente,,,,,
2188,44,38,pendiente,,,,,
2189,44,39,pendiente,,,,,
2190,44,40,pendiente,,,,,
2191,44,41,pendiente,,,,,
2192,44,42,pendiente,,,,,
2193,44,43,pendiente,,,,,
2194,44,44,pendiente,,,,,
2195,44,45,pendiente,,,,,
2196,44,46,pendiente,,,,,
2197,44,47,pendiente,,,,,
2198,44,48,pendiente,,,,,
2199,44,49,pendiente,,,,,
2200,44,50,pendiente,,,,,
2201,45,1,pendiente,,,,,
2202,45,2,pendiente,,,,,
2203,45,3,pendiente,,,,,
2204,45,4,pendiente,,,,,
2205,45,5,pendiente,,,,,
2206,45,6,pendiente,,,,,
2207,45,7,pendiente,,,,,
2208,45,8,pendiente,,,,,
2209,45,9,pendiente,,,,,
2210,45,10,pendiente,,,,,
2211,45,11,pendiente,,,,,
2212,45,12,pendiente,,,,,
2213,45,13,pendiente,,,,,
2214,45,14,pendiente,,,,,
2215,45,15,pendiente,,,,,
2216,45,16,pendiente,,,,,
2217,45,17,pendiente,,,,,
2218,45,18,pendiente,,,,,
2219,45,19,pendiente,,,,,
2220,45,20,pendiente,,,,,
2221,45,21,pendiente,,,,,
2222,45,22,pendiente,,,,,
2223,45,23,pendiente,,,,,
2224,45,24,pendiente,,,,,
2225,45,25,pendiente,,,,,
2226,45,26,pendiente,,,,,
2227,45,27,pendiente,,,,,
2228,45,28,pendiente,,,,,
2229,45,29,pendiente,,,,,
2230,45,30,pendiente,,,,,
2231,45,31,pendiente,,,,,
2232,45,32,pendiente,,,,,
2233,45,33,pendiente,,,,,
2234,45,34,pendiente,,,,,
2235,45,35,pendiente,,,,,
2236,45,36,pendiente,,,,,
2237,45,37,pendiente,,,,,
2238,45,38,pendiente,,,,,
2239,45,39,pendiente,,,,,
2240,45,40,pendiente,,,,,
2241,45,41,pendiente,,,,,
2242,45,42,pendiente,,,,,
2243,45,43,pendiente,,,,,
2244,45,44,pendiente,,,,,
2245,45,45,pendiente,,,,,
2246,45,46,pendiente,,,,,
2247,45,47,pendiente,,,,,
2248,45,48,pendiente,,,,,
2249,45,49,pendiente,,,,,
2250,45,50,pendiente,,,,,
2251,46,1,pendiente,,,,,
2252,46,2,pendiente,,,,,
2253,46,3,pendiente,,,,,
2254,46,4,pendiente,,,,,
2255,46,5,pendiente,,,,,
2256,46,6,pendiente,,,,,
2257,46,7,pendiente,,,,,
2258,46,8,pendiente,,,,,
2259,46,9,pendiente,,,,,
2260,46,10,pendiente,,,,,
2261,46,11,pendiente,,,,,
2262,46,12,pendiente,,,,,
2263,46,13,pendiente,,,,,
2264,46,14,pendiente,,,,,
2265,46,15,pendiente,,,,,
2266,46,16,pendiente,,,,,
2267,46,17,pendiente,,,,,
2268,46,18,pendiente,,,,,
2269,46,19,pendiente,,,,,
2270,46,20,pendiente,,,,,
2271,46,21,pendiente,,,,,
2272,46,22,pendiente,,,,,
2273,46,23,pendiente,,,,,
2274,46,24,pendiente,,,,,
2275,46,25,pendiente,,,,,
2276,46,26,pendiente,,,,,
2277,46,27,pendiente,,,,,
2278,46,28,pendiente,,,,,
2279,46,29,pendiente,,,,,
2280,46,30,pendiente,,,,,
2281,46,31,pendiente,,,,,
2282,46,32,pendiente,,,,,
2283,46,33,pendiente,,,,,
2284,46,34,pendiente,,,,,
2285,46,35,pendiente,,,,,
2286,46,36,pendiente,,,,,
2287,46,37,pendiente,,,,,
2288,46,38,pendiente,,,,,
2289,46,39,pendiente,,,,,
2290,46,40,pendiente,,,,,
2291,46,41,pendiente,,,,,
2292,46,42,pendiente,,,,,
2293,46,43,pendiente,,,,,
2294,46,44,pendiente,,,,,
2295,46,45,pendiente,,,,,
2296,46,46,pendiente,,,,,
2297,46,47,pendiente,,,,,
2298,46,48,pendiente,,,,,
2299,46,49,pendiente,,,,,
2300,46,50,pendiente,,,,,
2301,47,1,pendiente,,,,,
2302,47,2,pendiente,,,,,
2303,47,3,pendiente,,,,,
2304,47,4,pendiente,,,,,
2305,47,5,pendiente,,,,,
2306,47,6,pendiente,,,,,
2307,47,7,pendiente,,,,,
2308,47,8,pendiente,,,,,
2309,47,9,pendiente,,,,,
2310,47,10,pendiente,,,,,
2311,47,11,pendiente,,,,,
2312,47,12,pendiente,,,,,
2313,47,13,pendiente,,,,,
2314,47,14,pendiente,,,,,
2315,47,15,pendiente,,,,,
2316,47,16,pendiente,,,,,
2317,47,17,pendiente,,,,,
2318,47,18,pendiente,,,,,
2319,47,19,pendiente,,,,,
2320,47,20,pendiente,,,,,
2321,47,21,pendiente,,,,,
2322,47,22,pendiente,,,,,
2323,47,23,pendiente,,,,,
2324,47,24,pendiente,,,,,
2325,47,25,pendiente,,,,,
2326,47,26,pendiente,,,,,
2327,47,27,pendiente,,,,,
2328,47,28,pendiente,,,,,
2329,47,29,pendiente,,,,,
2330,47,30,pendiente,,,,,
2331,47,31,pendiente,,,,,
2332,47,32,pendiente,,,,,
2333,47,33,pendiente,,,,,
2334,47,34,pendiente,,,,,
2335,47,35,pendiente,,,,,
2336,47,36,pendiente,,,,,
2337,47,37,pendiente,,,,,
2338,47,38,pendiente,,,,,
2339,47,39,pendiente,,,,,
2340,47,40,pendiente,,,,,
2341,47,41,pendiente,,,,,
2342,47,42,pendiente,,,,,
2343,47,43,pendiente,,,,,
2344,47,44,pendiente,,,,,
2345,47,45,pendiente,,,,,
2346,47,46,pendiente,,,,,
2347,47,47,pendiente,,,,,
2348,47,48,pendiente,,,,,
2349,47,49,pendiente,,,,,
2350,47,50,pendiente,,,,,
2351,48,1,completado,Wed Apr 29 2026 00:00:00 GMT-0500 (hora de Ecuador),Thu Apr 09 2026 00:00:00 GMT-0500 (hora de Ecuador),,Verónica Ponce,
2352,48,2,completado,Wed Apr 08 2026 00:00:00 GMT-0500 (hora de Ecuador),Wed Apr 29 2026 00:00:00 GMT-0500 (hora de Ecuador),,Verónica Ponce,
2353,48,3,pendiente,Thu Apr 09 2026 00:00:00 GMT-0500 (hora de Ecuador),,,Verónica Ponce,
2354,48,4,pendiente,Thu Apr 09 2026 00:00:00 GMT-0500 (hora de Ecuador),,,Verónica Ponce,
2355,48,5,pendiente,Thu Apr 09 2026 00:00:00 GMT-0500 (hora de Ecuador),,,Verónica Ponce,
2356,48,6,pendiente,Fri Apr 10 2026 00:00:00 GMT-0500 (hora de Ecuador),,,Verónica Ponce,
2357,48,7,pendiente,Mon Apr 13 2026 00:00:00 GMT-0500 (hora de Ecuador),,,Verónica Ponce,
2358,48,8,pendiente,Tue Apr 14 2026 00:00:00 GMT-0500 (hora de Ecuador),,,Verónica Ponce,
2359,48,9,pendiente,Wed Apr 15 2026 00:00:00 GMT-0500 (hora de Ecuador),,,Verónica Ponce,
2360,48,10,pendiente,Thu Apr 16 2026 00:00:00 GMT-0500 (hora de Ecuador),,,Verónica Ponce,
2361,48,11,pendiente,Fri Apr 17 2026 00:00:00 GMT-0500 (hora de Ecuador),,,Verónica Ponce,
2362,48,12,pendiente,Fri Apr 17 2026 00:00:00 GMT-0500 (hora de Ecuador),,,Verónica Ponce,
2363,48,13,pendiente,Mon Apr 20 2026 00:00:00 GMT-0500 (hora de Ecuador),,,Verónica Ponce,
2364,48,14,pendiente,Tue Apr 21 2026 00:00:00 GMT-0500 (hora de Ecuador),,,Verónica Ponce,
2365,48,15,pendiente,Wed Apr 22 2026 00:00:00 GMT-0500 (hora de Ecuador),,,Verónica Ponce,
2366,48,16,pendiente,Thu Apr 23 2026 00:00:00 GMT-0500 (hora de Ecuador),,,Verónica Ponce,
2367,48,17,pendiente,Thu Apr 23 2026 00:00:00 GMT-0500 (hora de Ecuador),,,Verónica Ponce,
2368,48,18,pendiente,Fri Apr 24 2026 00:00:00 GMT-0500 (hora de Ecuador),,,Verónica Ponce,
2369,48,19,pendiente,Fri Apr 24 2026 00:00:00 GMT-0500 (hora de Ecuador),,,Verónica Ponce,
2370,48,20,pendiente,,,,Verónica Ponce,
2371,48,21,pendiente,,,,Verónica Ponce,
2372,48,22,pendiente,,,,Verónica Ponce,
2373,48,23,pendiente,,,,Verónica Ponce,
2374,48,24,pendiente,,,,Verónica Ponce,
2375,48,25,pendiente,,,,Verónica Ponce,
2376,48,26,pendiente,,,,Verónica Ponce,
2377,48,27,pendiente,,,,Verónica Ponce,
2378,48,28,pendiente,,,,Verónica Ponce,
2379,48,29,pendiente,,,,Verónica Ponce,
2380,48,30,pendiente,,,,Verónica Ponce,
2381,48,31,pendiente,,,,Verónica Ponce,
2382,48,32,pendiente,,,,Verónica Ponce,
2383,48,33,pendiente,Mon Apr 27 2026 00:00:00 GMT-0500 (hora de Ecuador),,,Verónica Ponce,
2384,48,34,pendiente,Tue Apr 28 2026 00:00:00 GMT-0500 (hora de Ecuador),,,Verónica Ponce,
2385,48,35,pendiente,Tue Apr 28 2026 00:00:00 GMT-0500 (hora de Ecuador),,,Verónica Ponce,
2386,48,36,pendiente,,,,Verónica Ponce,
2387,48,37,pendiente,,,,Verónica Ponce,
2388,48,38,pendiente,,,,Verónica Ponce,
2389,48,39,pendiente,Tue Apr 28 2026 00:00:00 GMT-0500 (hora de Ecuador),,,Verónica Ponce,
2390,48,40,pendiente,Mon May 04 2026 00:00:00 GMT-0500 (hora de Ecuador),,,Verónica Ponce,
2391,48,41,pendiente,,,,Verónica Ponce,
2392,48,42,pendiente,,,,Verónica Ponce,
2393,48,43,pendiente,,,,Verónica Ponce,
2394,48,44,pendiente,,,,Verónica Ponce,
2395,48,45,pendiente,,,,Verónica Ponce,
2396,48,46,pendiente,,,,Verónica Ponce,
2397,48,47,pendiente,,,,Verónica Ponce,
2398,48,48,pendiente,,,,Verónica Ponce,
2399,48,49,pendiente,,,,Verónica Ponce,
2400,48,50,pendiente,Mon May 04 2026 00:00:00 GMT-0500 (hora de Ecuador),,,Verónica Ponce,
2401,49,1,pendiente,Mon Mar 09 2026 00:00:00 GMT-0500 (hora de Ecuador),,,Maria Fernanda Solorzano,
2402,49,2,pendiente,Mon Mar 09 2026 00:00:00 GMT-0500 (hora de Ecuador),,,Maria Fernanda Solorzano,
2403,49,3,pendiente,Tue Mar 10 2026 00:00:00 GMT-0500 (hora de Ecuador),,,Maria Fernanda Solorzano,
2404,49,4,pendiente,Tue Mar 10 2026 00:00:00 GMT-0500 (hora de Ecuador),,,Maria Fernanda Solorzano,
2405,49,5,pendiente,Tue Mar 10 2026 00:00:00 GMT-0500 (hora de Ecuador),,,Maria Fernanda Solorzano,
2406,49,6,pendiente,Wed Mar 11 2026 00:00:00 GMT-0500 (hora de Ecuador),,,Maria Fernanda Solorzano,
2407,49,7,pendiente,Thu Mar 12 2026 00:00:00 GMT-0500 (hora de Ecuador),,,Maria Fernanda Solorzano,
2408,49,8,pendiente,Fri Mar 13 2026 00:00:00 GMT-0500 (hora de Ecuador),,,Maria Fernanda Solorzano,
2409,49,9,pendiente,Mon Mar 16 2026 00:00:00 GMT-0500 (hora de Ecuador),,,Maria Fernanda Solorzano,
2410,49,10,pendiente,Tue Mar 17 2026 00:00:00 GMT-0500 (hora de Ecuador),,,Maria Fernanda Solorzano,
2411,49,11,pendiente,Wed Mar 18 2026 00:00:00 GMT-0500 (hora de Ecuador),,,Maria Fernanda Solorzano,
2412,49,12,pendiente,Wed Mar 18 2026 00:00:00 GMT-0500 (hora de Ecuador),,,Maria Fernanda Solorzano,
2413,49,13,pendiente,Thu Mar 19 2026 00:00:00 GMT-0500 (hora de Ecuador),,,Maria Fernanda Solorzano,
2414,49,14,pendiente,Fri Mar 20 2026 00:00:00 GMT-0500 (hora de Ecuador),,,Maria Fernanda Solorzano,
2415,49,15,pendiente,Mon Mar 23 2026 00:00:00 GMT-0500 (hora de Ecuador),,,Maria Fernanda Solorzano,
2416,49,16,pendiente,Tue Mar 24 2026 00:00:00 GMT-0500 (hora de Ecuador),,,Maria Fernanda Solorzano,
2417,49,17,pendiente,Tue Mar 24 2026 00:00:00 GMT-0500 (hora de Ecuador),,,Maria Fernanda Solorzano,
2418,49,18,pendiente,Wed Mar 25 2026 00:00:00 GMT-0500 (hora de Ecuador),,,Maria Fernanda Solorzano,
2419,49,19,pendiente,Wed Mar 25 2026 00:00:00 GMT-0500 (hora de Ecuador),,,Maria Fernanda Solorzano,
2420,49,20,pendiente,,,,Maria Fernanda Solorzano,
2421,49,21,pendiente,,,,Maria Fernanda Solorzano,
2422,49,22,pendiente,,,,Maria Fernanda Solorzano,
2423,49,23,pendiente,,,,Maria Fernanda Solorzano,
2424,49,24,pendiente,,,,Maria Fernanda Solorzano,
2425,49,25,pendiente,,,,Maria Fernanda Solorzano,
2426,49,26,pendiente,,,,Maria Fernanda Solorzano,
2427,49,27,pendiente,,,,Maria Fernanda Solorzano,
2428,49,28,pendiente,,,,Maria Fernanda Solorzano,
2429,49,29,pendiente,,,,Maria Fernanda Solorzano,
2430,49,30,pendiente,,,,Maria Fernanda Solorzano,
2431,49,31,pendiente,,,,Maria Fernanda Solorzano,
2432,49,32,pendiente,,,,Maria Fernanda Solorzano,
2433,49,33,pendiente,Thu Mar 26 2026 00:00:00 GMT-0500 (hora de Ecuador),,,Maria Fernanda Solorzano,
2434,49,34,pendiente,Fri Mar 27 2026 00:00:00 GMT-0500 (hora de Ecuador),,,Maria Fernanda Solorzano,
2435,49,35,pendiente,Fri Mar 27 2026 00:00:00 GMT-0500 (hora de Ecuador),,,Maria Fernanda Solorzano,
2436,49,36,pendiente,Mon Mar 30 2026 00:00:00 GMT-0500 (hora de Ecuador),,,Maria Fernanda Solorzano,
2437,49,37,pendiente,Tue Mar 31 2026 00:00:00 GMT-0500 (hora de Ecuador),,,Maria Fernanda Solorzano,
2438,49,38,pendiente,Wed Apr 01 2026 00:00:00 GMT-0500 (hora de Ecuador),,,Maria Fernanda Solorzano,
2439,49,39,pendiente,Thu Apr 02 2026 00:00:00 GMT-0500 (hora de Ecuador),,,Maria Fernanda Solorzano,
2440,49,40,pendiente,Thu Apr 02 2026 00:00:00 GMT-0500 (hora de Ecuador),,,Maria Fernanda Solorzano,
2441,49,41,pendiente,Mon Apr 06 2026 00:00:00 GMT-0500 (hora de Ecuador),,,Maria Fernanda Solorzano,
2442,49,42,pendiente,Wed Apr 08 2026 00:00:00 GMT-0500 (hora de Ecuador),,,Maria Fernanda Solorzano,
2443,49,43,pendiente,Fri Apr 10 2026 00:00:00 GMT-0500 (hora de Ecuador),,,Maria Fernanda Solorzano,
2444,49,44,pendiente,Mon Apr 13 2026 00:00:00 GMT-0500 (hora de Ecuador),,,Maria Fernanda Solorzano,
2445,49,45,pendiente,Tue Apr 14 2026 00:00:00 GMT-0500 (hora de Ecuador),,,Maria Fernanda Solorzano,
2446,49,46,pendiente,Thu Apr 16 2026 00:00:00 GMT-0500 (hora de Ecuador),,,Maria Fernanda Solorzano,
2447,49,47,pendiente,Fri Apr 17 2026 00:00:00 GMT-0500 (hora de Ecuador),,,Maria Fernanda Solorzano,
2448,49,48,pendiente,Fri Apr 17 2026 00:00:00 GMT-0500 (hora de Ecuador),,,Maria Fernanda Solorzano,
2449,49,49,pendiente,Wed Apr 22 2026 00:00:00 GMT-0500 (hora de Ecuador),,,Maria Fernanda Solorzano,
2450,49,50,pendiente,Mon Apr 27 2026 00:00:00 GMT-0500 (hora de Ecuador),,,Maria Fernanda Solorzano,
2451,50,1,pendiente,,,,,
2452,50,2,pendiente,,,,,
2453,50,3,pendiente,,,,,
2454,50,4,pendiente,,,,,
2455,50,5,pendiente,,,,,
2456,50,6,pendiente,,,,,
2457,50,7,pendiente,,,,,
2458,50,8,pendiente,,,,,
2459,50,9,pendiente,,,,,
2460,50,10,pendiente,,,,,
2461,50,11,pendiente,,,,,
2462,50,12,pendiente,,,,,
2463,50,13,pendiente,,,,,
2464,50,14,pendiente,,,,,
2465,50,15,pendiente,,,,,
2466,50,16,pendiente,,,,,
2467,50,17,pendiente,,,,,
2468,50,18,pendiente,,,,,
2469,50,19,pendiente,,,,,
2470,50,20,pendiente,,,,,
2471,50,21,pendiente,,,,,
2472,50,22,pendiente,,,,,
2473,50,23,pendiente,,,,,
2474,50,24,pendiente,,,,,
2475,50,25,pendiente,,,,,
2476,50,26,pendiente,,,,,
2477,50,27,pendiente,,,,,
2478,50,28,pendiente,,,,,
2479,50,29,pendiente,,,,,
2480,50,30,pendiente,,,,,
2481,50,31,pendiente,,,,,
2482,50,32,pendiente,,,,,
2483,50,33,pendiente,,,,,
2484,50,34,pendiente,,,,,
2485,50,35,pendiente,,,,,
2486,50,36,pendiente,,,,,
2487,50,37,pendiente,,,,,
2488,50,38,pendiente,,,,,
2489,50,39,pendiente,,,,,
2490,50,40,pendiente,,,,,
2491,50,41,pendiente,Thu Jan 04 1900 00:00:00 GMT-0514 (hora de Ecuador),,,,
2492,50,42,pendiente,Mon Jan 08 1900 00:00:00 GMT-0514 (hora de Ecuador),,,,
2493,50,43,pendiente,Fri Jan 12 1900 00:00:00 GMT-0514 (hora de Ecuador),,,,
2494,50,44,pendiente,Mon Jan 15 1900 00:00:00 GMT-0514 (hora de Ecuador),,,,
2495,50,45,pendiente,Tue Jan 16 1900 00:00:00 GMT-0514 (hora de Ecuador),,,,
2496,50,46,pendiente,Thu Jan 18 1900 00:00:00 GMT-0514 (hora de Ecuador),,,,
2497,50,47,pendiente,Fri Jan 19 1900 00:00:00 GMT-0514 (hora de Ecuador),,,,
2498,50,48,pendiente,Fri Jan 19 1900 00:00:00 GMT-0514 (hora de Ecuador),,,,
2499,50,49,pendiente,Wed Jan 24 1900 00:00:00 GMT-0514 (hora de Ecuador),,,,
2500,50,50,pendiente,,,,,
2501,51,1,pendiente,,,,,
2502,51,2,pendiente,,,,,
2503,51,3,pendiente,,,,,
2504,51,4,pendiente,,,,,
2505,51,5,pendiente,,,,,
2506,51,6,pendiente,,,,,
2507,51,7,pendiente,,,,,
2508,51,8,pendiente,,,,,
2509,51,9,pendiente,,,,,
2510,51,10,pendiente,,,,,
2511,51,11,pendiente,,,,,
2512,51,12,pendiente,,,,,
2513,51,13,pendiente,,,,,
2514,51,14,pendiente,,,,,
2515,51,15,pendiente,,,,,
2516,51,16,pendiente,,,,,
2517,51,17,pendiente,,,,,
2518,51,18,pendiente,,,,,
2519,51,19,pendiente,,,,,
2520,51,20,pendiente,,,,,
2521,51,21,pendiente,,,,,
2522,51,22,pendiente,,,,,
2523,51,23,pendiente,,,,,
2524,51,24,pendiente,,,,,
2525,51,25,pendiente,,,,,
2526,51,26,pendiente,,,,,
2527,51,27,pendiente,,,,,
2528,51,28,pendiente,,,,,
2529,51,29,pendiente,,,,,
2530,51,30,pendiente,,,,,
2531,51,31,pendiente,,,,,
2532,51,32,pendiente,,,,,
2533,51,33,pendiente,,,,,
2534,51,34,pendiente,,,,,
2535,51,35,pendiente,,,,,
2536,51,36,pendiente,,,,,
2537,51,37,pendiente,,,,,
2538,51,38,pendiente,,,,,
2539,51,39,pendiente,,,,,
2540,51,40,pendiente,,,,,
2541,51,41,pendiente,,,,,
2542,51,42,pendiente,,,,,
2543,51,43,pendiente,,,,,
2544,51,44,pendiente,,,,,
2545,51,45,pendiente,,,,,
2546,51,46,pendiente,,,,,
2547,51,47,pendiente,,,,,
2548,51,48,pendiente,,,,,
2549,51,49,pendiente,,,,,
2550,51,50,pendiente,,,,,
2551,52,1,completado,Sun Mar 01 2026 00:00:00 GMT-0500 (hora de Ecuador),Wed Mar 04 2026 00:00:00 GMT-0500 (hora de Ecuador),,,
2552,52,2,completado,Wed Mar 04 2026 00:00:00 GMT-0500 (hora de Ecuador),Wed Mar 04 2026 00:00:00 GMT-0500 (hora de Ecuador),,,
2553,52,3,completado,Thu Mar 12 2026 00:00:00 GMT-0500 (hora de Ecuador),Thu Mar 12 2026 00:00:00 GMT-0500 (hora de Ecuador),,,
2554,52,4,completado,Thu Mar 12 2026 00:00:00 GMT-0500 (hora de Ecuador),Thu Mar 12 2026 00:00:00 GMT-0500 (hora de Ecuador),,,
2555,52,5,completado,Thu Mar 12 2026 00:00:00 GMT-0500 (hora de Ecuador),Thu Mar 12 2026 00:00:00 GMT-0500 (hora de Ecuador),,,
2556,52,6,completado,Thu Mar 12 2026 00:00:00 GMT-0500 (hora de Ecuador),Thu Mar 19 2026 00:00:00 GMT-0500 (hora de Ecuador),,,
2557,52,7,completado,Thu Mar 12 2026 00:00:00 GMT-0500 (hora de Ecuador),Fri Mar 20 2026 00:00:00 GMT-0500 (hora de Ecuador),,,
2558,52,8,completado,Thu Mar 12 2026 00:00:00 GMT-0500 (hora de Ecuador),Mon Mar 23 2026 00:00:00 GMT-0500 (hora de Ecuador),,,
2559,52,9,completado,Thu Mar 12 2026 00:00:00 GMT-0500 (hora de Ecuador),Tue Mar 24 2026 00:00:00 GMT-0500 (hora de Ecuador),,,
2560,52,10,completado,Thu Mar 12 2026 00:00:00 GMT-0500 (hora de Ecuador),Wed Mar 25 2026 00:00:00 GMT-0500 (hora de Ecuador),,,
2561,52,11,completado,Tue Mar 10 2026 00:00:00 GMT-0500 (hora de Ecuador),Thu Mar 26 2026 00:00:00 GMT-0500 (hora de Ecuador),,,
2562,52,12,completado,Fri Mar 13 2026 00:00:00 GMT-0500 (hora de Ecuador),Thu Mar 26 2026 00:00:00 GMT-0500 (hora de Ecuador),,,
2563,52,13,completado,Fri Mar 13 2026 00:00:00 GMT-0500 (hora de Ecuador),Fri Mar 27 2026 00:00:00 GMT-0500 (hora de Ecuador),,,
2564,52,14,completado,Wed Mar 18 2026 00:00:00 GMT-0500 (hora de Ecuador),Mon Mar 30 2026 00:00:00 GMT-0500 (hora de Ecuador),,,
2565,52,15,completado,Thu Mar 19 2026 00:00:00 GMT-0500 (hora de Ecuador),Mon Apr 06 2026 00:00:00 GMT-0500 (hora de Ecuador),,,
2566,52,16,completado,Thu Mar 19 2026 00:00:00 GMT-0500 (hora de Ecuador),Mon Apr 06 2026 00:00:00 GMT-0500 (hora de Ecuador),,,
2567,52,17,completado,Fri Mar 20 2026 00:00:00 GMT-0500 (hora de Ecuador),Mon Apr 06 2026 00:00:00 GMT-0500 (hora de Ecuador),,,
2568,52,18,completado,Mon Mar 23 2026 00:00:00 GMT-0500 (hora de Ecuador),Mon Apr 06 2026 00:00:00 GMT-0500 (hora de Ecuador),,,
2569,52,19,completado,Mon Mar 23 2026 00:00:00 GMT-0500 (hora de Ecuador),Mon Apr 06 2026 00:00:00 GMT-0500 (hora de Ecuador),,,
2570,52,20,pendiente,,,,,
2571,52,21,pendiente,,,,,
2572,52,22,pendiente,,,,,
2573,52,23,pendiente,,,,,
2574,52,24,pendiente,,,,,
2575,52,25,pendiente,,,,,
2576,52,26,pendiente,,,,,
2577,52,27,pendiente,,,,,
2578,52,28,pendiente,,,,,
2579,52,29,pendiente,,,,,
2580,52,30,pendiente,,,,,
2581,52,31,pendiente,,,,,
2582,52,32,pendiente,,,,,
2583,52,33,completado,Tue Mar 24 2026 00:00:00 GMT-0500 (hora de Ecuador),Mon Jul 20 2026 00:00:00 GMT-0500 (hora de Ecuador),,,
2584,52,34,completado,Wed Mar 25 2026 00:00:00 GMT-0500 (hora de Ecuador),Mon Apr 06 2026 00:00:00 GMT-0500 (hora de Ecuador),,,
2585,52,35,completado,Thu Mar 26 2026 00:00:00 GMT-0500 (hora de Ecuador),Mon Apr 06 2026 00:00:00 GMT-0500 (hora de Ecuador),,,
2586,52,36,completado,Fri Mar 27 2026 00:00:00 GMT-0500 (hora de Ecuador),Tue Apr 07 2026 00:00:00 GMT-0500 (hora de Ecuador),,,
2587,52,37,completado,Fri Mar 27 2026 00:00:00 GMT-0500 (hora de Ecuador),Wed Apr 08 2026 00:00:00 GMT-0500 (hora de Ecuador),,,
2588,52,38,completado,Mon Mar 30 2026 00:00:00 GMT-0500 (hora de Ecuador),Mon Apr 13 2026 00:00:00 GMT-0500 (hora de Ecuador),,,
2589,52,39,completado,Mon Mar 30 2026 00:00:00 GMT-0500 (hora de Ecuador),Tue Jul 21 2026 00:00:00 GMT-0500 (hora de Ecuador),,,
2590,52,40,completado,Wed Apr 01 2026 00:00:00 GMT-0500 (hora de Ecuador),Mon Apr 13 2026 00:00:00 GMT-0500 (hora de Ecuador),,,
2591,52,41,completado,Mon Apr 06 2026 00:00:00 GMT-0500 (hora de Ecuador),Tue Apr 28 2026 00:00:00 GMT-0500 (hora de Ecuador),,,
2592,52,42,completado,Wed Apr 08 2026 00:00:00 GMT-0500 (hora de Ecuador),Tue Apr 28 2026 00:00:00 GMT-0500 (hora de Ecuador),,,
2593,52,43,completado,Fri Apr 10 2026 00:00:00 GMT-0500 (hora de Ecuador),Fri May 08 2026 00:00:00 GMT-0500 (hora de Ecuador),,,
2594,52,44,completado,Tue Apr 14 2026 00:00:00 GMT-0500 (hora de Ecuador),Fri May 08 2026 00:00:00 GMT-0500 (hora de Ecuador),,,
2595,52,45,completado,Wed Apr 15 2026 00:00:00 GMT-0500 (hora de Ecuador),Fri May 08 2026 00:00:00 GMT-0500 (hora de Ecuador),,,
2596,52,46,completado,Fri Apr 17 2026 00:00:00 GMT-0500 (hora de Ecuador),Fri May 08 2026 00:00:00 GMT-0500 (hora de Ecuador),,,
2597,52,47,completado,Mon Apr 20 2026 00:00:00 GMT-0500 (hora de Ecuador),Fri May 08 2026 00:00:00 GMT-0500 (hora de Ecuador),,,
2598,52,48,completado,Mon Apr 20 2026 00:00:00 GMT-0500 (hora de Ecuador),Fri May 08 2026 00:00:00 GMT-0500 (hora de Ecuador),,,
2599,52,49,completado,Thu Apr 23 2026 00:00:00 GMT-0500 (hora de Ecuador),Mon May 18 2026 00:00:00 GMT-0500 (hora de Ecuador),,,
2600,52,50,completado,Tue Apr 28 2026 00:00:00 GMT-0500 (hora de Ecuador),Wed May 27 2026 00:00:00 GMT-0500 (hora de Ecuador),,,
2601,53,1,pendiente,,,,,
2602,53,2,pendiente,,,,,
2603,53,3,pendiente,,,,,
2604,53,4,pendiente,,,,,
2605,53,5,pendiente,,,,,
2606,53,6,pendiente,,,,,
2607,53,7,pendiente,,,,,
2608,53,8,pendiente,,,,,
2609,53,9,pendiente,,,,,
2610,53,10,pendiente,,,,,
2611,53,11,pendiente,,,,,
2612,53,12,pendiente,,,,,
2613,53,13,pendiente,,,,,
2614,53,14,pendiente,,,,,
2615,53,15,pendiente,,,,,
2616,53,16,pendiente,,,,,
2617,53,17,pendiente,,,,,
2618,53,18,pendiente,,,,,
2619,53,19,pendiente,,,,,
2620,53,20,pendiente,,,,,
2621,53,21,pendiente,,,,,
2622,53,22,pendiente,,,,,
2623,53,23,pendiente,,,,,
2624,53,24,pendiente,,,,,
2625,53,25,pendiente,,,,,
2626,53,26,pendiente,,,,,
2627,53,27,pendiente,,,,,
2628,53,28,pendiente,,,,,
2629,53,29,pendiente,,,,,
2630,53,30,pendiente,,,,,
2631,53,31,pendiente,,,,,
2632,53,32,pendiente,,,,,
2633,53,33,pendiente,,,,,
2634,53,34,pendiente,,,,,
2635,53,35,pendiente,,,,,
2636,53,36,pendiente,,,,,
2637,53,37,pendiente,,,,,
2638,53,38,pendiente,,,,,
2639,53,39,pendiente,,,,,
2640,53,40,pendiente,,,,,
2641,53,41,pendiente,,,,,
2642,53,42,pendiente,,,,,
2643,53,43,pendiente,,,,,
2644,53,44,pendiente,,,,,
2645,53,45,pendiente,,,,,
2646,53,46,pendiente,,,,,
2647,53,47,pendiente,,,,,
2648,53,48,pendiente,,,,,
2649,53,49,pendiente,,,,,
2650,53,50,pendiente,,,,,
2651,54,1,pendiente,,,,,
2652,54,2,pendiente,,,,,
2653,54,3,pendiente,,,,,
2654,54,4,pendiente,,,,,
2655,54,5,pendiente,,,,,
2656,54,6,pendiente,,,,,
2657,54,7,pendiente,,,,,
2658,54,8,pendiente,,,,,
2659,54,9,pendiente,,,,,
2660,54,10,pendiente,,,,,
2661,54,11,pendiente,,,,,
2662,54,12,pendiente,,,,,
2663,54,13,pendiente,,,,,
2664,54,14,pendiente,,,,,
2665,54,15,pendiente,,,,,
2666,54,16,pendiente,,,,,
2667,54,17,pendiente,,,,,
2668,54,18,pendiente,,,,,
2669,54,19,pendiente,,,,,
2670,54,20,pendiente,,,,,
2671,54,21,pendiente,,,,,
2672,54,22,pendiente,,,,,
2673,54,23,pendiente,,,,,
2674,54,24,pendiente,,,,,
2675,54,25,pendiente,,,,,
2676,54,26,pendiente,,,,,
2677,54,27,pendiente,,,,,
2678,54,28,pendiente,,,,,
2679,54,29,pendiente,,,,,
2680,54,30,pendiente,,,,,
2681,54,31,pendiente,,,,,
2682,54,32,pendiente,,,,,
2683,54,33,pendiente,,,,,
2684,54,34,pendiente,,,,,
2685,54,35,pendiente,,,,,
2686,54,36,pendiente,,,,,
2687,54,37,pendiente,,,,,
2688,54,38,pendiente,,,,,
2689,54,39,pendiente,,,,,
2690,54,40,pendiente,,,,,
2691,54,41,pendiente,,,,,
2692,54,42,pendiente,,,,,
2693,54,43,pendiente,,,,,
2694,54,44,pendiente,,,,,
2695,54,45,pendiente,,,,,
2696,54,46,pendiente,,,,,
2697,54,47,pendiente,,,,,
2698,54,48,pendiente,,,,,
2699,54,49,pendiente,,,,,
2700,54,50,pendiente,,,,,
2701,55,1,pendiente,,,,,
2702,55,2,pendiente,,,,,
2703,55,3,pendiente,,,,,
2704,55,4,pendiente,,,,,
2705,55,5,pendiente,,,,,
2706,55,6,pendiente,,,,,
2707,55,7,pendiente,,,,,
2708,55,8,pendiente,,,,,
2709,55,9,pendiente,,,,,
2710,55,10,pendiente,,,,,
2711,55,11,pendiente,,,,,
2712,55,12,pendiente,,,,,
2713,55,13,pendiente,,,,,
2714,55,14,pendiente,,,,,
2715,55,15,pendiente,,,,,
2716,55,16,pendiente,,,,,
2717,55,17,pendiente,,,,,
2718,55,18,pendiente,,,,,
2719,55,19,pendiente,,,,,
2720,55,20,pendiente,,,,,
2721,55,21,pendiente,,,,,
2722,55,22,pendiente,,,,,
2723,55,23,pendiente,,,,,
2724,55,24,pendiente,,,,,
2725,55,25,pendiente,,,,,
2726,55,26,pendiente,,,,,
2727,55,27,pendiente,,,,,
2728,55,28,pendiente,,,,,
2729,55,29,pendiente,,,,,
2730,55,30,pendiente,,,,,
2731,55,31,pendiente,,,,,
2732,55,32,pendiente,,,,,
2733,55,33,pendiente,,,,,
2734,55,34,pendiente,,,,,
2735,55,35,pendiente,,,,,
2736,55,36,pendiente,,,,,
2737,55,37,pendiente,,,,,
2738,55,38,pendiente,,,,,
2739,55,39,pendiente,,,,,
2740,55,40,pendiente,,,,,
2741,55,41,pendiente,,,,,
2742,55,42,pendiente,,,,,
2743,55,43,pendiente,,,,,
2744,55,44,pendiente,,,,,
2745,55,45,pendiente,,,,,
2746,55,46,pendiente,,,,,
2747,55,47,pendiente,,,,,
2748,55,48,pendiente,,,,,
2749,55,49,pendiente,,,,,
2750,55,50,pendiente,,,,,
2751,56,1,pendiente,,,,,
2752,56,2,pendiente,,,,,
2753,56,3,pendiente,,,,,
2754,56,4,pendiente,,,,,
2755,56,5,pendiente,,,,,
2756,56,6,pendiente,,,,,
2757,56,7,pendiente,,,,,
2758,56,8,pendiente,,,,,
2759,56,9,pendiente,,,,,
2760,56,10,pendiente,,,,,
2761,56,11,pendiente,,,,,
2762,56,12,pendiente,,,,,
2763,56,13,pendiente,,,,,
2764,56,14,pendiente,,,,,
2765,56,15,pendiente,,,,,
2766,56,16,pendiente,,,,,
2767,56,17,pendiente,,,,,
2768,56,18,pendiente,,,,,
2769,56,19,pendiente,,,,,
2770,56,20,pendiente,,,,,
2771,56,21,pendiente,,,,,
2772,56,22,pendiente,,,,,
2773,56,23,pendiente,,,,,
2774,56,24,pendiente,,,,,
2775,56,25,pendiente,,,,,
2776,56,26,pendiente,,,,,
2777,56,27,pendiente,,,,,
2778,56,28,pendiente,,,,,
2779,56,29,pendiente,,,,,
2780,56,30,pendiente,,,,,
2781,56,31,pendiente,,,,,
2782,56,32,pendiente,,,,,
2783,56,33,pendiente,,,,,
2784,56,34,pendiente,,,,,
2785,56,35,pendiente,,,,,
2786,56,36,pendiente,,,,,
2787,56,37,pendiente,,,,,
2788,56,38,pendiente,,,,,
2789,56,39,pendiente,,,,,
2790,56,40,pendiente,,,,,
2791,56,41,pendiente,,,,,
2792,56,42,pendiente,,,,,
2793,56,43,pendiente,,,,,
2794,56,44,pendiente,,,,,
2795,56,45,pendiente,,,,,
2796,56,46,pendiente,,,,,
2797,56,47,pendiente,,,,,
2798,56,48,pendiente,,,,,
2799,56,49,pendiente,,,,,
2800,56,50,pendiente,,,,,
2801,57,1,pendiente,,,,,
2802,57,2,pendiente,,,,,
2803,57,3,pendiente,,,,,
2804,57,4,pendiente,,,,,
2805,57,5,pendiente,,,,,
2806,57,6,pendiente,,,,,
2807,57,7,pendiente,,,,,
2808,57,8,pendiente,,,,,
2809,57,9,pendiente,,,,,
2810,57,10,pendiente,,,,,
2811,57,11,pendiente,,,,,
2812,57,12,pendiente,,,,,
2813,57,13,pendiente,,,,,
2814,57,14,pendiente,,,,,
2815,57,15,pendiente,,,,,
2816,57,16,pendiente,,,,,
2817,57,17,pendiente,,,,,
2818,57,18,pendiente,,,,,
2819,57,19,pendiente,,,,,
2820,57,20,pendiente,,,,,
2821,57,21,pendiente,,,,,
2822,57,22,pendiente,,,,,
2823,57,23,pendiente,,,,,
2824,57,24,pendiente,,,,,
2825,57,25,pendiente,,,,,
2826,57,26,pendiente,,,,,
2827,57,27,pendiente,,,,,
2828,57,28,pendiente,,,,,
2829,57,29,pendiente,,,,,
2830,57,30,pendiente,,,,,
2831,57,31,pendiente,,,,,
2832,57,32,pendiente,,,,,
2833,57,33,pendiente,,,,,
2834,57,34,pendiente,,,,,
2835,57,35,pendiente,,,,,
2836,57,36,pendiente,,,,,
2837,57,37,pendiente,,,,,
2838,57,38,pendiente,,,,,
2839,57,39,pendiente,,,,,
2840,57,40,pendiente,,,,,
2841,57,41,pendiente,,,,,
2842,57,42,pendiente,,,,,
2843,57,43,pendiente,,,,,
2844,57,44,pendiente,,,,,
2845,57,45,pendiente,,,,,
2846,57,46,pendiente,,,,,
2847,57,47,pendiente,,,,,
2848,57,48,pendiente,,,,,
2849,57,49,pendiente,,,,,
2850,57,50,pendiente,,,,,
2851,58,1,pendiente,,,,,
2852,58,2,pendiente,,,,,
2853,58,3,pendiente,,,,,
2854,58,4,pendiente,,,,,
2855,58,5,pendiente,,,,,
2856,58,6,pendiente,,,,,
2857,58,7,pendiente,,,,,
2858,58,8,pendiente,,,,,
2859,58,9,pendiente,,,,,
2860,58,10,pendiente,,,,,
2861,58,11,pendiente,,,,,
2862,58,12,pendiente,,,,,
2863,58,13,pendiente,,,,,
2864,58,14,pendiente,,,,,
2865,58,15,pendiente,,,,,
2866,58,16,pendiente,,,,,
2867,58,17,pendiente,,,,,
2868,58,18,pendiente,,,,,
2869,58,19,pendiente,,,,,
2870,58,20,pendiente,,,,,
2871,58,21,pendiente,,,,,
2872,58,22,pendiente,,,,,
2873,58,23,pendiente,,,,,
2874,58,24,pendiente,,,,,
2875,58,25,pendiente,,,,,
2876,58,26,pendiente,,,,,
2877,58,27,pendiente,,,,,
2878,58,28,pendiente,,,,,
2879,58,29,pendiente,,,,,
2880,58,30,pendiente,,,,,
2881,58,31,pendiente,,,,,
2882,58,32,pendiente,,,,,
2883,58,33,pendiente,,,,,
2884,58,34,pendiente,,,,,
2885,58,35,pendiente,,,,,
2886,58,36,pendiente,,,,,
2887,58,37,pendiente,,,,,
2888,58,38,pendiente,,,,,
2889,58,39,pendiente,,,,,
2890,58,40,pendiente,,,,,
2891,58,41,pendiente,,,,,
2892,58,42,pendiente,,,,,
2893,58,43,pendiente,,,,,
2894,58,44,pendiente,,,,,
2895,58,45,pendiente,,,,,
2896,58,46,pendiente,,,,,
2897,58,47,pendiente,,,,,
2898,58,48,pendiente,,,,,
2899,58,49,pendiente,,,,,
2900,58,50,pendiente,,,,,
2901,59,1,completado,Wed Feb 25 2026 00:00:00 GMT-0500 (hora de Ecuador),Wed Feb 25 2026 00:00:00 GMT-0500 (hora de Ecuador),,,
2902,59,2,completado,Thu Feb 26 2026 00:00:00 GMT-0500 (hora de Ecuador),Thu Feb 26 2026 00:00:00 GMT-0500 (hora de Ecuador),,,
2903,59,3,completado,Thu Mar 05 2026 00:00:00 GMT-0500 (hora de Ecuador),Thu Mar 05 2026 00:00:00 GMT-0500 (hora de Ecuador),,,
2904,59,4,completado,Thu Mar 05 2026 00:00:00 GMT-0500 (hora de Ecuador),Thu Mar 05 2026 00:00:00 GMT-0500 (hora de Ecuador),,,
2905,59,5,completado,Thu Mar 05 2026 00:00:00 GMT-0500 (hora de Ecuador),Thu Mar 05 2026 00:00:00 GMT-0500 (hora de Ecuador),,,
2906,59,6,completado,Thu Mar 05 2026 00:00:00 GMT-0500 (hora de Ecuador),Thu Mar 05 2026 00:00:00 GMT-0500 (hora de Ecuador),,,
2907,59,7,completado,Thu Mar 05 2026 00:00:00 GMT-0500 (hora de Ecuador),Thu Mar 05 2026 00:00:00 GMT-0500 (hora de Ecuador),,,
2908,59,8,completado,Fri Mar 06 2026 00:00:00 GMT-0500 (hora de Ecuador),Fri Mar 06 2026 00:00:00 GMT-0500 (hora de Ecuador),,,
2909,59,9,completado,Fri Mar 06 2026 00:00:00 GMT-0500 (hora de Ecuador),Fri Mar 06 2026 00:00:00 GMT-0500 (hora de Ecuador),,,
2910,59,10,completado,Fri Mar 06 2026 00:00:00 GMT-0500 (hora de Ecuador),Fri Mar 06 2026 00:00:00 GMT-0500 (hora de Ecuador),,,
2911,59,11,completado,Fri Mar 06 2026 00:00:00 GMT-0500 (hora de Ecuador),Fri Mar 06 2026 00:00:00 GMT-0500 (hora de Ecuador),,,
2912,59,12,completado,Mon Mar 09 2026 00:00:00 GMT-0500 (hora de Ecuador),Mon Mar 09 2026 00:00:00 GMT-0500 (hora de Ecuador),,,
2913,59,13,completado,Mon Mar 09 2026 00:00:00 GMT-0500 (hora de Ecuador),Wed Mar 25 2026 00:00:00 GMT-0500 (hora de Ecuador),,,
2914,59,14,completado,Wed Mar 11 2026 00:00:00 GMT-0500 (hora de Ecuador),Fri Mar 27 2026 00:00:00 GMT-0500 (hora de Ecuador),,,
2915,59,15,completado,Thu Mar 12 2026 00:00:00 GMT-0500 (hora de Ecuador),Mon Mar 30 2026 00:00:00 GMT-0500 (hora de Ecuador),,,
2916,59,16,completado,Thu Mar 12 2026 00:00:00 GMT-0500 (hora de Ecuador),Mon Mar 30 2026 00:00:00 GMT-0500 (hora de Ecuador),,,
2917,59,17,completado,Fri Mar 13 2026 00:00:00 GMT-0500 (hora de Ecuador),Mon Mar 30 2026 00:00:00 GMT-0500 (hora de Ecuador),,,
2918,59,18,completado,Mon Mar 16 2026 00:00:00 GMT-0500 (hora de Ecuador),Mon Mar 30 2026 00:00:00 GMT-0500 (hora de Ecuador),,,
2919,59,19,completado,Mon Mar 16 2026 00:00:00 GMT-0500 (hora de Ecuador),Mon Mar 30 2026 00:00:00 GMT-0500 (hora de Ecuador),,,
2920,59,20,pendiente,,,,,
2921,59,21,pendiente,,,,,
2922,59,22,pendiente,,,,,
2923,59,23,pendiente,,,,,
2924,59,24,pendiente,,,,,
2925,59,25,pendiente,,,,,
2926,59,26,pendiente,,,,,
2927,59,27,pendiente,,,,,
2928,59,28,pendiente,,,,,
2929,59,29,pendiente,,,,,
2930,59,30,pendiente,,,,,
2931,59,31,pendiente,,,,,
2932,59,32,pendiente,,,,,
2933,59,33,completado,Wed Mar 18 2026 00:00:00 GMT-0500 (hora de Ecuador),Tue Mar 31 2026 00:00:00 GMT-0500 (hora de Ecuador),,,
2934,59,34,completado,Wed Mar 18 2026 00:00:00 GMT-0500 (hora de Ecuador),Tue Mar 31 2026 00:00:00 GMT-0500 (hora de Ecuador),,,
2935,59,35,completado,Thu Mar 19 2026 00:00:00 GMT-0500 (hora de Ecuador),Tue Mar 31 2026 00:00:00 GMT-0500 (hora de Ecuador),,,
2936,59,36,completado,Fri Mar 20 2026 00:00:00 GMT-0500 (hora de Ecuador),Tue Mar 31 2026 00:00:00 GMT-0500 (hora de Ecuador),,,
2937,59,37,completado,Fri Mar 20 2026 00:00:00 GMT-0500 (hora de Ecuador),Tue Mar 31 2026 00:00:00 GMT-0500 (hora de Ecuador),,,
2938,59,38,completado,Mon Mar 23 2026 00:00:00 GMT-0500 (hora de Ecuador),Tue Mar 31 2026 00:00:00 GMT-0500 (hora de Ecuador),,,
2939,59,39,completado,Mon Mar 23 2026 00:00:00 GMT-0500 (hora de Ecuador),Tue Mar 31 2026 00:00:00 GMT-0500 (hora de Ecuador),,,
2940,59,40,completado,Tue Mar 24 2026 00:00:00 GMT-0500 (hora de Ecuador),Tue Mar 31 2026 00:00:00 GMT-0500 (hora de Ecuador),,,
2941,59,41,completado,Thu Mar 26 2026 00:00:00 GMT-0500 (hora de Ecuador),Tue Mar 31 2026 00:00:00 GMT-0500 (hora de Ecuador),,,
2942,59,42,completado,Mon Mar 30 2026 00:00:00 GMT-0500 (hora de Ecuador),Tue Mar 31 2026 00:00:00 GMT-0500 (hora de Ecuador),,,
2943,59,43,completado,Thu Apr 02 2026 00:00:00 GMT-0500 (hora de Ecuador),Tue Mar 31 2026 00:00:00 GMT-0500 (hora de Ecuador),,,
2944,59,44,completado,Mon Apr 06 2026 00:00:00 GMT-0500 (hora de Ecuador),Tue Mar 31 2026 00:00:00 GMT-0500 (hora de Ecuador),,,
2945,59,45,completado,Tue Apr 07 2026 00:00:00 GMT-0500 (hora de Ecuador),Tue Mar 31 2026 00:00:00 GMT-0500 (hora de Ecuador),,,
2946,59,46,completado,Thu Apr 09 2026 00:00:00 GMT-0500 (hora de Ecuador),Tue Mar 31 2026 00:00:00 GMT-0500 (hora de Ecuador),,,
2947,59,47,completado,Fri Apr 10 2026 00:00:00 GMT-0500 (hora de Ecuador),Tue Mar 31 2026 00:00:00 GMT-0500 (hora de Ecuador),,,
2948,59,48,completado,Fri Apr 10 2026 00:00:00 GMT-0500 (hora de Ecuador),Tue Mar 31 2026 00:00:00 GMT-0500 (hora de Ecuador),,,
2949,59,49,completado,Wed Apr 15 2026 00:00:00 GMT-0500 (hora de Ecuador),Tue Mar 31 2026 00:00:00 GMT-0500 (hora de Ecuador),,,
2950,59,50,completado,Mon Apr 20 2026 00:00:00 GMT-0500 (hora de Ecuador),Tue Mar 31 2026 00:00:00 GMT-0500 (hora de Ecuador),,,
2951,60,1,completado,Wed Feb 25 2026 00:00:00 GMT-0500 (hora de Ecuador),Wed Feb 25 2026 00:00:00 GMT-0500 (hora de Ecuador),,,
2952,60,2,completado,Thu Feb 26 2026 00:00:00 GMT-0500 (hora de Ecuador),Thu Feb 26 2026 00:00:00 GMT-0500 (hora de Ecuador),,,
2953,60,3,completado,Thu Mar 05 2026 00:00:00 GMT-0500 (hora de Ecuador),Thu Mar 05 2026 00:00:00 GMT-0500 (hora de Ecuador),,,
2954,60,4,completado,Thu Mar 05 2026 00:00:00 GMT-0500 (hora de Ecuador),Thu Mar 05 2026 00:00:00 GMT-0500 (hora de Ecuador),,,
2955,60,5,completado,Thu Mar 05 2026 00:00:00 GMT-0500 (hora de Ecuador),Thu Mar 05 2026 00:00:00 GMT-0500 (hora de Ecuador),,,
2956,60,6,completado,Thu Mar 05 2026 00:00:00 GMT-0500 (hora de Ecuador),Thu Mar 05 2026 00:00:00 GMT-0500 (hora de Ecuador),,,
2957,60,7,completado,Thu Mar 05 2026 00:00:00 GMT-0500 (hora de Ecuador),Thu Mar 05 2026 00:00:00 GMT-0500 (hora de Ecuador),,,
2958,60,8,completado,Fri Mar 06 2026 00:00:00 GMT-0500 (hora de Ecuador),Fri Mar 06 2026 00:00:00 GMT-0500 (hora de Ecuador),,,
2959,60,9,completado,Fri Mar 06 2026 00:00:00 GMT-0500 (hora de Ecuador),Fri Mar 06 2026 00:00:00 GMT-0500 (hora de Ecuador),,,
2960,60,10,completado,Fri Mar 06 2026 00:00:00 GMT-0500 (hora de Ecuador),Fri Mar 06 2026 00:00:00 GMT-0500 (hora de Ecuador),,,
2961,60,11,completado,Fri Mar 06 2026 00:00:00 GMT-0500 (hora de Ecuador),Fri Mar 06 2026 00:00:00 GMT-0500 (hora de Ecuador),,,
2962,60,12,completado,Mon Mar 09 2026 00:00:00 GMT-0500 (hora de Ecuador),Mon Mar 09 2026 00:00:00 GMT-0500 (hora de Ecuador),,,
2963,60,13,completado,Mon Mar 09 2026 00:00:00 GMT-0500 (hora de Ecuador),Wed Mar 25 2026 00:00:00 GMT-0500 (hora de Ecuador),,,
2964,60,14,completado,Wed Mar 11 2026 00:00:00 GMT-0500 (hora de Ecuador),Fri Mar 27 2026 00:00:00 GMT-0500 (hora de Ecuador),,,
2965,60,15,completado,Thu Mar 12 2026 00:00:00 GMT-0500 (hora de Ecuador),Mon Mar 30 2026 00:00:00 GMT-0500 (hora de Ecuador),,,
2966,60,16,completado,Thu Mar 12 2026 00:00:00 GMT-0500 (hora de Ecuador),Mon Mar 30 2026 00:00:00 GMT-0500 (hora de Ecuador),,,
2967,60,17,completado,Fri Mar 13 2026 00:00:00 GMT-0500 (hora de Ecuador),Mon Mar 30 2026 00:00:00 GMT-0500 (hora de Ecuador),,,
2968,60,18,completado,Mon Mar 16 2026 00:00:00 GMT-0500 (hora de Ecuador),Mon Mar 30 2026 00:00:00 GMT-0500 (hora de Ecuador),,,
2969,60,19,completado,Mon Mar 16 2026 00:00:00 GMT-0500 (hora de Ecuador),Mon Mar 30 2026 00:00:00 GMT-0500 (hora de Ecuador),,,
2970,60,20,pendiente,,,,,
2971,60,21,pendiente,,,,,
2972,60,22,pendiente,,,,,
2973,60,23,pendiente,,,,,
2974,60,24,pendiente,,,,,
2975,60,25,pendiente,,,,,
2976,60,26,pendiente,,,,,
2977,60,27,pendiente,,,,,
2978,60,28,pendiente,,,,,
2979,60,29,pendiente,,,,,
2980,60,30,pendiente,,,,,
2981,60,31,pendiente,,,,,
2982,60,32,pendiente,,,,,
2983,60,33,completado,Wed Mar 18 2026 00:00:00 GMT-0500 (hora de Ecuador),Tue Mar 31 2026 00:00:00 GMT-0500 (hora de Ecuador),,,
2984,60,34,completado,Wed Mar 18 2026 00:00:00 GMT-0500 (hora de Ecuador),Tue Mar 31 2026 00:00:00 GMT-0500 (hora de Ecuador),,,
2985,60,35,completado,Thu Mar 19 2026 00:00:00 GMT-0500 (hora de Ecuador),Tue Mar 31 2026 00:00:00 GMT-0500 (hora de Ecuador),,,
2986,60,36,completado,Fri Mar 20 2026 00:00:00 GMT-0500 (hora de Ecuador),Tue Mar 31 2026 00:00:00 GMT-0500 (hora de Ecuador),,,
2987,60,37,completado,Fri Mar 20 2026 00:00:00 GMT-0500 (hora de Ecuador),Tue Mar 31 2026 00:00:00 GMT-0500 (hora de Ecuador),,,
2988,60,38,completado,Mon Mar 23 2026 00:00:00 GMT-0500 (hora de Ecuador),Tue Mar 31 2026 00:00:00 GMT-0500 (hora de Ecuador),,,
2989,60,39,completado,Mon Mar 23 2026 00:00:00 GMT-0500 (hora de Ecuador),Tue Mar 31 2026 00:00:00 GMT-0500 (hora de Ecuador),,,
2990,60,40,completado,Tue Mar 24 2026 00:00:00 GMT-0500 (hora de Ecuador),Tue Mar 31 2026 00:00:00 GMT-0500 (hora de Ecuador),,,
2991,60,41,completado,Thu Mar 26 2026 00:00:00 GMT-0500 (hora de Ecuador),Tue Mar 31 2026 00:00:00 GMT-0500 (hora de Ecuador),,,
2992,60,42,completado,Mon Mar 30 2026 00:00:00 GMT-0500 (hora de Ecuador),Tue Mar 31 2026 00:00:00 GMT-0500 (hora de Ecuador),,,
2993,60,43,completado,Thu Apr 02 2026 00:00:00 GMT-0500 (hora de Ecuador),Tue Mar 31 2026 00:00:00 GMT-0500 (hora de Ecuador),,,
2994,60,44,completado,Mon Apr 06 2026 00:00:00 GMT-0500 (hora de Ecuador),Tue Mar 31 2026 00:00:00 GMT-0500 (hora de Ecuador),,,
2995,60,45,completado,Tue Apr 07 2026 00:00:00 GMT-0500 (hora de Ecuador),Tue Mar 31 2026 00:00:00 GMT-0500 (hora de Ecuador),,,
2996,60,46,completado,Thu Apr 09 2026 00:00:00 GMT-0500 (hora de Ecuador),Tue Mar 31 2026 00:00:00 GMT-0500 (hora de Ecuador),,,
2997,60,47,completado,Fri Apr 10 2026 00:00:00 GMT-0500 (hora de Ecuador),Tue Mar 31 2026 00:00:00 GMT-0500 (hora de Ecuador),,,
2998,60,48,completado,Fri Apr 10 2026 00:00:00 GMT-0500 (hora de Ecuador),Tue Mar 31 2026 00:00:00 GMT-0500 (hora de Ecuador),,,
2999,60,49,completado,Wed Apr 15 2026 00:00:00 GMT-0500 (hora de Ecuador),Tue Mar 31 2026 00:00:00 GMT-0500 (hora de Ecuador),,,
3000,60,50,completado,Mon Apr 20 2026 00:00:00 GMT-0500 (hora de Ecuador),Tue Mar 31 2026 00:00:00 GMT-0500 (hora de Ecuador),,,
3001,61,1,pendiente,,,,,
3002,61,2,pendiente,,,,,
3003,61,3,pendiente,,,,,
3004,61,4,pendiente,,,,,
3005,61,5,pendiente,,,,,
3006,61,6,pendiente,,,,,
3007,61,7,pendiente,,,,,
3008,61,8,pendiente,,,,,
3009,61,9,pendiente,,,,,
3010,61,10,pendiente,,,,,
3011,61,11,pendiente,,,,,
3012,61,12,pendiente,,,,,
3013,61,13,pendiente,,,,,
3014,61,14,pendiente,,,,,
3015,61,15,pendiente,,,,,
3016,61,16,pendiente,,,,,
3017,61,17,pendiente,,,,,
3018,61,18,pendiente,,,,,
3019,61,19,pendiente,,,,,
3020,61,20,pendiente,,,,,
3021,61,21,pendiente,,,,,
3022,61,22,pendiente,,,,,
3023,61,23,pendiente,,,,,
3024,61,24,pendiente,,,,,
3025,61,25,pendiente,,,,,
3026,61,26,pendiente,,,,,
3027,61,27,pendiente,,,,,
3028,61,28,pendiente,,,,,
3029,61,29,pendiente,,,,,
3030,61,30,pendiente,,,,,
3031,61,31,pendiente,,,,,
3032,61,32,pendiente,,,,,
3033,61,33,pendiente,,,,,
3034,61,34,pendiente,,,,,
3035,61,35,pendiente,,,,,
3036,61,36,pendiente,,,,,
3037,61,37,pendiente,,,,,
3038,61,38,pendiente,,,,,
3039,61,39,pendiente,,,,,
3040,61,40,pendiente,,,,,
3041,61,41,pendiente,,,,,
3042,61,42,pendiente,,,,,
3043,61,43,pendiente,,,,,
3044,61,44,pendiente,,,,,
3045,61,45,pendiente,,,,,
3046,61,46,pendiente,,,,,
3047,61,47,pendiente,,,,,
3048,61,48,pendiente,,,,,
3049,61,49,pendiente,,,,,
3050,61,50,pendiente,,,,,
3051,62,1,completado,Wed Feb 25 2026 00:00:00 GMT-0500 (hora de Ecuador),Wed Feb 25 2026 00:00:00 GMT-0500 (hora de Ecuador),,,
3052,62,2,completado,Thu Feb 26 2026 00:00:00 GMT-0500 (hora de Ecuador),Thu Feb 26 2026 00:00:00 GMT-0500 (hora de Ecuador),,,
3053,62,3,completado,Mon Mar 09 2026 00:00:00 GMT-0500 (hora de Ecuador),Mon Mar 09 2026 00:00:00 GMT-0500 (hora de Ecuador),,,
3054,62,4,completado,Mon Mar 09 2026 00:00:00 GMT-0500 (hora de Ecuador),Mon Mar 09 2026 00:00:00 GMT-0500 (hora de Ecuador),,,
3055,62,5,completado,Mon Mar 09 2026 00:00:00 GMT-0500 (hora de Ecuador),Mon Mar 09 2026 00:00:00 GMT-0500 (hora de Ecuador),,,
3056,62,6,completado,Mon Mar 09 2026 00:00:00 GMT-0500 (hora de Ecuador),Mon Mar 09 2026 00:00:00 GMT-0500 (hora de Ecuador),,,
3057,62,7,completado,Mon Mar 09 2026 00:00:00 GMT-0500 (hora de Ecuador),Mon Mar 09 2026 00:00:00 GMT-0500 (hora de Ecuador),,,
3058,62,8,completado,Tue Mar 10 2026 00:00:00 GMT-0500 (hora de Ecuador),Mon Mar 23 2026 00:00:00 GMT-0500 (hora de Ecuador),,,
3059,62,9,completado,Wed Mar 11 2026 00:00:00 GMT-0500 (hora de Ecuador),Mon Mar 23 2026 00:00:00 GMT-0500 (hora de Ecuador),,,
3060,62,10,completado,Wed Mar 11 2026 00:00:00 GMT-0500 (hora de Ecuador),Tue Mar 24 2026 00:00:00 GMT-0500 (hora de Ecuador),,,
3061,62,11,completado,Wed Mar 11 2026 00:00:00 GMT-0500 (hora de Ecuador),Wed Mar 25 2026 00:00:00 GMT-0500 (hora de Ecuador),,,
3062,62,12,completado,Thu Mar 12 2026 00:00:00 GMT-0500 (hora de Ecuador),Thu Mar 26 2026 00:00:00 GMT-0500 (hora de Ecuador),,,
3063,62,13,completado,Fri Mar 13 2026 00:00:00 GMT-0500 (hora de Ecuador),Fri Mar 27 2026 00:00:00 GMT-0500 (hora de Ecuador),,,
3064,62,14,completado,Mon Mar 16 2026 00:00:00 GMT-0500 (hora de Ecuador),Tue Mar 31 2026 00:00:00 GMT-0500 (hora de Ecuador),,,
3065,62,15,completado,Tue Mar 17 2026 00:00:00 GMT-0500 (hora de Ecuador),Tue Apr 28 2026 00:00:00 GMT-0500 (hora de Ecuador),,,
3066,62,16,completado,Tue Mar 17 2026 00:00:00 GMT-0500 (hora de Ecuador),Tue Apr 28 2026 00:00:00 GMT-0500 (hora de Ecuador),,,
3067,62,17,completado,Wed Mar 18 2026 00:00:00 GMT-0500 (hora de Ecuador),Tue Apr 28 2026 00:00:00 GMT-0500 (hora de Ecuador),,,
3068,62,18,completado,Thu Mar 19 2026 00:00:00 GMT-0500 (hora de Ecuador),Tue Apr 28 2026 00:00:00 GMT-0500 (hora de Ecuador),,,
3069,62,19,completado,Thu Mar 19 2026 00:00:00 GMT-0500 (hora de Ecuador),Tue Apr 28 2026 00:00:00 GMT-0500 (hora de Ecuador),,,
3070,62,20,pendiente,,,,,
3071,62,21,pendiente,,,,,
3072,62,22,pendiente,,,,,
3073,62,23,pendiente,,,,,
3074,62,24,pendiente,,,,,
3075,62,25,pendiente,,,,,
3076,62,26,pendiente,,,,,
3077,62,27,pendiente,,,,,
3078,62,28,pendiente,,,,,
3079,62,29,pendiente,,,,,
3080,62,30,pendiente,,,,,
3081,62,31,pendiente,,,,,
3082,62,32,pendiente,,,,,
3083,62,33,pendiente,Fri Mar 20 2026 00:00:00 GMT-0500 (hora de Ecuador),,,,
3084,62,34,completado,Fri Mar 20 2026 00:00:00 GMT-0500 (hora de Ecuador),Mon May 04 2026 00:00:00 GMT-0500 (hora de Ecuador),,,
3085,62,35,completado,Mon Mar 23 2026 00:00:00 GMT-0500 (hora de Ecuador),Mon May 04 2026 00:00:00 GMT-0500 (hora de Ecuador),,,
3086,62,36,pendiente,,,,,
3087,62,37,pendiente,,,,,
3088,62,38,pendiente,,,,,
3089,62,39,pendiente,,,,,
3090,62,40,pendiente,,,,,
3091,62,41,pendiente,,,,,
3092,62,42,pendiente,,,,,
3093,62,43,pendiente,,,,,
3094,62,44,pendiente,,,,,
3095,62,45,pendiente,,,,,
3096,62,46,pendiente,,,,,
3097,62,47,pendiente,,,,,
3098,62,48,pendiente,,,,,
3099,62,49,pendiente,,,,,
3100,62,50,completado,Thu Mar 19 2026 00:00:00 GMT-0500 (hora de Ecuador),Mon May 04 2026 00:00:00 GMT-0500 (hora de Ecuador),,,
3101,63,1,pendiente,,,,,
3102,63,2,pendiente,,,,,
3103,63,3,pendiente,,,,,
3104,63,4,pendiente,,,,,
3105,63,5,pendiente,,,,,
3106,63,6,pendiente,,,,,
3107,63,7,pendiente,,,,,
3108,63,8,pendiente,,,,,
3109,63,9,pendiente,,,,,
3110,63,10,pendiente,,,,,
3111,63,11,pendiente,,,,,
3112,63,12,pendiente,,,,,
3113,63,13,pendiente,,,,,
3114,63,14,pendiente,,,,,
3115,63,15,pendiente,,,,,
3116,63,16,pendiente,,,,,
3117,63,17,pendiente,,,,,
3118,63,18,pendiente,,,,,
3119,63,19,pendiente,,,,,
3120,63,20,pendiente,,,,,
3121,63,21,pendiente,,,,,
3122,63,22,pendiente,,,,,
3123,63,23,pendiente,,,,,
3124,63,24,pendiente,,,,,
3125,63,25,pendiente,,,,,
3126,63,26,pendiente,,,,,
3127,63,27,pendiente,,,,,
3128,63,28,pendiente,,,,,
3129,63,29,pendiente,,,,,
3130,63,30,pendiente,,,,,
3131,63,31,pendiente,,,,,
3132,63,32,pendiente,,,,,
3133,63,33,pendiente,,,,,
3134,63,34,pendiente,,,,,
3135,63,35,pendiente,,,,,
3136,63,36,pendiente,,,,,
3137,63,37,pendiente,,,,,
3138,63,38,pendiente,,,,,
3139,63,39,pendiente,,,,,
3140,63,40,pendiente,,,,,
3141,63,41,pendiente,,,,,
3142,63,42,pendiente,,,,,
3143,63,43,pendiente,,,,,
3144,63,44,pendiente,,,,,
3145,63,45,pendiente,,,,,
3146,63,46,pendiente,,,,,
3147,63,47,pendiente,,,,,
3148,63,48,pendiente,,,,,
3149,63,49,pendiente,,,,,
3150,63,50,pendiente,,,,,
3151,64,1,pendiente,,,,,
3152,64,2,pendiente,,,,,
3153,64,3,pendiente,,,,,
3154,64,4,pendiente,,,,,
3155,64,5,pendiente,,,,,
3156,64,6,pendiente,,,,,
3157,64,7,pendiente,,,,,
3158,64,8,pendiente,,,,,
3159,64,9,pendiente,,,,,
3160,64,10,pendiente,,,,,
3161,64,11,pendiente,,,,,
3162,64,12,pendiente,,,,,
3163,64,13,pendiente,,,,,
3164,64,14,pendiente,,,,,
3165,64,15,pendiente,,,,,
3166,64,16,pendiente,,,,,
3167,64,17,pendiente,,,,,
3168,64,18,pendiente,,,,,
3169,64,19,pendiente,,,,,
3170,64,20,pendiente,,,,,
3171,64,21,pendiente,,,,,
3172,64,22,pendiente,,,,,
3173,64,23,pendiente,,,,,
3174,64,24,pendiente,,,,,
3175,64,25,pendiente,,,,,
3176,64,26,pendiente,,,,,
3177,64,27,pendiente,,,,,
3178,64,28,pendiente,,,,,
3179,64,29,pendiente,,,,,
3180,64,30,pendiente,,,,,
3181,64,31,pendiente,,,,,
3182,64,32,pendiente,,,,,
3183,64,33,pendiente,,,,,
3184,64,34,pendiente,,,,,
3185,64,35,pendiente,,,,,
3186,64,36,pendiente,,,,,
3187,64,37,pendiente,,,,,
3188,64,38,pendiente,,,,,
3189,64,39,pendiente,,,,,
3190,64,40,pendiente,,,,,
3191,64,41,pendiente,,,,,
3192,64,42,pendiente,,,,,
3193,64,43,pendiente,,,,,
3194,64,44,pendiente,,,,,
3195,64,45,pendiente,,,,,
3196,64,46,pendiente,,,,,
3197,64,47,pendiente,,,,,
3198,64,48,pendiente,,,,,
3199,64,49,pendiente,,,,,
3200,64,50,pendiente,,,,,
3201,65,1,pendiente,,,,,
3202,65,2,pendiente,,,,,
3203,65,3,pendiente,,,,,
3204,65,4,pendiente,,,,,
3205,65,5,pendiente,,,,,
3206,65,6,pendiente,,,,,
3207,65,7,pendiente,,,,,
3208,65,8,pendiente,,,,,
3209,65,9,pendiente,,,,,
3210,65,10,pendiente,,,,,
3211,65,11,pendiente,,,,,
3212,65,12,pendiente,,,,,
3213,65,13,pendiente,,,,,
3214,65,14,pendiente,,,,,
3215,65,15,pendiente,,,,,
3216,65,16,pendiente,,,,,
3217,65,17,pendiente,,,,,
3218,65,18,pendiente,,,,,
3219,65,19,pendiente,,,,,
3220,65,20,pendiente,,,,,
3221,65,21,pendiente,,,,,
3222,65,22,pendiente,,,,,
3223,65,23,pendiente,,,,,
3224,65,24,pendiente,,,,,
3225,65,25,pendiente,,,,,
3226,65,26,pendiente,,,,,
3227,65,27,pendiente,,,,,
3228,65,28,pendiente,,,,,
3229,65,29,pendiente,,,,,
3230,65,30,pendiente,,,,,
3231,65,31,pendiente,,,,,
3232,65,32,pendiente,,,,,
3233,65,33,pendiente,,,,,
3234,65,34,pendiente,,,,,
3235,65,35,pendiente,,,,,
3236,65,36,pendiente,,,,,
3237,65,37,pendiente,,,,,
3238,65,38,pendiente,,,,,
3239,65,39,pendiente,,,,,
3240,65,40,pendiente,,,,,
3241,65,41,pendiente,,,,,
3242,65,42,pendiente,,,,,
3243,65,43,pendiente,,,,,
3244,65,44,pendiente,,,,,
3245,65,45,pendiente,,,,,
3246,65,46,pendiente,,,,,
3247,65,47,pendiente,,,,,
3248,65,48,pendiente,,,,,
3249,65,49,pendiente,,,,,
3250,65,50,pendiente,,,,,
3251,66,1,pendiente,,,,,
3252,66,2,pendiente,,,,,
3253,66,3,pendiente,,,,,
3254,66,4,pendiente,,,,,
3255,66,5,pendiente,,,,,
3256,66,6,pendiente,,,,,
3257,66,7,pendiente,,,,,
3258,66,8,pendiente,,,,,
3259,66,9,pendiente,,,,,
3260,66,10,pendiente,,,,,
3261,66,11,pendiente,,,,,
3262,66,12,pendiente,,,,,
3263,66,13,pendiente,,,,,
3264,66,14,pendiente,,,,,
3265,66,15,pendiente,,,,,
3266,66,16,pendiente,,,,,
3267,66,17,pendiente,,,,,
3268,66,18,pendiente,,,,,
3269,66,19,pendiente,,,,,
3270,66,20,pendiente,,,,,
3271,66,21,pendiente,,,,,
3272,66,22,pendiente,,,,,
3273,66,23,pendiente,,,,,
3274,66,24,pendiente,,,,,
3275,66,25,pendiente,,,,,
3276,66,26,pendiente,,,,,
3277,66,27,pendiente,,,,,
3278,66,28,pendiente,,,,,
3279,66,29,pendiente,,,,,
3280,66,30,pendiente,,,,,
3281,66,31,pendiente,,,,,
3282,66,32,pendiente,,,,,
3283,66,33,pendiente,,,,,
3284,66,34,pendiente,,,,,
3285,66,35,pendiente,,,,,
3286,66,36,pendiente,,,,,
3287,66,37,pendiente,,,,,
3288,66,38,pendiente,,,,,
3289,66,39,pendiente,,,,,
3290,66,40,pendiente,,,,,
3291,66,41,pendiente,,,,,
3292,66,42,pendiente,,,,,
3293,66,43,pendiente,,,,,
3294,66,44,pendiente,,,,,
3295,66,45,pendiente,,,,,
3296,66,46,pendiente,,,,,
3297,66,47,pendiente,,,,,
3298,66,48,pendiente,,,,,
3299,66,49,pendiente,,,,,
3300,66,50,pendiente,,,,,
3301,67,1,pendiente,,,,,
3302,67,2,pendiente,,,,,
3303,67,3,pendiente,,,,,
3304,67,4,pendiente,,,,,
3305,67,5,pendiente,,,,,
3306,67,6,pendiente,,,,,
3307,67,7,pendiente,,,,,
3308,67,8,pendiente,,,,,
3309,67,9,pendiente,,,,,
3310,67,10,pendiente,,,,,
3311,67,11,pendiente,,,,,
3312,67,12,pendiente,,,,,
3313,67,13,pendiente,,,,,
3314,67,14,pendiente,,,,,
3315,67,15,pendiente,,,,,
3316,67,16,pendiente,,,,,
3317,67,17,pendiente,,,,,
3318,67,18,pendiente,,,,,
3319,67,19,pendiente,,,,,
3320,67,20,pendiente,,,,,
3321,67,21,pendiente,,,,,
3322,67,22,pendiente,,,,,
3323,67,23,pendiente,,,,,
3324,67,24,pendiente,,,,,
3325,67,25,pendiente,,,,,
3326,67,26,pendiente,,,,,
3327,67,27,pendiente,,,,,
3328,67,28,pendiente,,,,,
3329,67,29,pendiente,,,,,
3330,67,30,pendiente,,,,,
3331,67,31,pendiente,,,,,
3332,67,32,pendiente,,,,,
3333,67,33,pendiente,,,,,
3334,67,34,pendiente,,,,,
3335,67,35,pendiente,,,,,
3336,67,36,pendiente,,,,,
3337,67,37,pendiente,,,,,
3338,67,38,pendiente,,,,,
3339,67,39,pendiente,,,,,
3340,67,40,pendiente,,,,,
3341,67,41,pendiente,,,,,
3342,67,42,pendiente,,,,,
3343,67,43,pendiente,,,,,
3344,67,44,pendiente,,,,,
3345,67,45,pendiente,,,,,
3346,67,46,pendiente,,,,,
3347,67,47,pendiente,,,,,
3348,67,48,pendiente,,,,,
3349,67,49,pendiente,,,,,
3350,67,50,pendiente,,,,,
3351,68,1,pendiente,,,,,
3352,68,2,pendiente,,,,,
3353,68,3,pendiente,,,,,
3354,68,4,pendiente,,,,,
3355,68,5,pendiente,,,,,
3356,68,6,pendiente,,,,,
3357,68,7,pendiente,,,,,
3358,68,8,pendiente,,,,,
3359,68,9,pendiente,,,,,
3360,68,10,pendiente,,,,,
3361,68,11,pendiente,,,,,
3362,68,12,pendiente,,,,,
3363,68,13,pendiente,,,,,
3364,68,14,pendiente,,,,,
3365,68,15,pendiente,,,,,
3366,68,16,pendiente,,,,,
3367,68,17,pendiente,,,,,
3368,68,18,pendiente,,,,,
3369,68,19,pendiente,,,,,
3370,68,20,pendiente,,,,,
3371,68,21,pendiente,,,,,
3372,68,22,pendiente,,,,,
3373,68,23,pendiente,,,,,
3374,68,24,pendiente,,,,,
3375,68,25,pendiente,,,,,
3376,68,26,pendiente,,,,,
3377,68,27,pendiente,,,,,
3378,68,28,pendiente,,,,,
3379,68,29,pendiente,,,,,
3380,68,30,pendiente,,,,,
3381,68,31,pendiente,,,,,
3382,68,32,pendiente,,,,,
3383,68,33,pendiente,,,,,
3384,68,34,pendiente,,,,,
3385,68,35,pendiente,,,,,
3386,68,36,pendiente,,,,,
3387,68,37,pendiente,,,,,
3388,68,38,pendiente,,,,,
3389,68,39,pendiente,,,,,
3390,68,40,pendiente,,,,,
3391,68,41,pendiente,,,,,
3392,68,42,pendiente,,,,,
3393,68,43,pendiente,,,,,
3394,68,44,pendiente,,,,,
3395,68,45,pendiente,,,,,
3396,68,46,pendiente,,,,,
3397,68,47,pendiente,,,,,
3398,68,48,pendiente,,,,,
3399,68,49,pendiente,,,,,
3400,68,50,pendiente,,,,,
3401,69,1,pendiente,,,,,
3402,69,2,pendiente,,,,,
3403,69,3,pendiente,,,,,
3404,69,4,pendiente,,,,,
3405,69,5,pendiente,,,,,
3406,69,6,pendiente,,,,,
3407,69,7,pendiente,,,,,
3408,69,8,pendiente,,,,,
3409,69,9,pendiente,,,,,
3410,69,10,pendiente,,,,,
3411,69,11,pendiente,,,,,
3412,69,12,pendiente,,,,,
3413,69,13,pendiente,,,,,
3414,69,14,pendiente,,,,,
3415,69,15,pendiente,,,,,
3416,69,16,pendiente,,,,,
3417,69,17,pendiente,,,,,
3418,69,18,pendiente,,,,,
3419,69,19,pendiente,,,,,
3420,69,20,pendiente,,,,,
3421,69,21,pendiente,,,,,
3422,69,22,pendiente,,,,,
3423,69,23,pendiente,,,,,
3424,69,24,pendiente,,,,,
3425,69,25,pendiente,,,,,
3426,69,26,pendiente,,,,,
3427,69,27,pendiente,,,,,
3428,69,28,pendiente,,,,,
3429,69,29,pendiente,,,,,
3430,69,30,pendiente,,,,,
3431,69,31,pendiente,,,,,
3432,69,32,pendiente,,,,,
3433,69,33,pendiente,,,,,
3434,69,34,pendiente,,,,,
3435,69,35,pendiente,,,,,
3436,69,36,pendiente,,,,,
3437,69,37,pendiente,,,,,
3438,69,38,pendiente,,,,,
3439,69,39,pendiente,,,,,
3440,69,40,pendiente,,,,,
3441,69,41,pendiente,,,,,
3442,69,42,pendiente,,,,,
3443,69,43,pendiente,,,,,
3444,69,44,pendiente,,,,,
3445,69,45,pendiente,,,,,
3446,69,46,pendiente,,,,,
3447,69,47,pendiente,,,,,
3448,69,48,pendiente,,,,,
3449,69,49,pendiente,,,,,
3450,69,50,pendiente,,,,,
3451,70,1,pendiente,Mon Apr 06 2026 00:00:00 GMT-0500 (hora de Ecuador),,,Daniel Rojas,
3452,70,2,pendiente,Tue Apr 07 2026 00:00:00 GMT-0500 (hora de Ecuador),,,Daniel Rojas,
3453,70,3,pendiente,Mon Apr 13 2026 00:00:00 GMT-0500 (hora de Ecuador),,,Daniel Rojas,
3454,70,4,pendiente,Mon Apr 13 2026 00:00:00 GMT-0500 (hora de Ecuador),,,Daniel Rojas,
3455,70,5,pendiente,Mon Apr 13 2026 00:00:00 GMT-0500 (hora de Ecuador),,,Daniel Rojas,
3456,70,6,pendiente,Tue Apr 14 2026 00:00:00 GMT-0500 (hora de Ecuador),,,Daniel Rojas,
3457,70,7,pendiente,Wed Apr 15 2026 00:00:00 GMT-0500 (hora de Ecuador),,,Daniel Rojas,
3458,70,8,pendiente,Wed Apr 15 2026 00:00:00 GMT-0500 (hora de Ecuador),,,Daniel Rojas,
3459,70,9,pendiente,Thu Apr 16 2026 00:00:00 GMT-0500 (hora de Ecuador),,,Daniel Rojas,
3460,70,10,pendiente,Tue Jun 16 2026 00:00:00 GMT-0500 (hora de Ecuador),,,Daniel Rojas,
3461,70,11,pendiente,Thu Apr 16 2026 00:00:00 GMT-0500 (hora de Ecuador),,,Daniel Rojas,
3462,70,12,pendiente,Fri Apr 17 2026 00:00:00 GMT-0500 (hora de Ecuador),,,Daniel Rojas,
3463,70,13,pendiente,Tue Apr 21 2026 00:00:00 GMT-0500 (hora de Ecuador),,,Daniel Rojas,
3464,70,14,pendiente,Wed Apr 22 2026 00:00:00 GMT-0500 (hora de Ecuador),,,Daniel Rojas,
3465,70,15,pendiente,Thu Apr 23 2026 00:00:00 GMT-0500 (hora de Ecuador),,,Daniel Rojas,
3466,70,16,pendiente,Thu Apr 23 2026 00:00:00 GMT-0500 (hora de Ecuador),,,Daniel Rojas,
3467,70,17,pendiente,Fri Apr 24 2026 00:00:00 GMT-0500 (hora de Ecuador),,,Daniel Rojas,
3468,70,18,pendiente,Mon Apr 27 2026 00:00:00 GMT-0500 (hora de Ecuador),,,Daniel Rojas,
3469,70,19,pendiente,Mon Apr 27 2026 00:00:00 GMT-0500 (hora de Ecuador),,,Daniel Rojas,
3470,70,20,pendiente,,,,Daniel Rojas,
3471,70,21,pendiente,,,,Daniel Rojas,
3472,70,22,pendiente,,,,Daniel Rojas,
3473,70,23,pendiente,,,,Daniel Rojas,
3474,70,24,pendiente,,,,Daniel Rojas,
3475,70,25,pendiente,,,,Daniel Rojas,
3476,70,26,pendiente,,,,Daniel Rojas,
3477,70,27,pendiente,,,,Daniel Rojas,
3478,70,28,pendiente,,,,Daniel Rojas,
3479,70,29,pendiente,,,,Daniel Rojas,
3480,70,30,pendiente,,,,Daniel Rojas,
3481,70,31,pendiente,,,,Daniel Rojas,
3482,70,32,pendiente,,,,Daniel Rojas,
3483,70,33,pendiente,Mon Apr 27 2026 00:00:00 GMT-0500 (hora de Ecuador),,,Daniel Rojas,
3484,70,34,pendiente,Mon Apr 27 2026 00:00:00 GMT-0500 (hora de Ecuador),,,Daniel Rojas,
3485,70,35,pendiente,Mon Apr 27 2026 00:00:00 GMT-0500 (hora de Ecuador),,,Daniel Rojas,
3486,70,36,pendiente,,,,Daniel Rojas,
3487,70,37,pendiente,,,,Daniel Rojas,
3488,70,38,pendiente,,,,Daniel Rojas,
3489,70,39,pendiente,Thu Apr 30 2026 00:00:00 GMT-0500 (hora de Ecuador),,,Daniel Rojas,
3490,70,40,pendiente,Fri Apr 10 2026 00:00:00 GMT-0500 (hora de Ecuador),,,Daniel Rojas,
3491,70,41,pendiente,,,,Daniel Rojas,
3492,70,42,pendiente,,,,Daniel Rojas,
3493,70,43,pendiente,,,,Daniel Rojas,
3494,70,44,pendiente,,,,Daniel Rojas,
3495,70,45,pendiente,,,,Daniel Rojas,
3496,70,46,pendiente,,,,Daniel Rojas,
3497,70,47,pendiente,,,,Daniel Rojas,
3498,70,48,pendiente,,,,Daniel Rojas,
3499,70,49,pendiente,,,,Daniel Rojas,
3500,70,50,pendiente,Fri Apr 10 2026 00:00:00 GMT-0500 (hora de Ecuador),,,Daniel Rojas,
3501,71,1,pendiente,Mon Jul 20 2026 00:00:00 GMT-0500 (hora de Ecuador),,,,
3502,71,2,pendiente,,,,,
3503,71,3,pendiente,,,,,
3504,71,4,pendiente,,,,,
3505,71,5,pendiente,,,,,
3506,71,6,pendiente,,,,,
3507,71,7,pendiente,,,,,
3508,71,8,pendiente,,,,,
3509,71,9,pendiente,,,,,
3510,71,10,pendiente,,,,,
3511,71,11,pendiente,,,,,
3512,71,12,pendiente,,,,,
3513,71,13,pendiente,,,,,
3514,71,14,pendiente,,,,,
3515,71,15,pendiente,,,,,
3516,71,16,pendiente,,,,,
3517,71,17,pendiente,,,,,
3518,71,18,pendiente,,,,,
3519,71,19,pendiente,,,,,
3520,71,20,pendiente,,,,,
3521,71,21,pendiente,,,,,
3522,71,22,pendiente,,,,,
3523,71,23,pendiente,,,,,
3524,71,24,pendiente,,,,,
3525,71,25,pendiente,,,,,
3526,71,26,pendiente,,,,,
3527,71,27,pendiente,,,,,
3528,71,28,pendiente,,,,,
3529,71,29,pendiente,,,,,
3530,71,30,pendiente,,,,,
3531,71,31,pendiente,,,,,
3532,71,32,pendiente,,,,,
3533,71,33,pendiente,,,,,
3534,71,34,pendiente,,,,,
3535,71,35,pendiente,,,,,
3536,71,36,pendiente,,,,,
3537,71,37,pendiente,,,,,
3538,71,38,pendiente,,,,,
3539,71,39,pendiente,,,,,
3540,71,40,pendiente,,,,,
3541,71,41,pendiente,,,,,
3542,71,42,pendiente,,,,,
3543,71,43,pendiente,,,,,
3544,71,44,pendiente,,,,,
3545,71,45,pendiente,,,,,
3546,71,46,pendiente,,,,,
3547,71,47,pendiente,,,,,
3548,71,48,pendiente,,,,,
3549,71,49,pendiente,,,,,
3550,71,50,pendiente,,,,,
3551,72,1,pendiente,Mon Apr 06 2026 00:00:00 GMT-0500 (hora de Ecuador),,,,
3552,72,2,pendiente,Tue Apr 07 2026 00:00:00 GMT-0500 (hora de Ecuador),,,,
3553,72,3,pendiente,Mon Apr 13 2026 00:00:00 GMT-0500 (hora de Ecuador),,,,
3554,72,4,pendiente,Mon Apr 13 2026 00:00:00 GMT-0500 (hora de Ecuador),,,,
3555,72,5,pendiente,Mon Apr 13 2026 00:00:00 GMT-0500 (hora de Ecuador),,,,
3556,72,6,pendiente,Tue Apr 14 2026 00:00:00 GMT-0500 (hora de Ecuador),,,,
3557,72,7,pendiente,Wed Apr 15 2026 00:00:00 GMT-0500 (hora de Ecuador),,,,
3558,72,8,pendiente,Wed Apr 15 2026 00:00:00 GMT-0500 (hora de Ecuador),,,,
3559,72,9,pendiente,Thu Apr 16 2026 00:00:00 GMT-0500 (hora de Ecuador),,,,
3560,72,10,pendiente,Tue Jun 16 2026 00:00:00 GMT-0500 (hora de Ecuador),,,,
3561,72,11,pendiente,Thu Apr 16 2026 00:00:00 GMT-0500 (hora de Ecuador),,,,
3562,72,12,pendiente,Fri Apr 17 2026 00:00:00 GMT-0500 (hora de Ecuador),,,,
3563,72,13,pendiente,Tue Apr 21 2026 00:00:00 GMT-0500 (hora de Ecuador),,,,
3564,72,14,pendiente,Wed Apr 22 2026 00:00:00 GMT-0500 (hora de Ecuador),,,,
3565,72,15,pendiente,Thu Apr 23 2026 00:00:00 GMT-0500 (hora de Ecuador),,,,
3566,72,16,pendiente,Thu Apr 23 2026 00:00:00 GMT-0500 (hora de Ecuador),,,,
3567,72,17,pendiente,Fri Apr 24 2026 00:00:00 GMT-0500 (hora de Ecuador),,,,
3568,72,18,pendiente,Mon Apr 27 2026 00:00:00 GMT-0500 (hora de Ecuador),,,,
3569,72,19,pendiente,Mon Apr 27 2026 00:00:00 GMT-0500 (hora de Ecuador),,,,
3570,72,20,pendiente,,,,,
3571,72,21,pendiente,,,,,
3572,72,22,pendiente,,,,,
3573,72,23,pendiente,,,,,
3574,72,24,pendiente,,,,,
3575,72,25,pendiente,,,,,
3576,72,26,pendiente,,,,,
3577,72,27,pendiente,,,,,
3578,72,28,pendiente,,,,,
3579,72,29,pendiente,,,,,
3580,72,30,pendiente,,,,,
3581,72,31,pendiente,,,,,
3582,72,32,pendiente,,,,,
3583,72,33,pendiente,Mon Apr 27 2026 00:00:00 GMT-0500 (hora de Ecuador),,,,
3584,72,34,pendiente,Mon Apr 27 2026 00:00:00 GMT-0500 (hora de Ecuador),,,,
3585,72,35,pendiente,Mon Apr 27 2026 00:00:00 GMT-0500 (hora de Ecuador),,,,
3586,72,36,pendiente,,,,,
3587,72,37,pendiente,,,,,
3588,72,38,pendiente,,,,,
3589,72,39,pendiente,Thu Apr 30 2026 00:00:00 GMT-0500 (hora de Ecuador),,,,
3590,72,40,pendiente,Fri Apr 10 2026 00:00:00 GMT-0500 (hora de Ecuador),,,,
3591,72,41,pendiente,,,,,
3592,72,42,pendiente,,,,,
3593,72,43,pendiente,,,,,
3594,72,44,pendiente,,,,,
3595,72,45,pendiente,,,,,
3596,72,46,pendiente,,,,,
3597,72,47,pendiente,,,,,
3598,72,48,pendiente,,,,,
3599,72,49,pendiente,,,,,
3600,72,50,pendiente,Mon Mar 09 2026 00:00:00 GMT-0500 (hora de Ecuador),,,,
3601,73,1,pendiente,,,,,
3602,73,2,pendiente,,,,,
3603,73,3,pendiente,,,,,
3604,73,4,pendiente,,,,,
3605,73,5,pendiente,,,,,
3606,73,6,pendiente,,,,,
3607,73,7,pendiente,,,,,
3608,73,8,pendiente,,,,,
3609,73,9,pendiente,,,,,
3610,73,10,pendiente,,,,,
3611,73,11,pendiente,,,,,
3612,73,12,pendiente,,,,,
3613,73,13,pendiente,,,,,
3614,73,14,pendiente,,,,,
3615,73,15,pendiente,,,,,
3616,73,16,pendiente,,,,,
3617,73,17,pendiente,,,,,
3618,73,18,pendiente,,,,,
3619,73,19,pendiente,,,,,
3620,73,20,pendiente,,,,,
3621,73,21,pendiente,,,,,
3622,73,22,pendiente,,,,,
3623,73,23,pendiente,,,,,
3624,73,24,pendiente,,,,,
3625,73,25,pendiente,,,,,
3626,73,26,pendiente,,,,,
3627,73,27,pendiente,,,,,
3628,73,28,pendiente,,,,,
3629,73,29,pendiente,,,,,
3630,73,30,pendiente,,,,,
3631,73,31,pendiente,,,,,
3632,73,32,pendiente,,,,,
3633,73,33,pendiente,,,,,
3634,73,34,pendiente,,,,,
3635,73,35,pendiente,,,,,
3636,73,36,pendiente,,,,,
3637,73,37,pendiente,,,,,
3638,73,38,pendiente,,,,,
3639,73,39,pendiente,,,,,
3640,73,40,pendiente,,,,,
3641,73,41,pendiente,,,,,
3642,73,42,pendiente,,,,,
3643,73,43,pendiente,,,,,
3644,73,44,pendiente,,,,,
3645,73,45,pendiente,,,,,
3646,73,46,pendiente,,,,,
3647,73,47,pendiente,,,,,
3648,73,48,pendiente,,,,,
3649,73,49,pendiente,,,,,
3650,73,50,pendiente,,,,,
3651,74,1,pendiente,,,,,
3652,74,2,pendiente,,,,,
3653,74,3,pendiente,,,,,
3654,74,4,pendiente,,,,,
3655,74,5,pendiente,,,,,
3656,74,6,pendiente,,,,,
3657,74,7,pendiente,,,,,
3658,74,8,pendiente,,,,,
3659,74,9,pendiente,,,,,
3660,74,10,pendiente,,,,,
3661,74,11,pendiente,,,,,
3662,74,12,pendiente,,,,,
3663,74,13,pendiente,,,,,
3664,74,14,pendiente,,,,,
3665,74,15,pendiente,,,,,
3666,74,16,pendiente,,,,,
3667,74,17,pendiente,,,,,
3668,74,18,pendiente,,,,,
3669,74,19,pendiente,,,,,
3670,74,20,pendiente,,,,,
3671,74,21,pendiente,,,,,
3672,74,22,pendiente,,,,,
3673,74,23,pendiente,,,,,
3674,74,24,pendiente,,,,,
3675,74,25,pendiente,,,,,
3676,74,26,pendiente,,,,,
3677,74,27,pendiente,,,,,
3678,74,28,pendiente,,,,,
3679,74,29,pendiente,,,,,
3680,74,30,pendiente,,,,,
3681,74,31,pendiente,,,,,
3682,74,32,pendiente,,,,,
3683,74,33,pendiente,,,,,
3684,74,34,pendiente,,,,,
3685,74,35,pendiente,,,,,
3686,74,36,pendiente,,,,,
3687,74,37,pendiente,,,,,
3688,74,38,pendiente,,,,,
3689,74,39,pendiente,,,,,
3690,74,40,pendiente,,,,,
3691,74,41,pendiente,,,,,
3692,74,42,pendiente,,,,,
3693,74,43,pendiente,,,,,
3694,74,44,pendiente,,,,,
3695,74,45,pendiente,,,,,
3696,74,46,pendiente,,,,,
3697,74,47,pendiente,,,,,
3698,74,48,pendiente,,,,,
3699,74,49,pendiente,,,,,
3700,74,50,pendiente,,,,,
3701,75,1,completado,Mon Feb 02 2026 00:00:00 GMT-0500 (hora de Ecuador),Mon Feb 02 2026 00:00:00 GMT-0500 (hora de Ecuador),,,
3702,75,2,completado,Mon Feb 02 2026 00:00:00 GMT-0500 (hora de Ecuador),Mon Feb 02 2026 00:00:00 GMT-0500 (hora de Ecuador),,,
3703,75,3,completado,Thu Feb 26 2026 00:00:00 GMT-0500 (hora de Ecuador),Thu Feb 26 2026 00:00:00 GMT-0500 (hora de Ecuador),,,
3704,75,4,completado,Thu Feb 26 2026 00:00:00 GMT-0500 (hora de Ecuador),Thu Feb 26 2026 00:00:00 GMT-0500 (hora de Ecuador),,,
3705,75,5,completado,Thu Mar 05 2026 00:00:00 GMT-0500 (hora de Ecuador),Thu Mar 05 2026 00:00:00 GMT-0500 (hora de Ecuador),,,
3706,75,6,completado,Fri Mar 06 2026 00:00:00 GMT-0500 (hora de Ecuador),Fri Mar 06 2026 00:00:00 GMT-0500 (hora de Ecuador),,,
3707,75,7,completado,Mon Mar 09 2026 00:00:00 GMT-0500 (hora de Ecuador),Mon Mar 09 2026 00:00:00 GMT-0500 (hora de Ecuador),,,
3708,75,8,completado,Tue Mar 10 2026 00:00:00 GMT-0500 (hora de Ecuador),Tue Mar 10 2026 00:00:00 GMT-0500 (hora de Ecuador),,,
3709,75,9,completado,Wed Mar 11 2026 00:00:00 GMT-0500 (hora de Ecuador),Wed Mar 11 2026 00:00:00 GMT-0500 (hora de Ecuador),,,
3710,75,10,completado,Wed Mar 11 2026 00:00:00 GMT-0500 (hora de Ecuador),Wed Mar 11 2026 00:00:00 GMT-0500 (hora de Ecuador),,,
3711,75,11,completado,Wed Mar 11 2026 00:00:00 GMT-0500 (hora de Ecuador),Wed Mar 11 2026 00:00:00 GMT-0500 (hora de Ecuador),,,
3712,75,12,completado,Thu Mar 12 2026 00:00:00 GMT-0500 (hora de Ecuador),Thu Mar 12 2026 00:00:00 GMT-0500 (hora de Ecuador),,,
3713,75,13,completado,Fri Mar 13 2026 00:00:00 GMT-0500 (hora de Ecuador),Fri Mar 13 2026 00:00:00 GMT-0500 (hora de Ecuador),,,
3714,75,14,completado,Mon Mar 16 2026 00:00:00 GMT-0500 (hora de Ecuador),Mon Mar 16 2026 00:00:00 GMT-0500 (hora de Ecuador),,,
3715,75,15,completado,Mon Mar 16 2026 00:00:00 GMT-0500 (hora de Ecuador),Tue Mar 17 2026 00:00:00 GMT-0500 (hora de Ecuador),,,
3716,75,16,completado,Mon Mar 16 2026 00:00:00 GMT-0500 (hora de Ecuador),Wed Mar 18 2026 00:00:00 GMT-0500 (hora de Ecuador),,,
3717,75,17,completado,Tue Mar 17 2026 00:00:00 GMT-0500 (hora de Ecuador),Wed Mar 18 2026 00:00:00 GMT-0500 (hora de Ecuador),,,
3718,75,18,completado,Tue Mar 17 2026 00:00:00 GMT-0500 (hora de Ecuador),Thu Mar 19 2026 00:00:00 GMT-0500 (hora de Ecuador),,,
3719,75,19,completado,Tue Mar 17 2026 00:00:00 GMT-0500 (hora de Ecuador),Thu Mar 19 2026 00:00:00 GMT-0500 (hora de Ecuador),,,
3720,75,20,pendiente,,,,,
3721,75,21,pendiente,,,,,
3722,75,22,pendiente,,,,,
3723,75,23,pendiente,,,,,
3724,75,24,pendiente,,,,,
3725,75,25,pendiente,,,,,
3726,75,26,pendiente,,,,,
3727,75,27,pendiente,,,,,
3728,75,28,pendiente,,,,,
3729,75,29,pendiente,,,,,
3730,75,30,pendiente,,,,,
3731,75,31,pendiente,,,,,
3732,75,32,pendiente,,,,,
3733,75,33,completado,Tue Mar 17 2026 00:00:00 GMT-0500 (hora de Ecuador),Tue Jul 21 2026 00:00:00 GMT-0500 (hora de Ecuador),,,
3734,75,34,completado,Tue Mar 17 2026 00:00:00 GMT-0500 (hora de Ecuador),Mon Mar 23 2026 00:00:00 GMT-0500 (hora de Ecuador),,,
3735,75,35,completado,Wed Mar 18 2026 00:00:00 GMT-0500 (hora de Ecuador),Mon Mar 23 2026 00:00:00 GMT-0500 (hora de Ecuador),,,
3736,75,36,completado,Thu Mar 19 2026 00:00:00 GMT-0500 (hora de Ecuador),Tue Mar 24 2026 00:00:00 GMT-0500 (hora de Ecuador),,,
3737,75,37,completado,Thu Mar 19 2026 00:00:00 GMT-0500 (hora de Ecuador),Wed Mar 25 2026 00:00:00 GMT-0500 (hora de Ecuador),,,
3738,75,38,completado,Fri Mar 20 2026 00:00:00 GMT-0500 (hora de Ecuador),Thu Mar 26 2026 00:00:00 GMT-0500 (hora de Ecuador),,,
3739,75,39,completado,Fri Mar 20 2026 00:00:00 GMT-0500 (hora de Ecuador),Fri Mar 27 2026 00:00:00 GMT-0500 (hora de Ecuador),,,
3740,75,40,completado,Tue Mar 24 2026 00:00:00 GMT-0500 (hora de Ecuador),Mon Apr 13 2026 00:00:00 GMT-0500 (hora de Ecuador),,,
3741,75,41,completado,Thu Mar 26 2026 00:00:00 GMT-0500 (hora de Ecuador),Tue Mar 31 2026 00:00:00 GMT-0500 (hora de Ecuador),,,
3742,75,42,completado,Mon Mar 30 2026 00:00:00 GMT-0500 (hora de Ecuador),Mon Apr 06 2026 00:00:00 GMT-0500 (hora de Ecuador),,,
3743,75,43,completado,Thu Apr 02 2026 00:00:00 GMT-0500 (hora de Ecuador),Wed Apr 08 2026 00:00:00 GMT-0500 (hora de Ecuador),,,
3744,75,44,completado,Mon Apr 06 2026 00:00:00 GMT-0500 (hora de Ecuador),Mon Apr 13 2026 00:00:00 GMT-0500 (hora de Ecuador),,,
3745,75,45,completado,Fri Apr 10 2026 00:00:00 GMT-0500 (hora de Ecuador),Mon Apr 13 2026 00:00:00 GMT-0500 (hora de Ecuador),,,
3746,75,46,completado,Mon Apr 13 2026 00:00:00 GMT-0500 (hora de Ecuador),Mon Apr 13 2026 00:00:00 GMT-0500 (hora de Ecuador),,,
3747,75,47,completado,Thu Apr 16 2026 00:00:00 GMT-0500 (hora de Ecuador),Tue Apr 28 2026 00:00:00 GMT-0500 (hora de Ecuador),,,
3748,75,48,completado,Tue Apr 14 2026 00:00:00 GMT-0500 (hora de Ecuador),Tue Apr 28 2026 00:00:00 GMT-0500 (hora de Ecuador),,,
3749,75,49,completado,Fri Apr 17 2026 00:00:00 GMT-0500 (hora de Ecuador),Tue Apr 28 2026 00:00:00 GMT-0500 (hora de Ecuador),,,
3750,75,50,completado,Wed Apr 22 2026 00:00:00 GMT-0500 (hora de Ecuador),Tue May 26 2026 00:00:00 GMT-0500 (hora de Ecuador),,,
3751,76,1,completado,Mon Feb 02 2026 00:00:00 GMT-0500 (hora de Ecuador),Mon Feb 02 2026 00:00:00 GMT-0500 (hora de Ecuador),,,
3752,76,2,completado,Mon Feb 02 2026 00:00:00 GMT-0500 (hora de Ecuador),Mon Feb 02 2026 00:00:00 GMT-0500 (hora de Ecuador),,,
3753,76,3,completado,Tue Feb 03 2026 00:00:00 GMT-0500 (hora de Ecuador),Tue Feb 03 2026 00:00:00 GMT-0500 (hora de Ecuador),,,
3754,76,4,completado,Tue Feb 03 2026 00:00:00 GMT-0500 (hora de Ecuador),Tue Feb 03 2026 00:00:00 GMT-0500 (hora de Ecuador),,,
3755,76,5,completado,Tue Feb 03 2026 00:00:00 GMT-0500 (hora de Ecuador),Tue Feb 03 2026 00:00:00 GMT-0500 (hora de Ecuador),,,
3756,76,6,completado,Wed Feb 04 2026 00:00:00 GMT-0500 (hora de Ecuador),Wed Feb 04 2026 00:00:00 GMT-0500 (hora de Ecuador),,,
3757,76,7,completado,Thu Feb 05 2026 00:00:00 GMT-0500 (hora de Ecuador),Thu Feb 05 2026 00:00:00 GMT-0500 (hora de Ecuador),,,
3758,76,8,completado,Fri Feb 06 2026 00:00:00 GMT-0500 (hora de Ecuador),Fri Feb 06 2026 00:00:00 GMT-0500 (hora de Ecuador),,,
3759,76,9,completado,Mon Feb 09 2026 00:00:00 GMT-0500 (hora de Ecuador),Mon Feb 02 2026 00:00:00 GMT-0500 (hora de Ecuador),,,
3760,76,10,completado,Tue Feb 10 2026 00:00:00 GMT-0500 (hora de Ecuador),Mon Feb 09 2026 00:00:00 GMT-0500 (hora de Ecuador),,,
3761,76,11,completado,Wed Feb 11 2026 00:00:00 GMT-0500 (hora de Ecuador),Wed Feb 11 2026 00:00:00 GMT-0500 (hora de Ecuador),,,
3762,76,12,completado,Wed Feb 11 2026 00:00:00 GMT-0500 (hora de Ecuador),Tue Feb 10 2026 00:00:00 GMT-0500 (hora de Ecuador),,,
3763,76,13,completado,Thu Feb 12 2026 00:00:00 GMT-0500 (hora de Ecuador),Tue Feb 10 2026 00:00:00 GMT-0500 (hora de Ecuador),,,
3764,76,14,completado,Fri Feb 13 2026 00:00:00 GMT-0500 (hora de Ecuador),Wed Feb 11 2026 00:00:00 GMT-0500 (hora de Ecuador),,,
3765,76,15,completado,Mon Feb 16 2026 00:00:00 GMT-0500 (hora de Ecuador),Tue Feb 10 2026 00:00:00 GMT-0500 (hora de Ecuador),,,
3766,76,16,completado,Tue Feb 17 2026 00:00:00 GMT-0500 (hora de Ecuador),Wed Feb 11 2026 00:00:00 GMT-0500 (hora de Ecuador),,,
3767,76,17,completado,Tue Feb 17 2026 00:00:00 GMT-0500 (hora de Ecuador),Thu Feb 12 2026 00:00:00 GMT-0500 (hora de Ecuador),,,
3768,76,18,completado,Wed Feb 18 2026 00:00:00 GMT-0500 (hora de Ecuador),Wed Feb 04 2026 00:00:00 GMT-0500 (hora de Ecuador),,,
3769,76,19,completado,Wed Feb 18 2026 00:00:00 GMT-0500 (hora de Ecuador),Tue Feb 17 2026 00:00:00 GMT-0500 (hora de Ecuador),,,
3770,76,20,pendiente,,,,,
3771,76,21,pendiente,,,,,
3772,76,22,pendiente,,,,,
3773,76,23,pendiente,,,,,
3774,76,24,pendiente,,,,,
3775,76,25,pendiente,,,,,
3776,76,26,pendiente,,,,,
3777,76,27,pendiente,,,,,
3778,76,28,pendiente,,,,,
3779,76,29,pendiente,,,,,
3780,76,30,pendiente,,,,,
3781,76,31,pendiente,,,,,
3782,76,32,pendiente,,,,,
3783,76,33,completado,Thu Feb 19 2026 00:00:00 GMT-0500 (hora de Ecuador),Mon Feb 16 2026 00:00:00 GMT-0500 (hora de Ecuador),,,
3784,76,34,completado,Fri Feb 20 2026 00:00:00 GMT-0500 (hora de Ecuador),Tue Feb 10 2026 00:00:00 GMT-0500 (hora de Ecuador),,,
3785,76,35,completado,Fri Feb 20 2026 00:00:00 GMT-0500 (hora de Ecuador),Wed Feb 04 2026 00:00:00 GMT-0500 (hora de Ecuador),,,
3786,76,36,pendiente,,,,,
3787,76,37,pendiente,,,,,
3788,76,38,pendiente,,,,,
3789,76,39,completado,Fri Feb 20 2026 00:00:00 GMT-0500 (hora de Ecuador),Thu Feb 05 2026 00:00:00 GMT-0500 (hora de Ecuador),,,
3790,76,40,completado,Thu Feb 26 2026 00:00:00 GMT-0500 (hora de Ecuador),Thu Feb 05 2026 00:00:00 GMT-0500 (hora de Ecuador),,,
3791,76,41,pendiente,,,,,
3792,76,42,pendiente,,,,,
3793,76,43,pendiente,,,,,
3794,76,44,pendiente,,,,,
3795,76,45,pendiente,,,,,
3796,76,46,pendiente,,,,,
3797,76,47,pendiente,,,,,
3798,76,48,pendiente,,,,,
3799,76,49,pendiente,,,,,
3800,76,50,completado,Thu Feb 26 2026 00:00:00 GMT-0500 (hora de Ecuador),Wed Feb 04 2026 00:00:00 GMT-0500 (hora de Ecuador),,,
3801,77,1,completado,Tue Jan 13 2026 00:00:00 GMT-0500 (hora de Ecuador),Fri Jan 09 2026 00:00:00 GMT-0500 (hora de Ecuador),,,
3802,77,2,completado,Thu Jan 15 2026 00:00:00 GMT-0500 (hora de Ecuador),Fri Jan 02 2026 00:00:00 GMT-0500 (hora de Ecuador),,,
3803,77,3,completado,Tue Feb 03 2026 00:00:00 GMT-0500 (hora de Ecuador),Thu Jan 29 2026 00:00:00 GMT-0500 (hora de Ecuador),,,
3804,77,4,completado,Tue Feb 03 2026 00:00:00 GMT-0500 (hora de Ecuador),Mon Feb 02 2026 00:00:00 GMT-0500 (hora de Ecuador),,,
3805,77,5,completado,Tue Feb 03 2026 00:00:00 GMT-0500 (hora de Ecuador),Mon Feb 02 2026 00:00:00 GMT-0500 (hora de Ecuador),,,
3806,77,6,completado,Wed Feb 04 2026 00:00:00 GMT-0500 (hora de Ecuador),Wed Feb 04 2026 00:00:00 GMT-0500 (hora de Ecuador),,,
3807,77,7,completado,Thu Feb 05 2026 00:00:00 GMT-0500 (hora de Ecuador),Thu Feb 05 2026 00:00:00 GMT-0500 (hora de Ecuador),,,
3808,77,8,completado,Fri Feb 06 2026 00:00:00 GMT-0500 (hora de Ecuador),Wed Feb 04 2026 00:00:00 GMT-0500 (hora de Ecuador),,,
3809,77,9,completado,Mon Feb 09 2026 00:00:00 GMT-0500 (hora de Ecuador),Wed Feb 04 2026 00:00:00 GMT-0500 (hora de Ecuador),,,
3810,77,10,completado,Tue Feb 10 2026 00:00:00 GMT-0500 (hora de Ecuador),Wed Feb 04 2026 00:00:00 GMT-0500 (hora de Ecuador),,,
3811,77,11,completado,Wed Feb 11 2026 00:00:00 GMT-0500 (hora de Ecuador),Wed Feb 04 2026 00:00:00 GMT-0500 (hora de Ecuador),,,
3812,77,12,completado,Wed Feb 11 2026 00:00:00 GMT-0500 (hora de Ecuador),Tue Feb 03 2026 00:00:00 GMT-0500 (hora de Ecuador),,,
3813,77,13,completado,Thu Feb 12 2026 00:00:00 GMT-0500 (hora de Ecuador),Wed Feb 04 2026 00:00:00 GMT-0500 (hora de Ecuador),,,
3814,77,14,completado,Fri Feb 13 2026 00:00:00 GMT-0500 (hora de Ecuador),Thu Feb 05 2026 00:00:00 GMT-0500 (hora de Ecuador),,,
3815,77,15,completado,Mon Feb 16 2026 00:00:00 GMT-0500 (hora de Ecuador),Wed Feb 04 2026 00:00:00 GMT-0500 (hora de Ecuador),,,
3816,77,16,completado,Tue Feb 17 2026 00:00:00 GMT-0500 (hora de Ecuador),Thu Feb 05 2026 00:00:00 GMT-0500 (hora de Ecuador),,,
3817,77,17,completado,Tue Feb 17 2026 00:00:00 GMT-0500 (hora de Ecuador),Thu Feb 05 2026 00:00:00 GMT-0500 (hora de Ecuador),,,
3818,77,18,completado,Wed Feb 18 2026 00:00:00 GMT-0500 (hora de Ecuador),Thu Feb 05 2026 00:00:00 GMT-0500 (hora de Ecuador),,,
3819,77,19,completado,Wed Feb 18 2026 00:00:00 GMT-0500 (hora de Ecuador),Thu Feb 05 2026 00:00:00 GMT-0500 (hora de Ecuador),,,
3820,77,20,pendiente,,,,,
3821,77,21,pendiente,,,,,
3822,77,22,pendiente,,,,,
3823,77,23,pendiente,,,,,
3824,77,24,pendiente,,,,,
3825,77,25,pendiente,,,,,
3826,77,26,pendiente,,,,,
3827,77,27,pendiente,,,,,
3828,77,28,pendiente,,,,,
3829,77,29,pendiente,,,,,
3830,77,30,pendiente,,,,,
3831,77,31,pendiente,,,,,
3832,77,32,pendiente,,,,,
3833,77,33,completado,Thu Feb 19 2026 00:00:00 GMT-0500 (hora de Ecuador),Thu Feb 05 2026 00:00:00 GMT-0500 (hora de Ecuador),,,
3834,77,34,completado,Wed Mar 11 2026 00:00:00 GMT-0500 (hora de Ecuador),Thu Feb 05 2026 00:00:00 GMT-0500 (hora de Ecuador),,,
3835,77,35,completado,Wed Mar 11 2026 00:00:00 GMT-0500 (hora de Ecuador),Wed Feb 04 2026 00:00:00 GMT-0500 (hora de Ecuador),,,
3836,77,36,pendiente,,,,,
3837,77,37,pendiente,,,,,
3838,77,38,pendiente,,,,,
3839,77,39,completado,Fri Mar 20 2026 00:00:00 GMT-0500 (hora de Ecuador),Mon Mar 16 2026 00:00:00 GMT-0500 (hora de Ecuador),,,
3840,77,40,completado,Thu Feb 26 2026 00:00:00 GMT-0500 (hora de Ecuador),Tue Feb 10 2026 00:00:00 GMT-0500 (hora de Ecuador),,,
3841,77,41,pendiente,,,,,
3842,77,42,pendiente,,,,,
3843,77,43,pendiente,,,,,
3844,77,44,pendiente,,,,,
3845,77,45,pendiente,,,,,
3846,77,46,pendiente,,,,,
3847,77,47,pendiente,,,,,
3848,77,48,pendiente,,,,,
3849,77,49,pendiente,,,,,
3850,77,50,completado,Thu Feb 26 2026 00:00:00 GMT-0500 (hora de Ecuador),Mon Feb 09 2026 00:00:00 GMT-0500 (hora de Ecuador),,,
3851,78,1,pendiente,Tue May 05 2026 00:00:00 GMT-0500 (hora de Ecuador),,,,
3852,78,2,pendiente,Tue May 05 2026 00:00:00 GMT-0500 (hora de Ecuador),,,,
3853,78,3,pendiente,Wed May 06 2026 00:00:00 GMT-0500 (hora de Ecuador),,,,
3854,78,4,pendiente,Wed May 06 2026 00:00:00 GMT-0500 (hora de Ecuador),,,,
3855,78,5,pendiente,Wed May 06 2026 00:00:00 GMT-0500 (hora de Ecuador),,,,
3856,78,6,pendiente,Thu May 07 2026 00:00:00 GMT-0500 (hora de Ecuador),,,,
3857,78,7,pendiente,Fri May 08 2026 00:00:00 GMT-0500 (hora de Ecuador),,,,
3858,78,8,pendiente,Mon May 11 2026 00:00:00 GMT-0500 (hora de Ecuador),,,,
3859,78,9,pendiente,Tue May 12 2026 00:00:00 GMT-0500 (hora de Ecuador),,,,
3860,78,10,pendiente,Wed May 13 2026 00:00:00 GMT-0500 (hora de Ecuador),,,,
3861,78,11,pendiente,Thu May 14 2026 00:00:00 GMT-0500 (hora de Ecuador),,,,
3862,78,12,pendiente,Thu May 14 2026 00:00:00 GMT-0500 (hora de Ecuador),,,,
3863,78,13,pendiente,Fri May 15 2026 00:00:00 GMT-0500 (hora de Ecuador),,,,
3864,78,14,pendiente,Mon May 18 2026 00:00:00 GMT-0500 (hora de Ecuador),,,,
3865,78,15,pendiente,Tue May 19 2026 00:00:00 GMT-0500 (hora de Ecuador),,,,
3866,78,16,pendiente,Wed May 20 2026 00:00:00 GMT-0500 (hora de Ecuador),,,,
3867,78,17,pendiente,Wed May 20 2026 00:00:00 GMT-0500 (hora de Ecuador),,,,
3868,78,18,pendiente,Thu May 21 2026 00:00:00 GMT-0500 (hora de Ecuador),,,,
3869,78,19,pendiente,Thu May 21 2026 00:00:00 GMT-0500 (hora de Ecuador),,,,
3870,78,20,pendiente,,,,,
3871,78,21,pendiente,,,,,
3872,78,22,pendiente,,,,,
3873,78,23,pendiente,,,,,
3874,78,24,pendiente,,,,,
3875,78,25,pendiente,,,,,
3876,78,26,pendiente,,,,,
3877,78,27,pendiente,,,,,
3878,78,28,pendiente,,,,,
3879,78,29,pendiente,,,,,
3880,78,30,pendiente,,,,,
3881,78,31,pendiente,,,,,
3882,78,32,pendiente,,,,,
3883,78,33,pendiente,Fri May 22 2026 00:00:00 GMT-0500 (hora de Ecuador),,,,
3884,78,34,pendiente,Mon May 25 2026 00:00:00 GMT-0500 (hora de Ecuador),,,,
3885,78,35,pendiente,Mon May 25 2026 00:00:00 GMT-0500 (hora de Ecuador),,,,
3886,78,36,pendiente,Tue May 26 2026 00:00:00 GMT-0500 (hora de Ecuador),,,,
3887,78,37,pendiente,Wed May 27 2026 00:00:00 GMT-0500 (hora de Ecuador),,,,
3888,78,38,pendiente,Thu May 28 2026 00:00:00 GMT-0500 (hora de Ecuador),,,,
3889,78,39,pendiente,Fri May 29 2026 00:00:00 GMT-0500 (hora de Ecuador),,,,
3890,78,40,pendiente,Fri May 29 2026 00:00:00 GMT-0500 (hora de Ecuador),,,,
3891,78,41,pendiente,Tue Jun 02 2026 00:00:00 GMT-0500 (hora de Ecuador),,,,
3892,78,42,pendiente,Thu Jun 04 2026 00:00:00 GMT-0500 (hora de Ecuador),,,,
3893,78,43,pendiente,Mon Jun 08 2026 00:00:00 GMT-0500 (hora de Ecuador),,,,
3894,78,44,pendiente,Tue Jun 09 2026 00:00:00 GMT-0500 (hora de Ecuador),,,,
3895,78,45,pendiente,Wed Jun 10 2026 00:00:00 GMT-0500 (hora de Ecuador),,,,
3896,78,46,pendiente,Fri Jun 12 2026 00:00:00 GMT-0500 (hora de Ecuador),,,,
3897,78,47,pendiente,Mon Jun 15 2026 00:00:00 GMT-0500 (hora de Ecuador),,,,
3898,78,48,pendiente,Mon Jun 15 2026 00:00:00 GMT-0500 (hora de Ecuador),,,,
3899,78,49,pendiente,Thu Jun 18 2026 00:00:00 GMT-0500 (hora de Ecuador),,,,
3900,78,50,pendiente,Tue Jun 23 2026 00:00:00 GMT-0500 (hora de Ecuador),,,,
3901,79,1,pendiente,,,,,
3902,79,2,pendiente,,,,,
3903,79,3,pendiente,,,,,
3904,79,4,pendiente,,,,,
3905,79,5,pendiente,,,,,
3906,79,6,pendiente,,,,,
3907,79,7,pendiente,,,,,
3908,79,8,pendiente,,,,,
3909,79,9,pendiente,,,,,
3910,79,10,pendiente,,,,,
3911,79,11,pendiente,,,,,
3912,79,12,pendiente,,,,,
3913,79,13,pendiente,,,,,
3914,79,14,pendiente,,,,,
3915,79,15,pendiente,,,,,
3916,79,16,pendiente,,,,,
3917,79,17,pendiente,,,,,
3918,79,18,pendiente,,,,,
3919,79,19,pendiente,,,,,
3920,79,20,pendiente,,,,,
3921,79,21,pendiente,,,,,
3922,79,22,pendiente,,,,,
3923,79,23,pendiente,,,,,
3924,79,24,pendiente,,,,,
3925,79,25,pendiente,,,,,
3926,79,26,pendiente,,,,,
3927,79,27,pendiente,,,,,
3928,79,28,pendiente,,,,,
3929,79,29,pendiente,,,,,
3930,79,30,pendiente,,,,,
3931,79,31,pendiente,,,,,
3932,79,32,pendiente,,,,,
3933,79,33,pendiente,,,,,
3934,79,34,pendiente,,,,,
3935,79,35,pendiente,,,,,
3936,79,36,pendiente,,,,,
3937,79,37,pendiente,,,,,
3938,79,38,pendiente,,,,,
3939,79,39,pendiente,,,,,
3940,79,40,pendiente,,,,,
3941,79,41,pendiente,,,,,
3942,79,42,pendiente,,,,,
3943,79,43,pendiente,,,,,
3944,79,44,pendiente,,,,,
3945,79,45,pendiente,,,,,
3946,79,46,pendiente,,,,,
3947,79,47,pendiente,,,,,
3948,79,48,pendiente,,,,,
3949,79,49,pendiente,,,,,
3950,79,50,pendiente,,,,,
3951,80,1,pendiente,,,,,
3952,80,2,pendiente,,,,,
3953,80,3,pendiente,,,,,
3954,80,4,pendiente,,,,,
3955,80,5,pendiente,,,,,
3956,80,6,pendiente,,,,,
3957,80,7,pendiente,,,,,
3958,80,8,pendiente,,,,,
3959,80,9,pendiente,,,,,
3960,80,10,pendiente,,,,,
3961,80,11,pendiente,,,,,
3962,80,12,pendiente,,,,,
3963,80,13,pendiente,,,,,
3964,80,14,pendiente,,,,,
3965,80,15,pendiente,,,,,
3966,80,16,pendiente,,,,,
3967,80,17,pendiente,,,,,
3968,80,18,pendiente,,,,,
3969,80,19,pendiente,,,,,
3970,80,20,pendiente,,,,,
3971,80,21,pendiente,,,,,
3972,80,22,pendiente,,,,,
3973,80,23,pendiente,,,,,
3974,80,24,pendiente,,,,,
3975,80,25,pendiente,,,,,
3976,80,26,pendiente,,,,,
3977,80,27,pendiente,,,,,
3978,80,28,pendiente,,,,,
3979,80,29,pendiente,,,,,
3980,80,30,pendiente,,,,,
3981,80,31,pendiente,,,,,
3982,80,32,pendiente,,,,,
3983,80,33,pendiente,,,,,
3984,80,34,pendiente,,,,,
3985,80,35,pendiente,,,,,
3986,80,36,pendiente,,,,,
3987,80,37,pendiente,,,,,
3988,80,38,pendiente,,,,,
3989,80,39,pendiente,,,,,
3990,80,40,pendiente,,,,,
3991,80,41,pendiente,Tue Jan 02 1900 00:00:00 GMT-0514 (hora de Ecuador),,,,
3992,80,42,pendiente,Thu Jan 04 1900 00:00:00 GMT-0514 (hora de Ecuador),,,,
3993,80,43,pendiente,Mon Jan 08 1900 00:00:00 GMT-0514 (hora de Ecuador),,,,
3994,80,44,pendiente,Tue Jan 09 1900 00:00:00 GMT-0514 (hora de Ecuador),,,,
3995,80,45,pendiente,Wed Jan 10 1900 00:00:00 GMT-0514 (hora de Ecuador),,,,
3996,80,46,pendiente,Fri Jan 12 1900 00:00:00 GMT-0514 (hora de Ecuador),,,,
3997,80,47,pendiente,Mon Jan 15 1900 00:00:00 GMT-0514 (hora de Ecuador),,,,
3998,80,48,pendiente,Mon Jan 15 1900 00:00:00 GMT-0514 (hora de Ecuador),,,,
3999,80,49,pendiente,Thu Jan 18 1900 00:00:00 GMT-0514 (hora de Ecuador),,,,
4000,80,50,pendiente,,,,,
4001,81,1,pendiente,,,,,
4002,81,2,pendiente,,,,,
4003,81,3,pendiente,,,,,
4004,81,4,pendiente,,,,,
4005,81,5,pendiente,,,,,
4006,81,6,pendiente,,,,,
4007,81,7,pendiente,,,,,
4008,81,8,pendiente,,,,,
4009,81,9,pendiente,,,,,
4010,81,10,pendiente,,,,,
4011,81,11,pendiente,,,,,
4012,81,12,pendiente,,,,,
4013,81,13,pendiente,,,,,
4014,81,14,pendiente,,,,,
4015,81,15,pendiente,,,,,
4016,81,16,pendiente,,,,,
4017,81,17,pendiente,,,,,
4018,81,18,pendiente,,,,,
4019,81,19,pendiente,,,,,
4020,81,20,pendiente,,,,,
4021,81,21,pendiente,,,,,
4022,81,22,pendiente,,,,,
4023,81,23,pendiente,,,,,
4024,81,24,pendiente,,,,,
4025,81,25,pendiente,,,,,
4026,81,26,pendiente,,,,,
4027,81,27,pendiente,,,,,
4028,81,28,pendiente,,,,,
4029,81,29,pendiente,,,,,
4030,81,30,pendiente,,,,,
4031,81,31,pendiente,,,,,
4032,81,32,pendiente,,,,,
4033,81,33,pendiente,,,,,
4034,81,34,pendiente,,,,,
4035,81,35,pendiente,,,,,
4036,81,36,pendiente,,,,,
4037,81,37,pendiente,,,,,
4038,81,38,pendiente,,,,,
4039,81,39,pendiente,,,,,
4040,81,40,pendiente,,,,,
4041,81,41,pendiente,,,,,
4042,81,42,pendiente,,,,,
4043,81,43,pendiente,,,,,
4044,81,44,pendiente,,,,,
4045,81,45,pendiente,,,,,
4046,81,46,pendiente,,,,,
4047,81,47,pendiente,,,,,
4048,81,48,pendiente,,,,,
4049,81,49,pendiente,,,,,
4050,81,50,pendiente,,,,,
4051,82,1,pendiente,,,,,
4052,82,2,pendiente,,,,,
4053,82,3,pendiente,,,,,
4054,82,4,pendiente,,,,,
4055,82,5,pendiente,,,,,
4056,82,6,pendiente,,,,,
4057,82,7,pendiente,,,,,
4058,82,8,pendiente,,,,,
4059,82,9,pendiente,,,,,
4060,82,10,pendiente,,,,,
4061,82,11,pendiente,,,,,
4062,82,12,pendiente,,,,,
4063,82,13,pendiente,,,,,
4064,82,14,pendiente,,,,,
4065,82,15,pendiente,,,,,
4066,82,16,pendiente,,,,,
4067,82,17,pendiente,,,,,
4068,82,18,pendiente,,,,,
4069,82,19,pendiente,,,,,
4070,82,20,pendiente,,,,,
4071,82,21,pendiente,,,,,
4072,82,22,pendiente,,,,,
4073,82,23,pendiente,,,,,
4074,82,24,pendiente,,,,,
4075,82,25,pendiente,,,,,
4076,82,26,pendiente,,,,,
4077,82,27,pendiente,,,,,
4078,82,28,pendiente,,,,,
4079,82,29,pendiente,,,,,
4080,82,30,pendiente,,,,,
4081,82,31,pendiente,,,,,
4082,82,32,pendiente,,,,,
4083,82,33,pendiente,,,,,
4084,82,34,pendiente,,,,,
4085,82,35,pendiente,,,,,
4086,82,36,pendiente,,,,,
4087,82,37,pendiente,,,,,
4088,82,38,pendiente,,,,,
4089,82,39,pendiente,,,,,
4090,82,40,pendiente,,,,,
4091,82,41,pendiente,,,,,
4092,82,42,pendiente,,,,,
4093,82,43,pendiente,,,,,
4094,82,44,pendiente,,,,,
4095,82,45,pendiente,,,,,
4096,82,46,pendiente,,,,,
4097,82,47,pendiente,,,,,
4098,82,48,pendiente,,,,,
4099,82,49,pendiente,,,,,
4100,82,50,pendiente,,,,,
4101,83,1,pendiente,,,,,
4102,83,2,pendiente,,,,,
4103,83,3,pendiente,,,,,
4104,83,4,pendiente,,,,,
4105,83,5,pendiente,,,,,
4106,83,6,pendiente,,,,,
4107,83,7,pendiente,,,,,
4108,83,8,pendiente,,,,,
4109,83,9,pendiente,,,,,
4110,83,10,pendiente,,,,,
4111,83,11,pendiente,,,,,
4112,83,12,pendiente,,,,,
4113,83,13,pendiente,,,,,
4114,83,14,pendiente,,,,,
4115,83,15,pendiente,,,,,
4116,83,16,pendiente,,,,,
4117,83,17,pendiente,,,,,
4118,83,18,pendiente,,,,,
4119,83,19,pendiente,,,,,
4120,83,20,pendiente,,,,,
4121,83,21,pendiente,,,,,
4122,83,22,pendiente,,,,,
4123,83,23,pendiente,,,,,
4124,83,24,pendiente,,,,,
4125,83,25,pendiente,,,,,
4126,83,26,pendiente,,,,,
4127,83,27,pendiente,,,,,
4128,83,28,pendiente,,,,,
4129,83,29,pendiente,,,,,
4130,83,30,pendiente,,,,,
4131,83,31,pendiente,,,,,
4132,83,32,pendiente,,,,,
4133,83,33,pendiente,,,,,
4134,83,34,pendiente,,,,,
4135,83,35,pendiente,,,,,
4136,83,36,pendiente,,,,,
4137,83,37,pendiente,,,,,
4138,83,38,pendiente,,,,,
4139,83,39,pendiente,,,,,
4140,83,40,pendiente,,,,,
4141,83,41,pendiente,,,,,
4142,83,42,pendiente,,,,,
4143,83,43,pendiente,,,,,
4144,83,44,pendiente,,,,,
4145,83,45,pendiente,,,,,
4146,83,46,pendiente,,,,,
4147,83,47,pendiente,,,,,
4148,83,48,pendiente,,,,,
4149,83,49,pendiente,,,,,
4150,83,50,pendiente,,,,,
4151,84,1,pendiente,,,,,
4152,84,2,pendiente,,,,,
4153,84,3,pendiente,,,,,
4154,84,4,pendiente,,,,,
4155,84,5,pendiente,,,,,
4156,84,6,pendiente,,,,,
4157,84,7,pendiente,,,,,
4158,84,8,pendiente,,,,,
4159,84,9,pendiente,,,,,
4160,84,10,pendiente,,,,,
4161,84,11,pendiente,,,,,
4162,84,12,pendiente,,,,,
4163,84,13,pendiente,,,,,
4164,84,14,pendiente,,,,,
4165,84,15,pendiente,,,,,
4166,84,16,pendiente,,,,,
4167,84,17,pendiente,,,,,
4168,84,18,pendiente,,,,,
4169,84,19,pendiente,,,,,
4170,84,20,pendiente,,,,,
4171,84,21,pendiente,,,,,
4172,84,22,pendiente,,,,,
4173,84,23,pendiente,,,,,
4174,84,24,pendiente,,,,,
4175,84,25,pendiente,,,,,
4176,84,26,pendiente,,,,,
4177,84,27,pendiente,,,,,
4178,84,28,pendiente,,,,,
4179,84,29,pendiente,,,,,
4180,84,30,pendiente,,,,,
4181,84,31,pendiente,,,,,
4182,84,32,pendiente,,,,,
4183,84,33,pendiente,,,,,
4184,84,34,pendiente,,,,,
4185,84,35,pendiente,,,,,
4186,84,36,pendiente,,,,,
4187,84,37,pendiente,,,,,
4188,84,38,pendiente,,,,,
4189,84,39,pendiente,,,,,
4190,84,40,pendiente,,,,,
4191,84,41,pendiente,,,,,
4192,84,42,pendiente,,,,,
4193,84,43,pendiente,,,,,
4194,84,44,pendiente,,,,,
4195,84,45,pendiente,,,,,
4196,84,46,pendiente,,,,,
4197,84,47,pendiente,,,,,
4198,84,48,pendiente,,,,,
4199,84,49,pendiente,,,,,
4200,84,50,pendiente,,,,,
4201,85,1,pendiente,,,,,
4202,85,2,pendiente,,,,,
4203,85,3,pendiente,,,,,
4204,85,4,pendiente,,,,,
4205,85,5,pendiente,,,,,
4206,85,6,pendiente,,,,,
4207,85,7,pendiente,,,,,
4208,85,8,pendiente,,,,,
4209,85,9,pendiente,,,,,
4210,85,10,pendiente,,,,,
4211,85,11,pendiente,,,,,
4212,85,12,pendiente,,,,,
4213,85,13,pendiente,,,,,
4214,85,14,pendiente,,,,,
4215,85,15,pendiente,,,,,
4216,85,16,pendiente,,,,,
4217,85,17,pendiente,,,,,
4218,85,18,pendiente,,,,,
4219,85,19,pendiente,,,,,
4220,85,20,pendiente,,,,,
4221,85,21,pendiente,,,,,
4222,85,22,pendiente,,,,,
4223,85,23,pendiente,,,,,
4224,85,24,pendiente,,,,,
4225,85,25,pendiente,,,,,
4226,85,26,pendiente,,,,,
4227,85,27,pendiente,,,,,
4228,85,28,pendiente,,,,,
4229,85,29,pendiente,,,,,
4230,85,30,pendiente,,,,,
4231,85,31,pendiente,,,,,
4232,85,32,pendiente,,,,,
4233,85,33,pendiente,,,,,
4234,85,34,pendiente,,,,,
4235,85,35,pendiente,,,,,
4236,85,36,pendiente,,,,,
4237,85,37,pendiente,,,,,
4238,85,38,pendiente,,,,,
4239,85,39,pendiente,,,,,
4240,85,40,pendiente,,,,,
4241,85,41,pendiente,,,,,
4242,85,42,pendiente,,,,,
4243,85,43,pendiente,,,,,
4244,85,44,pendiente,,,,,
4245,85,45,pendiente,,,,,
4246,85,46,pendiente,,,,,
4247,85,47,pendiente,,,,,
4248,85,48,pendiente,,,,,
4249,85,49,pendiente,,,,,
4250,85,50,pendiente,,,,,
4251,86,1,pendiente,,,,,
4252,86,2,pendiente,,,,,
4253,86,3,pendiente,,,,,
4254,86,4,pendiente,,,,,
4255,86,5,pendiente,,,,,
4256,86,6,pendiente,,,,,
4257,86,7,pendiente,,,,,
4258,86,8,pendiente,,,,,
4259,86,9,pendiente,,,,,
4260,86,10,pendiente,,,,,
4261,86,11,pendiente,,,,,
4262,86,12,pendiente,,,,,
4263,86,13,pendiente,,,,,
4264,86,14,pendiente,,,,,
4265,86,15,pendiente,,,,,
4266,86,16,pendiente,,,,,
4267,86,17,pendiente,,,,,
4268,86,18,pendiente,,,,,
4269,86,19,pendiente,,,,,
4270,86,20,pendiente,,,,,
4271,86,21,pendiente,,,,,
4272,86,22,pendiente,,,,,
4273,86,23,pendiente,,,,,
4274,86,24,pendiente,,,,,
4275,86,25,pendiente,,,,,
4276,86,26,pendiente,,,,,
4277,86,27,pendiente,,,,,
4278,86,28,pendiente,,,,,
4279,86,29,pendiente,,,,,
4280,86,30,pendiente,,,,,
4281,86,31,pendiente,,,,,
4282,86,32,pendiente,,,,,
4283,86,33,pendiente,,,,,
4284,86,34,pendiente,,,,,
4285,86,35,pendiente,,,,,
4286,86,36,pendiente,,,,,
4287,86,37,pendiente,,,,,
4288,86,38,pendiente,,,,,
4289,86,39,pendiente,,,,,
4290,86,40,pendiente,,,,,
4291,86,41,pendiente,,,,,
4292,86,42,pendiente,,,,,
4293,86,43,pendiente,,,,,
4294,86,44,pendiente,,,,,
4295,86,45,pendiente,,,,,
4296,86,46,pendiente,,,,,
4297,86,47,pendiente,,,,,
4298,86,48,pendiente,,,,,
4299,86,49,pendiente,,,,,
4300,86,50,pendiente,,,,,
4301,87,1,pendiente,,,,,
4302,87,2,pendiente,,,,,
4303,87,3,pendiente,,,,,
4304,87,4,pendiente,,,,,
4305,87,5,pendiente,,,,,
4306,87,6,pendiente,,,,,
4307,87,7,pendiente,,,,,
4308,87,8,pendiente,,,,,
4309,87,9,pendiente,,,,,
4310,87,10,pendiente,,,,,
4311,87,11,pendiente,,,,,
4312,87,12,pendiente,,,,,
4313,87,13,pendiente,,,,,
4314,87,14,pendiente,,,,,
4315,87,15,pendiente,,,,,
4316,87,16,pendiente,,,,,
4317,87,17,pendiente,,,,,
4318,87,18,pendiente,,,,,
4319,87,19,pendiente,,,,,
4320,87,20,pendiente,,,,,
4321,87,21,pendiente,,,,,
4322,87,22,pendiente,,,,,
4323,87,23,pendiente,,,,,
4324,87,24,pendiente,,,,,
4325,87,25,pendiente,,,,,
4326,87,26,pendiente,,,,,
4327,87,27,pendiente,,,,,
4328,87,28,pendiente,,,,,
4329,87,29,pendiente,,,,,
4330,87,30,pendiente,,,,,
4331,87,31,pendiente,,,,,
4332,87,32,pendiente,,,,,
4333,87,33,pendiente,,,,,
4334,87,34,pendiente,,,,,
4335,87,35,pendiente,,,,,
4336,87,36,pendiente,,,,,
4337,87,37,pendiente,,,,,
4338,87,38,pendiente,,,,,
4339,87,39,pendiente,,,,,
4340,87,40,pendiente,,,,,
4341,87,41,pendiente,,,,,
4342,87,42,pendiente,,,,,
4343,87,43,pendiente,,,,,
4344,87,44,pendiente,,,,,
4345,87,45,pendiente,,,,,
4346,87,46,pendiente,,,,,
4347,87,47,pendiente,,,,,
4348,87,48,pendiente,,,,,
4349,87,49,pendiente,,,,,
4350,87,50,pendiente,,,,,
4351,88,1,pendiente,,,,,
4352,88,2,pendiente,,,,,
4353,88,3,pendiente,,,,,
4354,88,4,pendiente,,,,,
4355,88,5,pendiente,,,,,
4356,88,6,pendiente,,,,,
4357,88,7,pendiente,,,,,
4358,88,8,pendiente,,,,,
4359,88,9,pendiente,,,,,
4360,88,10,pendiente,,,,,
4361,88,11,pendiente,,,,,
4362,88,12,pendiente,,,,,
4363,88,13,pendiente,,,,,
4364,88,14,pendiente,,,,,
4365,88,15,pendiente,,,,,
4366,88,16,pendiente,,,,,
4367,88,17,pendiente,,,,,
4368,88,18,pendiente,,,,,
4369,88,19,pendiente,,,,,
4370,88,20,pendiente,,,,,
4371,88,21,pendiente,,,,,
4372,88,22,pendiente,,,,,
4373,88,23,pendiente,,,,,
4374,88,24,pendiente,,,,,
4375,88,25,pendiente,,,,,
4376,88,26,pendiente,,,,,
4377,88,27,pendiente,,,,,
4378,88,28,pendiente,,,,,
4379,88,29,pendiente,,,,,
4380,88,30,pendiente,,,,,
4381,88,31,pendiente,,,,,
4382,88,32,pendiente,,,,,
4383,88,33,pendiente,,,,,
4384,88,34,pendiente,,,,,
4385,88,35,pendiente,,,,,
4386,88,36,pendiente,,,,,
4387,88,37,pendiente,,,,,
4388,88,38,pendiente,,,,,
4389,88,39,pendiente,,,,,
4390,88,40,pendiente,,,,,
4391,88,41,pendiente,,,,,
4392,88,42,pendiente,,,,,
4393,88,43,pendiente,,,,,
4394,88,44,pendiente,,,,,
4395,88,45,pendiente,,,,,
4396,88,46,pendiente,,,,,
4397,88,47,pendiente,,,,,
4398,88,48,pendiente,,,,,
4399,88,49,pendiente,,,,,
4400,88,50,pendiente,,,,,
4401,89,1,pendiente,,,,,
4402,89,2,pendiente,,,,,
4403,89,3,pendiente,,,,,
4404,89,4,pendiente,,,,,
4405,89,5,pendiente,,,,,
4406,89,6,pendiente,,,,,
4407,89,7,pendiente,,,,,
4408,89,8,pendiente,,,,,
4409,89,9,pendiente,,,,,
4410,89,10,pendiente,,,,,
4411,89,11,pendiente,,,,,
4412,89,12,pendiente,,,,,
4413,89,13,pendiente,,,,,
4414,89,14,pendiente,,,,,
4415,89,15,pendiente,,,,,
4416,89,16,pendiente,,,,,
4417,89,17,pendiente,,,,,
4418,89,18,pendiente,,,,,
4419,89,19,pendiente,,,,,
4420,89,20,pendiente,,,,,
4421,89,21,pendiente,,,,,
4422,89,22,pendiente,,,,,
4423,89,23,pendiente,,,,,
4424,89,24,pendiente,,,,,
4425,89,25,pendiente,,,,,
4426,89,26,pendiente,,,,,
4427,89,27,pendiente,,,,,
4428,89,28,pendiente,,,,,
4429,89,29,pendiente,,,,,
4430,89,30,pendiente,,,,,
4431,89,31,pendiente,,,,,
4432,89,32,pendiente,,,,,
4433,89,33,pendiente,,,,,
4434,89,34,pendiente,,,,,
4435,89,35,pendiente,,,,,
4436,89,36,pendiente,,,,,
4437,89,37,pendiente,,,,,
4438,89,38,pendiente,,,,,
4439,89,39,pendiente,,,,,
4440,89,40,pendiente,,,,,
4441,89,41,pendiente,,,,,
4442,89,42,pendiente,,,,,
4443,89,43,pendiente,,,,,
4444,89,44,pendiente,,,,,
4445,89,45,pendiente,,,,,
4446,89,46,pendiente,,,,,
4447,89,47,pendiente,,,,,
4448,89,48,pendiente,,,,,
4449,89,49,pendiente,,,,,
4450,89,50,pendiente,,,,,
4451,90,1,pendiente,,,,,
4452,90,2,pendiente,,,,,
4453,90,3,pendiente,,,,,
4454,90,4,pendiente,,,,,
4455,90,5,pendiente,,,,,
4456,90,6,pendiente,,,,,
4457,90,7,pendiente,,,,,
4458,90,8,pendiente,,,,,
4459,90,9,pendiente,,,,,
4460,90,10,pendiente,,,,,
4461,90,11,pendiente,,,,,
4462,90,12,pendiente,,,,,
4463,90,13,pendiente,,,,,
4464,90,14,pendiente,,,,,
4465,90,15,pendiente,,,,,
4466,90,16,pendiente,,,,,
4467,90,17,pendiente,,,,,
4468,90,18,pendiente,,,,,
4469,90,19,pendiente,,,,,
4470,90,20,pendiente,,,,,
4471,90,21,pendiente,,,,,
4472,90,22,pendiente,,,,,
4473,90,23,pendiente,,,,,
4474,90,24,pendiente,,,,,
4475,90,25,pendiente,,,,,
4476,90,26,pendiente,,,,,
4477,90,27,pendiente,,,,,
4478,90,28,pendiente,,,,,
4479,90,29,pendiente,,,,,
4480,90,30,pendiente,,,,,
4481,90,31,pendiente,,,,,
4482,90,32,pendiente,,,,,
4483,90,33,pendiente,,,,,
4484,90,34,pendiente,,,,,
4485,90,35,pendiente,,,,,
4486,90,36,pendiente,,,,,
4487,90,37,pendiente,,,,,
4488,90,38,pendiente,,,,,
4489,90,39,pendiente,,,,,
4490,90,40,pendiente,,,,,
4491,90,41,pendiente,,,,,
4492,90,42,pendiente,,,,,
4493,90,43,pendiente,,,,,
4494,90,44,pendiente,,,,,
4495,90,45,pendiente,,,,,
4496,90,46,pendiente,,,,,
4497,90,47,pendiente,,,,,
4498,90,48,pendiente,,,,,
4499,90,49,pendiente,,,,,
4500,90,50,pendiente,,,,,
4501,91,1,pendiente,,,,,
4502,91,2,pendiente,,,,,
4503,91,3,pendiente,,,,,
4504,91,4,pendiente,,,,,
4505,91,5,pendiente,,,,,
4506,91,6,pendiente,,,,,
4507,91,7,pendiente,,,,,
4508,91,8,pendiente,,,,,
4509,91,9,pendiente,,,,,
4510,91,10,pendiente,,,,,
4511,91,11,pendiente,,,,,
4512,91,12,pendiente,,,,,
4513,91,13,pendiente,,,,,
4514,91,14,pendiente,,,,,
4515,91,15,pendiente,,,,,
4516,91,16,pendiente,,,,,
4517,91,17,pendiente,,,,,
4518,91,18,pendiente,,,,,
4519,91,19,pendiente,,,,,
4520,91,20,pendiente,,,,,
4521,91,21,pendiente,,,,,
4522,91,22,pendiente,,,,,
4523,91,23,pendiente,,,,,
4524,91,24,pendiente,,,,,
4525,91,25,pendiente,,,,,
4526,91,26,pendiente,,,,,
4527,91,27,pendiente,,,,,
4528,91,28,pendiente,,,,,
4529,91,29,pendiente,,,,,
4530,91,30,pendiente,,,,,
4531,91,31,pendiente,,,,,
4532,91,32,pendiente,,,,,
4533,91,33,pendiente,,,,,
4534,91,34,pendiente,,,,,
4535,91,35,pendiente,,,,,
4536,91,36,pendiente,,,,,
4537,91,37,pendiente,,,,,
4538,91,38,pendiente,,,,,
4539,91,39,pendiente,,,,,
4540,91,40,pendiente,,,,,
4541,91,41,pendiente,,,,,
4542,91,42,pendiente,,,,,
4543,91,43,pendiente,,,,,
4544,91,44,pendiente,,,,,
4545,91,45,pendiente,,,,,
4546,91,46,pendiente,,,,,
4547,91,47,pendiente,,,,,
4548,91,48,pendiente,,,,,
4549,91,49,pendiente,,,,,
4550,91,50,pendiente,,,,,
4551,92,1,pendiente,,,,,
4552,92,2,pendiente,,,,,
4553,92,3,pendiente,,,,,
4554,92,4,pendiente,,,,,
4555,92,5,pendiente,,,,,
4556,92,6,pendiente,,,,,
4557,92,7,pendiente,,,,,
4558,92,8,pendiente,,,,,
4559,92,9,pendiente,,,,,
4560,92,10,pendiente,,,,,
4561,92,11,pendiente,,,,,
4562,92,12,pendiente,,,,,
4563,92,13,pendiente,,,,,
4564,92,14,pendiente,,,,,
4565,92,15,pendiente,,,,,
4566,92,16,pendiente,,,,,
4567,92,17,pendiente,,,,,
4568,92,18,pendiente,,,,,
4569,92,19,pendiente,,,,,
4570,92,20,pendiente,,,,,
4571,92,21,pendiente,,,,,
4572,92,22,pendiente,,,,,
4573,92,23,pendiente,,,,,
4574,92,24,pendiente,,,,,
4575,92,25,pendiente,,,,,
4576,92,26,pendiente,,,,,
4577,92,27,pendiente,,,,,
4578,92,28,pendiente,,,,,
4579,92,29,pendiente,,,,,
4580,92,30,pendiente,,,,,
4581,92,31,pendiente,,,,,
4582,92,32,pendiente,,,,,
4583,92,33,pendiente,,,,,
4584,92,34,pendiente,,,,,
4585,92,35,pendiente,,,,,
4586,92,36,pendiente,,,,,
4587,92,37,pendiente,,,,,
4588,92,38,pendiente,,,,,
4589,92,39,pendiente,,,,,
4590,92,40,pendiente,,,,,
4591,92,41,pendiente,,,,,
4592,92,42,pendiente,,,,,
4593,92,43,pendiente,,,,,
4594,92,44,pendiente,,,,,
4595,92,45,pendiente,,,,,
4596,92,46,pendiente,,,,,
4597,92,47,pendiente,,,,,
4598,92,48,pendiente,,,,,
4599,92,49,pendiente,,,,,
4600,92,50,pendiente,,,,,
4601,93,1,pendiente,,,,,
4602,93,2,pendiente,,,,,
4603,93,3,pendiente,,,,,
4604,93,4,pendiente,,,,,
4605,93,5,pendiente,,,,,
4606,93,6,pendiente,,,,,
4607,93,7,pendiente,,,,,
4608,93,8,pendiente,,,,,
4609,93,9,pendiente,,,,,
4610,93,10,pendiente,,,,,
4611,93,11,pendiente,,,,,
4612,93,12,pendiente,,,,,
4613,93,13,pendiente,,,,,
4614,93,14,pendiente,,,,,
4615,93,15,pendiente,,,,,
4616,93,16,pendiente,,,,,
4617,93,17,pendiente,,,,,
4618,93,18,pendiente,,,,,
4619,93,19,pendiente,,,,,
4620,93,20,pendiente,,,,,
4621,93,21,pendiente,,,,,
4622,93,22,pendiente,,,,,
4623,93,23,pendiente,,,,,
4624,93,24,pendiente,,,,,
4625,93,25,pendiente,,,,,
4626,93,26,pendiente,,,,,
4627,93,27,pendiente,,,,,
4628,93,28,pendiente,,,,,
4629,93,29,pendiente,,,,,
4630,93,30,pendiente,,,,,
4631,93,31,pendiente,,,,,
4632,93,32,pendiente,,,,,
4633,93,33,pendiente,,,,,
4634,93,34,pendiente,,,,,
4635,93,35,pendiente,,,,,
4636,93,36,pendiente,,,,,
4637,93,37,pendiente,,,,,
4638,93,38,pendiente,,,,,
4639,93,39,pendiente,,,,,
4640,93,40,pendiente,,,,,
4641,93,41,pendiente,,,,,
4642,93,42,pendiente,,,,,
4643,93,43,pendiente,,,,,
4644,93,44,pendiente,,,,,
4645,93,45,pendiente,,,,,
4646,93,46,pendiente,,,,,
4647,93,47,pendiente,,,,,
4648,93,48,pendiente,,,,,
4649,93,49,pendiente,,,,,
4650,93,50,pendiente,,,,,
4651,94,1,pendiente,,,,,
4652,94,2,pendiente,,,,,
4653,94,3,pendiente,,,,,
4654,94,4,pendiente,,,,,
4655,94,5,pendiente,,,,,
4656,94,6,pendiente,,,,,
4657,94,7,pendiente,,,,,
4658,94,8,pendiente,,,,,
4659,94,9,pendiente,,,,,
4660,94,10,pendiente,,,,,
4661,94,11,pendiente,,,,,
4662,94,12,pendiente,,,,,
4663,94,13,pendiente,,,,,
4664,94,14,pendiente,,,,,
4665,94,15,pendiente,,,,,
4666,94,16,pendiente,,,,,
4667,94,17,pendiente,,,,,
4668,94,18,pendiente,,,,,
4669,94,19,pendiente,,,,,
4670,94,20,pendiente,,,,,
4671,94,21,pendiente,,,,,
4672,94,22,pendiente,,,,,
4673,94,23,pendiente,,,,,
4674,94,24,pendiente,,,,,
4675,94,25,pendiente,,,,,
4676,94,26,pendiente,,,,,
4677,94,27,pendiente,,,,,
4678,94,28,pendiente,,,,,
4679,94,29,pendiente,,,,,
4680,94,30,pendiente,,,,,
4681,94,31,pendiente,,,,,
4682,94,32,pendiente,,,,,
4683,94,33,pendiente,,,,,
4684,94,34,pendiente,,,,,
4685,94,35,pendiente,,,,,
4686,94,36,pendiente,,,,,
4687,94,37,pendiente,,,,,
4688,94,38,pendiente,,,,,
4689,94,39,pendiente,,,,,
4690,94,40,pendiente,,,,,
4691,94,41,pendiente,,,,,
4692,94,42,pendiente,,,,,
4693,94,43,pendiente,,,,,
4694,94,44,pendiente,,,,,
4695,94,45,pendiente,,,,,
4696,94,46,pendiente,,,,,
4697,94,47,pendiente,,,,,
4698,94,48,pendiente,,,,,
4699,94,49,pendiente,,,,,
4700,94,50,pendiente,,,,,
4701,95,1,pendiente,,,,,
4702,95,2,pendiente,,,,,
4703,95,3,pendiente,,,,,
4704,95,4,pendiente,,,,,
4705,95,5,pendiente,,,,,
4706,95,6,pendiente,,,,,
4707,95,7,pendiente,,,,,
4708,95,8,pendiente,,,,,
4709,95,9,pendiente,,,,,
4710,95,10,pendiente,,,,,
4711,95,11,pendiente,,,,,
4712,95,12,pendiente,,,,,
4713,95,13,pendiente,,,,,
4714,95,14,pendiente,,,,,
4715,95,15,pendiente,,,,,
4716,95,16,pendiente,,,,,
4717,95,17,pendiente,,,,,
4718,95,18,pendiente,,,,,
4719,95,19,pendiente,,,,,
4720,95,20,pendiente,,,,,
4721,95,21,pendiente,,,,,
4722,95,22,pendiente,,,,,
4723,95,23,pendiente,,,,,
4724,95,24,pendiente,,,,,
4725,95,25,pendiente,,,,,
4726,95,26,pendiente,,,,,
4727,95,27,pendiente,,,,,
4728,95,28,pendiente,,,,,
4729,95,29,pendiente,,,,,
4730,95,30,pendiente,,,,,
4731,95,31,pendiente,,,,,
4732,95,32,pendiente,,,,,
4733,95,33,pendiente,,,,,
4734,95,34,pendiente,,,,,
4735,95,35,pendiente,,,,,
4736,95,36,pendiente,,,,,
4737,95,37,pendiente,,,,,
4738,95,38,pendiente,,,,,
4739,95,39,pendiente,,,,,
4740,95,40,pendiente,,,,,
4741,95,41,pendiente,,,,,
4742,95,42,pendiente,,,,,
4743,95,43,pendiente,,,,,
4744,95,44,pendiente,,,,,
4745,95,45,pendiente,,,,,
4746,95,46,pendiente,,,,,
4747,95,47,pendiente,,,,,
4748,95,48,pendiente,,,,,
4749,95,49,pendiente,,,,,
4750,95,50,pendiente,,,,,
4751,96,1,pendiente,,,,,
4752,96,2,pendiente,,,,,
4753,96,3,pendiente,,,,,
4754,96,4,pendiente,,,,,
4755,96,5,pendiente,,,,,
4756,96,6,pendiente,,,,,
4757,96,7,pendiente,,,,,
4758,96,8,pendiente,,,,,
4759,96,9,pendiente,,,,,
4760,96,10,pendiente,,,,,
4761,96,11,pendiente,,,,,
4762,96,12,pendiente,,,,,
4763,96,13,pendiente,,,,,
4764,96,14,pendiente,,,,,
4765,96,15,pendiente,,,,,
4766,96,16,pendiente,,,,,
4767,96,17,pendiente,,,,,
4768,96,18,pendiente,,,,,
4769,96,19,pendiente,,,,,
4770,96,20,pendiente,,,,,
4771,96,21,pendiente,,,,,
4772,96,22,pendiente,,,,,
4773,96,23,pendiente,,,,,
4774,96,24,pendiente,,,,,
4775,96,25,pendiente,,,,,
4776,96,26,pendiente,,,,,
4777,96,27,pendiente,,,,,
4778,96,28,pendiente,,,,,
4779,96,29,pendiente,,,,,
4780,96,30,pendiente,,,,,
4781,96,31,pendiente,,,,,
4782,96,32,pendiente,,,,,
4783,96,33,pendiente,,,,,
4784,96,34,pendiente,,,,,
4785,96,35,pendiente,,,,,
4786,96,36,pendiente,,,,,
4787,96,37,pendiente,,,,,
4788,96,38,pendiente,,,,,
4789,96,39,pendiente,,,,,
4790,96,40,pendiente,,,,,
4791,96,41,pendiente,,,,,
4792,96,42,pendiente,,,,,
4793,96,43,pendiente,,,,,
4794,96,44,pendiente,,,,,
4795,96,45,pendiente,,,,,
4796,96,46,pendiente,,,,,
4797,96,47,pendiente,,,,,
4798,96,48,pendiente,,,,,
4799,96,49,pendiente,,,,,
4800,96,50,pendiente,,,,,
4801,97,1,pendiente,,,,,
4802,97,2,pendiente,,,,,
4803,97,3,pendiente,,,,,
4804,97,4,pendiente,,,,,
4805,97,5,pendiente,,,,,
4806,97,6,pendiente,,,,,
4807,97,7,pendiente,,,,,
4808,97,8,pendiente,,,,,
4809,97,9,pendiente,,,,,
4810,97,10,pendiente,,,,,
4811,97,11,pendiente,,,,,
4812,97,12,pendiente,,,,,
4813,97,13,pendiente,,,,,
4814,97,14,pendiente,,,,,
4815,97,15,pendiente,,,,,
4816,97,16,pendiente,,,,,
4817,97,17,pendiente,,,,,
4818,97,18,pendiente,,,,,
4819,97,19,pendiente,,,,,
4820,97,20,pendiente,,,,,
4821,97,21,pendiente,,,,,
4822,97,22,pendiente,,,,,
4823,97,23,pendiente,,,,,
4824,97,24,pendiente,,,,,
4825,97,25,pendiente,,,,,
4826,97,26,pendiente,,,,,
4827,97,27,pendiente,,,,,
4828,97,28,pendiente,,,,,
4829,97,29,pendiente,,,,,
4830,97,30,pendiente,,,,,
4831,97,31,pendiente,,,,,
4832,97,32,pendiente,,,,,
4833,97,33,pendiente,,,,,
4834,97,34,pendiente,,,,,
4835,97,35,pendiente,,,,,
4836,97,36,pendiente,,,,,
4837,97,37,pendiente,,,,,
4838,97,38,pendiente,,,,,
4839,97,39,pendiente,,,,,
4840,97,40,pendiente,,,,,
4841,97,41,pendiente,,,,,
4842,97,42,pendiente,,,,,
4843,97,43,pendiente,,,,,
4844,97,44,pendiente,,,,,
4845,97,45,pendiente,,,,,
4846,97,46,pendiente,,,,,
4847,97,47,pendiente,,,,,
4848,97,48,pendiente,,,,,
4849,97,49,pendiente,,,,,
4850,97,50,pendiente,,,,,
4851,98,1,pendiente,,,,,
4852,98,2,pendiente,,,,,
4853,98,3,pendiente,,,,,
4854,98,4,pendiente,,,,,
4855,98,5,pendiente,,,,,
4856,98,6,pendiente,,,,,
4857,98,7,pendiente,,,,,
4858,98,8,pendiente,,,,,
4859,98,9,pendiente,,,,,
4860,98,10,pendiente,,,,,
4861,98,11,pendiente,,,,,
4862,98,12,pendiente,,,,,
4863,98,13,pendiente,,,,,
4864,98,14,pendiente,,,,,
4865,98,15,pendiente,,,,,
4866,98,16,pendiente,,,,,
4867,98,17,pendiente,,,,,
4868,98,18,pendiente,,,,,
4869,98,19,pendiente,,,,,
4870,98,20,pendiente,,,,,
4871,98,21,pendiente,,,,,
4872,98,22,pendiente,,,,,
4873,98,23,pendiente,,,,,
4874,98,24,pendiente,,,,,
4875,98,25,pendiente,,,,,
4876,98,26,pendiente,,,,,
4877,98,27,pendiente,,,,,
4878,98,28,pendiente,,,,,
4879,98,29,pendiente,,,,,
4880,98,30,pendiente,,,,,
4881,98,31,pendiente,,,,,
4882,98,32,pendiente,,,,,
4883,98,33,pendiente,,,,,
4884,98,34,pendiente,,,,,
4885,98,35,pendiente,,,,,
4886,98,36,pendiente,,,,,
4887,98,37,pendiente,,,,,
4888,98,38,pendiente,,,,,
4889,98,39,pendiente,,,,,
4890,98,40,pendiente,,,,,
4891,98,41,pendiente,,,,,
4892,98,42,pendiente,,,,,
4893,98,43,pendiente,,,,,
4894,98,44,pendiente,,,,,
4895,98,45,pendiente,,,,,
4896,98,46,pendiente,,,,,
4897,98,47,pendiente,,,,,
4898,98,48,pendiente,,,,,
4899,98,49,pendiente,,,,,
4900,98,50,pendiente,,,,,
4901,99,1,pendiente,,,,,
4902,99,2,pendiente,,,,,
4903,99,3,pendiente,,,,,
4904,99,4,pendiente,,,,,
4905,99,5,pendiente,,,,,
4906,99,6,pendiente,,,,,
4907,99,7,pendiente,,,,,
4908,99,8,pendiente,,,,,
4909,99,9,pendiente,,,,,
4910,99,10,pendiente,,,,,
4911,99,11,pendiente,,,,,
4912,99,12,pendiente,,,,,
4913,99,13,pendiente,,,,,
4914,99,14,pendiente,,,,,
4915,99,15,pendiente,,,,,
4916,99,16,pendiente,,,,,
4917,99,17,pendiente,,,,,
4918,99,18,pendiente,,,,,
4919,99,19,pendiente,,,,,
4920,99,20,pendiente,,,,,
4921,99,21,pendiente,,,,,
4922,99,22,pendiente,,,,,
4923,99,23,pendiente,,,,,
4924,99,24,pendiente,,,,,
4925,99,25,pendiente,,,,,
4926,99,26,pendiente,,,,,
4927,99,27,pendiente,,,,,
4928,99,28,pendiente,,,,,
4929,99,29,pendiente,,,,,
4930,99,30,pendiente,,,,,
4931,99,31,pendiente,,,,,
4932,99,32,pendiente,,,,,
4933,99,33,pendiente,,,,,
4934,99,34,pendiente,,,,,
4935,99,35,pendiente,,,,,
4936,99,36,pendiente,,,,,
4937,99,37,pendiente,,,,,
4938,99,38,pendiente,,,,,
4939,99,39,pendiente,,,,,
4940,99,40,pendiente,,,,,
4941,99,41,pendiente,,,,,
4942,99,42,pendiente,,,,,
4943,99,43,pendiente,,,,,
4944,99,44,pendiente,,,,,
4945,99,45,pendiente,,,,,
4946,99,46,pendiente,,,,,
4947,99,47,pendiente,,,,,
4948,99,48,pendiente,,,,,
4949,99,49,pendiente,,,,,
4950,99,50,pendiente,,,,,
4951,100,1,pendiente,,,,,
4952,100,2,pendiente,,,,,
4953,100,3,pendiente,,,,,
4954,100,4,pendiente,,,,,
4955,100,5,pendiente,,,,,
4956,100,6,pendiente,,,,,
4957,100,7,pendiente,,,,,
4958,100,8,pendiente,,,,,
4959,100,9,pendiente,,,,,
4960,100,10,pendiente,,,,,
4961,100,11,pendiente,,,,,
4962,100,12,pendiente,,,,,
4963,100,13,pendiente,,,,,
4964,100,14,pendiente,,,,,
4965,100,15,pendiente,,,,,
4966,100,16,pendiente,,,,,
4967,100,17,pendiente,,,,,
4968,100,18,pendiente,,,,,
4969,100,19,pendiente,,,,,
4970,100,20,pendiente,,,,,
4971,100,21,pendiente,,,,,
4972,100,22,pendiente,,,,,
4973,100,23,pendiente,,,,,
4974,100,24,pendiente,,,,,
4975,100,25,pendiente,,,,,
4976,100,26,pendiente,,,,,
4977,100,27,pendiente,,,,,
4978,100,28,pendiente,,,,,
4979,100,29,pendiente,,,,,
4980,100,30,pendiente,,,,,
4981,100,31,pendiente,,,,,
4982,100,32,pendiente,,,,,
4983,100,33,pendiente,,,,,
4984,100,34,pendiente,,,,,
4985,100,35,pendiente,,,,,
4986,100,36,pendiente,,,,,
4987,100,37,pendiente,,,,,
4988,100,38,pendiente,,,,,
4989,100,39,pendiente,,,,,
4990,100,40,pendiente,,,,,
4991,100,41,pendiente,,,,,
4992,100,42,pendiente,,,,,
4993,100,43,pendiente,,,,,
4994,100,44,pendiente,,,,,
4995,100,45,pendiente,,,,,
4996,100,46,pendiente,,,,,
4997,100,47,pendiente,,,,,
4998,100,48,pendiente,,,,,
4999,100,49,pendiente,,,,,
5000,100,50,pendiente,,,,,
5001,101,1,pendiente,,,,,
5002,101,2,pendiente,,,,,
5003,101,3,pendiente,,,,,
5004,101,4,pendiente,,,,,
5005,101,5,pendiente,,,,,
5006,101,6,pendiente,,,,,
5007,101,7,pendiente,,,,,
5008,101,8,pendiente,,,,,
5009,101,9,pendiente,,,,,
5010,101,10,pendiente,,,,,
5011,101,11,pendiente,,,,,
5012,101,12,pendiente,,,,,
5013,101,13,pendiente,,,,,
5014,101,14,pendiente,,,,,
5015,101,15,pendiente,,,,,
5016,101,16,pendiente,,,,,
5017,101,17,pendiente,,,,,
5018,101,18,pendiente,,,,,
5019,101,19,pendiente,,,,,
5020,101,20,pendiente,,,,,
5021,101,21,pendiente,,,,,
5022,101,22,pendiente,,,,,
5023,101,23,pendiente,,,,,
5024,101,24,pendiente,,,,,
5025,101,25,pendiente,,,,,
5026,101,26,pendiente,,,,,
5027,101,27,pendiente,,,,,
5028,101,28,pendiente,,,,,
5029,101,29,pendiente,,,,,
5030,101,30,pendiente,,,,,
5031,101,31,pendiente,,,,,
5032,101,32,pendiente,,,,,
5033,101,33,pendiente,,,,,
5034,101,34,pendiente,,,,,
5035,101,35,pendiente,,,,,
5036,101,36,pendiente,,,,,
5037,101,37,pendiente,,,,,
5038,101,38,pendiente,,,,,
5039,101,39,pendiente,,,,,
5040,101,40,pendiente,,,,,
5041,101,41,pendiente,,,,,
5042,101,42,pendiente,,,,,
5043,101,43,pendiente,,,,,
5044,101,44,pendiente,,,,,
5045,101,45,pendiente,,,,,
5046,101,46,pendiente,,,,,
5047,101,47,pendiente,,,,,
5048,101,48,pendiente,,,,,
5049,101,49,pendiente,,,,,
5050,101,50,pendiente,,,,,
5051,102,1,pendiente,Thu Apr 02 2026 00:00:00 GMT-0500 (hora de Ecuador),,,Fabian Baquero,
5052,102,2,pendiente,Thu Apr 02 2026 00:00:00 GMT-0500 (hora de Ecuador),,,Fabian Baquero,
5053,102,3,completado,Mon Mar 09 2026 00:00:00 GMT-0500 (hora de Ecuador),Thu Apr 02 2026 00:00:00 GMT-0500 (hora de Ecuador),,Fabian Baquero,
5054,102,4,completado,Mon Mar 09 2026 00:00:00 GMT-0500 (hora de Ecuador),Mon Apr 06 2026 00:00:00 GMT-0500 (hora de Ecuador),,Fabian Baquero,
5055,102,5,completado,Mon Mar 09 2026 00:00:00 GMT-0500 (hora de Ecuador),Mon Apr 06 2026 00:00:00 GMT-0500 (hora de Ecuador),,Fabian Baquero,
5056,102,6,completado,Tue Mar 10 2026 00:00:00 GMT-0500 (hora de Ecuador),Thu Apr 09 2026 00:00:00 GMT-0500 (hora de Ecuador),,Fabian Baquero,
5057,102,7,completado,Wed Mar 11 2026 00:00:00 GMT-0500 (hora de Ecuador),Tue Apr 28 2026 00:00:00 GMT-0500 (hora de Ecuador),,Fabian Baquero,
5058,102,8,completado,Thu Mar 12 2026 00:00:00 GMT-0500 (hora de Ecuador),Tue Apr 28 2026 00:00:00 GMT-0500 (hora de Ecuador),,Fabian Baquero,
5059,102,9,completado,Fri Mar 13 2026 00:00:00 GMT-0500 (hora de Ecuador),Tue Apr 28 2026 00:00:00 GMT-0500 (hora de Ecuador),,Fabian Baquero,
5060,102,10,completado,Mon Mar 16 2026 00:00:00 GMT-0500 (hora de Ecuador),Tue Mar 10 2026 00:00:00 GMT-0500 (hora de Ecuador),,Fabian Baquero,
5061,102,11,completado,Tue Mar 17 2026 00:00:00 GMT-0500 (hora de Ecuador),Tue Mar 17 2026 00:00:00 GMT-0500 (hora de Ecuador),,Fabian Baquero,
5062,102,12,completado,Tue Mar 17 2026 00:00:00 GMT-0500 (hora de Ecuador),Wed Apr 29 2026 00:00:00 GMT-0500 (hora de Ecuador),,Fabian Baquero,
5063,102,13,completado,Wed Mar 18 2026 00:00:00 GMT-0500 (hora de Ecuador),Tue May 12 2026 00:00:00 GMT-0500 (hora de Ecuador),,Fabian Baquero,
5064,102,14,completado,Thu Mar 19 2026 00:00:00 GMT-0500 (hora de Ecuador),Tue May 26 2026 00:00:00 GMT-0500 (hora de Ecuador),,Fabian Baquero,
5065,102,15,pendiente,Fri Mar 20 2026 00:00:00 GMT-0500 (hora de Ecuador),,,Fabian Baquero,
5066,102,16,pendiente,Mon Mar 23 2026 00:00:00 GMT-0500 (hora de Ecuador),,,Fabian Baquero,
5067,102,17,pendiente,Mon Mar 23 2026 00:00:00 GMT-0500 (hora de Ecuador),,,Fabian Baquero,
5068,102,18,pendiente,Tue Mar 24 2026 00:00:00 GMT-0500 (hora de Ecuador),,,Fabian Baquero,
5069,102,19,pendiente,Tue Mar 24 2026 00:00:00 GMT-0500 (hora de Ecuador),,,Fabian Baquero,
5070,102,20,pendiente,,,,Fabian Baquero,
5071,102,21,pendiente,,,,Fabian Baquero,
5072,102,22,pendiente,,,,Fabian Baquero,
5073,102,23,pendiente,,,,Fabian Baquero,
5074,102,24,pendiente,,,,Fabian Baquero,
5075,102,25,pendiente,,,,Fabian Baquero,
5076,102,26,pendiente,,,,Fabian Baquero,
5077,102,27,pendiente,,,,Fabian Baquero,
5078,102,28,pendiente,,,,Fabian Baquero,
5079,102,29,pendiente,,,,Fabian Baquero,
5080,102,30,pendiente,,,,Fabian Baquero,
5081,102,31,pendiente,,,,Fabian Baquero,
5082,102,32,pendiente,,,,Fabian Baquero,
5083,102,33,pendiente,Wed Mar 25 2026 00:00:00 GMT-0500 (hora de Ecuador),,,Fabian Baquero,
5084,102,34,pendiente,Thu Mar 26 2026 00:00:00 GMT-0500 (hora de Ecuador),,,Fabian Baquero,
5085,102,35,pendiente,Thu Mar 26 2026 00:00:00 GMT-0500 (hora de Ecuador),,,Fabian Baquero,
5086,102,36,pendiente,,,,Fabian Baquero,
5087,102,37,pendiente,,,,Fabian Baquero,
5088,102,38,pendiente,,,,Fabian Baquero,
5089,102,39,pendiente,Thu Mar 26 2026 00:00:00 GMT-0500 (hora de Ecuador),,,Fabian Baquero,
5090,102,40,pendiente,Wed Apr 01 2026 00:00:00 GMT-0500 (hora de Ecuador),,,Fabian Baquero,
5091,102,41,pendiente,,,,Fabian Baquero,
5092,102,42,pendiente,,,,Fabian Baquero,
5093,102,43,pendiente,,,,Fabian Baquero,
5094,102,44,pendiente,,,,Fabian Baquero,
5095,102,45,pendiente,,,,Fabian Baquero,
5096,102,46,pendiente,,,,Fabian Baquero,
5097,102,47,pendiente,,,,Fabian Baquero,
5098,102,48,pendiente,,,,Fabian Baquero,
5099,102,49,pendiente,,,,Fabian Baquero,
5100,102,50,pendiente,Wed Apr 01 2026 00:00:00 GMT-0500 (hora de Ecuador),,,Fabian Baquero,
5101,103,1,pendiente,,,,,
5102,103,2,pendiente,,,,,
5103,103,3,pendiente,,,,,
5104,103,4,pendiente,,,,,
5105,103,5,pendiente,,,,,
5106,103,6,pendiente,,,,,
5107,103,7,pendiente,,,,,
5108,103,8,pendiente,,,,,
5109,103,9,pendiente,,,,,
5110,103,10,pendiente,,,,,
5111,103,11,pendiente,,,,,
5112,103,12,pendiente,,,,,
5113,103,13,pendiente,,,,,
5114,103,14,pendiente,,,,,
5115,103,15,pendiente,,,,,
5116,103,16,pendiente,,,,,
5117,103,17,pendiente,,,,,
5118,103,18,pendiente,,,,,
5119,103,19,pendiente,,,,,
5120,103,20,pendiente,,,,,
5121,103,21,pendiente,,,,,
5122,103,22,pendiente,,,,,
5123,103,23,pendiente,,,,,
5124,103,24,pendiente,,,,,
5125,103,25,pendiente,,,,,
5126,103,26,pendiente,,,,,
5127,103,27,pendiente,,,,,
5128,103,28,pendiente,,,,,
5129,103,29,pendiente,,,,,
5130,103,30,pendiente,,,,,
5131,103,31,pendiente,,,,,
5132,103,32,pendiente,,,,,
5133,103,33,pendiente,,,,,
5134,103,34,pendiente,,,,,
5135,103,35,pendiente,,,,,
5136,103,36,pendiente,,,,,
5137,103,37,pendiente,,,,,
5138,103,38,pendiente,,,,,
5139,103,39,pendiente,,,,,
5140,103,40,pendiente,,,,,
5141,103,41,pendiente,,,,,
5142,103,42,pendiente,,,,,
5143,103,43,pendiente,,,,,
5144,103,44,pendiente,,,,,
5145,103,45,pendiente,,,,,
5146,103,46,pendiente,,,,,
5147,103,47,pendiente,,,,,
5148,103,48,pendiente,,,,,
5149,103,49,pendiente,,,,,
5150,103,50,pendiente,,,,,
5151,104,1,pendiente,,,,,
5152,104,2,pendiente,,,,,
5153,104,3,pendiente,,,,,
5154,104,4,pendiente,,,,,
5155,104,5,pendiente,,,,,
5156,104,6,pendiente,,,,,
5157,104,7,pendiente,,,,,
5158,104,8,pendiente,,,,,
5159,104,9,pendiente,,,,,
5160,104,10,pendiente,,,,,
5161,104,11,pendiente,,,,,
5162,104,12,pendiente,,,,,
5163,104,13,pendiente,,,,,
5164,104,14,pendiente,,,,,
5165,104,15,pendiente,,,,,
5166,104,16,pendiente,,,,,
5167,104,17,pendiente,,,,,
5168,104,18,pendiente,,,,,
5169,104,19,pendiente,,,,,
5170,104,20,pendiente,,,,,
5171,104,21,pendiente,,,,,
5172,104,22,pendiente,,,,,
5173,104,23,pendiente,,,,,
5174,104,24,pendiente,,,,,
5175,104,25,pendiente,,,,,
5176,104,26,pendiente,,,,,
5177,104,27,pendiente,,,,,
5178,104,28,pendiente,,,,,
5179,104,29,pendiente,,,,,
5180,104,30,pendiente,,,,,
5181,104,31,pendiente,,,,,
5182,104,32,pendiente,,,,,
5183,104,33,pendiente,,,,,
5184,104,34,pendiente,,,,,
5185,104,35,pendiente,,,,,
5186,104,36,pendiente,,,,,
5187,104,37,pendiente,,,,,
5188,104,38,pendiente,,,,,
5189,104,39,pendiente,,,,,
5190,104,40,pendiente,,,,,
5191,104,41,pendiente,,,,,
5192,104,42,pendiente,,,,,
5193,104,43,pendiente,,,,,
5194,104,44,pendiente,,,,,
5195,104,45,pendiente,,,,,
5196,104,46,pendiente,,,,,
5197,104,47,pendiente,,,,,
5198,104,48,pendiente,,,,,
5199,104,49,pendiente,,,,,
5200,104,50,pendiente,,,,,
5201,105,1,pendiente,Mon Apr 06 2026 00:00:00 GMT-0500 (hora de Ecuador),,,Marcelo Rodríguez,
5202,105,2,pendiente,Mon Apr 06 2026 00:00:00 GMT-0500 (hora de Ecuador),,,Marcelo Rodríguez,
5203,105,3,pendiente,Tue Apr 07 2026 00:00:00 GMT-0500 (hora de Ecuador),,,Marcelo Rodríguez,
5204,105,4,pendiente,Tue Apr 07 2026 00:00:00 GMT-0500 (hora de Ecuador),,,Marcelo Rodríguez,
5205,105,5,pendiente,Tue Apr 07 2026 00:00:00 GMT-0500 (hora de Ecuador),,,Marcelo Rodríguez,
5206,105,6,pendiente,Wed Apr 08 2026 00:00:00 GMT-0500 (hora de Ecuador),,,Marcelo Rodríguez,
5207,105,7,pendiente,Thu Apr 09 2026 00:00:00 GMT-0500 (hora de Ecuador),,,Marcelo Rodríguez,
5208,105,8,pendiente,Fri Apr 10 2026 00:00:00 GMT-0500 (hora de Ecuador),,,Marcelo Rodríguez,
5209,105,9,pendiente,Mon Apr 13 2026 00:00:00 GMT-0500 (hora de Ecuador),,,Marcelo Rodríguez,
5210,105,10,pendiente,Tue Apr 14 2026 00:00:00 GMT-0500 (hora de Ecuador),,,Marcelo Rodríguez,
5211,105,11,pendiente,Wed Apr 15 2026 00:00:00 GMT-0500 (hora de Ecuador),,,Marcelo Rodríguez,
5212,105,12,pendiente,Wed Apr 15 2026 00:00:00 GMT-0500 (hora de Ecuador),,,Marcelo Rodríguez,
5213,105,13,pendiente,Thu Apr 16 2026 00:00:00 GMT-0500 (hora de Ecuador),,,Marcelo Rodríguez,
5214,105,14,pendiente,Fri Apr 17 2026 00:00:00 GMT-0500 (hora de Ecuador),,,Marcelo Rodríguez,
5215,105,15,pendiente,Mon Apr 20 2026 00:00:00 GMT-0500 (hora de Ecuador),,,Marcelo Rodríguez,
5216,105,16,pendiente,Tue Apr 21 2026 00:00:00 GMT-0500 (hora de Ecuador),,,Marcelo Rodríguez,
5217,105,17,pendiente,Tue Apr 21 2026 00:00:00 GMT-0500 (hora de Ecuador),,,Marcelo Rodríguez,
5218,105,18,pendiente,Wed Apr 22 2026 00:00:00 GMT-0500 (hora de Ecuador),,,Marcelo Rodríguez,
5219,105,19,pendiente,Wed Apr 22 2026 00:00:00 GMT-0500 (hora de Ecuador),,,Marcelo Rodríguez,
5220,105,20,pendiente,,,,Marcelo Rodríguez,
5221,105,21,pendiente,,,,Marcelo Rodríguez,
5222,105,22,pendiente,,,,Marcelo Rodríguez,
5223,105,23,pendiente,,,,Marcelo Rodríguez,
5224,105,24,pendiente,,,,Marcelo Rodríguez,
5225,105,25,pendiente,,,,Marcelo Rodríguez,
5226,105,26,pendiente,,,,Marcelo Rodríguez,
5227,105,27,pendiente,,,,Marcelo Rodríguez,
5228,105,28,pendiente,,,,Marcelo Rodríguez,
5229,105,29,pendiente,,,,Marcelo Rodríguez,
5230,105,30,pendiente,,,,Marcelo Rodríguez,
5231,105,31,pendiente,,,,Marcelo Rodríguez,
5232,105,32,pendiente,,,,Marcelo Rodríguez,
5233,105,33,pendiente,Thu Apr 23 2026 00:00:00 GMT-0500 (hora de Ecuador),,,Marcelo Rodríguez,
5234,105,34,pendiente,Fri Apr 24 2026 00:00:00 GMT-0500 (hora de Ecuador),,,Marcelo Rodríguez,
5235,105,35,pendiente,Fri Apr 24 2026 00:00:00 GMT-0500 (hora de Ecuador),,,Marcelo Rodríguez,
5236,105,36,pendiente,Mon Apr 27 2026 00:00:00 GMT-0500 (hora de Ecuador),,,Marcelo Rodríguez,
5237,105,37,pendiente,Tue Apr 28 2026 00:00:00 GMT-0500 (hora de Ecuador),,,Marcelo Rodríguez,
5238,105,38,pendiente,Wed Apr 29 2026 00:00:00 GMT-0500 (hora de Ecuador),,,Marcelo Rodríguez,
5239,105,39,pendiente,Thu Apr 30 2026 00:00:00 GMT-0500 (hora de Ecuador),,,Marcelo Rodríguez,
5240,105,40,pendiente,Thu Apr 30 2026 00:00:00 GMT-0500 (hora de Ecuador),,,Marcelo Rodríguez,
5241,105,41,pendiente,Thu May 07 2026 00:00:00 GMT-0500 (hora de Ecuador),,,Marcelo Rodríguez,
5242,105,42,pendiente,Mon May 11 2026 00:00:00 GMT-0500 (hora de Ecuador),,,Marcelo Rodríguez,
5243,105,43,pendiente,Fri May 15 2026 00:00:00 GMT-0500 (hora de Ecuador),,,Marcelo Rodríguez,
5244,105,44,pendiente,Mon May 18 2026 00:00:00 GMT-0500 (hora de Ecuador),,,Marcelo Rodríguez,
5245,105,45,pendiente,Tue May 19 2026 00:00:00 GMT-0500 (hora de Ecuador),,,Marcelo Rodríguez,
5246,105,46,pendiente,Thu May 21 2026 00:00:00 GMT-0500 (hora de Ecuador),,,Marcelo Rodríguez,
5247,105,47,pendiente,Fri May 22 2026 00:00:00 GMT-0500 (hora de Ecuador),,,Marcelo Rodríguez,
5248,105,48,pendiente,Fri May 22 2026 00:00:00 GMT-0500 (hora de Ecuador),,,Marcelo Rodríguez,
5249,105,49,pendiente,Thu May 28 2026 00:00:00 GMT-0500 (hora de Ecuador),,,Marcelo Rodríguez,
5250,105,50,pendiente,Tue Jun 02 2026 00:00:00 GMT-0500 (hora de Ecuador),,,Marcelo Rodríguez,
5251,106,1,completado,Wed Jul 08 2026 00:00:00 GMT-0500 (hora de Ecuador),Fri Apr 10 2026 00:00:00 GMT-0500 (hora de Ecuador),,,
5252,106,2,completado,Thu Jul 09 2026 00:00:00 GMT-0500 (hora de Ecuador),Fri Apr 10 2026 00:00:00 GMT-0500 (hora de Ecuador),,,
5253,106,3,pendiente,Thu Jul 09 2026 00:00:00 GMT-0500 (hora de Ecuador),,,,
5254,106,4,pendiente,Thu Jul 09 2026 00:00:00 GMT-0500 (hora de Ecuador),,,,
5255,106,5,pendiente,Fri Jul 10 2026 00:00:00 GMT-0500 (hora de Ecuador),,,,
5256,106,6,pendiente,Mon Jul 13 2026 00:00:00 GMT-0500 (hora de Ecuador),,,,
5257,106,7,pendiente,Tue Jul 14 2026 00:00:00 GMT-0500 (hora de Ecuador),,,,
5258,106,8,pendiente,Wed Jul 15 2026 00:00:00 GMT-0500 (hora de Ecuador),,,,
5259,106,9,pendiente,Thu Jul 16 2026 00:00:00 GMT-0500 (hora de Ecuador),,,,
5260,106,10,pendiente,Fri Jul 17 2026 00:00:00 GMT-0500 (hora de Ecuador),,,,
5261,106,11,pendiente,Fri Jul 17 2026 00:00:00 GMT-0500 (hora de Ecuador),,,,
5262,106,12,pendiente,Mon Jul 20 2026 00:00:00 GMT-0500 (hora de Ecuador),,,,
5263,106,13,pendiente,Tue Jul 21 2026 00:00:00 GMT-0500 (hora de Ecuador),,,,
5264,106,14,pendiente,Wed Jul 22 2026 00:00:00 GMT-0500 (hora de Ecuador),,,,
5265,106,15,pendiente,Thu Jul 23 2026 00:00:00 GMT-0500 (hora de Ecuador),,,,
5266,106,16,pendiente,Thu Jul 23 2026 00:00:00 GMT-0500 (hora de Ecuador),,,,
5267,106,17,pendiente,Fri Jul 24 2026 00:00:00 GMT-0500 (hora de Ecuador),,,,
5268,106,18,pendiente,Fri Jul 24 2026 00:00:00 GMT-0500 (hora de Ecuador),,,,
5269,106,19,pendiente,,,,,
5270,106,20,pendiente,,,,,
5271,106,21,pendiente,,,,,
5272,106,22,pendiente,,,,,
5273,106,23,pendiente,,,,,
5274,106,24,pendiente,,,,,
5275,106,25,pendiente,,,,,
5276,106,26,pendiente,,,,,
5277,106,27,pendiente,,,,,
5278,106,28,pendiente,,,,,
5279,106,29,pendiente,,,,,
5280,106,30,pendiente,,,,,
5281,106,31,pendiente,,,,,
5282,106,32,pendiente,Mon Jul 27 2026 00:00:00 GMT-0500 (hora de Ecuador),,,,
5283,106,33,pendiente,Tue Jul 28 2026 00:00:00 GMT-0500 (hora de Ecuador),,,,
5284,106,34,pendiente,Tue Jul 28 2026 00:00:00 GMT-0500 (hora de Ecuador),,,,
5285,106,35,pendiente,,,,,
5286,106,36,pendiente,,,,,
5287,106,37,pendiente,,,,,
5288,106,38,pendiente,Tue Jul 28 2026 00:00:00 GMT-0500 (hora de Ecuador),,,,
5289,106,39,pendiente,Mon Aug 03 2026 00:00:00 GMT-0500 (hora de Ecuador),,,,
5290,106,40,pendiente,Mon Aug 03 2026 00:00:00 GMT-0500 (hora de Ecuador),,,,
5291,106,41,pendiente,,,,,
5292,106,42,pendiente,,,,,
5293,106,43,pendiente,,,,,
5294,106,44,pendiente,,,,,
5295,106,45,pendiente,,,,,
5296,106,46,pendiente,,,,,
5297,106,47,pendiente,,,,,
5298,106,48,pendiente,,,,,
5299,106,49,pendiente,Mon Aug 03 2026 00:00:00 GMT-0500 (hora de Ecuador),,,,
5300,106,50,pendiente,,,,,
5301,107,1,pendiente,,,,,
5302,107,2,pendiente,,,,,
5303,107,3,pendiente,,,,,
5304,107,4,pendiente,,,,,
5305,107,5,pendiente,,,,,
5306,107,6,pendiente,,,,,
5307,107,7,pendiente,,,,,
5308,107,8,pendiente,,,,,
5309,107,9,pendiente,,,,,
5310,107,10,pendiente,,,,,
5311,107,11,pendiente,,,,,
5312,107,12,pendiente,,,,,
5313,107,13,pendiente,,,,,
5314,107,14,pendiente,,,,,
5315,107,15,pendiente,,,,,
5316,107,16,pendiente,,,,,
5317,107,17,pendiente,,,,,
5318,107,18,pendiente,,,,,
5319,107,19,pendiente,,,,,
5320,107,20,pendiente,,,,,
5321,107,21,pendiente,,,,,
5322,107,22,pendiente,,,,,
5323,107,23,pendiente,,,,,
5324,107,24,pendiente,,,,,
5325,107,25,pendiente,,,,,
5326,107,26,pendiente,,,,,
5327,107,27,pendiente,,,,,
5328,107,28,pendiente,,,,,
5329,107,29,pendiente,,,,,
5330,107,30,pendiente,,,,,
5331,107,31,pendiente,,,,,
5332,107,32,pendiente,,,,,
5333,107,33,pendiente,,,,,
5334,107,34,pendiente,,,,,
5335,107,35,pendiente,,,,,
5336,107,36,pendiente,,,,,
5337,107,37,pendiente,,,,,
5338,107,38,pendiente,,,,,
5339,107,39,pendiente,,,,,
5340,107,40,pendiente,,,,,
5341,107,41,pendiente,,,,,
5342,107,42,pendiente,,,,,
5343,107,43,pendiente,,,,,
5344,107,44,pendiente,,,,,
5345,107,45,pendiente,,,,,
5346,107,46,pendiente,,,,,
5347,107,47,pendiente,,,,,
5348,107,48,pendiente,,,,,
5349,107,49,pendiente,,,,,
5350,107,50,pendiente,,,,,
5351,108,1,completado,Wed Jul 08 2026 00:00:00 GMT-0500 (hora de Ecuador),Tue May 05 2026 00:00:00 GMT-0500 (hora de Ecuador),,Javier Pacha,
5352,108,2,pendiente,Wed Jul 08 2026 00:00:00 GMT-0500 (hora de Ecuador),,,Javier Pacha,
5353,108,3,pendiente,Thu Jul 09 2026 00:00:00 GMT-0500 (hora de Ecuador),,,Javier Pacha,
5354,108,4,pendiente,Thu Jul 09 2026 00:00:00 GMT-0500 (hora de Ecuador),,,Javier Pacha,
5355,108,5,pendiente,Thu Jul 09 2026 00:00:00 GMT-0500 (hora de Ecuador),,,Javier Pacha,
5356,108,6,pendiente,Fri Jul 10 2026 00:00:00 GMT-0500 (hora de Ecuador),,,Javier Pacha,
5357,108,7,pendiente,Mon Jul 13 2026 00:00:00 GMT-0500 (hora de Ecuador),,,Javier Pacha,
5358,108,8,pendiente,Tue Jul 14 2026 00:00:00 GMT-0500 (hora de Ecuador),,,Javier Pacha,
5359,108,9,pendiente,Wed Jul 15 2026 00:00:00 GMT-0500 (hora de Ecuador),,,Javier Pacha,
5360,108,10,pendiente,Thu Jul 16 2026 00:00:00 GMT-0500 (hora de Ecuador),,,Javier Pacha,
5361,108,11,pendiente,Fri Jul 17 2026 00:00:00 GMT-0500 (hora de Ecuador),,,Javier Pacha,
5362,108,12,pendiente,Fri Jul 17 2026 00:00:00 GMT-0500 (hora de Ecuador),,,Javier Pacha,
5363,108,13,pendiente,Mon Jul 20 2026 00:00:00 GMT-0500 (hora de Ecuador),,,Javier Pacha,
5364,108,14,pendiente,Tue Jul 21 2026 00:00:00 GMT-0500 (hora de Ecuador),,,Javier Pacha,
5365,108,15,pendiente,Wed Jul 22 2026 00:00:00 GMT-0500 (hora de Ecuador),,,Javier Pacha,
5366,108,16,pendiente,Thu Jul 23 2026 00:00:00 GMT-0500 (hora de Ecuador),,,Javier Pacha,
5367,108,17,pendiente,Thu Jul 23 2026 00:00:00 GMT-0500 (hora de Ecuador),,,Javier Pacha,
5368,108,18,pendiente,Fri Jul 24 2026 00:00:00 GMT-0500 (hora de Ecuador),,,Javier Pacha,
5369,108,19,pendiente,Fri Jul 24 2026 00:00:00 GMT-0500 (hora de Ecuador),,,Javier Pacha,
5370,108,20,pendiente,,,,Javier Pacha,
5371,108,21,pendiente,,,,Javier Pacha,
5372,108,22,pendiente,,,,Javier Pacha,
5373,108,23,pendiente,,,,Javier Pacha,
5374,108,24,pendiente,,,,Javier Pacha,
5375,108,25,pendiente,,,,Javier Pacha,
5376,108,26,pendiente,,,,Javier Pacha,
5377,108,27,pendiente,,,,Javier Pacha,
5378,108,28,pendiente,,,,Javier Pacha,
5379,108,29,pendiente,,,,Javier Pacha,
5380,108,30,pendiente,,,,Javier Pacha,
5381,108,31,pendiente,,,,Javier Pacha,
5382,108,32,pendiente,,,,Javier Pacha,
5383,108,33,pendiente,Mon Jul 27 2026 00:00:00 GMT-0500 (hora de Ecuador),,,Javier Pacha,
5384,108,34,pendiente,Tue Jul 28 2026 00:00:00 GMT-0500 (hora de Ecuador),,,Javier Pacha,
5385,108,35,pendiente,Tue Jul 28 2026 00:00:00 GMT-0500 (hora de Ecuador),,,Javier Pacha,
5386,108,36,pendiente,,,,Javier Pacha,
5387,108,37,pendiente,,,,Javier Pacha,
5388,108,38,pendiente,,,,Javier Pacha,
5389,108,39,pendiente,Tue Jul 28 2026 00:00:00 GMT-0500 (hora de Ecuador),,,Javier Pacha,
5390,108,40,pendiente,Sun Aug 02 2026 00:00:00 GMT-0500 (hora de Ecuador),,,Javier Pacha,
5391,108,41,pendiente,,,,Javier Pacha,
5392,108,42,pendiente,,,,Javier Pacha,
5393,108,43,pendiente,,,,Javier Pacha,
5394,108,44,pendiente,,,,Javier Pacha,
5395,108,45,pendiente,,,,Javier Pacha,
5396,108,46,pendiente,,,,Javier Pacha,
5397,108,47,pendiente,,,,Javier Pacha,
5398,108,48,pendiente,,,,Javier Pacha,
5399,108,49,pendiente,,,,Javier Pacha,
5400,108,50,pendiente,Sun Aug 02 2026 00:00:00 GMT-0500 (hora de Ecuador),,,Javier Pacha,
5401,109,1,completado,Wed May 20 2026 00:00:00 GMT-0500 (hora de Ecuador),Thu Jul 23 2026 00:00:00 GMT-0500 (hora de Ecuador),,Daniel Valencia,
5402,109,2,completado,Wed May 20 2026 00:00:00 GMT-0500 (hora de Ecuador),Thu Jul 23 2026 00:00:00 GMT-0500 (hora de Ecuador),,Daniel Valencia,
5403,109,3,pendiente,Thu May 21 2026 00:00:00 GMT-0500 (hora de Ecuador),,,Daniel Valencia,
5404,109,4,pendiente,Thu May 21 2026 00:00:00 GMT-0500 (hora de Ecuador),,,Daniel Valencia,
5405,109,5,pendiente,Thu May 21 2026 00:00:00 GMT-0500 (hora de Ecuador),,,Daniel Valencia,
5406,109,6,pendiente,Fri May 22 2026 00:00:00 GMT-0500 (hora de Ecuador),,,Daniel Valencia,
5407,109,7,pendiente,Mon May 25 2026 00:00:00 GMT-0500 (hora de Ecuador),,,Daniel Valencia,
5408,109,8,pendiente,Tue May 26 2026 00:00:00 GMT-0500 (hora de Ecuador),,,Daniel Valencia,
5409,109,9,pendiente,Wed May 27 2026 00:00:00 GMT-0500 (hora de Ecuador),,,Daniel Valencia,
5410,109,10,pendiente,Thu May 28 2026 00:00:00 GMT-0500 (hora de Ecuador),,,Daniel Valencia,
5411,109,11,pendiente,Fri May 29 2026 00:00:00 GMT-0500 (hora de Ecuador),,,Daniel Valencia,
5412,109,12,pendiente,Fri May 29 2026 00:00:00 GMT-0500 (hora de Ecuador),,,Daniel Valencia,
5413,109,13,pendiente,Mon Jun 01 2026 00:00:00 GMT-0500 (hora de Ecuador),,,Daniel Valencia,
5414,109,14,pendiente,Tue Jun 02 2026 00:00:00 GMT-0500 (hora de Ecuador),,,Daniel Valencia,
5415,109,15,pendiente,Wed Jun 03 2026 00:00:00 GMT-0500 (hora de Ecuador),,,Daniel Valencia,
5416,109,16,pendiente,Thu Jun 04 2026 00:00:00 GMT-0500 (hora de Ecuador),,,Daniel Valencia,
5417,109,17,pendiente,Thu Jun 04 2026 00:00:00 GMT-0500 (hora de Ecuador),,,Daniel Valencia,
5418,109,18,pendiente,Fri Jun 05 2026 00:00:00 GMT-0500 (hora de Ecuador),,,Daniel Valencia,
5419,109,19,pendiente,Fri Jun 05 2026 00:00:00 GMT-0500 (hora de Ecuador),,,Daniel Valencia,
5420,109,20,pendiente,,,,Daniel Valencia,
5421,109,21,pendiente,,,,Daniel Valencia,
5422,109,22,pendiente,,,,Daniel Valencia,
5423,109,23,pendiente,,,,Daniel Valencia,
5424,109,24,pendiente,,,,Daniel Valencia,
5425,109,25,pendiente,,,,Daniel Valencia,
5426,109,26,pendiente,,,,Daniel Valencia,
5427,109,27,pendiente,,,,Daniel Valencia,
5428,109,28,pendiente,,,,Daniel Valencia,
5429,109,29,pendiente,,,,Daniel Valencia,
5430,109,30,pendiente,,,,Daniel Valencia,
5431,109,31,pendiente,,,,Daniel Valencia,
5432,109,32,pendiente,,,,Daniel Valencia,
5433,109,33,pendiente,Mon Jun 08 2026 00:00:00 GMT-0500 (hora de Ecuador),,,Daniel Valencia,
5434,109,34,pendiente,Tue Jun 09 2026 00:00:00 GMT-0500 (hora de Ecuador),,,Daniel Valencia,
5435,109,35,pendiente,Tue Jun 09 2026 00:00:00 GMT-0500 (hora de Ecuador),,,Daniel Valencia,
5436,109,36,pendiente,Wed Jun 10 2026 00:00:00 GMT-0500 (hora de Ecuador),,,Daniel Valencia,
5437,109,37,pendiente,Thu Jun 11 2026 00:00:00 GMT-0500 (hora de Ecuador),,,Daniel Valencia,
5438,109,38,pendiente,Fri Jun 12 2026 00:00:00 GMT-0500 (hora de Ecuador),,,Daniel Valencia,
5439,109,39,pendiente,Mon Jun 15 2026 00:00:00 GMT-0500 (hora de Ecuador),,,Daniel Valencia,
5440,109,40,pendiente,Mon Jun 15 2026 00:00:00 GMT-0500 (hora de Ecuador),,,Daniel Valencia,
5441,109,41,pendiente,Wed Jun 17 2026 00:00:00 GMT-0500 (hora de Ecuador),,,Daniel Valencia,
5442,109,42,pendiente,Fri Jun 19 2026 00:00:00 GMT-0500 (hora de Ecuador),,,Daniel Valencia,
5443,109,43,pendiente,Tue Jun 23 2026 00:00:00 GMT-0500 (hora de Ecuador),,,Daniel Valencia,
5444,109,44,pendiente,Wed Jun 24 2026 00:00:00 GMT-0500 (hora de Ecuador),,,Daniel Valencia,
5445,109,45,pendiente,Thu Jun 25 2026 00:00:00 GMT-0500 (hora de Ecuador),,,Daniel Valencia,
5446,109,46,pendiente,Mon Jun 29 2026 00:00:00 GMT-0500 (hora de Ecuador),,,Daniel Valencia,
5447,109,47,pendiente,Tue Jun 30 2026 00:00:00 GMT-0500 (hora de Ecuador),,,Daniel Valencia,
5448,109,48,pendiente,Tue Jun 30 2026 00:00:00 GMT-0500 (hora de Ecuador),,,Daniel Valencia,
5449,109,49,pendiente,Fri Jul 03 2026 00:00:00 GMT-0500 (hora de Ecuador),,,Daniel Valencia,
5450,109,50,pendiente,Wed Jul 08 2026 00:00:00 GMT-0500 (hora de Ecuador),,,Daniel Valencia,
5451,110,1,pendiente,,,,,
5452,110,2,pendiente,,,,,
5453,110,3,pendiente,,,,,
5454,110,4,pendiente,,,,,
5455,110,5,pendiente,,,,,
5456,110,6,pendiente,,,,,
5457,110,7,pendiente,,,,,
5458,110,8,pendiente,,,,,
5459,110,9,pendiente,,,,,
5460,110,10,pendiente,,,,,
5461,110,11,pendiente,,,,,
5462,110,12,pendiente,,,,,
5463,110,13,pendiente,,,,,
5464,110,14,pendiente,,,,,
5465,110,15,pendiente,,,,,
5466,110,16,pendiente,,,,,
5467,110,17,pendiente,,,,,
5468,110,18,pendiente,,,,,
5469,110,19,pendiente,,,,,
5470,110,20,pendiente,,,,,
5471,110,21,pendiente,,,,,
5472,110,22,pendiente,,,,,
5473,110,23,pendiente,,,,,
5474,110,24,pendiente,,,,,
5475,110,25,pendiente,,,,,
5476,110,26,pendiente,,,,,
5477,110,27,pendiente,,,,,
5478,110,28,pendiente,,,,,
5479,110,29,pendiente,,,,,
5480,110,30,pendiente,,,,,
5481,110,31,pendiente,,,,,
5482,110,32,pendiente,,,,,
5483,110,33,pendiente,,,,,
5484,110,34,pendiente,,,,,
5485,110,35,pendiente,,,,,
5486,110,36,pendiente,,,,,
5487,110,37,pendiente,,,,,
5488,110,38,pendiente,,,,,
5489,110,39,pendiente,,,,,
5490,110,40,pendiente,,,,,
5491,110,41,pendiente,,,,,
5492,110,42,pendiente,,,,,
5493,110,43,pendiente,,,,,
5494,110,44,pendiente,,,,,
5495,110,45,pendiente,,,,,
5496,110,46,pendiente,,,,,
5497,110,47,pendiente,,,,,
5498,110,48,pendiente,,,,,
5499,110,49,pendiente,,,,,
5500,110,50,pendiente,,,,,
5501,111,1,completado,Thu Aug 20 2026 00:00:00 GMT-0500 (hora de Ecuador),Tue May 05 2026 00:00:00 GMT-0500 (hora de Ecuador),,Patricio Chiluisa,
5502,111,2,completado,Thu Aug 20 2026 00:00:00 GMT-0500 (hora de Ecuador),Wed May 06 2026 00:00:00 GMT-0500 (hora de Ecuador),,Patricio Chiluisa,
5503,111,3,pendiente,Fri Aug 21 2026 00:00:00 GMT-0500 (hora de Ecuador),,,Patricio Chiluisa,
5504,111,4,pendiente,Fri Aug 21 2026 00:00:00 GMT-0500 (hora de Ecuador),,,Patricio Chiluisa,
5505,111,5,pendiente,Fri Aug 21 2026 00:00:00 GMT-0500 (hora de Ecuador),,,Patricio Chiluisa,
5506,111,6,pendiente,Mon Aug 24 2026 00:00:00 GMT-0500 (hora de Ecuador),,,Patricio Chiluisa,
5507,111,7,pendiente,Tue Aug 25 2026 00:00:00 GMT-0500 (hora de Ecuador),,,Patricio Chiluisa,
5508,111,8,pendiente,Wed Aug 26 2026 00:00:00 GMT-0500 (hora de Ecuador),,,Patricio Chiluisa,
5509,111,9,pendiente,Thu Aug 27 2026 00:00:00 GMT-0500 (hora de Ecuador),,,Patricio Chiluisa,
5510,111,10,completado,Fri Aug 28 2026 00:00:00 GMT-0500 (hora de Ecuador),Tue May 05 2026 00:00:00 GMT-0500 (hora de Ecuador),,Patricio Chiluisa,
5511,111,11,completado,Mon Aug 31 2026 00:00:00 GMT-0500 (hora de Ecuador),Mon May 11 2026 00:00:00 GMT-0500 (hora de Ecuador),,Patricio Chiluisa,
5512,111,12,pendiente,Mon Aug 31 2026 00:00:00 GMT-0500 (hora de Ecuador),,,Patricio Chiluisa,
5513,111,13,pendiente,Tue Sep 01 2026 00:00:00 GMT-0500 (hora de Ecuador),,,Patricio Chiluisa,
5514,111,14,pendiente,Wed Sep 02 2026 00:00:00 GMT-0500 (hora de Ecuador),,,Patricio Chiluisa,
5515,111,15,pendiente,Thu Sep 03 2026 00:00:00 GMT-0500 (hora de Ecuador),,,Patricio Chiluisa,
5516,111,16,pendiente,Fri Sep 04 2026 00:00:00 GMT-0500 (hora de Ecuador),,,Patricio Chiluisa,
5517,111,17,pendiente,Fri Sep 04 2026 00:00:00 GMT-0500 (hora de Ecuador),,,Patricio Chiluisa,
5518,111,18,pendiente,Mon Sep 07 2026 00:00:00 GMT-0500 (hora de Ecuador),,,Patricio Chiluisa,
5519,111,19,pendiente,Mon Sep 07 2026 00:00:00 GMT-0500 (hora de Ecuador),,,Patricio Chiluisa,
5520,111,20,pendiente,,,,Patricio Chiluisa,
5521,111,21,pendiente,,,,Patricio Chiluisa,
5522,111,22,pendiente,,,,Patricio Chiluisa,
5523,111,23,pendiente,,,,Patricio Chiluisa,
5524,111,24,pendiente,,,,Patricio Chiluisa,
5525,111,25,pendiente,,,,Patricio Chiluisa,
5526,111,26,pendiente,,,,Patricio Chiluisa,
5527,111,27,pendiente,,,,Patricio Chiluisa,
5528,111,28,pendiente,,,,Patricio Chiluisa,
5529,111,29,pendiente,,,,Patricio Chiluisa,
5530,111,30,pendiente,,,,Patricio Chiluisa,
5531,111,31,pendiente,,,,Patricio Chiluisa,
5532,111,32,pendiente,,,,Patricio Chiluisa,
5533,111,33,pendiente,Tue Sep 08 2026 00:00:00 GMT-0500 (hora de Ecuador),,,Patricio Chiluisa,
5534,111,34,pendiente,Wed Sep 09 2026 00:00:00 GMT-0500 (hora de Ecuador),,,Patricio Chiluisa,
5535,111,35,pendiente,Wed Sep 09 2026 00:00:00 GMT-0500 (hora de Ecuador),,,Patricio Chiluisa,
5536,111,36,pendiente,,,,Patricio Chiluisa,
5537,111,37,pendiente,,,,Patricio Chiluisa,
5538,111,38,pendiente,,,,Patricio Chiluisa,
5539,111,39,pendiente,Wed Sep 09 2026 00:00:00 GMT-0500 (hora de Ecuador),,,Patricio Chiluisa,
5540,111,40,pendiente,Tue Sep 15 2026 00:00:00 GMT-0500 (hora de Ecuador),,,Patricio Chiluisa,
5541,111,41,pendiente,,,,Patricio Chiluisa,
5542,111,42,pendiente,,,,Patricio Chiluisa,
5543,111,43,pendiente,,,,Patricio Chiluisa,
5544,111,44,pendiente,,,,Patricio Chiluisa,
5545,111,45,pendiente,,,,Patricio Chiluisa,
5546,111,46,pendiente,,,,Patricio Chiluisa,
5547,111,47,pendiente,,,,Patricio Chiluisa,
5548,111,48,pendiente,,,,Patricio Chiluisa,
5549,111,49,pendiente,,,,Patricio Chiluisa,
5550,111,50,pendiente,Tue Sep 15 2026 00:00:00 GMT-0500 (hora de Ecuador),,,Patricio Chiluisa,
5551,112,1,pendiente,,,,,
5552,112,2,pendiente,,,,,
5553,112,3,pendiente,,,,,
5554,112,4,pendiente,,,,,
5555,112,5,pendiente,,,,,
5556,112,6,pendiente,,,,,
5557,112,7,pendiente,,,,,
5558,112,8,pendiente,,,,,
5559,112,9,pendiente,,,,,
5560,112,10,pendiente,,,,,
5561,112,11,pendiente,,,,,
5562,112,12,pendiente,,,,,
5563,112,13,pendiente,,,,,
5564,112,14,pendiente,,,,,
5565,112,15,pendiente,,,,,
5566,112,16,pendiente,,,,,
5567,112,17,pendiente,,,,,
5568,112,18,pendiente,,,,,
5569,112,19,pendiente,,,,,
5570,112,20,pendiente,,,,,
5571,112,21,pendiente,,,,,
5572,112,22,pendiente,,,,,
5573,112,23,pendiente,,,,,
5574,112,24,pendiente,,,,,
5575,112,25,pendiente,,,,,
5576,112,26,pendiente,,,,,
5577,112,27,pendiente,,,,,
5578,112,28,pendiente,,,,,
5579,112,29,pendiente,,,,,
5580,112,30,pendiente,,,,,
5581,112,31,pendiente,,,,,
5582,112,32,pendiente,,,,,
5583,112,33,pendiente,,,,,
5584,112,34,pendiente,,,,,
5585,112,35,pendiente,,,,,
5586,112,36,pendiente,,,,,
5587,112,37,pendiente,,,,,
5588,112,38,pendiente,,,,,
5589,112,39,pendiente,,,,,
5590,112,40,pendiente,,,,,
5591,112,41,pendiente,,,,,
5592,112,42,pendiente,,,,,
5593,112,43,pendiente,,,,,
5594,112,44,pendiente,,,,,
5595,112,45,pendiente,,,,,
5596,112,46,pendiente,,,,,
5597,112,47,pendiente,,,,,
5598,112,48,pendiente,,,,,
5599,112,49,pendiente,,,,,
5600,112,50,pendiente,,,,,
5601,113,1,completado,Wed Feb 04 2026 00:00:00 GMT-0500 (hora de Ecuador),Wed Feb 04 2026 00:00:00 GMT-0500 (hora de Ecuador),,,
5602,113,2,completado,Wed Feb 04 2026 00:00:00 GMT-0500 (hora de Ecuador),Wed Feb 04 2026 00:00:00 GMT-0500 (hora de Ecuador),,,
5603,113,3,completado,Thu Feb 05 2026 00:00:00 GMT-0500 (hora de Ecuador),Thu Feb 05 2026 00:00:00 GMT-0500 (hora de Ecuador),,,
5604,113,4,completado,Thu Feb 05 2026 00:00:00 GMT-0500 (hora de Ecuador),Thu Feb 05 2026 00:00:00 GMT-0500 (hora de Ecuador),,,
5605,113,5,completado,Thu Feb 05 2026 00:00:00 GMT-0500 (hora de Ecuador),Thu Feb 05 2026 00:00:00 GMT-0500 (hora de Ecuador),,,
5606,113,6,completado,Fri Feb 06 2026 00:00:00 GMT-0500 (hora de Ecuador),Thu Apr 02 2026 00:00:00 GMT-0500 (hora de Ecuador),,,
5607,113,7,completado,Mon Feb 09 2026 00:00:00 GMT-0500 (hora de Ecuador),Mon Apr 06 2026 00:00:00 GMT-0500 (hora de Ecuador),,,
5608,113,8,completado,Tue Feb 10 2026 00:00:00 GMT-0500 (hora de Ecuador),Thu Apr 02 2026 00:00:00 GMT-0500 (hora de Ecuador),,,
5609,113,9,completado,Wed Feb 11 2026 00:00:00 GMT-0500 (hora de Ecuador),Thu Apr 02 2026 00:00:00 GMT-0500 (hora de Ecuador),,,
5610,113,10,completado,Thu Feb 12 2026 00:00:00 GMT-0500 (hora de Ecuador),Thu Apr 02 2026 00:00:00 GMT-0500 (hora de Ecuador),,,
5611,113,11,completado,Fri Feb 13 2026 00:00:00 GMT-0500 (hora de Ecuador),Thu Apr 02 2026 00:00:00 GMT-0500 (hora de Ecuador),,,
5612,113,12,completado,Fri Feb 13 2026 00:00:00 GMT-0500 (hora de Ecuador),Mon Apr 06 2026 00:00:00 GMT-0500 (hora de Ecuador),,,
5613,113,13,completado,Mon Feb 16 2026 00:00:00 GMT-0500 (hora de Ecuador),Fri Apr 10 2026 00:00:00 GMT-0500 (hora de Ecuador),,,
5614,113,14,completado,Tue Feb 17 2026 00:00:00 GMT-0500 (hora de Ecuador),Thu Apr 16 2026 00:00:00 GMT-0500 (hora de Ecuador),,,
5615,113,15,completado,Wed Feb 18 2026 00:00:00 GMT-0500 (hora de Ecuador),Thu Apr 16 2026 00:00:00 GMT-0500 (hora de Ecuador),,,
5616,113,16,completado,Thu Feb 19 2026 00:00:00 GMT-0500 (hora de Ecuador),Fri Apr 17 2026 00:00:00 GMT-0500 (hora de Ecuador),,,
5617,113,17,completado,Thu Feb 19 2026 00:00:00 GMT-0500 (hora de Ecuador),Tue Apr 21 2026 00:00:00 GMT-0500 (hora de Ecuador),,,
5618,113,18,completado,Fri Feb 20 2026 00:00:00 GMT-0500 (hora de Ecuador),Wed Apr 22 2026 00:00:00 GMT-0500 (hora de Ecuador),,,
5619,113,19,completado,Fri Feb 20 2026 00:00:00 GMT-0500 (hora de Ecuador),Fri Apr 24 2026 00:00:00 GMT-0500 (hora de Ecuador),,,
5620,113,20,pendiente,,,,,
5621,113,21,pendiente,,,,,
5622,113,22,pendiente,,,,,
5623,113,23,pendiente,,,,,
5624,113,24,pendiente,,,,,
5625,113,25,pendiente,,,,,
5626,113,26,pendiente,,,,,
5627,113,27,pendiente,,,,,
5628,113,28,pendiente,,,,,
5629,113,29,pendiente,,,,,
5630,113,30,pendiente,,,,,
5631,113,31,pendiente,,,,,
5632,113,32,pendiente,,,,,
5633,113,33,completado,Mon Feb 23 2026 00:00:00 GMT-0500 (hora de Ecuador),Fri Apr 24 2026 00:00:00 GMT-0500 (hora de Ecuador),,,
5634,113,34,completado,Tue Feb 24 2026 00:00:00 GMT-0500 (hora de Ecuador),Wed Apr 29 2026 00:00:00 GMT-0500 (hora de Ecuador),,,
5635,113,35,completado,Tue Feb 24 2026 00:00:00 GMT-0500 (hora de Ecuador),Fri Apr 24 2026 00:00:00 GMT-0500 (hora de Ecuador),,,
5636,113,36,pendiente,,,,,
5637,113,37,pendiente,,,,,
5638,113,38,pendiente,,,,,
5639,113,39,completado,Tue Feb 24 2026 00:00:00 GMT-0500 (hora de Ecuador),Wed May 13 2026 00:00:00 GMT-0500 (hora de Ecuador),,,
5640,113,40,completado,Mon Mar 02 2026 00:00:00 GMT-0500 (hora de Ecuador),Thu May 14 2026 00:00:00 GMT-0500 (hora de Ecuador),,,
5641,113,41,pendiente,,,,,
5642,113,42,pendiente,,,,,
5643,113,43,pendiente,,,,,
5644,113,44,pendiente,,,,,
5645,113,45,pendiente,,,,,
5646,113,46,pendiente,,,,,
5647,113,47,pendiente,,,,,
5648,113,48,pendiente,,,,,
5649,113,49,pendiente,,,,,
5650,113,50,completado,Mon Mar 02 2026 00:00:00 GMT-0500 (hora de Ecuador),Fri May 15 2026 00:00:00 GMT-0500 (hora de Ecuador),,,
5651,114,1,pendiente,Mon Jul 20 2026 00:00:00 GMT-0500 (hora de Ecuador),,,,
5652,114,2,pendiente,,,,,
5653,114,3,pendiente,,,,,
5654,114,4,pendiente,,,,,
5655,114,5,pendiente,,,,,
5656,114,6,pendiente,,,,,
5657,114,7,pendiente,,,,,
5658,114,8,pendiente,,,,,
5659,114,9,pendiente,,,,,
5660,114,10,pendiente,,,,,
5661,114,11,pendiente,,,,,
5662,114,12,pendiente,,,,,
5663,114,13,pendiente,,,,,
5664,114,14,pendiente,,,,,
5665,114,15,pendiente,,,,,
5666,114,16,pendiente,,,,,
5667,114,17,pendiente,,,,,
5668,114,18,pendiente,,,,,
5669,114,19,pendiente,,,,,
5670,114,20,pendiente,,,,,
5671,114,21,pendiente,,,,,
5672,114,22,pendiente,,,,,
5673,114,23,pendiente,,,,,
5674,114,24,pendiente,,,,,
5675,114,25,pendiente,,,,,
5676,114,26,pendiente,,,,,
5677,114,27,pendiente,,,,,
5678,114,28,pendiente,,,,,
5679,114,29,pendiente,,,,,
5680,114,30,pendiente,,,,,
5681,114,31,pendiente,,,,,
5682,114,32,pendiente,,,,,
5683,114,33,pendiente,,,,,
5684,114,34,pendiente,,,,,
5685,114,35,pendiente,,,,,
5686,114,36,pendiente,,,,,
5687,114,37,pendiente,,,,,
5688,114,38,pendiente,,,,,
5689,114,39,pendiente,,,,,
5690,114,40,pendiente,,,,,
5691,114,41,pendiente,,,,,
5692,114,42,pendiente,,,,,
5693,114,43,pendiente,,,,,
5694,114,44,pendiente,,,,,
5695,114,45,pendiente,,,,,
5696,114,46,pendiente,,,,,
5697,114,47,pendiente,,,,,
5698,114,48,pendiente,,,,,
5699,114,49,pendiente,,,,,
5700,114,50,pendiente,,,,,
5701,115,1,pendiente,Wed Apr 08 2026 00:00:00 GMT-0500 (hora de Ecuador),,,Ximena Llanga,
5702,115,2,pendiente,Wed Apr 08 2026 00:00:00 GMT-0500 (hora de Ecuador),,,Ximena Llanga,
5703,115,3,pendiente,Thu Apr 09 2026 00:00:00 GMT-0500 (hora de Ecuador),,,Ximena Llanga,
5704,115,4,pendiente,Thu Apr 09 2026 00:00:00 GMT-0500 (hora de Ecuador),,,Ximena Llanga,
5705,115,5,pendiente,Thu Apr 09 2026 00:00:00 GMT-0500 (hora de Ecuador),,,Ximena Llanga,
5706,115,6,pendiente,Fri Apr 10 2026 00:00:00 GMT-0500 (hora de Ecuador),,,Ximena Llanga,
5707,115,7,pendiente,Mon Apr 13 2026 00:00:00 GMT-0500 (hora de Ecuador),,,Ximena Llanga,
5708,115,8,pendiente,Tue Apr 14 2026 00:00:00 GMT-0500 (hora de Ecuador),,,Ximena Llanga,
5709,115,9,pendiente,Wed Apr 15 2026 00:00:00 GMT-0500 (hora de Ecuador),,,Ximena Llanga,
5710,115,10,pendiente,Thu Apr 16 2026 00:00:00 GMT-0500 (hora de Ecuador),,,Ximena Llanga,
5711,115,11,pendiente,Fri Apr 17 2026 00:00:00 GMT-0500 (hora de Ecuador),,,Ximena Llanga,
5712,115,12,pendiente,Fri Apr 17 2026 00:00:00 GMT-0500 (hora de Ecuador),,,Ximena Llanga,
5713,115,13,pendiente,Mon Apr 20 2026 00:00:00 GMT-0500 (hora de Ecuador),,,Ximena Llanga,
5714,115,14,pendiente,Tue Apr 21 2026 00:00:00 GMT-0500 (hora de Ecuador),,,Ximena Llanga,
5715,115,15,pendiente,Wed Apr 22 2026 00:00:00 GMT-0500 (hora de Ecuador),,,Ximena Llanga,
5716,115,16,pendiente,Thu Apr 23 2026 00:00:00 GMT-0500 (hora de Ecuador),,,Ximena Llanga,
5717,115,17,pendiente,Thu Apr 23 2026 00:00:00 GMT-0500 (hora de Ecuador),,,Ximena Llanga,
5718,115,18,pendiente,Fri Apr 24 2026 00:00:00 GMT-0500 (hora de Ecuador),,,Ximena Llanga,
5719,115,19,pendiente,Fri Apr 24 2026 00:00:00 GMT-0500 (hora de Ecuador),,,Ximena Llanga,
5720,115,20,pendiente,,,,Ximena Llanga,
5721,115,21,pendiente,,,,Ximena Llanga,
5722,115,22,pendiente,,,,Ximena Llanga,
5723,115,23,pendiente,,,,Ximena Llanga,
5724,115,24,pendiente,,,,Ximena Llanga,
5725,115,25,pendiente,,,,Ximena Llanga,
5726,115,26,pendiente,,,,Ximena Llanga,
5727,115,27,pendiente,,,,Ximena Llanga,
5728,115,28,pendiente,,,,Ximena Llanga,
5729,115,29,pendiente,,,,Ximena Llanga,
5730,115,30,pendiente,,,,Ximena Llanga,
5731,115,31,pendiente,,,,Ximena Llanga,
5732,115,32,pendiente,,,,Ximena Llanga,
5733,115,33,pendiente,Mon Apr 27 2026 00:00:00 GMT-0500 (hora de Ecuador),,,Ximena Llanga,
5734,115,34,pendiente,Tue Apr 28 2026 00:00:00 GMT-0500 (hora de Ecuador),,,Ximena Llanga,
5735,115,35,pendiente,Tue Apr 28 2026 00:00:00 GMT-0500 (hora de Ecuador),,,Ximena Llanga,
5736,115,36,pendiente,,,,Ximena Llanga,
5737,115,37,pendiente,,,,Ximena Llanga,
5738,115,38,pendiente,,,,Ximena Llanga,
5739,115,39,pendiente,Tue Apr 28 2026 00:00:00 GMT-0500 (hora de Ecuador),,,Ximena Llanga,
5740,115,40,pendiente,Sat May 02 2026 00:00:00 GMT-0500 (hora de Ecuador),,,Ximena Llanga,
5741,115,41,pendiente,,,,Ximena Llanga,
5742,115,42,pendiente,,,,Ximena Llanga,
5743,115,43,pendiente,,,,Ximena Llanga,
5744,115,44,pendiente,,,,Ximena Llanga,
5745,115,45,pendiente,,,,Ximena Llanga,
5746,115,46,pendiente,,,,Ximena Llanga,
5747,115,47,pendiente,,,,Ximena Llanga,
5748,115,48,pendiente,,,,Ximena Llanga,
5749,115,49,pendiente,,,,Ximena Llanga,
5750,115,50,pendiente,Sat May 02 2026 00:00:00 GMT-0500 (hora de Ecuador),,,Ximena Llanga,
5751,116,1,pendiente,,,,,
5752,116,2,pendiente,,,,,
5753,116,3,pendiente,,,,,
5754,116,4,pendiente,,,,,
5755,116,5,pendiente,,,,,
5756,116,6,pendiente,,,,,
5757,116,7,pendiente,,,,,
5758,116,8,pendiente,,,,,
5759,116,9,pendiente,,,,,
5760,116,10,pendiente,,,,,
5761,116,11,pendiente,,,,,
5762,116,12,pendiente,,,,,
5763,116,13,pendiente,,,,,
5764,116,14,pendiente,,,,,
5765,116,15,pendiente,,,,,
5766,116,16,pendiente,,,,,
5767,116,17,pendiente,,,,,
5768,116,18,pendiente,,,,,
5769,116,19,pendiente,,,,,
5770,116,20,pendiente,,,,,
5771,116,21,pendiente,,,,,
5772,116,22,pendiente,,,,,
5773,116,23,pendiente,,,,,
5774,116,24,pendiente,,,,,
5775,116,25,pendiente,,,,,
5776,116,26,pendiente,,,,,
5777,116,27,pendiente,,,,,
5778,116,28,pendiente,,,,,
5779,116,29,pendiente,,,,,
5780,116,30,pendiente,,,,,
5781,116,31,pendiente,,,,,
5782,116,32,pendiente,,,,,
5783,116,33,pendiente,,,,,
5784,116,34,pendiente,,,,,
5785,116,35,pendiente,,,,,
5786,116,36,pendiente,,,,,
5787,116,37,pendiente,,,,,
5788,116,38,pendiente,,,,,
5789,116,39,pendiente,,,,,
5790,116,40,pendiente,,,,,
5791,116,41,pendiente,,,,,
5792,116,42,pendiente,,,,,
5793,116,43,pendiente,,,,,
5794,116,44,pendiente,,,,,
5795,116,45,pendiente,,,,,
5796,116,46,pendiente,,,,,
5797,116,47,pendiente,,,,,
5798,116,48,pendiente,,,,,
5799,116,49,pendiente,,,,,
5800,116,50,pendiente,,,,,
5801,117,1,pendiente,,,,,
5802,117,2,pendiente,,,,,
5803,117,3,pendiente,,,,,
5804,117,4,pendiente,,,,,
5805,117,5,pendiente,,,,,
5806,117,6,pendiente,,,,,
5807,117,7,pendiente,,,,,
5808,117,8,pendiente,,,,,
5809,117,9,pendiente,,,,,
5810,117,10,pendiente,,,,,
5811,117,11,pendiente,,,,,
5812,117,12,pendiente,,,,,
5813,117,13,pendiente,,,,,
5814,117,14,pendiente,,,,,
5815,117,15,pendiente,,,,,
5816,117,16,pendiente,,,,,
5817,117,17,pendiente,,,,,
5818,117,18,pendiente,,,,,
5819,117,19,pendiente,,,,,
5820,117,20,pendiente,,,,,
5821,117,21,pendiente,,,,,
5822,117,22,pendiente,,,,,
5823,117,23,pendiente,,,,,
5824,117,24,pendiente,,,,,
5825,117,25,pendiente,,,,,
5826,117,26,pendiente,,,,,
5827,117,27,pendiente,,,,,
5828,117,28,pendiente,,,,,
5829,117,29,pendiente,,,,,
5830,117,30,pendiente,,,,,
5831,117,31,pendiente,,,,,
5832,117,32,pendiente,,,,,
5833,117,33,pendiente,,,,,
5834,117,34,pendiente,,,,,
5835,117,35,pendiente,,,,,
5836,117,36,pendiente,,,,,
5837,117,37,pendiente,,,,,
5838,117,38,pendiente,,,,,
5839,117,39,pendiente,,,,,
5840,117,40,pendiente,,,,,
5841,117,41,pendiente,,,,,
5842,117,42,pendiente,,,,,
5843,117,43,pendiente,,,,,
5844,117,44,pendiente,,,,,
5845,117,45,pendiente,,,,,
5846,117,46,pendiente,,,,,
5847,117,47,pendiente,,,,,
5848,117,48,pendiente,,,,,
5849,117,49,pendiente,,,,,
5850,117,50,pendiente,,,,,
5851,118,1,pendiente,,,,,
5852,118,2,pendiente,,,,,
5853,118,3,pendiente,,,,,
5854,118,4,pendiente,,,,,
5855,118,5,pendiente,,,,,
5856,118,6,pendiente,,,,,
5857,118,7,pendiente,,,,,
5858,118,8,pendiente,,,,,
5859,118,9,pendiente,,,,,
5860,118,10,pendiente,,,,,
5861,118,11,pendiente,,,,,
5862,118,12,pendiente,,,,,
5863,118,13,pendiente,,,,,
5864,118,14,pendiente,,,,,
5865,118,15,pendiente,,,,,
5866,118,16,pendiente,,,,,
5867,118,17,pendiente,,,,,
5868,118,18,pendiente,,,,,
5869,118,19,pendiente,,,,,
5870,118,20,pendiente,,,,,
5871,118,21,pendiente,,,,,
5872,118,22,pendiente,,,,,
5873,118,23,pendiente,,,,,
5874,118,24,pendiente,,,,,
5875,118,25,pendiente,,,,,
5876,118,26,pendiente,,,,,
5877,118,27,pendiente,,,,,
5878,118,28,pendiente,,,,,
5879,118,29,pendiente,,,,,
5880,118,30,pendiente,,,,,
5881,118,31,pendiente,,,,,
5882,118,32,pendiente,,,,,
5883,118,33,pendiente,,,,,
5884,118,34,pendiente,,,,,
5885,118,35,pendiente,,,,,
5886,118,36,pendiente,,,,,
5887,118,37,pendiente,,,,,
5888,118,38,pendiente,,,,,
5889,118,39,pendiente,,,,,
5890,118,40,pendiente,,,,,
5891,118,41,pendiente,,,,,
5892,118,42,pendiente,,,,,
5893,118,43,pendiente,,,,,
5894,118,44,pendiente,,,,,
5895,118,45,pendiente,,,,,
5896,118,46,pendiente,,,,,
5897,118,47,pendiente,,,,,
5898,118,48,pendiente,,,,,
5899,118,49,pendiente,,,,,
5900,118,50,pendiente,,,,,
5901,119,1,pendiente,,,,,
5902,119,2,pendiente,,,,,
5903,119,3,pendiente,,,,,
5904,119,4,pendiente,,,,,
5905,119,5,pendiente,,,,,
5906,119,6,pendiente,,,,,
5907,119,7,pendiente,,,,,
5908,119,8,pendiente,,,,,
5909,119,9,pendiente,,,,,
5910,119,10,pendiente,,,,,
5911,119,11,pendiente,,,,,
5912,119,12,pendiente,,,,,
5913,119,13,pendiente,,,,,
5914,119,14,pendiente,,,,,
5915,119,15,pendiente,,,,,
5916,119,16,pendiente,,,,,
5917,119,17,pendiente,,,,,
5918,119,18,pendiente,,,,,
5919,119,19,pendiente,,,,,
5920,119,20,pendiente,,,,,
5921,119,21,pendiente,,,,,
5922,119,22,pendiente,,,,,
5923,119,23,pendiente,,,,,
5924,119,24,pendiente,,,,,
5925,119,25,pendiente,,,,,
5926,119,26,pendiente,,,,,
5927,119,27,pendiente,,,,,
5928,119,28,pendiente,,,,,
5929,119,29,pendiente,,,,,
5930,119,30,pendiente,,,,,
5931,119,31,pendiente,,,,,
5932,119,32,pendiente,,,,,
5933,119,33,pendiente,,,,,
5934,119,34,pendiente,,,,,
5935,119,35,pendiente,,,,,
5936,119,36,pendiente,,,,,
5937,119,37,pendiente,,,,,
5938,119,38,pendiente,,,,,
5939,119,39,pendiente,,,,,
5940,119,40,pendiente,,,,,
5941,119,41,pendiente,,,,,
5942,119,42,pendiente,,,,,
5943,119,43,pendiente,,,,,
5944,119,44,pendiente,,,,,
5945,119,45,pendiente,,,,,
5946,119,46,pendiente,,,,,
5947,119,47,pendiente,,,,,
5948,119,48,pendiente,,,,,
5949,119,49,pendiente,,,,,
5950,119,50,pendiente,,,,,
5951,120,1,pendiente,,,,,
5952,120,2,pendiente,,,,,
5953,120,3,pendiente,,,,,
5954,120,4,pendiente,,,,,
5955,120,5,pendiente,,,,,
5956,120,6,pendiente,,,,,
5957,120,7,pendiente,,,,,
5958,120,8,pendiente,,,,,
5959,120,9,pendiente,,,,,
5960,120,10,pendiente,,,,,
5961,120,11,pendiente,,,,,
5962,120,12,pendiente,,,,,
5963,120,13,pendiente,,,,,
5964,120,14,pendiente,,,,,
5965,120,15,pendiente,,,,,
5966,120,16,pendiente,,,,,
5967,120,17,pendiente,,,,,
5968,120,18,pendiente,,,,,
5969,120,19,pendiente,,,,,
5970,120,20,pendiente,,,,,
5971,120,21,pendiente,,,,,
5972,120,22,pendiente,,,,,
5973,120,23,pendiente,,,,,
5974,120,24,pendiente,,,,,
5975,120,25,pendiente,,,,,
5976,120,26,pendiente,,,,,
5977,120,27,pendiente,,,,,
5978,120,28,pendiente,,,,,
5979,120,29,pendiente,,,,,
5980,120,30,pendiente,,,,,
5981,120,31,pendiente,,,,,
5982,120,32,pendiente,,,,,
5983,120,33,pendiente,,,,,
5984,120,34,pendiente,,,,,
5985,120,35,pendiente,,,,,
5986,120,36,pendiente,,,,,
5987,120,37,pendiente,,,,,
5988,120,38,pendiente,,,,,
5989,120,39,pendiente,,,,,
5990,120,40,pendiente,,,,,
5991,120,41,pendiente,,,,,
5992,120,42,pendiente,,,,,
5993,120,43,pendiente,,,,,
5994,120,44,pendiente,,,,,
5995,120,45,pendiente,,,,,
5996,120,46,pendiente,,,,,
5997,120,47,pendiente,,,,,
5998,120,48,pendiente,,,,,
5999,120,49,pendiente,,,,,
6000,120,50,pendiente,,,,,
6001,121,1,pendiente,,,,,
6002,121,2,pendiente,,,,,
6003,121,3,pendiente,,,,,
6004,121,4,pendiente,,,,,
6005,121,5,pendiente,,,,,
6006,121,6,pendiente,,,,,
6007,121,7,pendiente,,,,,
6008,121,8,pendiente,,,,,
6009,121,9,pendiente,,,,,
6010,121,10,pendiente,,,,,
6011,121,11,pendiente,,,,,
6012,121,12,pendiente,,,,,
6013,121,13,pendiente,,,,,
6014,121,14,pendiente,,,,,
6015,121,15,pendiente,,,,,
6016,121,16,pendiente,,,,,
6017,121,17,pendiente,,,,,
6018,121,18,pendiente,,,,,
6019,121,19,pendiente,,,,,
6020,121,20,pendiente,,,,,
6021,121,21,pendiente,,,,,
6022,121,22,pendiente,,,,,
6023,121,23,pendiente,,,,,
6024,121,24,pendiente,,,,,
6025,121,25,pendiente,,,,,
6026,121,26,pendiente,,,,,
6027,121,27,pendiente,,,,,
6028,121,28,pendiente,,,,,
6029,121,29,pendiente,,,,,
6030,121,30,pendiente,,,,,
6031,121,31,pendiente,,,,,
6032,121,32,pendiente,,,,,
6033,121,33,pendiente,,,,,
6034,121,34,pendiente,,,,,
6035,121,35,pendiente,,,,,
6036,121,36,pendiente,,,,,
6037,121,37,pendiente,,,,,
6038,121,38,pendiente,,,,,
6039,121,39,pendiente,,,,,
6040,121,40,pendiente,,,,,
6041,121,41,pendiente,,,,,
6042,121,42,pendiente,,,,,
6043,121,43,pendiente,,,,,
6044,121,44,pendiente,,,,,
6045,121,45,pendiente,,,,,
6046,121,46,pendiente,,,,,
6047,121,47,pendiente,,,,,
6048,121,48,pendiente,,,,,
6049,121,49,pendiente,,,,,
6050,121,50,pendiente,,,,,
6051,122,1,pendiente,,,,,
6052,122,2,pendiente,,,,,
6053,122,3,pendiente,,,,,
6054,122,4,pendiente,,,,,
6055,122,5,pendiente,,,,,
6056,122,6,pendiente,,,,,
6057,122,7,pendiente,,,,,
6058,122,8,pendiente,,,,,
6059,122,9,pendiente,,,,,
6060,122,10,pendiente,,,,,
6061,122,11,pendiente,,,,,
6062,122,12,pendiente,,,,,
6063,122,13,pendiente,,,,,
6064,122,14,pendiente,,,,,
6065,122,15,pendiente,,,,,
6066,122,16,pendiente,,,,,
6067,122,17,pendiente,,,,,
6068,122,18,pendiente,,,,,
6069,122,19,pendiente,,,,,
6070,122,20,pendiente,,,,,
6071,122,21,pendiente,,,,,
6072,122,22,pendiente,,,,,
6073,122,23,pendiente,,,,,
6074,122,24,pendiente,,,,,
6075,122,25,pendiente,,,,,
6076,122,26,pendiente,,,,,
6077,122,27,pendiente,,,,,
6078,122,28,pendiente,,,,,
6079,122,29,pendiente,,,,,
6080,122,30,pendiente,,,,,
6081,122,31,pendiente,,,,,
6082,122,32,pendiente,,,,,
6083,122,33,pendiente,,,,,
6084,122,34,pendiente,,,,,
6085,122,35,pendiente,,,,,
6086,122,36,pendiente,,,,,
6087,122,37,pendiente,,,,,
6088,122,38,pendiente,,,,,
6089,122,39,pendiente,,,,,
6090,122,40,pendiente,,,,,
6091,122,41,pendiente,,,,,
6092,122,42,pendiente,,,,,
6093,122,43,pendiente,,,,,
6094,122,44,pendiente,,,,,
6095,122,45,pendiente,,,,,
6096,122,46,pendiente,,,,,
6097,122,47,pendiente,,,,,
6098,122,48,pendiente,,,,,
6099,122,49,pendiente,,,,,
6100,122,50,pendiente,,,,,
6101,123,1,pendiente,,,,,
6102,123,2,pendiente,,,,,
6103,123,3,pendiente,,,,,
6104,123,4,pendiente,,,,,
6105,123,5,pendiente,,,,,
6106,123,6,pendiente,,,,,
6107,123,7,pendiente,,,,,
6108,123,8,pendiente,,,,,
6109,123,9,pendiente,,,,,
6110,123,10,pendiente,,,,,
6111,123,11,pendiente,,,,,
6112,123,12,pendiente,,,,,
6113,123,13,pendiente,,,,,
6114,123,14,pendiente,,,,,
6115,123,15,pendiente,,,,,
6116,123,16,pendiente,,,,,
6117,123,17,pendiente,,,,,
6118,123,18,pendiente,,,,,
6119,123,19,pendiente,,,,,
6120,123,20,pendiente,,,,,
6121,123,21,pendiente,,,,,
6122,123,22,pendiente,,,,,
6123,123,23,pendiente,,,,,
6124,123,24,pendiente,,,,,
6125,123,25,pendiente,,,,,
6126,123,26,pendiente,,,,,
6127,123,27,pendiente,,,,,
6128,123,28,pendiente,,,,,
6129,123,29,pendiente,,,,,
6130,123,30,pendiente,,,,,
6131,123,31,pendiente,,,,,
6132,123,32,pendiente,,,,,
6133,123,33,pendiente,,,,,
6134,123,34,pendiente,,,,,
6135,123,35,pendiente,,,,,
6136,123,36,pendiente,,,,,
6137,123,37,pendiente,,,,,
6138,123,38,pendiente,,,,,
6139,123,39,pendiente,,,,,
6140,123,40,pendiente,,,,,
6141,123,41,pendiente,,,,,
6142,123,42,pendiente,,,,,
6143,123,43,pendiente,,,,,
6144,123,44,pendiente,,,,,
6145,123,45,pendiente,,,,,
6146,123,46,pendiente,,,,,
6147,123,47,pendiente,,,,,
6148,123,48,pendiente,,,,,
6149,123,49,pendiente,,,,,
6150,123,50,pendiente,,,,,
6151,124,1,pendiente,,,,,
6152,124,2,pendiente,,,,,
6153,124,3,pendiente,,,,,
6154,124,4,pendiente,,,,,
6155,124,5,pendiente,,,,,
6156,124,6,pendiente,,,,,
6157,124,7,pendiente,,,,,
6158,124,8,pendiente,,,,,
6159,124,9,pendiente,,,,,
6160,124,10,pendiente,,,,,
6161,124,11,pendiente,,,,,
6162,124,12,pendiente,,,,,
6163,124,13,pendiente,,,,,
6164,124,14,pendiente,,,,,
6165,124,15,pendiente,,,,,
6166,124,16,pendiente,,,,,
6167,124,17,pendiente,,,,,
6168,124,18,pendiente,,,,,
6169,124,19,pendiente,,,,,
6170,124,20,pendiente,,,,,
6171,124,21,pendiente,,,,,
6172,124,22,pendiente,,,,,
6173,124,23,pendiente,,,,,
6174,124,24,pendiente,,,,,
6175,124,25,pendiente,,,,,
6176,124,26,pendiente,,,,,
6177,124,27,pendiente,,,,,
6178,124,28,pendiente,,,,,
6179,124,29,pendiente,,,,,
6180,124,30,pendiente,,,,,
6181,124,31,pendiente,,,,,
6182,124,32,pendiente,,,,,
6183,124,33,pendiente,,,,,
6184,124,34,pendiente,,,,,
6185,124,35,pendiente,,,,,
6186,124,36,pendiente,,,,,
6187,124,37,pendiente,,,,,
6188,124,38,pendiente,,,,,
6189,124,39,pendiente,,,,,
6190,124,40,pendiente,,,,,
6191,124,41,pendiente,,,,,
6192,124,42,pendiente,,,,,
6193,124,43,pendiente,,,,,
6194,124,44,pendiente,,,,,
6195,124,45,pendiente,,,,,
6196,124,46,pendiente,,,,,
6197,124,47,pendiente,,,,,
6198,124,48,pendiente,,,,,
6199,124,49,pendiente,,,,,
6200,124,50,pendiente,,,,,
6201,125,1,pendiente,,,,,
6202,125,2,pendiente,,,,,
6203,125,3,pendiente,,,,,
6204,125,4,pendiente,,,,,
6205,125,5,pendiente,,,,,
6206,125,6,pendiente,,,,,
6207,125,7,pendiente,,,,,
6208,125,8,pendiente,,,,,
6209,125,9,pendiente,,,,,
6210,125,10,pendiente,,,,,
6211,125,11,pendiente,,,,,
6212,125,12,pendiente,,,,,
6213,125,13,pendiente,,,,,
6214,125,14,pendiente,,,,,
6215,125,15,pendiente,,,,,
6216,125,16,pendiente,,,,,
6217,125,17,pendiente,,,,,
6218,125,18,pendiente,,,,,
6219,125,19,pendiente,,,,,
6220,125,20,pendiente,,,,,
6221,125,21,pendiente,,,,,
6222,125,22,pendiente,,,,,
6223,125,23,pendiente,,,,,
6224,125,24,pendiente,,,,,
6225,125,25,pendiente,,,,,
6226,125,26,pendiente,,,,,
6227,125,27,pendiente,,,,,
6228,125,28,pendiente,,,,,
6229,125,29,pendiente,,,,,
6230,125,30,pendiente,,,,,
6231,125,31,pendiente,,,,,
6232,125,32,pendiente,,,,,
6233,125,33,pendiente,,,,,
6234,125,34,pendiente,,,,,
6235,125,35,pendiente,,,,,
6236,125,36,pendiente,,,,,
6237,125,37,pendiente,,,,,
6238,125,38,pendiente,,,,,
6239,125,39,pendiente,,,,,
6240,125,40,pendiente,,,,,
6241,125,41,pendiente,,,,,
6242,125,42,pendiente,,,,,
6243,125,43,pendiente,,,,,
6244,125,44,pendiente,,,,,
6245,125,45,pendiente,,,,,
6246,125,46,pendiente,,,,,
6247,125,47,pendiente,,,,,
6248,125,48,pendiente,,,,,
6249,125,49,pendiente,,,,,
6250,125,50,pendiente,,,,,
6251,126,1,pendiente,,,,,
6252,126,2,pendiente,,,,,
6253,126,3,pendiente,,,,,
6254,126,4,pendiente,,,,,
6255,126,5,pendiente,,,,,
6256,126,6,pendiente,,,,,
6257,126,7,pendiente,,,,,
6258,126,8,pendiente,,,,,
6259,126,9,pendiente,,,,,
6260,126,10,pendiente,,,,,
6261,126,11,pendiente,,,,,
6262,126,12,pendiente,,,,,
6263,126,13,pendiente,,,,,
6264,126,14,pendiente,,,,,
6265,126,15,pendiente,,,,,
6266,126,16,pendiente,,,,,
6267,126,17,pendiente,,,,,
6268,126,18,pendiente,,,,,
6269,126,19,pendiente,,,,,
6270,126,20,pendiente,,,,,
6271,126,21,pendiente,,,,,
6272,126,22,pendiente,,,,,
6273,126,23,pendiente,,,,,
6274,126,24,pendiente,,,,,
6275,126,25,pendiente,,,,,
6276,126,26,pendiente,,,,,
6277,126,27,pendiente,,,,,
6278,126,28,pendiente,,,,,
6279,126,29,pendiente,,,,,
6280,126,30,pendiente,,,,,
6281,126,31,pendiente,,,,,
6282,126,32,pendiente,,,,,
6283,126,33,pendiente,,,,,
6284,126,34,pendiente,,,,,
6285,126,35,pendiente,,,,,
6286,126,36,pendiente,,,,,
6287,126,37,pendiente,,,,,
6288,126,38,pendiente,,,,,
6289,126,39,pendiente,,,,,
6290,126,40,pendiente,,,,,
6291,126,41,pendiente,,,,,
6292,126,42,pendiente,,,,,
6293,126,43,pendiente,,,,,
6294,126,44,pendiente,,,,,
6295,126,45,pendiente,,,,,
6296,126,46,pendiente,,,,,
6297,126,47,pendiente,,,,,
6298,126,48,pendiente,,,,,
6299,126,49,pendiente,,,,,
6300,126,50,pendiente,,,,,
6301,127,1,completado,Wed Feb 18 2026 00:00:00 GMT-0500 (hora de Ecuador),Wed Feb 18 2026 00:00:00 GMT-0500 (hora de Ecuador),,,
6302,127,2,completado,Wed Feb 18 2026 00:00:00 GMT-0500 (hora de Ecuador),Wed Feb 18 2026 00:00:00 GMT-0500 (hora de Ecuador),,,
6303,127,3,completado,Thu Feb 19 2026 00:00:00 GMT-0500 (hora de Ecuador),Thu Feb 19 2026 00:00:00 GMT-0500 (hora de Ecuador),,,
6304,127,4,completado,Thu Feb 19 2026 00:00:00 GMT-0500 (hora de Ecuador),Thu Feb 19 2026 00:00:00 GMT-0500 (hora de Ecuador),,,
6305,127,5,completado,Thu Feb 19 2026 00:00:00 GMT-0500 (hora de Ecuador),Thu Feb 19 2026 00:00:00 GMT-0500 (hora de Ecuador),,,
6306,127,6,completado,Fri Feb 20 2026 00:00:00 GMT-0500 (hora de Ecuador),Thu Apr 02 2026 00:00:00 GMT-0500 (hora de Ecuador),,,
6307,127,7,completado,Mon Feb 23 2026 00:00:00 GMT-0500 (hora de Ecuador),Tue Apr 07 2026 00:00:00 GMT-0500 (hora de Ecuador),,,
6308,127,8,completado,Tue Feb 24 2026 00:00:00 GMT-0500 (hora de Ecuador),Tue Apr 07 2026 00:00:00 GMT-0500 (hora de Ecuador),,,
6309,127,9,completado,Wed Feb 25 2026 00:00:00 GMT-0500 (hora de Ecuador),Tue Apr 07 2026 00:00:00 GMT-0500 (hora de Ecuador),,,
6310,127,10,completado,Thu Feb 26 2026 00:00:00 GMT-0500 (hora de Ecuador),Tue Apr 07 2026 00:00:00 GMT-0500 (hora de Ecuador),,,
6311,127,11,completado,Fri Feb 27 2026 00:00:00 GMT-0500 (hora de Ecuador),Tue Apr 07 2026 00:00:00 GMT-0500 (hora de Ecuador),,,
6312,127,12,completado,Fri Feb 27 2026 00:00:00 GMT-0500 (hora de Ecuador),Mon Apr 13 2026 00:00:00 GMT-0500 (hora de Ecuador),,,
6313,127,13,completado,Mon Mar 02 2026 00:00:00 GMT-0500 (hora de Ecuador),Tue Apr 21 2026 00:00:00 GMT-0500 (hora de Ecuador),,,
6314,127,14,completado,Tue Mar 03 2026 00:00:00 GMT-0500 (hora de Ecuador),Tue Apr 21 2026 00:00:00 GMT-0500 (hora de Ecuador),,,
6315,127,15,completado,Wed Mar 04 2026 00:00:00 GMT-0500 (hora de Ecuador),Tue Apr 21 2026 00:00:00 GMT-0500 (hora de Ecuador),,,
6316,127,16,completado,Thu Mar 05 2026 00:00:00 GMT-0500 (hora de Ecuador),Thu Apr 23 2026 00:00:00 GMT-0500 (hora de Ecuador),,,
6317,127,17,completado,Thu Mar 05 2026 00:00:00 GMT-0500 (hora de Ecuador),Mon May 04 2026 00:00:00 GMT-0500 (hora de Ecuador),,,
6318,127,18,completado,Wed Mar 04 2026 00:00:00 GMT-0500 (hora de Ecuador),Mon May 04 2026 00:00:00 GMT-0500 (hora de Ecuador),,,
6319,127,19,completado,Fri Mar 06 2026 00:00:00 GMT-0500 (hora de Ecuador),Wed May 13 2026 00:00:00 GMT-0500 (hora de Ecuador),,,
6320,127,20,pendiente,,,,,
6321,127,21,pendiente,,,,,
6322,127,22,pendiente,,,,,
6323,127,23,pendiente,,,,,
6324,127,24,pendiente,,,,,
6325,127,25,pendiente,,,,,
6326,127,26,pendiente,,,,,
6327,127,27,pendiente,,,,,
6328,127,28,pendiente,,,,,
6329,127,29,pendiente,,,,,
6330,127,30,pendiente,,,,,
6331,127,31,pendiente,,,,,
6332,127,32,pendiente,,,,,
6333,127,33,completado,Mon Mar 09 2026 00:00:00 GMT-0500 (hora de Ecuador),Wed May 20 2026 00:00:00 GMT-0500 (hora de Ecuador),,,
6334,127,34,completado,Tue Mar 10 2026 00:00:00 GMT-0500 (hora de Ecuador),Wed May 13 2026 00:00:00 GMT-0500 (hora de Ecuador),,,
6335,127,35,completado,Tue Mar 10 2026 00:00:00 GMT-0500 (hora de Ecuador),Wed May 20 2026 00:00:00 GMT-0500 (hora de Ecuador),,,
6336,127,36,pendiente,,,,,
6337,127,37,pendiente,,,,,
6338,127,38,pendiente,,,,,
6339,127,39,pendiente,Tue Mar 10 2026 00:00:00 GMT-0500 (hora de Ecuador),,,,
6340,127,40,pendiente,Sun Mar 15 2026 00:00:00 GMT-0500 (hora de Ecuador),,,,
6341,127,41,pendiente,,,,,
6342,127,42,pendiente,,,,,
6343,127,43,pendiente,,,,,
6344,127,44,pendiente,,,,,
6345,127,45,pendiente,,,,,
6346,127,46,pendiente,,,,,
6347,127,47,pendiente,,,,,
6348,127,48,pendiente,,,,,
6349,127,49,pendiente,,,,,
6350,127,50,pendiente,Sun Mar 15 2026 00:00:00 GMT-0500 (hora de Ecuador),,,,
6351,128,1,pendiente,,,,,
6352,128,2,pendiente,,,,,
6353,128,3,pendiente,,,,,
6354,128,4,pendiente,,,,,
6355,128,5,pendiente,,,,,
6356,128,6,pendiente,,,,,
6357,128,7,pendiente,,,,,
6358,128,8,pendiente,,,,,
6359,128,9,pendiente,,,,,
6360,128,10,pendiente,,,,,
6361,128,11,pendiente,,,,,
6362,128,12,pendiente,,,,,
6363,128,13,pendiente,,,,,
6364,128,14,pendiente,,,,,
6365,128,15,pendiente,,,,,
6366,128,16,pendiente,,,,,
6367,128,17,pendiente,,,,,
6368,128,18,pendiente,,,,,
6369,128,19,pendiente,,,,,
6370,128,20,pendiente,,,,,
6371,128,21,pendiente,,,,,
6372,128,22,pendiente,,,,,
6373,128,23,pendiente,,,,,
6374,128,24,pendiente,,,,,
6375,128,25,pendiente,,,,,
6376,128,26,pendiente,,,,,
6377,128,27,pendiente,,,,,
6378,128,28,pendiente,,,,,
6379,128,29,pendiente,,,,,
6380,128,30,pendiente,,,,,
6381,128,31,pendiente,,,,,
6382,128,32,pendiente,,,,,
6383,128,33,pendiente,,,,,
6384,128,34,pendiente,,,,,
6385,128,35,pendiente,,,,,
6386,128,36,pendiente,,,,,
6387,128,37,pendiente,,,,,
6388,128,38,pendiente,,,,,
6389,128,39,pendiente,,,,,
6390,128,40,pendiente,,,,,
6391,128,41,pendiente,Tue Jan 02 1900 00:00:00 GMT-0514 (hora de Ecuador),,,,
6392,128,42,pendiente,Thu Jan 04 1900 00:00:00 GMT-0514 (hora de Ecuador),,,,
6393,128,43,pendiente,Mon Jan 08 1900 00:00:00 GMT-0514 (hora de Ecuador),,,,
6394,128,44,pendiente,Tue Jan 09 1900 00:00:00 GMT-0514 (hora de Ecuador),,,,
6395,128,45,pendiente,Wed Jan 10 1900 00:00:00 GMT-0514 (hora de Ecuador),,,,
6396,128,46,pendiente,Fri Jan 12 1900 00:00:00 GMT-0514 (hora de Ecuador),,,,
6397,128,47,pendiente,Mon Jan 15 1900 00:00:00 GMT-0514 (hora de Ecuador),,,,
6398,128,48,pendiente,Wed Jan 17 1900 00:00:00 GMT-0514 (hora de Ecuador),,,,
6399,128,49,pendiente,Mon Jan 22 1900 00:00:00 GMT-0514 (hora de Ecuador),,,,
6400,128,50,pendiente,,,,,
6401,129,1,pendiente,,,,,
6402,129,2,pendiente,,,,,
6403,129,3,pendiente,,,,,
6404,129,4,pendiente,,,,,
6405,129,5,pendiente,,,,,
6406,129,6,pendiente,,,,,
6407,129,7,pendiente,,,,,
6408,129,8,pendiente,,,,,
6409,129,9,pendiente,,,,,
6410,129,10,pendiente,,,,,
6411,129,11,pendiente,,,,,
6412,129,12,pendiente,,,,,
6413,129,13,pendiente,,,,,
6414,129,14,pendiente,,,,,
6415,129,15,pendiente,,,,,
6416,129,16,pendiente,,,,,
6417,129,17,pendiente,,,,,
6418,129,18,pendiente,,,,,
6419,129,19,pendiente,,,,,
6420,129,20,pendiente,,,,,
6421,129,21,pendiente,,,,,
6422,129,22,pendiente,,,,,
6423,129,23,pendiente,,,,,
6424,129,24,pendiente,,,,,
6425,129,25,pendiente,,,,,
6426,129,26,pendiente,,,,,
6427,129,27,pendiente,,,,,
6428,129,28,pendiente,,,,,
6429,129,29,pendiente,,,,,
6430,129,30,pendiente,,,,,
6431,129,31,pendiente,,,,,
6432,129,32,pendiente,,,,,
6433,129,33,pendiente,,,,,
6434,129,34,pendiente,,,,,
6435,129,35,pendiente,,,,,
6436,129,36,pendiente,,,,,
6437,129,37,pendiente,,,,,
6438,129,38,pendiente,,,,,
6439,129,39,pendiente,,,,,
6440,129,40,pendiente,,,,,
6441,129,41,pendiente,,,,,
6442,129,42,pendiente,,,,,
6443,129,43,pendiente,,,,,
6444,129,44,pendiente,,,,,
6445,129,45,pendiente,,,,,
6446,129,46,pendiente,,,,,
6447,129,47,pendiente,,,,,
6448,129,48,pendiente,,,,,
6449,129,49,pendiente,,,,,
6450,129,50,pendiente,,,,,
6451,130,1,completado,Mon Jun 15 2026 00:00:00 GMT-0500 (hora de Ecuador),Tue Jul 28 2026 00:00:00 GMT-0500 (hora de Ecuador),,Fabricio Medina,
6452,130,2,completado,Mon Jun 15 2026 00:00:00 GMT-0500 (hora de Ecuador),Tue Jul 28 2026 00:00:00 GMT-0500 (hora de Ecuador),,Fabricio Medina,
6453,130,3,completado,Tue Jun 16 2026 00:00:00 GMT-0500 (hora de Ecuador),Tue Jul 28 2026 00:00:00 GMT-0500 (hora de Ecuador),,Fabricio Medina,
6454,130,4,completado,Tue Jun 16 2026 00:00:00 GMT-0500 (hora de Ecuador),Tue Jul 28 2026 00:00:00 GMT-0500 (hora de Ecuador),,Fabricio Medina,
6455,130,5,completado,Tue Jun 16 2026 00:00:00 GMT-0500 (hora de Ecuador),Tue Jul 28 2026 00:00:00 GMT-0500 (hora de Ecuador),,Fabricio Medina,
6456,130,6,completado,Wed Jun 17 2026 00:00:00 GMT-0500 (hora de Ecuador),Tue Jul 28 2026 00:00:00 GMT-0500 (hora de Ecuador),,Fabricio Medina,
6457,130,7,completado,Thu Jun 18 2026 00:00:00 GMT-0500 (hora de Ecuador),Tue Jul 28 2026 00:00:00 GMT-0500 (hora de Ecuador),,Fabricio Medina,
6458,130,8,completado,Fri Jun 19 2026 00:00:00 GMT-0500 (hora de Ecuador),Tue Jul 28 2026 00:00:00 GMT-0500 (hora de Ecuador),,Fabricio Medina,
6459,130,9,completado,Mon Jun 22 2026 00:00:00 GMT-0500 (hora de Ecuador),Tue Jul 28 2026 00:00:00 GMT-0500 (hora de Ecuador),,Fabricio Medina,
6460,130,10,completado,Tue Jun 23 2026 00:00:00 GMT-0500 (hora de Ecuador),Tue Jul 28 2026 00:00:00 GMT-0500 (hora de Ecuador),,Fabricio Medina,
6461,130,11,completado,Wed Jun 24 2026 00:00:00 GMT-0500 (hora de Ecuador),Tue Jul 28 2026 00:00:00 GMT-0500 (hora de Ecuador),,Fabricio Medina,
6462,130,12,completado,Wed Jun 24 2026 00:00:00 GMT-0500 (hora de Ecuador),Tue Jul 28 2026 00:00:00 GMT-0500 (hora de Ecuador),,Fabricio Medina,
6463,130,13,completado,Thu Jun 25 2026 00:00:00 GMT-0500 (hora de Ecuador),Tue Jul 28 2026 00:00:00 GMT-0500 (hora de Ecuador),,Fabricio Medina,
6464,130,14,completado,Fri Jun 26 2026 00:00:00 GMT-0500 (hora de Ecuador),Tue Jul 28 2026 00:00:00 GMT-0500 (hora de Ecuador),,Fabricio Medina,
6465,130,15,completado,Mon Jun 29 2026 00:00:00 GMT-0500 (hora de Ecuador),Tue Jul 28 2026 00:00:00 GMT-0500 (hora de Ecuador),,Fabricio Medina,
6466,130,16,completado,Tue Jun 30 2026 00:00:00 GMT-0500 (hora de Ecuador),Tue Jul 28 2026 00:00:00 GMT-0500 (hora de Ecuador),,Fabricio Medina,
6467,130,17,completado,Tue Jun 30 2026 00:00:00 GMT-0500 (hora de Ecuador),Tue Jul 28 2026 00:00:00 GMT-0500 (hora de Ecuador),,Fabricio Medina,
6468,130,18,completado,Wed Jul 01 2026 00:00:00 GMT-0500 (hora de Ecuador),Tue Jul 28 2026 00:00:00 GMT-0500 (hora de Ecuador),,Fabricio Medina,
6469,130,19,completado,Wed Jul 01 2026 00:00:00 GMT-0500 (hora de Ecuador),Tue Jul 28 2026 00:00:00 GMT-0500 (hora de Ecuador),,Fabricio Medina,
6470,130,20,pendiente,,,,Fabricio Medina,
6471,130,21,pendiente,,,,Fabricio Medina,
6472,130,22,pendiente,,,,Fabricio Medina,
6473,130,23,pendiente,,,,Fabricio Medina,
6474,130,24,pendiente,,,,Fabricio Medina,
6475,130,25,pendiente,,,,Fabricio Medina,
6476,130,26,pendiente,,,,Fabricio Medina,
6477,130,27,pendiente,,,,Fabricio Medina,
6478,130,28,pendiente,,,,Fabricio Medina,
6479,130,29,pendiente,,,,Fabricio Medina,
6480,130,30,pendiente,,,,Fabricio Medina,
6481,130,31,pendiente,,,,Fabricio Medina,
6482,130,32,pendiente,,,,Fabricio Medina,
6483,130,33,completado,Thu Jul 02 2026 00:00:00 GMT-0500 (hora de Ecuador),Tue Jul 28 2026 00:00:00 GMT-0500 (hora de Ecuador),,Fabricio Medina,
6484,130,34,completado,Fri Jul 03 2026 00:00:00 GMT-0500 (hora de Ecuador),Tue Jul 28 2026 00:00:00 GMT-0500 (hora de Ecuador),,Fabricio Medina,
6485,130,35,completado,Fri Jul 03 2026 00:00:00 GMT-0500 (hora de Ecuador),Tue Jul 28 2026 00:00:00 GMT-0500 (hora de Ecuador),,Fabricio Medina,
6486,130,36,pendiente,,,,Fabricio Medina,
6487,130,37,pendiente,,,,Fabricio Medina,
6488,130,38,pendiente,,,,Fabricio Medina,
6489,130,39,completado,Fri Jul 03 2026 00:00:00 GMT-0500 (hora de Ecuador),Tue Jul 28 2026 00:00:00 GMT-0500 (hora de Ecuador),,Fabricio Medina,
6490,130,40,completado,Thu Jul 09 2026 00:00:00 GMT-0500 (hora de Ecuador),Tue Jul 28 2026 00:00:00 GMT-0500 (hora de Ecuador),,Fabricio Medina,
6491,130,41,pendiente,,,,Fabricio Medina,
6492,130,42,pendiente,,,,Fabricio Medina,
6493,130,43,pendiente,,,,Fabricio Medina,
6494,130,44,pendiente,,,,Fabricio Medina,
6495,130,45,pendiente,,,,Fabricio Medina,
6496,130,46,pendiente,,,,Fabricio Medina,
6497,130,47,pendiente,,,,Fabricio Medina,
6498,130,48,pendiente,,,,Fabricio Medina,
6499,130,49,pendiente,,,,Fabricio Medina,
6500,130,50,completado,Thu Jul 09 2026 00:00:00 GMT-0500 (hora de Ecuador),Thu Jul 30 2026 00:00:00 GMT-0500 (hora de Ecuador),,Fabricio Medina,
6501,131,1,completado,Wed Oct 21 2026 00:00:00 GMT-0500 (hora de Ecuador),Tue May 05 2026 00:00:00 GMT-0500 (hora de Ecuador),,Fabricio Medina,
6502,131,2,pendiente,Wed Oct 21 2026 00:00:00 GMT-0500 (hora de Ecuador),,,Fabricio Medina,
6503,131,3,pendiente,Thu Oct 22 2026 00:00:00 GMT-0500 (hora de Ecuador),,,Fabricio Medina,
6504,131,4,pendiente,Thu Oct 22 2026 00:00:00 GMT-0500 (hora de Ecuador),,,Fabricio Medina,
6505,131,5,pendiente,Thu Oct 22 2026 00:00:00 GMT-0500 (hora de Ecuador),,,Fabricio Medina,
6506,131,6,pendiente,Fri Oct 23 2026 00:00:00 GMT-0500 (hora de Ecuador),,,Fabricio Medina,
6507,131,7,pendiente,Mon Oct 26 2026 00:00:00 GMT-0500 (hora de Ecuador),,,Fabricio Medina,
6508,131,8,pendiente,Tue Oct 27 2026 00:00:00 GMT-0500 (hora de Ecuador),,,Fabricio Medina,
6509,131,9,pendiente,Wed Oct 28 2026 00:00:00 GMT-0500 (hora de Ecuador),,,Fabricio Medina,
6510,131,10,completado,Thu Oct 29 2026 00:00:00 GMT-0500 (hora de Ecuador),Tue May 05 2026 00:00:00 GMT-0500 (hora de Ecuador),,Fabricio Medina,
6511,131,11,pendiente,Fri Oct 30 2026 00:00:00 GMT-0500 (hora de Ecuador),,,Fabricio Medina,
6512,131,12,pendiente,Fri Oct 30 2026 00:00:00 GMT-0500 (hora de Ecuador),,,Fabricio Medina,
6513,131,13,pendiente,Mon Nov 02 2026 00:00:00 GMT-0500 (hora de Ecuador),,,Fabricio Medina,
6514,131,14,pendiente,Tue Nov 03 2026 00:00:00 GMT-0500 (hora de Ecuador),,,Fabricio Medina,
6515,131,15,pendiente,Wed Nov 04 2026 00:00:00 GMT-0500 (hora de Ecuador),,,Fabricio Medina,
6516,131,16,pendiente,Thu Nov 05 2026 00:00:00 GMT-0500 (hora de Ecuador),,,Fabricio Medina,
6517,131,17,pendiente,Thu Nov 05 2026 00:00:00 GMT-0500 (hora de Ecuador),,,Fabricio Medina,
6518,131,18,pendiente,Fri Nov 06 2026 00:00:00 GMT-0500 (hora de Ecuador),,,Fabricio Medina,
6519,131,19,pendiente,Fri Nov 06 2026 00:00:00 GMT-0500 (hora de Ecuador),,,Fabricio Medina,
6520,131,20,pendiente,,,,Fabricio Medina,
6521,131,21,pendiente,,,,Fabricio Medina,
6522,131,22,pendiente,,,,Fabricio Medina,
6523,131,23,pendiente,,,,Fabricio Medina,
6524,131,24,pendiente,,,,Fabricio Medina,
6525,131,25,pendiente,,,,Fabricio Medina,
6526,131,26,pendiente,,,,Fabricio Medina,
6527,131,27,pendiente,,,,Fabricio Medina,
6528,131,28,pendiente,,,,Fabricio Medina,
6529,131,29,pendiente,,,,Fabricio Medina,
6530,131,30,pendiente,,,,Fabricio Medina,
6531,131,31,pendiente,,,,Fabricio Medina,
6532,131,32,pendiente,,,,Fabricio Medina,
6533,131,33,pendiente,Mon Nov 09 2026 00:00:00 GMT-0500 (hora de Ecuador),,,Fabricio Medina,
6534,131,34,pendiente,Tue Nov 10 2026 00:00:00 GMT-0500 (hora de Ecuador),,,Fabricio Medina,
6535,131,35,pendiente,Tue Nov 10 2026 00:00:00 GMT-0500 (hora de Ecuador),,,Fabricio Medina,
6536,131,36,pendiente,,,,Fabricio Medina,
6537,131,37,pendiente,,,,Fabricio Medina,
6538,131,38,pendiente,,,,Fabricio Medina,
6539,131,39,pendiente,Tue Nov 10 2026 00:00:00 GMT-0500 (hora de Ecuador),,,Fabricio Medina,
6540,131,40,pendiente,Sun Nov 15 2026 00:00:00 GMT-0500 (hora de Ecuador),,,Fabricio Medina,
6541,131,41,pendiente,,,,Fabricio Medina,
6542,131,42,pendiente,,,,Fabricio Medina,
6543,131,43,pendiente,,,,Fabricio Medina,
6544,131,44,pendiente,,,,Fabricio Medina,
6545,131,45,pendiente,,,,Fabricio Medina,
6546,131,46,pendiente,,,,Fabricio Medina,
6547,131,47,pendiente,,,,Fabricio Medina,
6548,131,48,pendiente,,,,Fabricio Medina,
6549,131,49,pendiente,,,,Fabricio Medina,
6550,131,50,pendiente,Sun Nov 15 2026 00:00:00 GMT-0500 (hora de Ecuador),,,Fabricio Medina,
6551,132,1,completado,Wed Apr 08 2026 00:00:00 GMT-0500 (hora de Ecuador),Tue Apr 07 2026 00:00:00 GMT-0500 (hora de Ecuador),,Fabricio Medina,
6552,132,2,completado,Wed Apr 08 2026 00:00:00 GMT-0500 (hora de Ecuador),Tue Apr 07 2026 00:00:00 GMT-0500 (hora de Ecuador),,Fabricio Medina,
6553,132,3,completado,Thu Apr 09 2026 00:00:00 GMT-0500 (hora de Ecuador),Wed Apr 08 2026 00:00:00 GMT-0500 (hora de Ecuador),,Fabricio Medina,
6554,132,4,completado,Thu Apr 09 2026 00:00:00 GMT-0500 (hora de Ecuador),Wed Apr 08 2026 00:00:00 GMT-0500 (hora de Ecuador),,Fabricio Medina,
6555,132,5,completado,Thu Apr 09 2026 00:00:00 GMT-0500 (hora de Ecuador),Wed Apr 08 2026 00:00:00 GMT-0500 (hora de Ecuador),,Fabricio Medina,
6556,132,6,completado,Fri Apr 10 2026 00:00:00 GMT-0500 (hora de Ecuador),Tue Jul 28 2026 00:00:00 GMT-0500 (hora de Ecuador),,Fabricio Medina,
6557,132,7,completado,Mon Apr 13 2026 00:00:00 GMT-0500 (hora de Ecuador),Tue Jul 28 2026 00:00:00 GMT-0500 (hora de Ecuador),,Fabricio Medina,
6558,132,8,completado,Tue Apr 14 2026 00:00:00 GMT-0500 (hora de Ecuador),Tue Jul 28 2026 00:00:00 GMT-0500 (hora de Ecuador),,Fabricio Medina,
6559,132,9,completado,Wed Apr 15 2026 00:00:00 GMT-0500 (hora de Ecuador),Tue Jul 28 2026 00:00:00 GMT-0500 (hora de Ecuador),,Fabricio Medina,
6560,132,10,completado,Thu Apr 16 2026 00:00:00 GMT-0500 (hora de Ecuador),Tue Jul 28 2026 00:00:00 GMT-0500 (hora de Ecuador),,Fabricio Medina,
6561,132,11,completado,Fri Apr 17 2026 00:00:00 GMT-0500 (hora de Ecuador),Tue Jul 28 2026 00:00:00 GMT-0500 (hora de Ecuador),,Fabricio Medina,
6562,132,12,completado,Fri Apr 17 2026 00:00:00 GMT-0500 (hora de Ecuador),Tue Jul 28 2026 00:00:00 GMT-0500 (hora de Ecuador),,Fabricio Medina,
6563,132,13,completado,Mon Apr 20 2026 00:00:00 GMT-0500 (hora de Ecuador),Tue Jul 28 2026 00:00:00 GMT-0500 (hora de Ecuador),,Fabricio Medina,
6564,132,14,completado,Tue Apr 21 2026 00:00:00 GMT-0500 (hora de Ecuador),Tue Jul 28 2026 00:00:00 GMT-0500 (hora de Ecuador),,Fabricio Medina,
6565,132,15,completado,Wed Apr 22 2026 00:00:00 GMT-0500 (hora de Ecuador),Tue Jul 28 2026 00:00:00 GMT-0500 (hora de Ecuador),,Fabricio Medina,
6566,132,16,completado,Thu Apr 23 2026 00:00:00 GMT-0500 (hora de Ecuador),Tue Jul 28 2026 00:00:00 GMT-0500 (hora de Ecuador),,Fabricio Medina,
6567,132,17,completado,Thu Apr 23 2026 00:00:00 GMT-0500 (hora de Ecuador),Tue Jul 28 2026 00:00:00 GMT-0500 (hora de Ecuador),,Fabricio Medina,
6568,132,18,completado,Fri Apr 24 2026 00:00:00 GMT-0500 (hora de Ecuador),Tue Jul 28 2026 00:00:00 GMT-0500 (hora de Ecuador),,Fabricio Medina,
6569,132,19,completado,Fri Apr 24 2026 00:00:00 GMT-0500 (hora de Ecuador),Tue Jul 28 2026 00:00:00 GMT-0500 (hora de Ecuador),,Fabricio Medina,
6570,132,20,pendiente,,,,Fabricio Medina,
6571,132,21,pendiente,,,,Fabricio Medina,
6572,132,22,pendiente,,,,Fabricio Medina,
6573,132,23,pendiente,,,,Fabricio Medina,
6574,132,24,pendiente,,,,Fabricio Medina,
6575,132,25,pendiente,,,,Fabricio Medina,
6576,132,26,pendiente,,,,Fabricio Medina,
6577,132,27,pendiente,,,,Fabricio Medina,
6578,132,28,pendiente,,,,Fabricio Medina,
6579,132,29,pendiente,,,,Fabricio Medina,
6580,132,30,pendiente,,,,Fabricio Medina,
6581,132,31,pendiente,,,,Fabricio Medina,
6582,132,32,pendiente,,,,Fabricio Medina,
6583,132,33,completado,Mon Apr 27 2026 00:00:00 GMT-0500 (hora de Ecuador),Tue Jul 28 2026 00:00:00 GMT-0500 (hora de Ecuador),,Fabricio Medina,
6584,132,34,completado,Tue Apr 28 2026 00:00:00 GMT-0500 (hora de Ecuador),Tue Jul 28 2026 00:00:00 GMT-0500 (hora de Ecuador),,Fabricio Medina,
6585,132,35,completado,Tue Apr 28 2026 00:00:00 GMT-0500 (hora de Ecuador),Tue Jul 28 2026 00:00:00 GMT-0500 (hora de Ecuador),,Fabricio Medina,
6586,132,36,pendiente,,,,Fabricio Medina,
6587,132,37,pendiente,,,,Fabricio Medina,
6588,132,38,pendiente,,,,Fabricio Medina,
6589,132,39,completado,Tue Apr 28 2026 00:00:00 GMT-0500 (hora de Ecuador),Tue Jul 28 2026 00:00:00 GMT-0500 (hora de Ecuador),,Fabricio Medina,
6590,132,40,completado,Mon May 04 2026 00:00:00 GMT-0500 (hora de Ecuador),Tue Jul 28 2026 00:00:00 GMT-0500 (hora de Ecuador),,Fabricio Medina,
6591,132,41,pendiente,,,,Fabricio Medina,
6592,132,42,pendiente,,,,Fabricio Medina,
6593,132,43,pendiente,,,,Fabricio Medina,
6594,132,44,pendiente,,,,Fabricio Medina,
6595,132,45,pendiente,,,,Fabricio Medina,
6596,132,46,pendiente,,,,Fabricio Medina,
6597,132,47,pendiente,,,,Fabricio Medina,
6598,132,48,pendiente,,,,Fabricio Medina,
6599,132,49,pendiente,,,,Fabricio Medina,
6600,132,50,completado,Mon May 04 2026 00:00:00 GMT-0500 (hora de Ecuador),Tue Jul 28 2026 00:00:00 GMT-0500 (hora de Ecuador),,Fabricio Medina,
6601,133,1,completado,Wed Jul 08 2026 00:00:00 GMT-0500 (hora de Ecuador),Tue May 05 2026 00:00:00 GMT-0500 (hora de Ecuador),,Fabricio Medina,
6602,133,2,completado,Wed Jul 08 2026 00:00:00 GMT-0500 (hora de Ecuador),Mon Aug 03 2026 00:00:00 GMT-0500 (hora de Ecuador),,Fabricio Medina,
6603,133,3,completado,Thu Jul 09 2026 00:00:00 GMT-0500 (hora de Ecuador),Mon Aug 03 2026 00:00:00 GMT-0500 (hora de Ecuador),,Fabricio Medina,
6604,133,4,completado,Thu Jul 09 2026 00:00:00 GMT-0500 (hora de Ecuador),Mon Aug 03 2026 00:00:00 GMT-0500 (hora de Ecuador),,Fabricio Medina,
6605,133,5,completado,Thu Jul 09 2026 00:00:00 GMT-0500 (hora de Ecuador),Mon Aug 03 2026 00:00:00 GMT-0500 (hora de Ecuador),,Fabricio Medina,
6606,133,6,completado,Fri Jul 10 2026 00:00:00 GMT-0500 (hora de Ecuador),Mon Aug 03 2026 00:00:00 GMT-0500 (hora de Ecuador),,Fabricio Medina,
6607,133,7,completado,Mon Jul 13 2026 00:00:00 GMT-0500 (hora de Ecuador),Mon Aug 03 2026 00:00:00 GMT-0500 (hora de Ecuador),,Fabricio Medina,
6608,133,8,completado,Tue Jul 14 2026 00:00:00 GMT-0500 (hora de Ecuador),Mon Aug 03 2026 00:00:00 GMT-0500 (hora de Ecuador),,Fabricio Medina,
6609,133,9,completado,Wed Jul 15 2026 00:00:00 GMT-0500 (hora de Ecuador),Mon Aug 03 2026 00:00:00 GMT-0500 (hora de Ecuador),,Fabricio Medina,
6610,133,10,completado,Thu Jul 16 2026 00:00:00 GMT-0500 (hora de Ecuador),Tue May 05 2026 00:00:00 GMT-0500 (hora de Ecuador),,Fabricio Medina,
6611,133,11,completado,Fri Jul 17 2026 00:00:00 GMT-0500 (hora de Ecuador),Mon Aug 03 2026 00:00:00 GMT-0500 (hora de Ecuador),,Fabricio Medina,
6612,133,12,completado,Fri Jul 17 2026 00:00:00 GMT-0500 (hora de Ecuador),Mon Aug 03 2026 00:00:00 GMT-0500 (hora de Ecuador),,Fabricio Medina,
6613,133,13,completado,Mon Jul 20 2026 00:00:00 GMT-0500 (hora de Ecuador),Mon Aug 03 2026 00:00:00 GMT-0500 (hora de Ecuador),,Fabricio Medina,
6614,133,14,completado,Tue Jul 21 2026 00:00:00 GMT-0500 (hora de Ecuador),Mon Aug 03 2026 00:00:00 GMT-0500 (hora de Ecuador),,Fabricio Medina,
6615,133,15,completado,Wed Jul 22 2026 00:00:00 GMT-0500 (hora de Ecuador),Mon Aug 03 2026 00:00:00 GMT-0500 (hora de Ecuador),,Fabricio Medina,
6616,133,16,completado,Thu Jul 23 2026 00:00:00 GMT-0500 (hora de Ecuador),Mon Aug 03 2026 00:00:00 GMT-0500 (hora de Ecuador),,Fabricio Medina,
6617,133,17,completado,Thu Jul 23 2026 00:00:00 GMT-0500 (hora de Ecuador),Mon Aug 03 2026 00:00:00 GMT-0500 (hora de Ecuador),,Fabricio Medina,
6618,133,18,completado,Fri Jul 24 2026 00:00:00 GMT-0500 (hora de Ecuador),Mon Aug 03 2026 00:00:00 GMT-0500 (hora de Ecuador),,Fabricio Medina,
6619,133,19,completado,Fri Jul 24 2026 00:00:00 GMT-0500 (hora de Ecuador),Mon Aug 03 2026 00:00:00 GMT-0500 (hora de Ecuador),,Fabricio Medina,
6620,133,20,pendiente,,,,Fabricio Medina,
6621,133,21,pendiente,,,,Fabricio Medina,
6622,133,22,pendiente,,,,Fabricio Medina,
6623,133,23,pendiente,,,,Fabricio Medina,
6624,133,24,pendiente,,,,Fabricio Medina,
6625,133,25,pendiente,,,,Fabricio Medina,
6626,133,26,pendiente,,,,Fabricio Medina,
6627,133,27,pendiente,,,,Fabricio Medina,
6628,133,28,pendiente,,,,Fabricio Medina,
6629,133,29,pendiente,,,,Fabricio Medina,
6630,133,30,pendiente,,,,Fabricio Medina,
6631,133,31,pendiente,,,,Fabricio Medina,
6632,133,32,pendiente,,,,Fabricio Medina,
6633,133,33,pendiente,Mon Jul 27 2026 00:00:00 GMT-0500 (hora de Ecuador),,,Fabricio Medina,
6634,133,34,pendiente,Tue Jul 28 2026 00:00:00 GMT-0500 (hora de Ecuador),,,Fabricio Medina,
6635,133,35,pendiente,Tue Jul 28 2026 00:00:00 GMT-0500 (hora de Ecuador),,,Fabricio Medina,
6636,133,36,pendiente,,,,Fabricio Medina,
6637,133,37,pendiente,,,,Fabricio Medina,
6638,133,38,pendiente,,,,Fabricio Medina,
6639,133,39,pendiente,Tue Jul 28 2026 00:00:00 GMT-0500 (hora de Ecuador),,,Fabricio Medina,
6640,133,40,pendiente,Mon Aug 03 2026 00:00:00 GMT-0500 (hora de Ecuador),,,Fabricio Medina,
6641,133,41,pendiente,,,,Fabricio Medina,
6642,133,42,pendiente,,,,Fabricio Medina,
6643,133,43,pendiente,,,,Fabricio Medina,
6644,133,44,pendiente,,,,Fabricio Medina,
6645,133,45,pendiente,,,,Fabricio Medina,
6646,133,46,pendiente,,,,Fabricio Medina,
6647,133,47,pendiente,,,,Fabricio Medina,
6648,133,48,pendiente,,,,Fabricio Medina,
6649,133,49,pendiente,,,,Fabricio Medina,
6650,133,50,pendiente,Mon Aug 03 2026 00:00:00 GMT-0500 (hora de Ecuador),,,Fabricio Medina,
6651,134,1,completado,Wed Sep 09 2026 00:00:00 GMT-0500 (hora de Ecuador),Tue May 05 2026 00:00:00 GMT-0500 (hora de Ecuador),,Fabricio Medina,
6652,134,2,completado,Wed Sep 09 2026 00:00:00 GMT-0500 (hora de Ecuador),Wed May 06 2026 00:00:00 GMT-0500 (hora de Ecuador),,Fabricio Medina,
6653,134,3,pendiente,Thu Sep 10 2026 00:00:00 GMT-0500 (hora de Ecuador),,,Fabricio Medina,
6654,134,4,pendiente,Thu Sep 10 2026 00:00:00 GMT-0500 (hora de Ecuador),,,Fabricio Medina,
6655,134,5,pendiente,Thu Sep 10 2026 00:00:00 GMT-0500 (hora de Ecuador),,,Fabricio Medina,
6656,134,6,pendiente,Fri Sep 11 2026 00:00:00 GMT-0500 (hora de Ecuador),,,Fabricio Medina,
6657,134,7,pendiente,Mon Sep 14 2026 00:00:00 GMT-0500 (hora de Ecuador),,,Fabricio Medina,
6658,134,8,pendiente,Tue Sep 15 2026 00:00:00 GMT-0500 (hora de Ecuador),,,Fabricio Medina,
6659,134,9,pendiente,Wed Sep 16 2026 00:00:00 GMT-0500 (hora de Ecuador),,,Fabricio Medina,
6660,134,10,completado,Thu Sep 17 2026 00:00:00 GMT-0500 (hora de Ecuador),Tue May 05 2026 00:00:00 GMT-0500 (hora de Ecuador),,Fabricio Medina,
6661,134,11,completado,Fri Sep 18 2026 00:00:00 GMT-0500 (hora de Ecuador),Mon May 11 2026 00:00:00 GMT-0500 (hora de Ecuador),,Fabricio Medina,
6662,134,12,pendiente,Fri Sep 18 2026 00:00:00 GMT-0500 (hora de Ecuador),,,Fabricio Medina,
6663,134,13,pendiente,Mon Sep 21 2026 00:00:00 GMT-0500 (hora de Ecuador),,,Fabricio Medina,
6664,134,14,pendiente,Tue Sep 22 2026 00:00:00 GMT-0500 (hora de Ecuador),,,Fabricio Medina,
6665,134,15,pendiente,Wed Sep 23 2026 00:00:00 GMT-0500 (hora de Ecuador),,,Fabricio Medina,
6666,134,16,pendiente,Thu Sep 24 2026 00:00:00 GMT-0500 (hora de Ecuador),,,Fabricio Medina,
6667,134,17,pendiente,Thu Sep 24 2026 00:00:00 GMT-0500 (hora de Ecuador),,,Fabricio Medina,
6668,134,18,pendiente,Fri Sep 25 2026 00:00:00 GMT-0500 (hora de Ecuador),,,Fabricio Medina,
6669,134,19,pendiente,Fri Sep 25 2026 00:00:00 GMT-0500 (hora de Ecuador),,,Fabricio Medina,
6670,134,20,pendiente,,,,Fabricio Medina,
6671,134,21,pendiente,,,,Fabricio Medina,
6672,134,22,pendiente,,,,Fabricio Medina,
6673,134,23,pendiente,,,,Fabricio Medina,
6674,134,24,pendiente,,,,Fabricio Medina,
6675,134,25,pendiente,,,,Fabricio Medina,
6676,134,26,pendiente,,,,Fabricio Medina,
6677,134,27,pendiente,,,,Fabricio Medina,
6678,134,28,pendiente,,,,Fabricio Medina,
6679,134,29,pendiente,,,,Fabricio Medina,
6680,134,30,pendiente,,,,Fabricio Medina,
6681,134,31,pendiente,,,,Fabricio Medina,
6682,134,32,pendiente,,,,Fabricio Medina,
6683,134,33,pendiente,Mon Sep 28 2026 00:00:00 GMT-0500 (hora de Ecuador),,,Fabricio Medina,
6684,134,34,pendiente,Tue Sep 29 2026 00:00:00 GMT-0500 (hora de Ecuador),,,Fabricio Medina,
6685,134,35,pendiente,Tue Sep 29 2026 00:00:00 GMT-0500 (hora de Ecuador),,,Fabricio Medina,
6686,134,36,pendiente,,,,Fabricio Medina,
6687,134,37,pendiente,,,,Fabricio Medina,
6688,134,38,pendiente,,,,Fabricio Medina,
6689,134,39,pendiente,Tue Sep 29 2026 00:00:00 GMT-0500 (hora de Ecuador),,,Fabricio Medina,
6690,134,40,pendiente,Mon Oct 05 2026 00:00:00 GMT-0500 (hora de Ecuador),,,Fabricio Medina,
6691,134,41,pendiente,,,,Fabricio Medina,
6692,134,42,pendiente,,,,Fabricio Medina,
6693,134,43,pendiente,,,,Fabricio Medina,
6694,134,44,pendiente,,,,Fabricio Medina,
6695,134,45,pendiente,,,,Fabricio Medina,
6696,134,46,pendiente,,,,Fabricio Medina,
6697,134,47,pendiente,,,,Fabricio Medina,
6698,134,48,pendiente,,,,Fabricio Medina,
6699,134,49,pendiente,,,,Fabricio Medina,
6700,134,50,pendiente,Mon Oct 05 2026 00:00:00 GMT-0500 (hora de Ecuador),,,Fabricio Medina,
6701,135,1,pendiente,,,,,
6702,135,2,pendiente,,,,,
6703,135,3,pendiente,,,,,
6704,135,4,pendiente,,,,,
6705,135,5,pendiente,,,,,
6706,135,6,pendiente,,,,,
6707,135,7,pendiente,,,,,
6708,135,8,pendiente,,,,,
6709,135,9,pendiente,,,,,
6710,135,10,pendiente,,,,,
6711,135,11,pendiente,,,,,
6712,135,12,pendiente,,,,,
6713,135,13,pendiente,,,,,
6714,135,14,pendiente,,,,,
6715,135,15,pendiente,,,,,
6716,135,16,pendiente,,,,,
6717,135,17,pendiente,,,,,
6718,135,18,pendiente,,,,,
6719,135,19,pendiente,,,,,
6720,135,20,pendiente,,,,,
6721,135,21,pendiente,,,,,
6722,135,22,pendiente,,,,,
6723,135,23,pendiente,,,,,
6724,135,24,pendiente,,,,,
6725,135,25,pendiente,,,,,
6726,135,26,pendiente,,,,,
6727,135,27,pendiente,,,,,
6728,135,28,pendiente,,,,,
6729,135,29,pendiente,,,,,
6730,135,30,pendiente,,,,,
6731,135,31,pendiente,,,,,
6732,135,32,pendiente,,,,,
6733,135,33,pendiente,,,,,
6734,135,34,pendiente,,,,,
6735,135,35,pendiente,,,,,
6736,135,36,pendiente,,,,,
6737,135,37,pendiente,,,,,
6738,135,38,pendiente,,,,,
6739,135,39,pendiente,,,,,
6740,135,40,pendiente,,,,,
6741,135,41,pendiente,,,,,
6742,135,42,pendiente,,,,,
6743,135,43,pendiente,,,,,
6744,135,44,pendiente,,,,,
6745,135,45,pendiente,,,,,
6746,135,46,pendiente,,,,,
6747,135,47,pendiente,,,,,
6748,135,48,pendiente,,,,,
6749,135,49,pendiente,,,,,
6750,135,50,pendiente,,,,,
6751,136,1,pendiente,,,,,
6752,136,2,pendiente,,,,,
6753,136,3,pendiente,,,,,
6754,136,4,pendiente,,,,,
6755,136,5,pendiente,,,,,
6756,136,6,pendiente,,,,,
6757,136,7,pendiente,,,,,
6758,136,8,pendiente,,,,,
6759,136,9,pendiente,,,,,
6760,136,10,pendiente,,,,,
6761,136,11,pendiente,,,,,
6762,136,12,pendiente,,,,,
6763,136,13,pendiente,,,,,
6764,136,14,pendiente,,,,,
6765,136,15,pendiente,,,,,
6766,136,16,pendiente,,,,,
6767,136,17,pendiente,,,,,
6768,136,18,pendiente,,,,,
6769,136,19,pendiente,,,,,
6770,136,20,pendiente,,,,,
6771,136,21,pendiente,,,,,
6772,136,22,pendiente,,,,,
6773,136,23,pendiente,,,,,
6774,136,24,pendiente,,,,,
6775,136,25,pendiente,,,,,
6776,136,26,pendiente,,,,,
6777,136,27,pendiente,,,,,
6778,136,28,pendiente,,,,,
6779,136,29,pendiente,,,,,
6780,136,30,pendiente,,,,,
6781,136,31,pendiente,,,,,
6782,136,32,pendiente,,,,,
6783,136,33,pendiente,,,,,
6784,136,34,pendiente,,,,,
6785,136,35,pendiente,,,,,
6786,136,36,pendiente,,,,,
6787,136,37,pendiente,,,,,
6788,136,38,pendiente,,,,,
6789,136,39,pendiente,,,,,
6790,136,40,pendiente,,,,,
6791,136,41,pendiente,,,,,
6792,136,42,pendiente,,,,,
6793,136,43,pendiente,,,,,
6794,136,44,pendiente,,,,,
6795,136,45,pendiente,,,,,
6796,136,46,pendiente,,,,,
6797,136,47,pendiente,,,,,
6798,136,48,pendiente,,,,,
6799,136,49,pendiente,,,,,
6800,136,50,pendiente,,,,,
6801,137,1,pendiente,,,,,
6802,137,2,pendiente,,,,,
6803,137,3,pendiente,,,,,
6804,137,4,pendiente,,,,,
6805,137,5,pendiente,,,,,
6806,137,6,pendiente,,,,,
6807,137,7,pendiente,,,,,
6808,137,8,pendiente,,,,,
6809,137,9,pendiente,,,,,
6810,137,10,pendiente,,,,,
6811,137,11,pendiente,,,,,
6812,137,12,pendiente,,,,,
6813,137,13,pendiente,,,,,
6814,137,14,pendiente,,,,,
6815,137,15,pendiente,,,,,
6816,137,16,pendiente,,,,,
6817,137,17,pendiente,,,,,
6818,137,18,pendiente,,,,,
6819,137,19,pendiente,,,,,
6820,137,20,pendiente,,,,,
6821,137,21,pendiente,,,,,
6822,137,22,pendiente,,,,,
6823,137,23,pendiente,,,,,
6824,137,24,pendiente,,,,,
6825,137,25,pendiente,,,,,
6826,137,26,pendiente,,,,,
6827,137,27,pendiente,,,,,
6828,137,28,pendiente,,,,,
6829,137,29,pendiente,,,,,
6830,137,30,pendiente,,,,,
6831,137,31,pendiente,,,,,
6832,137,32,pendiente,,,,,
6833,137,33,pendiente,,,,,
6834,137,34,pendiente,,,,,
6835,137,35,pendiente,,,,,
6836,137,36,pendiente,,,,,
6837,137,37,pendiente,,,,,
6838,137,38,pendiente,,,,,
6839,137,39,pendiente,,,,,
6840,137,40,pendiente,,,,,
6841,137,41,pendiente,,,,,
6842,137,42,pendiente,,,,,
6843,137,43,pendiente,,,,,
6844,137,44,pendiente,,,,,
6845,137,45,pendiente,,,,,
6846,137,46,pendiente,,,,,
6847,137,47,pendiente,,,,,
6848,137,48,pendiente,,,,,
6849,137,49,pendiente,,,,,
6850,137,50,pendiente,,,,,
6851,138,1,pendiente,Mon Jul 20 2026 00:00:00 GMT-0500 (hora de Ecuador),,,,
6852,138,2,pendiente,,,,,
6853,138,3,pendiente,,,,,
6854,138,4,pendiente,,,,,
6855,138,5,pendiente,,,,,
6856,138,6,pendiente,,,,,
6857,138,7,pendiente,,,,,
6858,138,8,pendiente,,,,,
6859,138,9,pendiente,,,,,
6860,138,10,pendiente,,,,,
6861,138,11,pendiente,,,,,
6862,138,12,pendiente,,,,,
6863,138,13,pendiente,,,,,
6864,138,14,pendiente,,,,,
6865,138,15,pendiente,,,,,
6866,138,16,pendiente,,,,,
6867,138,17,pendiente,,,,,
6868,138,18,pendiente,,,,,
6869,138,19,pendiente,,,,,
6870,138,20,pendiente,,,,,
6871,138,21,pendiente,,,,,
6872,138,22,pendiente,,,,,
6873,138,23,pendiente,,,,,
6874,138,24,pendiente,,,,,
6875,138,25,pendiente,,,,,
6876,138,26,pendiente,,,,,
6877,138,27,pendiente,,,,,
6878,138,28,pendiente,,,,,
6879,138,29,pendiente,,,,,
6880,138,30,pendiente,,,,,
6881,138,31,pendiente,,,,,
6882,138,32,pendiente,,,,,
6883,138,33,pendiente,,,,,
6884,138,34,pendiente,,,,,
6885,138,35,pendiente,,,,,
6886,138,36,pendiente,,,,,
6887,138,37,pendiente,,,,,
6888,138,38,pendiente,,,,,
6889,138,39,pendiente,,,,,
6890,138,40,pendiente,,,,,
6891,138,41,pendiente,,,,,
6892,138,42,pendiente,,,,,
6893,138,43,pendiente,,,,,
6894,138,44,pendiente,,,,,
6895,138,45,pendiente,,,,,
6896,138,46,pendiente,,,,,
6897,138,47,pendiente,,,,,
6898,138,48,pendiente,,,,,
6899,138,49,pendiente,,,,,
6900,138,50,pendiente,,,,,
6901,139,1,pendiente,,,,,
6902,139,2,pendiente,,,,,
6903,139,3,pendiente,,,,,
6904,139,4,pendiente,,,,,
6905,139,5,pendiente,,,,,
6906,139,6,pendiente,,,,,
6907,139,7,pendiente,,,,,
6908,139,8,pendiente,,,,,
6909,139,9,pendiente,,,,,
6910,139,10,pendiente,,,,,
6911,139,11,pendiente,,,,,
6912,139,12,pendiente,,,,,
6913,139,13,pendiente,,,,,
6914,139,14,pendiente,,,,,
6915,139,15,pendiente,,,,,
6916,139,16,pendiente,,,,,
6917,139,17,pendiente,,,,,
6918,139,18,pendiente,,,,,
6919,139,19,pendiente,,,,,
6920,139,20,pendiente,,,,,
6921,139,21,pendiente,,,,,
6922,139,22,pendiente,,,,,
6923,139,23,pendiente,,,,,
6924,139,24,pendiente,,,,,
6925,139,25,pendiente,,,,,
6926,139,26,pendiente,,,,,
6927,139,27,pendiente,,,,,
6928,139,28,pendiente,,,,,
6929,139,29,pendiente,,,,,
6930,139,30,pendiente,,,,,
6931,139,31,pendiente,,,,,
6932,139,32,pendiente,,,,,
6933,139,33,pendiente,,,,,
6934,139,34,pendiente,,,,,
6935,139,35,pendiente,,,,,
6936,139,36,pendiente,,,,,
6937,139,37,pendiente,,,,,
6938,139,38,pendiente,,,,,
6939,139,39,pendiente,,,,,
6940,139,40,pendiente,,,,,
6941,139,41,pendiente,,,,,
6942,139,42,pendiente,,,,,
6943,139,43,pendiente,,,,,
6944,139,44,pendiente,,,,,
6945,139,45,pendiente,,,,,
6946,139,46,pendiente,,,,,
6947,139,47,pendiente,,,,,
6948,139,48,pendiente,,,,,
6949,139,49,pendiente,,,,,
6950,139,50,pendiente,,,,,
6951,140,1,completado,Wed Apr 01 2026 00:00:00 GMT-0500 (hora de Ecuador),Wed Apr 01 2026 00:00:00 GMT-0500 (hora de Ecuador),,,
6952,140,2,completado,Wed Mar 25 2026 00:00:00 GMT-0500 (hora de Ecuador),Wed Mar 25 2026 00:00:00 GMT-0500 (hora de Ecuador),,,
6953,140,3,completado,Mon Jun 08 2026 00:00:00 GMT-0500 (hora de Ecuador),Mon Jun 08 2026 00:00:00 GMT-0500 (hora de Ecuador),,,
6954,140,4,completado,Mon Jun 08 2026 00:00:00 GMT-0500 (hora de Ecuador),Mon Jun 08 2026 00:00:00 GMT-0500 (hora de Ecuador),,,
6955,140,5,completado,Mon Jun 08 2026 00:00:00 GMT-0500 (hora de Ecuador),Mon Jun 08 2026 00:00:00 GMT-0500 (hora de Ecuador),,,
6956,140,6,completado,Wed Apr 08 2026 00:00:00 GMT-0500 (hora de Ecuador),Wed Apr 08 2026 00:00:00 GMT-0500 (hora de Ecuador),,,
6957,140,7,completado,Wed Apr 08 2026 00:00:00 GMT-0500 (hora de Ecuador),Wed Apr 08 2026 00:00:00 GMT-0500 (hora de Ecuador),,,
6958,140,8,completado,Thu Apr 16 2026 00:00:00 GMT-0500 (hora de Ecuador),Thu Apr 16 2026 00:00:00 GMT-0500 (hora de Ecuador),,,
6959,140,9,completado,Thu Apr 16 2026 00:00:00 GMT-0500 (hora de Ecuador),Thu Apr 16 2026 00:00:00 GMT-0500 (hora de Ecuador),,,
6960,140,10,pendiente,,,,,
6961,140,11,pendiente,,,,,
6962,140,12,completado,Fri Apr 17 2026 00:00:00 GMT-0500 (hora de Ecuador),Fri Apr 17 2026 00:00:00 GMT-0500 (hora de Ecuador),,,
6963,140,13,completado,Tue Apr 21 2026 00:00:00 GMT-0500 (hora de Ecuador),Tue Apr 21 2026 00:00:00 GMT-0500 (hora de Ecuador),,,
6964,140,14,completado,Wed Apr 22 2026 00:00:00 GMT-0500 (hora de Ecuador),Wed Apr 22 2026 00:00:00 GMT-0500 (hora de Ecuador),,,
6965,140,15,completado,Mon Jun 08 2026 00:00:00 GMT-0500 (hora de Ecuador),Mon Jun 08 2026 00:00:00 GMT-0500 (hora de Ecuador),,,
6966,140,16,completado,Tue May 05 2026 00:00:00 GMT-0500 (hora de Ecuador),Tue May 05 2026 00:00:00 GMT-0500 (hora de Ecuador),,,
6967,140,17,completado,Wed May 13 2026 00:00:00 GMT-0500 (hora de Ecuador),Wed May 13 2026 00:00:00 GMT-0500 (hora de Ecuador),,,
6968,140,18,completado,Wed May 27 2026 00:00:00 GMT-0500 (hora de Ecuador),Wed May 27 2026 00:00:00 GMT-0500 (hora de Ecuador),,,
6969,140,19,completado,Fri May 29 2026 00:00:00 GMT-0500 (hora de Ecuador),Fri May 29 2026 00:00:00 GMT-0500 (hora de Ecuador),,,
6970,140,20,pendiente,,,,,
6971,140,21,pendiente,,,,,
6972,140,22,pendiente,,,,,
6973,140,23,pendiente,,,,,
6974,140,24,pendiente,,,,,
6975,140,25,pendiente,,,,,
6976,140,26,pendiente,,,,,
6977,140,27,pendiente,,,,,
6978,140,28,pendiente,,,,,
6979,140,29,pendiente,,,,,
6980,140,30,pendiente,,,,,
6981,140,31,pendiente,,,,,
6982,140,32,pendiente,,,,,
6983,140,33,pendiente,,,,,
6984,140,34,pendiente,,,,,
6985,140,35,pendiente,,,,,
6986,140,36,pendiente,,,,,
6987,140,37,completado,Fri Jul 03 2026 00:00:00 GMT-0500 (hora de Ecuador),Fri Jul 03 2026 00:00:00 GMT-0500 (hora de Ecuador),,,
6988,140,38,completado,Tue Jul 07 2026 00:00:00 GMT-0500 (hora de Ecuador),Tue Jul 07 2026 00:00:00 GMT-0500 (hora de Ecuador),,,
6989,140,39,pendiente,,,,,
6990,140,40,pendiente,,,,,
6991,140,41,completado,Fri Jul 24 2026 00:00:00 GMT-0500 (hora de Ecuador),Fri Jul 10 2026 00:00:00 GMT-0500 (hora de Ecuador),,,
6992,140,42,completado,Fri Jul 24 2026 00:00:00 GMT-0500 (hora de Ecuador),Thu Jul 16 2026 00:00:00 GMT-0500 (hora de Ecuador),,,
6993,140,43,completado,Fri Jul 24 2026 00:00:00 GMT-0500 (hora de Ecuador),Fri Jul 24 2026 00:00:00 GMT-0500 (hora de Ecuador),,,
6994,140,44,completado,Tue Jul 28 2026 00:00:00 GMT-0500 (hora de Ecuador),Mon Jul 27 2026 00:00:00 GMT-0500 (hora de Ecuador),,,
6995,140,45,completado,Mon Jul 27 2026 00:00:00 GMT-0500 (hora de Ecuador),Mon Jul 27 2026 00:00:00 GMT-0500 (hora de Ecuador),,,
6996,140,46,completado,Mon Jul 27 2026 00:00:00 GMT-0500 (hora de Ecuador),Mon Jul 27 2026 00:00:00 GMT-0500 (hora de Ecuador),,,
6997,140,47,completado,Tue Jul 28 2026 00:00:00 GMT-0500 (hora de Ecuador),Mon Jul 27 2026 00:00:00 GMT-0500 (hora de Ecuador),,,
6998,140,48,completado,Tue Jul 28 2026 00:00:00 GMT-0500 (hora de Ecuador),Tue Jul 28 2026 00:00:00 GMT-0500 (hora de Ecuador),,,
6999,140,49,pendiente,Fri Jul 24 2026 00:00:00 GMT-0500 (hora de Ecuador),,,,
7000,140,50,pendiente,,,,,
7001,141,1,pendiente,,,,,
7002,141,2,pendiente,,,,,
7003,141,3,pendiente,,,,,
7004,141,4,pendiente,,,,,
7005,141,5,pendiente,,,,,
7006,141,6,pendiente,,,,,
7007,141,7,pendiente,,,,,
7008,141,8,pendiente,,,,,
7009,141,9,pendiente,,,,,
7010,141,10,pendiente,,,,,
7011,141,11,pendiente,,,,,
7012,141,12,pendiente,,,,,
7013,141,13,pendiente,,,,,
7014,141,14,pendiente,,,,,
7015,141,15,pendiente,,,,,
7016,141,16,pendiente,,,,,
7017,141,17,pendiente,,,,,
7018,141,18,pendiente,,,,,
7019,141,19,pendiente,,,,,
7020,141,20,pendiente,,,,,
7021,141,21,pendiente,,,,,
7022,141,22,pendiente,,,,,
7023,141,23,pendiente,,,,,
7024,141,24,pendiente,,,,,
7025,141,25,pendiente,,,,,
7026,141,26,pendiente,,,,,
7027,141,27,pendiente,,,,,
7028,141,28,pendiente,,,,,
7029,141,29,pendiente,,,,,
7030,141,30,pendiente,,,,,
7031,141,31,pendiente,,,,,
7032,141,32,pendiente,,,,,
7033,141,33,pendiente,,,,,
7034,141,34,pendiente,,,,,
7035,141,35,pendiente,,,,,
7036,141,36,pendiente,,,,,
7037,141,37,pendiente,,,,,
7038,141,38,pendiente,,,,,
7039,141,39,pendiente,,,,,
7040,141,40,pendiente,,,,,
7041,141,41,pendiente,,,,,
7042,141,42,pendiente,,,,,
7043,141,43,pendiente,,,,,
7044,141,44,pendiente,,,,,
7045,141,45,pendiente,,,,,
7046,141,46,pendiente,,,,,
7047,141,47,pendiente,,,,,
7048,141,48,pendiente,,,,,
7049,141,49,pendiente,,,,,
7050,141,50,pendiente,,,,,
7051,142,1,completado,Thu Feb 19 2026 00:00:00 GMT-0500 (hora de Ecuador),Thu Feb 19 2026 00:00:00 GMT-0500 (hora de Ecuador),,,
7052,142,2,completado,Thu Feb 19 2026 00:00:00 GMT-0500 (hora de Ecuador),Thu Feb 19 2026 00:00:00 GMT-0500 (hora de Ecuador),,,
7053,142,3,completado,Fri Feb 20 2026 00:00:00 GMT-0500 (hora de Ecuador),Fri Feb 20 2026 00:00:00 GMT-0500 (hora de Ecuador),,,
7054,142,4,completado,Fri Feb 20 2026 00:00:00 GMT-0500 (hora de Ecuador),Fri Feb 20 2026 00:00:00 GMT-0500 (hora de Ecuador),,,
7055,142,5,completado,Fri Feb 20 2026 00:00:00 GMT-0500 (hora de Ecuador),Fri Feb 20 2026 00:00:00 GMT-0500 (hora de Ecuador),,,
7056,142,6,completado,Fri Feb 20 2026 00:00:00 GMT-0500 (hora de Ecuador),Fri Feb 20 2026 00:00:00 GMT-0500 (hora de Ecuador),,,
7057,142,7,completado,Fri Feb 20 2026 00:00:00 GMT-0500 (hora de Ecuador),Fri Feb 20 2026 00:00:00 GMT-0500 (hora de Ecuador),,,
7058,142,8,completado,Wed Feb 25 2026 00:00:00 GMT-0500 (hora de Ecuador),Wed Feb 25 2026 00:00:00 GMT-0500 (hora de Ecuador),,,
7059,142,9,completado,Thu Feb 26 2026 00:00:00 GMT-0500 (hora de Ecuador),Thu Feb 26 2026 00:00:00 GMT-0500 (hora de Ecuador),,,
7060,142,10,completado,Fri Feb 27 2026 00:00:00 GMT-0500 (hora de Ecuador),Fri Feb 27 2026 00:00:00 GMT-0500 (hora de Ecuador),,,
7061,142,11,completado,Mon Mar 02 2026 00:00:00 GMT-0500 (hora de Ecuador),Mon Mar 02 2026 00:00:00 GMT-0500 (hora de Ecuador),,,
7062,142,12,completado,Mon Mar 09 2026 00:00:00 GMT-0500 (hora de Ecuador),Mon Mar 09 2026 00:00:00 GMT-0500 (hora de Ecuador),,,
7063,142,13,completado,Mon Mar 09 2026 00:00:00 GMT-0500 (hora de Ecuador),Mon Mar 09 2026 00:00:00 GMT-0500 (hora de Ecuador),,,
7064,142,14,completado,Mon Mar 09 2026 00:00:00 GMT-0500 (hora de Ecuador),Tue Mar 24 2026 00:00:00 GMT-0500 (hora de Ecuador),,,
7065,142,15,completado,Thu Mar 26 2026 00:00:00 GMT-0500 (hora de Ecuador),Thu Mar 26 2026 00:00:00 GMT-0500 (hora de Ecuador),,,
7066,142,16,completado,Fri Mar 27 2026 00:00:00 GMT-0500 (hora de Ecuador),Mon Mar 30 2026 00:00:00 GMT-0500 (hora de Ecuador),,,
7067,142,17,completado,Mon Mar 30 2026 00:00:00 GMT-0500 (hora de Ecuador),Thu Apr 02 2026 00:00:00 GMT-0500 (hora de Ecuador),,,
7068,142,18,completado,Tue Mar 31 2026 00:00:00 GMT-0500 (hora de Ecuador),Thu Apr 02 2026 00:00:00 GMT-0500 (hora de Ecuador),,,
7069,142,19,completado,Tue Mar 31 2026 00:00:00 GMT-0500 (hora de Ecuador),Thu Apr 02 2026 00:00:00 GMT-0500 (hora de Ecuador),,,
7070,142,20,pendiente,,,,,
7071,142,21,pendiente,,,,,
7072,142,22,pendiente,,,,,
7073,142,23,pendiente,,,,,
7074,142,24,pendiente,,,,,
7075,142,25,pendiente,,,,,
7076,142,26,pendiente,,,,,
7077,142,27,pendiente,,,,,
7078,142,28,pendiente,,,,,
7079,142,29,pendiente,,,,,
7080,142,30,pendiente,,,,,
7081,142,31,pendiente,,,,,
7082,142,32,pendiente,,,,,
7083,142,33,completado,Wed Apr 01 2026 00:00:00 GMT-0500 (hora de Ecuador),Tue Jul 21 2026 00:00:00 GMT-0500 (hora de Ecuador),,,
7084,142,34,completado,Wed Apr 01 2026 00:00:00 GMT-0500 (hora de Ecuador),Thu Apr 02 2026 00:00:00 GMT-0500 (hora de Ecuador),,,
7085,142,35,completado,Thu Apr 02 2026 00:00:00 GMT-0500 (hora de Ecuador),Thu Apr 02 2026 00:00:00 GMT-0500 (hora de Ecuador),,,
7086,142,36,completado,Mon Apr 06 2026 00:00:00 GMT-0500 (hora de Ecuador),Mon Apr 13 2026 00:00:00 GMT-0500 (hora de Ecuador),,,
7087,142,37,completado,Mon Apr 06 2026 00:00:00 GMT-0500 (hora de Ecuador),Mon Apr 13 2026 00:00:00 GMT-0500 (hora de Ecuador),,,
7088,142,38,completado,Tue Apr 07 2026 00:00:00 GMT-0500 (hora de Ecuador),Mon Apr 13 2026 00:00:00 GMT-0500 (hora de Ecuador),,,
7089,142,39,completado,Tue Apr 07 2026 00:00:00 GMT-0500 (hora de Ecuador),Tue Jul 21 2026 00:00:00 GMT-0500 (hora de Ecuador),,,
7090,142,40,completado,Wed Apr 08 2026 00:00:00 GMT-0500 (hora de Ecuador),Fri Apr 24 2026 00:00:00 GMT-0500 (hora de Ecuador),,,
7091,142,41,completado,Tue Apr 14 2026 00:00:00 GMT-0500 (hora de Ecuador),Mon Apr 20 2026 00:00:00 GMT-0500 (hora de Ecuador),,,
7092,142,42,completado,Thu Apr 16 2026 00:00:00 GMT-0500 (hora de Ecuador),Mon Apr 20 2026 00:00:00 GMT-0500 (hora de Ecuador),,,
7093,142,43,completado,Wed Apr 22 2026 00:00:00 GMT-0500 (hora de Ecuador),Fri Apr 24 2026 00:00:00 GMT-0500 (hora de Ecuador),,,
7094,142,44,completado,Thu Apr 23 2026 00:00:00 GMT-0500 (hora de Ecuador),Tue Apr 28 2026 00:00:00 GMT-0500 (hora de Ecuador),,,
7095,142,45,completado,Fri Apr 24 2026 00:00:00 GMT-0500 (hora de Ecuador),Wed Apr 29 2026 00:00:00 GMT-0500 (hora de Ecuador),,,
7096,142,46,completado,Tue Apr 28 2026 00:00:00 GMT-0500 (hora de Ecuador),Wed Apr 29 2026 00:00:00 GMT-0500 (hora de Ecuador),,,
7097,142,47,completado,Tue Apr 28 2026 00:00:00 GMT-0500 (hora de Ecuador),Wed Apr 29 2026 00:00:00 GMT-0500 (hora de Ecuador),,,
7098,142,48,completado,Tue Apr 28 2026 00:00:00 GMT-0500 (hora de Ecuador),Wed Apr 29 2026 00:00:00 GMT-0500 (hora de Ecuador),,,
7099,142,49,completado,Mon May 04 2026 00:00:00 GMT-0500 (hora de Ecuador),Thu May 07 2026 00:00:00 GMT-0500 (hora de Ecuador),,,
7100,142,50,completado,Thu May 07 2026 00:00:00 GMT-0500 (hora de Ecuador),Wed May 13 2026 00:00:00 GMT-0500 (hora de Ecuador),,,
7101,143,1,pendiente,,,,,
7102,143,2,pendiente,,,,,
7103,143,3,pendiente,,,,,
7104,143,4,pendiente,,,,,
7105,143,5,pendiente,,,,,
7106,143,6,pendiente,,,,,
7107,143,7,pendiente,,,,,
7108,143,8,pendiente,,,,,
7109,143,9,pendiente,,,,,
7110,143,10,pendiente,,,,,
7111,143,11,pendiente,,,,,
7112,143,12,pendiente,,,,,
7113,143,13,pendiente,,,,,
7114,143,14,pendiente,,,,,
7115,143,15,pendiente,,,,,
7116,143,16,pendiente,,,,,
7117,143,17,pendiente,,,,,
7118,143,18,pendiente,,,,,
7119,143,19,pendiente,,,,,
7120,143,20,pendiente,,,,,
7121,143,21,pendiente,,,,,
7122,143,22,pendiente,,,,,
7123,143,23,pendiente,,,,,
7124,143,24,pendiente,,,,,
7125,143,25,pendiente,,,,,
7126,143,26,pendiente,,,,,
7127,143,27,pendiente,,,,,
7128,143,28,pendiente,,,,,
7129,143,29,pendiente,,,,,
7130,143,30,pendiente,,,,,
7131,143,31,pendiente,,,,,
7132,143,32,pendiente,,,,,
7133,143,33,pendiente,,,,,
7134,143,34,pendiente,,,,,
7135,143,35,pendiente,,,,,
7136,143,36,pendiente,,,,,
7137,143,37,pendiente,,,,,
7138,143,38,pendiente,,,,,
7139,143,39,pendiente,,,,,
7140,143,40,pendiente,,,,,
7141,143,41,pendiente,,,,,
7142,143,42,pendiente,,,,,
7143,143,43,pendiente,,,,,
7144,143,44,pendiente,,,,,
7145,143,45,pendiente,,,,,
7146,143,46,pendiente,,,,,
7147,143,47,pendiente,,,,,
7148,143,48,pendiente,,,,,
7149,143,49,pendiente,,,,,
7150,143,50,pendiente,,,,,
7151,144,1,completado,Wed Mar 25 2026 00:00:00 GMT-0500 (hora de Ecuador),Wed Mar 25 2026 00:00:00 GMT-0500 (hora de Ecuador),,,
7152,144,2,completado,Wed Mar 25 2026 00:00:00 GMT-0500 (hora de Ecuador),Wed Mar 25 2026 00:00:00 GMT-0500 (hora de Ecuador),,,
7153,144,3,completado,Wed Mar 25 2026 00:00:00 GMT-0500 (hora de Ecuador),Wed Mar 25 2026 00:00:00 GMT-0500 (hora de Ecuador),,,
7154,144,4,completado,Wed Mar 25 2026 00:00:00 GMT-0500 (hora de Ecuador),Wed Mar 25 2026 00:00:00 GMT-0500 (hora de Ecuador),,,
7155,144,5,completado,Wed Mar 25 2026 00:00:00 GMT-0500 (hora de Ecuador),Wed Mar 25 2026 00:00:00 GMT-0500 (hora de Ecuador),,,
7156,144,6,completado,Tue Mar 31 2026 00:00:00 GMT-0500 (hora de Ecuador),Wed Apr 01 2026 00:00:00 GMT-0500 (hora de Ecuador),,,
7157,144,7,completado,Wed Apr 01 2026 00:00:00 GMT-0500 (hora de Ecuador),Thu Apr 02 2026 00:00:00 GMT-0500 (hora de Ecuador),,,
7158,144,8,completado,Thu Apr 02 2026 00:00:00 GMT-0500 (hora de Ecuador),Fri Apr 17 2026 00:00:00 GMT-0500 (hora de Ecuador),,,
7159,144,9,completado,Thu Apr 02 2026 00:00:00 GMT-0500 (hora de Ecuador),Fri Apr 17 2026 00:00:00 GMT-0500 (hora de Ecuador),,,
7160,144,10,completado,Thu Apr 02 2026 00:00:00 GMT-0500 (hora de Ecuador),Thu Apr 02 2026 00:00:00 GMT-0500 (hora de Ecuador),,,
7161,144,11,completado,Thu Apr 02 2026 00:00:00 GMT-0500 (hora de Ecuador),Thu Apr 09 2026 00:00:00 GMT-0500 (hora de Ecuador),,,
7162,144,12,completado,Mon Apr 06 2026 00:00:00 GMT-0500 (hora de Ecuador),Fri Apr 17 2026 00:00:00 GMT-0500 (hora de Ecuador),,,
7163,144,13,completado,Mon Apr 06 2026 00:00:00 GMT-0500 (hora de Ecuador),Mon Apr 20 2026 00:00:00 GMT-0500 (hora de Ecuador),,,
7164,144,14,completado,Fri Apr 10 2026 00:00:00 GMT-0500 (hora de Ecuador),Fri Apr 24 2026 00:00:00 GMT-0500 (hora de Ecuador),,,
7165,144,15,completado,Mon Apr 13 2026 00:00:00 GMT-0500 (hora de Ecuador),Wed Apr 29 2026 00:00:00 GMT-0500 (hora de Ecuador),,,
7166,144,16,completado,Mon Apr 13 2026 00:00:00 GMT-0500 (hora de Ecuador),Wed Apr 29 2026 00:00:00 GMT-0500 (hora de Ecuador),,,
7167,144,17,completado,Tue Apr 14 2026 00:00:00 GMT-0500 (hora de Ecuador),Wed May 20 2026 00:00:00 GMT-0500 (hora de Ecuador),,,
7168,144,18,pendiente,Tue Apr 14 2026 00:00:00 GMT-0500 (hora de Ecuador),,,,
7169,144,19,pendiente,Tue Apr 14 2026 00:00:00 GMT-0500 (hora de Ecuador),,,,
7170,144,20,pendiente,,,,,
7171,144,21,pendiente,,,,,
7172,144,22,pendiente,,,,,
7173,144,23,pendiente,,,,,
7174,144,24,pendiente,,,,,
7175,144,25,pendiente,,,,,
7176,144,26,pendiente,,,,,
7177,144,27,pendiente,,,,,
7178,144,28,pendiente,,,,,
7179,144,29,pendiente,,,,,
7180,144,30,pendiente,,,,,
7181,144,31,pendiente,,,,,
7182,144,32,pendiente,,,,,
7183,144,33,pendiente,Tue Apr 14 2026 00:00:00 GMT-0500 (hora de Ecuador),,,,
7184,144,34,completado,Wed Apr 15 2026 00:00:00 GMT-0500 (hora de Ecuador),Wed May 20 2026 00:00:00 GMT-0500 (hora de Ecuador),,,
7185,144,35,pendiente,Wed Apr 15 2026 00:00:00 GMT-0500 (hora de Ecuador),,,,
7186,144,36,pendiente,Thu Apr 16 2026 00:00:00 GMT-0500 (hora de Ecuador),,,,
7187,144,37,pendiente,Thu Apr 16 2026 00:00:00 GMT-0500 (hora de Ecuador),,,,
7188,144,38,pendiente,Fri Apr 17 2026 00:00:00 GMT-0500 (hora de Ecuador),,,,
7189,144,39,pendiente,Fri Apr 17 2026 00:00:00 GMT-0500 (hora de Ecuador),,,,
7190,144,40,pendiente,Mon Apr 20 2026 00:00:00 GMT-0500 (hora de Ecuador),,,,
7191,144,41,pendiente,Wed Apr 22 2026 00:00:00 GMT-0500 (hora de Ecuador),,,,
7192,144,42,pendiente,Fri Apr 24 2026 00:00:00 GMT-0500 (hora de Ecuador),,,,
7193,144,43,pendiente,Tue Apr 28 2026 00:00:00 GMT-0500 (hora de Ecuador),,,,
7194,144,44,pendiente,Wed Apr 29 2026 00:00:00 GMT-0500 (hora de Ecuador),,,,
7195,144,45,pendiente,Wed Apr 29 2026 00:00:00 GMT-0500 (hora de Ecuador),,,,
7196,144,46,pendiente,Mon May 04 2026 00:00:00 GMT-0500 (hora de Ecuador),,,,
7197,144,47,pendiente,Mon May 04 2026 00:00:00 GMT-0500 (hora de Ecuador),,,,
7198,144,48,pendiente,Mon May 04 2026 00:00:00 GMT-0500 (hora de Ecuador),,,,
7199,144,49,pendiente,Thu May 07 2026 00:00:00 GMT-0500 (hora de Ecuador),,,,
7200,144,50,pendiente,Tue May 12 2026 00:00:00 GMT-0500 (hora de Ecuador),,,,
7201,145,1,completado,Wed Apr 08 2026 00:00:00 GMT-0500 (hora de Ecuador),Wed Apr 08 2026 00:00:00 GMT-0500 (hora de Ecuador),,Diego Guamán,
7202,145,2,completado,Wed Apr 08 2026 00:00:00 GMT-0500 (hora de Ecuador),Wed Apr 08 2026 00:00:00 GMT-0500 (hora de Ecuador),,Diego Guamán,
7203,145,3,completado,Thu Apr 09 2026 00:00:00 GMT-0500 (hora de Ecuador),Thu Apr 09 2026 00:00:00 GMT-0500 (hora de Ecuador),,Diego Guamán,
7204,145,4,completado,Thu Apr 09 2026 00:00:00 GMT-0500 (hora de Ecuador),Thu Apr 09 2026 00:00:00 GMT-0500 (hora de Ecuador),,Diego Guamán,
7205,145,5,completado,Thu Apr 09 2026 00:00:00 GMT-0500 (hora de Ecuador),Thu Apr 09 2026 00:00:00 GMT-0500 (hora de Ecuador),,Diego Guamán,
7206,145,6,completado,Fri Apr 10 2026 00:00:00 GMT-0500 (hora de Ecuador),Fri Apr 10 2026 00:00:00 GMT-0500 (hora de Ecuador),,Diego Guamán,
7207,145,7,completado,Mon Apr 13 2026 00:00:00 GMT-0500 (hora de Ecuador),Mon Apr 13 2026 00:00:00 GMT-0500 (hora de Ecuador),,Diego Guamán,
7208,145,8,pendiente,Tue Apr 14 2026 00:00:00 GMT-0500 (hora de Ecuador),,,Diego Guamán,
7209,145,9,pendiente,Wed Apr 15 2026 00:00:00 GMT-0500 (hora de Ecuador),,,Diego Guamán,
7210,145,10,pendiente,Thu Apr 16 2026 00:00:00 GMT-0500 (hora de Ecuador),,,Diego Guamán,
7211,145,11,pendiente,Fri Apr 17 2026 00:00:00 GMT-0500 (hora de Ecuador),,,Diego Guamán,
7212,145,12,pendiente,Fri Apr 17 2026 00:00:00 GMT-0500 (hora de Ecuador),,,Diego Guamán,
7213,145,13,pendiente,Mon Apr 20 2026 00:00:00 GMT-0500 (hora de Ecuador),,,Diego Guamán,
7214,145,14,pendiente,Tue Apr 21 2026 00:00:00 GMT-0500 (hora de Ecuador),,,Diego Guamán,
7215,145,15,pendiente,Wed Apr 22 2026 00:00:00 GMT-0500 (hora de Ecuador),,,Diego Guamán,
7216,145,16,pendiente,Thu Apr 23 2026 00:00:00 GMT-0500 (hora de Ecuador),,,Diego Guamán,
7217,145,17,pendiente,Thu Apr 23 2026 00:00:00 GMT-0500 (hora de Ecuador),,,Diego Guamán,
7218,145,18,pendiente,Fri Apr 24 2026 00:00:00 GMT-0500 (hora de Ecuador),,,Diego Guamán,
7219,145,19,pendiente,Fri Apr 24 2026 00:00:00 GMT-0500 (hora de Ecuador),,,Diego Guamán,
7220,145,20,pendiente,,,,Diego Guamán,
7221,145,21,pendiente,,,,Diego Guamán,
7222,145,22,pendiente,,,,Diego Guamán,
7223,145,23,pendiente,,,,Diego Guamán,
7224,145,24,pendiente,,,,Diego Guamán,
7225,145,25,pendiente,,,,Diego Guamán,
7226,145,26,pendiente,,,,Diego Guamán,
7227,145,27,pendiente,,,,Diego Guamán,
7228,145,28,pendiente,,,,Diego Guamán,
7229,145,29,pendiente,,,,Diego Guamán,
7230,145,30,pendiente,,,,Diego Guamán,
7231,145,31,pendiente,,,,Diego Guamán,
7232,145,32,pendiente,,,,Diego Guamán,
7233,145,33,pendiente,Mon Apr 27 2026 00:00:00 GMT-0500 (hora de Ecuador),,,Diego Guamán,
7234,145,34,pendiente,Tue Apr 28 2026 00:00:00 GMT-0500 (hora de Ecuador),,,Diego Guamán,
7235,145,35,pendiente,Tue Apr 28 2026 00:00:00 GMT-0500 (hora de Ecuador),,,Diego Guamán,
7236,145,36,pendiente,,,,Diego Guamán,
7237,145,37,pendiente,,,,Diego Guamán,
7238,145,38,pendiente,,,,Diego Guamán,
7239,145,39,pendiente,Tue Apr 28 2026 00:00:00 GMT-0500 (hora de Ecuador),,,Diego Guamán,
7240,145,40,pendiente,Mon May 04 2026 00:00:00 GMT-0500 (hora de Ecuador),,,Diego Guamán,
7241,145,41,pendiente,,,,Diego Guamán,
7242,145,42,pendiente,,,,Diego Guamán,
7243,145,43,pendiente,,,,Diego Guamán,
7244,145,44,pendiente,,,,Diego Guamán,
7245,145,45,pendiente,,,,Diego Guamán,
7246,145,46,pendiente,,,,Diego Guamán,
7247,145,47,pendiente,,,,Diego Guamán,
7248,145,48,pendiente,,,,Diego Guamán,
7249,145,49,pendiente,,,,Diego Guamán,
7250,145,50,pendiente,Mon May 04 2026 00:00:00 GMT-0500 (hora de Ecuador),,,Diego Guamán,
7251,146,1,pendiente,,,,,
7252,146,2,pendiente,,,,,
7253,146,3,pendiente,,,,,
7254,146,4,pendiente,,,,,
7255,146,5,pendiente,,,,,
7256,146,6,pendiente,,,,,
7257,146,7,pendiente,,,,,
7258,146,8,pendiente,,,,,
7259,146,9,pendiente,,,,,
7260,146,10,pendiente,,,,,
7261,146,11,pendiente,,,,,
7262,146,12,pendiente,,,,,
7263,146,13,pendiente,,,,,
7264,146,14,pendiente,,,,,
7265,146,15,pendiente,,,,,
7266,146,16,pendiente,,,,,
7267,146,17,pendiente,,,,,
7268,146,18,pendiente,,,,,
7269,146,19,pendiente,,,,,
7270,146,20,pendiente,,,,,
7271,146,21,pendiente,,,,,
7272,146,22,pendiente,,,,,
7273,146,23,pendiente,,,,,
7274,146,24,pendiente,,,,,
7275,146,25,pendiente,,,,,
7276,146,26,pendiente,,,,,
7277,146,27,pendiente,,,,,
7278,146,28,pendiente,,,,,
7279,146,29,pendiente,,,,,
7280,146,30,pendiente,,,,,
7281,146,31,pendiente,,,,,
7282,146,32,pendiente,,,,,
7283,146,33,pendiente,,,,,
7284,146,34,pendiente,,,,,
7285,146,35,pendiente,,,,,
7286,146,36,pendiente,,,,,
7287,146,37,pendiente,,,,,
7288,146,38,pendiente,,,,,
7289,146,39,pendiente,,,,,
7290,146,40,pendiente,,,,,
7291,146,41,pendiente,,,,,
7292,146,42,pendiente,,,,,
7293,146,43,pendiente,,,,,
7294,146,44,pendiente,,,,,
7295,146,45,pendiente,,,,,
7296,146,46,pendiente,,,,,
7297,146,47,pendiente,,,,,
7298,146,48,pendiente,,,,,
7299,146,49,pendiente,,,,,
7300,146,50,pendiente,,,,,
7301,147,1,pendiente,,,,,
7302,147,2,pendiente,,,,,
7303,147,3,pendiente,,,,,
7304,147,4,pendiente,,,,,
7305,147,5,pendiente,,,,,
7306,147,6,pendiente,,,,,
7307,147,7,pendiente,,,,,
7308,147,8,pendiente,,,,,
7309,147,9,pendiente,,,,,
7310,147,10,pendiente,,,,,
7311,147,11,pendiente,,,,,
7312,147,12,pendiente,,,,,
7313,147,13,pendiente,,,,,
7314,147,14,pendiente,,,,,
7315,147,15,pendiente,,,,,
7316,147,16,pendiente,,,,,
7317,147,17,pendiente,,,,,
7318,147,18,pendiente,,,,,
7319,147,19,pendiente,,,,,
7320,147,20,pendiente,,,,,
7321,147,21,pendiente,,,,,
7322,147,22,pendiente,,,,,
7323,147,23,pendiente,,,,,
7324,147,24,pendiente,,,,,
7325,147,25,pendiente,,,,,
7326,147,26,pendiente,,,,,
7327,147,27,pendiente,,,,,
7328,147,28,pendiente,,,,,
7329,147,29,pendiente,,,,,
7330,147,30,pendiente,,,,,
7331,147,31,pendiente,,,,,
7332,147,32,pendiente,,,,,
7333,147,33,pendiente,,,,,
7334,147,34,pendiente,,,,,
7335,147,35,pendiente,,,,,
7336,147,36,pendiente,,,,,
7337,147,37,pendiente,,,,,
7338,147,38,pendiente,,,,,
7339,147,39,pendiente,,,,,
7340,147,40,pendiente,,,,,
7341,147,41,pendiente,,,,,
7342,147,42,pendiente,,,,,
7343,147,43,pendiente,,,,,
7344,147,44,pendiente,,,,,
7345,147,45,pendiente,,,,,
7346,147,46,pendiente,,,,,
7347,147,47,pendiente,,,,,
7348,147,48,pendiente,,,,,
7349,147,49,pendiente,,,,,
7350,147,50,pendiente,,,,,
7351,148,1,completado,Wed Apr 15 2026 00:00:00 GMT-0500 (hora de Ecuador),Fri Apr 17 2026 00:00:00 GMT-0500 (hora de Ecuador),,Rosita Estrella,
7352,148,2,completado,Wed Apr 15 2026 00:00:00 GMT-0500 (hora de Ecuador),Mon Apr 20 2026 00:00:00 GMT-0500 (hora de Ecuador),,Rosita Estrella,
7353,148,3,completado,Thu Apr 16 2026 00:00:00 GMT-0500 (hora de Ecuador),Mon Jul 06 2026 00:00:00 GMT-0500 (hora de Ecuador),,Rosita Estrella,
7354,148,4,completado,Thu Apr 16 2026 00:00:00 GMT-0500 (hora de Ecuador),Mon Jul 06 2026 00:00:00 GMT-0500 (hora de Ecuador),,Rosita Estrella,
7355,148,5,completado,Thu Apr 16 2026 00:00:00 GMT-0500 (hora de Ecuador),Mon Jul 06 2026 00:00:00 GMT-0500 (hora de Ecuador),,Rosita Estrella,
7356,148,6,completado,Fri Apr 17 2026 00:00:00 GMT-0500 (hora de Ecuador),Thu May 21 2026 00:00:00 GMT-0500 (hora de Ecuador),,Rosita Estrella,
7357,148,7,completado,Mon Apr 20 2026 00:00:00 GMT-0500 (hora de Ecuador),Sun Jul 05 2026 00:00:00 GMT-0500 (hora de Ecuador),,Rosita Estrella,
7358,148,8,completado,Tue Apr 21 2026 00:00:00 GMT-0500 (hora de Ecuador),Mon Jul 06 2026 00:00:00 GMT-0500 (hora de Ecuador),,Rosita Estrella,
7359,148,9,completado,Wed Apr 22 2026 00:00:00 GMT-0500 (hora de Ecuador),Tue Jul 07 2026 00:00:00 GMT-0500 (hora de Ecuador),,Rosita Estrella,
7360,148,10,completado,Thu Apr 23 2026 00:00:00 GMT-0500 (hora de Ecuador),Fri Apr 17 2026 00:00:00 GMT-0500 (hora de Ecuador),,Rosita Estrella,
7361,148,11,completado,Fri Apr 24 2026 00:00:00 GMT-0500 (hora de Ecuador),Fri Apr 24 2026 00:00:00 GMT-0500 (hora de Ecuador),,Rosita Estrella,
7362,148,12,completado,Fri Apr 24 2026 00:00:00 GMT-0500 (hora de Ecuador),Fri Jul 24 2026 00:00:00 GMT-0500 (hora de Ecuador),,Rosita Estrella,
7363,148,13,completado,Mon Apr 27 2026 00:00:00 GMT-0500 (hora de Ecuador),Tue Jul 14 2026 00:00:00 GMT-0500 (hora de Ecuador),,Rosita Estrella,
7364,148,14,completado,Tue Apr 28 2026 00:00:00 GMT-0500 (hora de Ecuador),Fri Jul 17 2026 00:00:00 GMT-0500 (hora de Ecuador),,Rosita Estrella,
7365,148,15,completado,Wed Apr 29 2026 00:00:00 GMT-0500 (hora de Ecuador),Mon Jul 20 2026 00:00:00 GMT-0500 (hora de Ecuador),,Rosita Estrella,
7366,148,16,completado,Thu Apr 30 2026 00:00:00 GMT-0500 (hora de Ecuador),Tue Jul 21 2026 00:00:00 GMT-0500 (hora de Ecuador),,Rosita Estrella,
7367,148,17,completado,Thu Apr 30 2026 00:00:00 GMT-0500 (hora de Ecuador),Thu Jul 23 2026 00:00:00 GMT-0500 (hora de Ecuador),,Rosita Estrella,
7368,148,18,completado,Fri May 01 2026 00:00:00 GMT-0500 (hora de Ecuador),Fri Jul 24 2026 00:00:00 GMT-0500 (hora de Ecuador),,Rosita Estrella,
7369,148,19,completado,Fri May 01 2026 00:00:00 GMT-0500 (hora de Ecuador),Tue Jul 28 2026 00:00:00 GMT-0500 (hora de Ecuador),,Rosita Estrella,
7370,148,20,pendiente,,,,Rosita Estrella,
7371,148,21,pendiente,,,,Rosita Estrella,
7372,148,22,pendiente,,,,Rosita Estrella,
7373,148,23,pendiente,,,,Rosita Estrella,
7374,148,24,pendiente,,,,Rosita Estrella,
7375,148,25,pendiente,,,,Rosita Estrella,
7376,148,26,pendiente,,,,Rosita Estrella,
7377,148,27,pendiente,,,,Rosita Estrella,
7378,148,28,pendiente,,,,Rosita Estrella,
7379,148,29,pendiente,,,,Rosita Estrella,
7380,148,30,pendiente,,,,Rosita Estrella,
7381,148,31,pendiente,,,,Rosita Estrella,
7382,148,32,pendiente,,,,Rosita Estrella,
7383,148,33,pendiente,Mon May 04 2026 00:00:00 GMT-0500 (hora de Ecuador),,,Rosita Estrella,
7384,148,34,pendiente,Tue May 05 2026 00:00:00 GMT-0500 (hora de Ecuador),,,Rosita Estrella,
7385,148,35,pendiente,Tue May 05 2026 00:00:00 GMT-0500 (hora de Ecuador),,,Rosita Estrella,
7386,148,36,pendiente,Wed May 06 2026 00:00:00 GMT-0500 (hora de Ecuador),,,Rosita Estrella,
7387,148,37,pendiente,Thu May 07 2026 00:00:00 GMT-0500 (hora de Ecuador),,,Rosita Estrella,
7388,148,38,pendiente,Fri May 08 2026 00:00:00 GMT-0500 (hora de Ecuador),,,Rosita Estrella,
7389,148,39,pendiente,Mon May 11 2026 00:00:00 GMT-0500 (hora de Ecuador),,,Rosita Estrella,
7390,148,40,pendiente,Mon May 11 2026 00:00:00 GMT-0500 (hora de Ecuador),,,Rosita Estrella,
7391,148,41,pendiente,Wed May 13 2026 00:00:00 GMT-0500 (hora de Ecuador),,,Rosita Estrella,
7392,148,42,pendiente,Fri May 15 2026 00:00:00 GMT-0500 (hora de Ecuador),,,Rosita Estrella,
7393,148,43,pendiente,Tue May 19 2026 00:00:00 GMT-0500 (hora de Ecuador),,,Rosita Estrella,
7394,148,44,pendiente,Wed May 20 2026 00:00:00 GMT-0500 (hora de Ecuador),,,Rosita Estrella,
7395,148,45,pendiente,Thu May 21 2026 00:00:00 GMT-0500 (hora de Ecuador),,,Rosita Estrella,
7396,148,46,pendiente,Mon May 25 2026 00:00:00 GMT-0500 (hora de Ecuador),,,Rosita Estrella,
7397,148,47,pendiente,Tue May 26 2026 00:00:00 GMT-0500 (hora de Ecuador),,,Rosita Estrella,
7398,148,48,pendiente,Tue May 26 2026 00:00:00 GMT-0500 (hora de Ecuador),,,Rosita Estrella,
7399,148,49,pendiente,Fri May 29 2026 00:00:00 GMT-0500 (hora de Ecuador),,,Rosita Estrella,
7400,148,50,pendiente,Wed Jun 03 2026 00:00:00 GMT-0500 (hora de Ecuador),,,Rosita Estrella,
7401,149,1,pendiente,,,,,
7402,149,2,pendiente,,,,,
7403,149,3,pendiente,,,,,
7404,149,4,pendiente,,,,,
7405,149,5,pendiente,,,,,
7406,149,6,pendiente,,,,,
7407,149,7,pendiente,,,,,
7408,149,8,pendiente,,,,,
7409,149,9,pendiente,,,,,
7410,149,10,pendiente,,,,,
7411,149,11,pendiente,,,,,
7412,149,12,pendiente,,,,,
7413,149,13,pendiente,,,,,
7414,149,14,pendiente,,,,,
7415,149,15,pendiente,,,,,
7416,149,16,pendiente,,,,,
7417,149,17,pendiente,,,,,
7418,149,18,pendiente,,,,,
7419,149,19,pendiente,,,,,
7420,149,20,pendiente,,,,,
7421,149,21,pendiente,,,,,
7422,149,22,pendiente,,,,,
7423,149,23,pendiente,,,,,
7424,149,24,pendiente,,,,,
7425,149,25,pendiente,,,,,
7426,149,26,pendiente,,,,,
7427,149,27,pendiente,,,,,
7428,149,28,pendiente,,,,,
7429,149,29,pendiente,,,,,
7430,149,30,pendiente,,,,,
7431,149,31,pendiente,,,,,
7432,149,32,pendiente,,,,,
7433,149,33,pendiente,,,,,
7434,149,34,pendiente,,,,,
7435,149,35,pendiente,,,,,
7436,149,36,pendiente,,,,,
7437,149,37,pendiente,,,,,
7438,149,38,pendiente,,,,,
7439,149,39,pendiente,,,,,
7440,149,40,pendiente,,,,,
7441,149,41,pendiente,,,,,
7442,149,42,pendiente,,,,,
7443,149,43,pendiente,,,,,
7444,149,44,pendiente,,,,,
7445,149,45,pendiente,,,,,
7446,149,46,pendiente,,,,,
7447,149,47,pendiente,,,,,
7448,149,48,pendiente,,,,,
7449,149,49,pendiente,,,,,
7450,149,50,pendiente,,,,,
7451,150,1,pendiente,Wed May 06 2026 00:00:00 GMT-0500 (hora de Ecuador),,,Rosita Estrella,
7452,150,2,pendiente,Wed May 06 2026 00:00:00 GMT-0500 (hora de Ecuador),,,Rosita Estrella,
7453,150,3,pendiente,Thu May 07 2026 00:00:00 GMT-0500 (hora de Ecuador),,,Rosita Estrella,
7454,150,4,pendiente,Thu May 07 2026 00:00:00 GMT-0500 (hora de Ecuador),,,Rosita Estrella,
7455,150,5,pendiente,Thu May 07 2026 00:00:00 GMT-0500 (hora de Ecuador),,,Rosita Estrella,
7456,150,6,pendiente,Fri May 08 2026 00:00:00 GMT-0500 (hora de Ecuador),,,Rosita Estrella,
7457,150,7,pendiente,Mon May 11 2026 00:00:00 GMT-0500 (hora de Ecuador),,,Rosita Estrella,
7458,150,8,pendiente,Tue May 12 2026 00:00:00 GMT-0500 (hora de Ecuador),,,Rosita Estrella,
7459,150,9,pendiente,Wed May 13 2026 00:00:00 GMT-0500 (hora de Ecuador),,,Rosita Estrella,
7460,150,10,pendiente,Thu May 14 2026 00:00:00 GMT-0500 (hora de Ecuador),,,Rosita Estrella,
7461,150,11,pendiente,Fri May 15 2026 00:00:00 GMT-0500 (hora de Ecuador),,,Rosita Estrella,
7462,150,12,pendiente,Fri May 15 2026 00:00:00 GMT-0500 (hora de Ecuador),,,Rosita Estrella,
7463,150,13,pendiente,Mon May 18 2026 00:00:00 GMT-0500 (hora de Ecuador),,,Rosita Estrella,
7464,150,14,pendiente,Tue May 19 2026 00:00:00 GMT-0500 (hora de Ecuador),,,Rosita Estrella,
7465,150,15,pendiente,Wed May 20 2026 00:00:00 GMT-0500 (hora de Ecuador),,,Rosita Estrella,
7466,150,16,pendiente,Thu May 21 2026 00:00:00 GMT-0500 (hora de Ecuador),,,Rosita Estrella,
7467,150,17,pendiente,Thu May 21 2026 00:00:00 GMT-0500 (hora de Ecuador),,,Rosita Estrella,
7468,150,18,pendiente,Fri May 22 2026 00:00:00 GMT-0500 (hora de Ecuador),,,Rosita Estrella,
7469,150,19,pendiente,Fri May 22 2026 00:00:00 GMT-0500 (hora de Ecuador),,,Rosita Estrella,
7470,150,20,pendiente,,,,Rosita Estrella,
7471,150,21,pendiente,,,,Rosita Estrella,
7472,150,22,pendiente,,,,Rosita Estrella,
7473,150,23,pendiente,,,,Rosita Estrella,
7474,150,24,pendiente,,,,Rosita Estrella,
7475,150,25,pendiente,,,,Rosita Estrella,
7476,150,26,pendiente,,,,Rosita Estrella,
7477,150,27,pendiente,,,,Rosita Estrella,
7478,150,28,pendiente,,,,Rosita Estrella,
7479,150,29,pendiente,,,,Rosita Estrella,
7480,150,30,pendiente,,,,Rosita Estrella,
7481,150,31,pendiente,,,,Rosita Estrella,
7482,150,32,pendiente,,,,Rosita Estrella,
7483,150,33,pendiente,Mon May 25 2026 00:00:00 GMT-0500 (hora de Ecuador),,,Rosita Estrella,
7484,150,34,pendiente,Tue May 26 2026 00:00:00 GMT-0500 (hora de Ecuador),,,Rosita Estrella,
7485,150,35,pendiente,Tue May 26 2026 00:00:00 GMT-0500 (hora de Ecuador),,,Rosita Estrella,
7486,150,36,pendiente,,,,Rosita Estrella,
7487,150,37,pendiente,,,,Rosita Estrella,
7488,150,38,pendiente,,,,Rosita Estrella,
7489,150,39,pendiente,Tue May 26 2026 00:00:00 GMT-0500 (hora de Ecuador),,,Rosita Estrella,
7490,150,40,pendiente,Sun May 31 2026 00:00:00 GMT-0500 (hora de Ecuador),,,Rosita Estrella,
7491,150,41,pendiente,,,,Rosita Estrella,
7492,150,42,pendiente,,,,Rosita Estrella,
7493,150,43,pendiente,,,,Rosita Estrella,
7494,150,44,pendiente,,,,Rosita Estrella,
7495,150,45,pendiente,,,,Rosita Estrella,
7496,150,46,pendiente,,,,Rosita Estrella,
7497,150,47,pendiente,,,,Rosita Estrella,
7498,150,48,pendiente,,,,Rosita Estrella,
7499,150,49,pendiente,,,,Rosita Estrella,
7500,150,50,pendiente,Sun May 31 2026 00:00:00 GMT-0500 (hora de Ecuador),,,Rosita Estrella,
7501,151,1,pendiente,,,,,
7502,151,2,pendiente,,,,,
7503,151,3,pendiente,,,,,
7504,151,4,pendiente,,,,,
7505,151,5,pendiente,,,,,
7506,151,6,pendiente,,,,,
7507,151,7,pendiente,,,,,
7508,151,8,pendiente,,,,,
7509,151,9,pendiente,,,,,
7510,151,10,pendiente,,,,,
7511,151,11,pendiente,,,,,
7512,151,12,pendiente,,,,,
7513,151,13,pendiente,,,,,
7514,151,14,pendiente,,,,,
7515,151,15,pendiente,,,,,
7516,151,16,pendiente,,,,,
7517,151,17,pendiente,,,,,
7518,151,18,pendiente,,,,,
7519,151,19,pendiente,,,,,
7520,151,20,pendiente,,,,,
7521,151,21,pendiente,,,,,
7522,151,22,pendiente,,,,,
7523,151,23,pendiente,,,,,
7524,151,24,pendiente,,,,,
7525,151,25,pendiente,,,,,
7526,151,26,pendiente,,,,,
7527,151,27,pendiente,,,,,
7528,151,28,pendiente,,,,,
7529,151,29,pendiente,,,,,
7530,151,30,pendiente,,,,,
7531,151,31,pendiente,,,,,
7532,151,32,pendiente,,,,,
7533,151,33,pendiente,,,,,
7534,151,34,pendiente,,,,,
7535,151,35,pendiente,,,,,
7536,151,36,pendiente,,,,,
7537,151,37,pendiente,,,,,
7538,151,38,pendiente,,,,,
7539,151,39,pendiente,,,,,
7540,151,40,pendiente,,,,,
7541,151,41,pendiente,,,,,
7542,151,42,pendiente,,,,,
7543,151,43,pendiente,,,,,
7544,151,44,pendiente,,,,,
7545,151,45,pendiente,,,,,
7546,151,46,pendiente,,,,,
7547,151,47,pendiente,,,,,
7548,151,48,pendiente,,,,,
7549,151,49,pendiente,,,,,
7550,151,50,pendiente,,,,,
7551,152,1,completado,Wed Apr 08 2026 00:00:00 GMT-0500 (hora de Ecuador),Wed Apr 08 2026 00:00:00 GMT-0500 (hora de Ecuador),,Fabricio Medina,
7552,152,2,completado,Wed Apr 08 2026 00:00:00 GMT-0500 (hora de Ecuador),Wed Apr 08 2026 00:00:00 GMT-0500 (hora de Ecuador),,Fabricio Medina,
7553,152,3,completado,Thu Apr 09 2026 00:00:00 GMT-0500 (hora de Ecuador),Thu Apr 09 2026 00:00:00 GMT-0500 (hora de Ecuador),,Fabricio Medina,
7554,152,4,completado,Thu Apr 09 2026 00:00:00 GMT-0500 (hora de Ecuador),Thu Apr 09 2026 00:00:00 GMT-0500 (hora de Ecuador),,Fabricio Medina,
7555,152,5,completado,Thu Apr 09 2026 00:00:00 GMT-0500 (hora de Ecuador),Thu Apr 09 2026 00:00:00 GMT-0500 (hora de Ecuador),,Fabricio Medina,
7556,152,6,completado,Fri Apr 10 2026 00:00:00 GMT-0500 (hora de Ecuador),Mon Jun 01 2026 00:00:00 GMT-0500 (hora de Ecuador),,Fabricio Medina,
7557,152,7,completado,Mon Apr 13 2026 00:00:00 GMT-0500 (hora de Ecuador),Fri Jun 05 2026 00:00:00 GMT-0500 (hora de Ecuador),,Fabricio Medina,
7558,152,8,completado,Tue Apr 14 2026 00:00:00 GMT-0500 (hora de Ecuador),Tue Jun 09 2026 00:00:00 GMT-0500 (hora de Ecuador),,Fabricio Medina,
7559,152,9,completado,Wed Apr 15 2026 00:00:00 GMT-0500 (hora de Ecuador),Tue Jun 09 2026 00:00:00 GMT-0500 (hora de Ecuador),,Fabricio Medina,
7560,152,10,completado,Thu Apr 16 2026 00:00:00 GMT-0500 (hora de Ecuador),Wed Apr 08 2026 00:00:00 GMT-0500 (hora de Ecuador),,Fabricio Medina,
7561,152,11,completado,Fri Apr 17 2026 00:00:00 GMT-0500 (hora de Ecuador),Tue Apr 14 2026 00:00:00 GMT-0500 (hora de Ecuador),,Fabricio Medina,
7562,152,12,completado,Fri Apr 17 2026 00:00:00 GMT-0500 (hora de Ecuador),Thu Jun 18 2026 00:00:00 GMT-0500 (hora de Ecuador),,Fabricio Medina,
7563,152,13,completado,Mon Apr 20 2026 00:00:00 GMT-0500 (hora de Ecuador),Mon Jun 22 2026 00:00:00 GMT-0500 (hora de Ecuador),,Fabricio Medina,
7564,152,14,completado,Tue Apr 21 2026 00:00:00 GMT-0500 (hora de Ecuador),Wed Jun 24 2026 00:00:00 GMT-0500 (hora de Ecuador),,Fabricio Medina,
7565,152,15,completado,Wed Apr 22 2026 00:00:00 GMT-0500 (hora de Ecuador),Tue Jul 07 2026 00:00:00 GMT-0500 (hora de Ecuador),,Fabricio Medina,
7566,152,16,completado,Thu Apr 23 2026 00:00:00 GMT-0500 (hora de Ecuador),Tue Jul 07 2026 00:00:00 GMT-0500 (hora de Ecuador),,Fabricio Medina,
7567,152,17,completado,Thu Apr 23 2026 00:00:00 GMT-0500 (hora de Ecuador),Thu Jul 09 2026 00:00:00 GMT-0500 (hora de Ecuador),,Fabricio Medina,
7568,152,18,completado,Fri Apr 24 2026 00:00:00 GMT-0500 (hora de Ecuador),Fri Jul 10 2026 00:00:00 GMT-0500 (hora de Ecuador),,Fabricio Medina,
7569,152,19,completado,Fri Apr 24 2026 00:00:00 GMT-0500 (hora de Ecuador),Mon Jul 13 2026 00:00:00 GMT-0500 (hora de Ecuador),,Fabricio Medina,
7570,152,20,pendiente,,,,Fabricio Medina,
7571,152,21,pendiente,,,,Fabricio Medina,
7572,152,22,pendiente,,,,Fabricio Medina,
7573,152,23,pendiente,,,,Fabricio Medina,
7574,152,24,pendiente,,,,Fabricio Medina,
7575,152,25,pendiente,,,,Fabricio Medina,
7576,152,26,pendiente,,,,Fabricio Medina,
7577,152,27,pendiente,,,,Fabricio Medina,
7578,152,28,pendiente,,,,Fabricio Medina,
7579,152,29,pendiente,,,,Fabricio Medina,
7580,152,30,pendiente,,,,Fabricio Medina,
7581,152,31,pendiente,,,,Fabricio Medina,
7582,152,32,pendiente,,,,Fabricio Medina,
7583,152,33,completado,Mon Apr 27 2026 00:00:00 GMT-0500 (hora de Ecuador),Thu Jul 23 2026 00:00:00 GMT-0500 (hora de Ecuador),,Fabricio Medina,
7584,152,34,completado,Tue Apr 28 2026 00:00:00 GMT-0500 (hora de Ecuador),Thu Jul 23 2026 00:00:00 GMT-0500 (hora de Ecuador),,Fabricio Medina,
7585,152,35,completado,Tue Apr 28 2026 00:00:00 GMT-0500 (hora de Ecuador),Thu Jul 23 2026 00:00:00 GMT-0500 (hora de Ecuador),,Fabricio Medina,
7586,152,36,pendiente,,,,Fabricio Medina,
7587,152,37,pendiente,,,,Fabricio Medina,
7588,152,38,pendiente,,,,Fabricio Medina,
7589,152,39,completado,Tue Apr 28 2026 00:00:00 GMT-0500 (hora de Ecuador),Thu Jul 30 2026 00:00:00 GMT-0500 (hora de Ecuador),,Fabricio Medina,
7590,152,40,completado,Mon May 04 2026 00:00:00 GMT-0500 (hora de Ecuador),Thu Jul 30 2026 00:00:00 GMT-0500 (hora de Ecuador),,Fabricio Medina,
7591,152,41,pendiente,,,,Fabricio Medina,
7592,152,42,pendiente,,,,Fabricio Medina,
7593,152,43,pendiente,,,,Fabricio Medina,
7594,152,44,pendiente,,,,Fabricio Medina,
7595,152,45,pendiente,,,,Fabricio Medina,
7596,152,46,pendiente,,,,Fabricio Medina,
7597,152,47,pendiente,,,,Fabricio Medina,
7598,152,48,pendiente,,,,Fabricio Medina,
7599,152,49,pendiente,,,,Fabricio Medina,
7600,152,50,completado,Mon May 04 2026 00:00:00 GMT-0500 (hora de Ecuador),Thu Jul 30 2026 00:00:00 GMT-0500 (hora de Ecuador),,Fabricio Medina,
7601,153,1,pendiente,,,,,
7602,153,2,pendiente,,,,,
7603,153,3,pendiente,,,,,
7604,153,4,pendiente,,,,,
7605,153,5,pendiente,,,,,
7606,153,6,pendiente,,,,,
7607,153,7,pendiente,,,,,
7608,153,8,pendiente,,,,,
7609,153,9,pendiente,,,,,
7610,153,10,pendiente,,,,,
7611,153,11,pendiente,,,,,
7612,153,12,pendiente,,,,,
7613,153,13,pendiente,,,,,
7614,153,14,pendiente,,,,,
7615,153,15,pendiente,,,,,
7616,153,16,pendiente,,,,,
7617,153,17,pendiente,,,,,
7618,153,18,pendiente,,,,,
7619,153,19,pendiente,,,,,
7620,153,20,pendiente,,,,,
7621,153,21,pendiente,,,,,
7622,153,22,pendiente,,,,,
7623,153,23,pendiente,,,,,
7624,153,24,pendiente,,,,,
7625,153,25,pendiente,,,,,
7626,153,26,pendiente,,,,,
7627,153,27,pendiente,,,,,
7628,153,28,pendiente,,,,,
7629,153,29,pendiente,,,,,
7630,153,30,pendiente,,,,,
7631,153,31,pendiente,,,,,
7632,153,32,pendiente,,,,,
7633,153,33,pendiente,,,,,
7634,153,34,pendiente,,,,,
7635,153,35,pendiente,,,,,
7636,153,36,pendiente,,,,,
7637,153,37,pendiente,,,,,
7638,153,38,pendiente,,,,,
7639,153,39,pendiente,,,,,
7640,153,40,pendiente,,,,,
7641,153,41,pendiente,,,,,
7642,153,42,pendiente,,,,,
7643,153,43,pendiente,,,,,
7644,153,44,pendiente,,,,,
7645,153,45,pendiente,,,,,
7646,153,46,pendiente,,,,,
7647,153,47,pendiente,,,,,
7648,153,48,pendiente,,,,,
7649,153,49,pendiente,,,,,
7650,153,50,pendiente,,,,,
7651,154,1,pendiente,Fri Sep 04 2026 00:00:00 GMT-0500 (hora de Ecuador),,,Pablo Arboleda,
7652,154,2,pendiente,Fri Sep 04 2026 00:00:00 GMT-0500 (hora de Ecuador),,,Pablo Arboleda,
7653,154,3,pendiente,Mon Sep 07 2026 00:00:00 GMT-0500 (hora de Ecuador),,,Pablo Arboleda,
7654,154,4,pendiente,Mon Sep 07 2026 00:00:00 GMT-0500 (hora de Ecuador),,,Pablo Arboleda,
7655,154,5,pendiente,Mon Sep 07 2026 00:00:00 GMT-0500 (hora de Ecuador),,,Pablo Arboleda,
7656,154,6,pendiente,Tue Sep 08 2026 00:00:00 GMT-0500 (hora de Ecuador),,,Pablo Arboleda,
7657,154,7,pendiente,Wed Sep 09 2026 00:00:00 GMT-0500 (hora de Ecuador),,,Pablo Arboleda,
7658,154,8,pendiente,Thu Sep 10 2026 00:00:00 GMT-0500 (hora de Ecuador),,,Pablo Arboleda,
7659,154,9,pendiente,Fri Sep 11 2026 00:00:00 GMT-0500 (hora de Ecuador),,,Pablo Arboleda,
7660,154,10,pendiente,Mon Sep 14 2026 00:00:00 GMT-0500 (hora de Ecuador),,,Pablo Arboleda,
7661,154,11,pendiente,Tue Sep 15 2026 00:00:00 GMT-0500 (hora de Ecuador),,,Pablo Arboleda,
7662,154,12,pendiente,Tue Sep 15 2026 00:00:00 GMT-0500 (hora de Ecuador),,,Pablo Arboleda,
7663,154,13,pendiente,Wed Sep 16 2026 00:00:00 GMT-0500 (hora de Ecuador),,,Pablo Arboleda,
7664,154,14,pendiente,Thu Sep 17 2026 00:00:00 GMT-0500 (hora de Ecuador),,,Pablo Arboleda,
7665,154,15,pendiente,Fri Sep 18 2026 00:00:00 GMT-0500 (hora de Ecuador),,,Pablo Arboleda,
7666,154,16,pendiente,Mon Sep 21 2026 00:00:00 GMT-0500 (hora de Ecuador),,,Pablo Arboleda,
7667,154,17,pendiente,Mon Sep 21 2026 00:00:00 GMT-0500 (hora de Ecuador),,,Pablo Arboleda,
7668,154,18,pendiente,Tue Sep 22 2026 00:00:00 GMT-0500 (hora de Ecuador),,,Pablo Arboleda,
7669,154,19,pendiente,Tue Sep 22 2026 00:00:00 GMT-0500 (hora de Ecuador),,,Pablo Arboleda,
7670,154,20,pendiente,,,,Pablo Arboleda,
7671,154,21,pendiente,,,,Pablo Arboleda,
7672,154,22,pendiente,,,,Pablo Arboleda,
7673,154,23,pendiente,,,,Pablo Arboleda,
7674,154,24,pendiente,,,,Pablo Arboleda,
7675,154,25,pendiente,,,,Pablo Arboleda,
7676,154,26,pendiente,,,,Pablo Arboleda,
7677,154,27,pendiente,,,,Pablo Arboleda,
7678,154,28,pendiente,,,,Pablo Arboleda,
7679,154,29,pendiente,,,,Pablo Arboleda,
7680,154,30,pendiente,,,,Pablo Arboleda,
7681,154,31,pendiente,,,,Pablo Arboleda,
7682,154,32,pendiente,,,,Pablo Arboleda,
7683,154,33,pendiente,Wed Sep 23 2026 00:00:00 GMT-0500 (hora de Ecuador),,,Pablo Arboleda,
7684,154,34,pendiente,Thu Sep 24 2026 00:00:00 GMT-0500 (hora de Ecuador),,,Pablo Arboleda,
7685,154,35,pendiente,Thu Sep 24 2026 00:00:00 GMT-0500 (hora de Ecuador),,,Pablo Arboleda,
7686,154,36,pendiente,,,,Pablo Arboleda,
7687,154,37,pendiente,,,,Pablo Arboleda,
7688,154,38,pendiente,,,,Pablo Arboleda,
7689,154,39,pendiente,Thu Sep 24 2026 00:00:00 GMT-0500 (hora de Ecuador),,,Pablo Arboleda,
7690,154,40,pendiente,Wed Sep 30 2026 00:00:00 GMT-0500 (hora de Ecuador),,,Pablo Arboleda,
7691,154,41,pendiente,,,,Pablo Arboleda,
7692,154,42,pendiente,,,,Pablo Arboleda,
7693,154,43,pendiente,,,,Pablo Arboleda,
7694,154,44,pendiente,,,,Pablo Arboleda,
7695,154,45,pendiente,,,,Pablo Arboleda,
7696,154,46,pendiente,,,,Pablo Arboleda,
7697,154,47,pendiente,,,,Pablo Arboleda,
7698,154,48,pendiente,,,,Pablo Arboleda,
7699,154,49,pendiente,,,,Pablo Arboleda,
7700,154,50,pendiente,Wed Sep 30 2026 00:00:00 GMT-0500 (hora de Ecuador),,,Pablo Arboleda,
7701,155,1,pendiente,,,,,
7702,155,2,pendiente,,,,,
7703,155,3,pendiente,,,,,
7704,155,4,pendiente,,,,,
7705,155,5,pendiente,,,,,
7706,155,6,pendiente,,,,,
7707,155,7,pendiente,,,,,
7708,155,8,pendiente,,,,,
7709,155,9,pendiente,,,,,
7710,155,10,pendiente,,,,,
7711,155,11,pendiente,,,,,
7712,155,12,pendiente,,,,,
7713,155,13,pendiente,,,,,
7714,155,14,pendiente,,,,,
7715,155,15,pendiente,,,,,
7716,155,16,pendiente,,,,,
7717,155,17,pendiente,,,,,
7718,155,18,pendiente,,,,,
7719,155,19,pendiente,,,,,
7720,155,20,pendiente,,,,,
7721,155,21,pendiente,,,,,
7722,155,22,pendiente,,,,,
7723,155,23,pendiente,,,,,
7724,155,24,pendiente,,,,,
7725,155,25,pendiente,,,,,
7726,155,26,pendiente,,,,,
7727,155,27,pendiente,,,,,
7728,155,28,pendiente,,,,,
7729,155,29,pendiente,,,,,
7730,155,30,pendiente,,,,,
7731,155,31,pendiente,,,,,
7732,155,32,pendiente,,,,,
7733,155,33,pendiente,,,,,
7734,155,34,pendiente,,,,,
7735,155,35,pendiente,,,,,
7736,155,36,pendiente,,,,,
7737,155,37,pendiente,,,,,
7738,155,38,pendiente,,,,,
7739,155,39,pendiente,,,,,
7740,155,40,pendiente,,,,,
7741,155,41,pendiente,Tue Jan 02 1900 00:00:00 GMT-0514 (hora de Ecuador),,,,
7742,155,42,pendiente,Thu Jan 04 1900 00:00:00 GMT-0514 (hora de Ecuador),,,,
7743,155,43,pendiente,Mon Jan 08 1900 00:00:00 GMT-0514 (hora de Ecuador),,,,
7744,155,44,pendiente,Tue Jan 09 1900 00:00:00 GMT-0514 (hora de Ecuador),,,,
7745,155,45,pendiente,Wed Jan 10 1900 00:00:00 GMT-0514 (hora de Ecuador),,,,
7746,155,46,pendiente,Fri Jan 12 1900 00:00:00 GMT-0514 (hora de Ecuador),,,,
7747,155,47,pendiente,Mon Jan 15 1900 00:00:00 GMT-0514 (hora de Ecuador),,,,
7748,155,48,pendiente,Wed Jan 17 1900 00:00:00 GMT-0514 (hora de Ecuador),,,,
7749,155,49,pendiente,Mon Jan 22 1900 00:00:00 GMT-0514 (hora de Ecuador),,,,
7750,155,50,pendiente,,,,,
7751,156,1,pendiente,,,,,
7752,156,2,pendiente,,,,,
7753,156,3,pendiente,,,,,
7754,156,4,pendiente,,,,,
7755,156,5,pendiente,,,,,
7756,156,6,pendiente,,,,,
7757,156,7,pendiente,,,,,
7758,156,8,pendiente,,,,,
7759,156,9,pendiente,,,,,
7760,156,10,pendiente,,,,,
7761,156,11,pendiente,,,,,
7762,156,12,pendiente,,,,,
7763,156,13,pendiente,,,,,
7764,156,14,pendiente,,,,,
7765,156,15,pendiente,,,,,
7766,156,16,pendiente,,,,,
7767,156,17,pendiente,,,,,
7768,156,18,pendiente,,,,,
7769,156,19,pendiente,,,,,
7770,156,20,pendiente,,,,,
7771,156,21,pendiente,,,,,
7772,156,22,pendiente,,,,,
7773,156,23,pendiente,,,,,
7774,156,24,pendiente,,,,,
7775,156,25,pendiente,,,,,
7776,156,26,pendiente,,,,,
7777,156,27,pendiente,,,,,
7778,156,28,pendiente,,,,,
7779,156,29,pendiente,,,,,
7780,156,30,pendiente,,,,,
7781,156,31,pendiente,,,,,
7782,156,32,pendiente,,,,,
7783,156,33,pendiente,,,,,
7784,156,34,pendiente,,,,,
7785,156,35,pendiente,,,,,
7786,156,36,pendiente,,,,,
7787,156,37,pendiente,,,,,
7788,156,38,pendiente,,,,,
7789,156,39,pendiente,,,,,
7790,156,40,pendiente,,,,,
7791,156,41,pendiente,,,,,
7792,156,42,pendiente,,,,,
7793,156,43,pendiente,,,,,
7794,156,44,pendiente,,,,,
7795,156,45,pendiente,,,,,
7796,156,46,pendiente,,,,,
7797,156,47,pendiente,,,,,
7798,156,48,pendiente,,,,,
7799,156,49,pendiente,,,,,
7800,156,50,pendiente,,,,,
7801,157,1,completado,Fri Apr 24 2026 00:00:00 GMT-0500 (hora de Ecuador),Wed Apr 08 2026 00:00:00 GMT-0500 (hora de Ecuador),,Fabricio Medina,
7802,157,2,completado,Fri Apr 24 2026 00:00:00 GMT-0500 (hora de Ecuador),Wed Apr 08 2026 00:00:00 GMT-0500 (hora de Ecuador),,Fabricio Medina,
7803,157,3,completado,Mon Apr 27 2026 00:00:00 GMT-0500 (hora de Ecuador),Thu Apr 23 2026 00:00:00 GMT-0500 (hora de Ecuador),,Fabricio Medina,
7804,157,4,completado,Mon Apr 27 2026 00:00:00 GMT-0500 (hora de Ecuador),Thu Apr 23 2026 00:00:00 GMT-0500 (hora de Ecuador),,Fabricio Medina,
7805,157,5,completado,Mon Apr 27 2026 00:00:00 GMT-0500 (hora de Ecuador),Thu Apr 23 2026 00:00:00 GMT-0500 (hora de Ecuador),,Fabricio Medina,
7806,157,6,completado,Tue Apr 28 2026 00:00:00 GMT-0500 (hora de Ecuador),Fri May 22 2026 00:00:00 GMT-0500 (hora de Ecuador),,Fabricio Medina,
7807,157,7,completado,Wed Apr 29 2026 00:00:00 GMT-0500 (hora de Ecuador),Tue Jun 02 2026 00:00:00 GMT-0500 (hora de Ecuador),,Fabricio Medina,
7808,157,8,completado,Thu Apr 30 2026 00:00:00 GMT-0500 (hora de Ecuador),Wed Jun 10 2026 00:00:00 GMT-0500 (hora de Ecuador),,Fabricio Medina,
7809,157,9,completado,Fri May 01 2026 00:00:00 GMT-0500 (hora de Ecuador),Wed Jun 10 2026 00:00:00 GMT-0500 (hora de Ecuador),,Fabricio Medina,
7810,157,10,completado,Mon May 04 2026 00:00:00 GMT-0500 (hora de Ecuador),Wed Apr 08 2026 00:00:00 GMT-0500 (hora de Ecuador),,Fabricio Medina,
7811,157,11,completado,Tue May 05 2026 00:00:00 GMT-0500 (hora de Ecuador),Mon Apr 13 2026 00:00:00 GMT-0500 (hora de Ecuador),,Fabricio Medina,
7812,157,12,completado,Tue May 05 2026 00:00:00 GMT-0500 (hora de Ecuador),Fri Jun 12 2026 00:00:00 GMT-0500 (hora de Ecuador),,Fabricio Medina,
7813,157,13,completado,Wed May 06 2026 00:00:00 GMT-0500 (hora de Ecuador),Tue Jun 16 2026 00:00:00 GMT-0500 (hora de Ecuador),,Fabricio Medina,
7814,157,14,completado,Thu May 07 2026 00:00:00 GMT-0500 (hora de Ecuador),Tue Jul 28 2026 00:00:00 GMT-0500 (hora de Ecuador),,Fabricio Medina,
7815,157,15,completado,Fri May 08 2026 00:00:00 GMT-0500 (hora de Ecuador),Tue Jul 28 2026 00:00:00 GMT-0500 (hora de Ecuador),,Fabricio Medina,
7816,157,16,completado,Mon May 11 2026 00:00:00 GMT-0500 (hora de Ecuador),Tue Jul 28 2026 00:00:00 GMT-0500 (hora de Ecuador),,Fabricio Medina,
7817,157,17,completado,Mon May 11 2026 00:00:00 GMT-0500 (hora de Ecuador),Tue Jul 28 2026 00:00:00 GMT-0500 (hora de Ecuador),,Fabricio Medina,
7818,157,18,completado,Tue May 12 2026 00:00:00 GMT-0500 (hora de Ecuador),Tue Jul 28 2026 00:00:00 GMT-0500 (hora de Ecuador),,Fabricio Medina,
7819,157,19,completado,Tue May 12 2026 00:00:00 GMT-0500 (hora de Ecuador),Tue Jul 28 2026 00:00:00 GMT-0500 (hora de Ecuador),,Fabricio Medina,
7820,157,20,pendiente,,,,Fabricio Medina,
7821,157,21,pendiente,,,,Fabricio Medina,
7822,157,22,pendiente,,,,Fabricio Medina,
7823,157,23,pendiente,,,,Fabricio Medina,
7824,157,24,pendiente,,,,Fabricio Medina,
7825,157,25,pendiente,,,,Fabricio Medina,
7826,157,26,pendiente,,,,Fabricio Medina,
7827,157,27,pendiente,,,,Fabricio Medina,
7828,157,28,pendiente,,,,Fabricio Medina,
7829,157,29,pendiente,,,,Fabricio Medina,
7830,157,30,pendiente,,,,Fabricio Medina,
7831,157,31,pendiente,,,,Fabricio Medina,
7832,157,32,pendiente,,,,Fabricio Medina,
7833,157,33,completado,Wed May 13 2026 00:00:00 GMT-0500 (hora de Ecuador),Wed Jul 29 2026 00:00:00 GMT-0500 (hora de Ecuador),,Fabricio Medina,
7834,157,34,pendiente,Thu May 14 2026 00:00:00 GMT-0500 (hora de Ecuador),,,Fabricio Medina,
7835,157,35,pendiente,Thu May 14 2026 00:00:00 GMT-0500 (hora de Ecuador),,,Fabricio Medina,
7836,157,36,pendiente,Fri May 15 2026 00:00:00 GMT-0500 (hora de Ecuador),,,Fabricio Medina,
7837,157,37,pendiente,Mon May 18 2026 00:00:00 GMT-0500 (hora de Ecuador),,,Fabricio Medina,
7838,157,38,pendiente,Tue May 19 2026 00:00:00 GMT-0500 (hora de Ecuador),,,Fabricio Medina,
7839,157,39,pendiente,Wed May 20 2026 00:00:00 GMT-0500 (hora de Ecuador),,,Fabricio Medina,
7840,157,40,pendiente,Wed May 20 2026 00:00:00 GMT-0500 (hora de Ecuador),,,Fabricio Medina,
7841,157,41,pendiente,Fri May 22 2026 00:00:00 GMT-0500 (hora de Ecuador),,,Fabricio Medina,
7842,157,42,pendiente,Tue May 26 2026 00:00:00 GMT-0500 (hora de Ecuador),,,Fabricio Medina,
7843,157,43,pendiente,Thu May 28 2026 00:00:00 GMT-0500 (hora de Ecuador),,,Fabricio Medina,
7844,157,44,pendiente,Fri May 29 2026 00:00:00 GMT-0500 (hora de Ecuador),,,Fabricio Medina,
7845,157,45,pendiente,Mon Jun 01 2026 00:00:00 GMT-0500 (hora de Ecuador),,,Fabricio Medina,
7846,157,46,pendiente,Wed Jun 03 2026 00:00:00 GMT-0500 (hora de Ecuador),,,Fabricio Medina,
7847,157,47,pendiente,Thu Jun 04 2026 00:00:00 GMT-0500 (hora de Ecuador),,,Fabricio Medina,
7848,157,48,pendiente,Mon Jun 08 2026 00:00:00 GMT-0500 (hora de Ecuador),,,Fabricio Medina,
7849,157,49,pendiente,Thu Jun 11 2026 00:00:00 GMT-0500 (hora de Ecuador),,,Fabricio Medina,
7850,157,50,pendiente,Tue Jun 16 2026 00:00:00 GMT-0500 (hora de Ecuador),,,Fabricio Medina,
7851,158,1,pendiente,Mon Jul 20 2026 00:00:00 GMT-0500 (hora de Ecuador),,,,
7852,158,2,pendiente,,,,,
7853,158,3,pendiente,,,,,
7854,158,4,pendiente,,,,,
7855,158,5,pendiente,,,,,
7856,158,6,pendiente,,,,,
7857,158,7,pendiente,,,,,
7858,158,8,pendiente,,,,,
7859,158,9,pendiente,,,,,
7860,158,10,pendiente,,,,,
7861,158,11,pendiente,,,,,
7862,158,12,pendiente,,,,,
7863,158,13,pendiente,,,,,
7864,158,14,pendiente,,,,,
7865,158,15,pendiente,,,,,
7866,158,16,pendiente,,,,,
7867,158,17,pendiente,,,,,
7868,158,18,pendiente,,,,,
7869,158,19,pendiente,,,,,
7870,158,20,pendiente,,,,,
7871,158,21,pendiente,,,,,
7872,158,22,pendiente,,,,,
7873,158,23,pendiente,,,,,
7874,158,24,pendiente,,,,,
7875,158,25,pendiente,,,,,
7876,158,26,pendiente,,,,,
7877,158,27,pendiente,,,,,
7878,158,28,pendiente,,,,,
7879,158,29,pendiente,,,,,
7880,158,30,pendiente,,,,,
7881,158,31,pendiente,,,,,
7882,158,32,pendiente,,,,,
7883,158,33,pendiente,,,,,
7884,158,34,pendiente,,,,,
7885,158,35,pendiente,,,,,
7886,158,36,pendiente,,,,,
7887,158,37,pendiente,,,,,
7888,158,38,pendiente,,,,,
7889,158,39,pendiente,,,,,
7890,158,40,pendiente,,,,,
7891,158,41,pendiente,,,,,
7892,158,42,pendiente,,,,,
7893,158,43,pendiente,,,,,
7894,158,44,pendiente,,,,,
7895,158,45,pendiente,,,,,
7896,158,46,pendiente,,,,,
7897,158,47,pendiente,,,,,
7898,158,48,pendiente,,,,,
7899,158,49,pendiente,,,,,
7900,158,50,pendiente,,,,,
7901,159,1,pendiente,Mon Oct 12 2026 00:00:00 GMT-0500 (hora de Ecuador),,,Daniel Valencia,
7902,159,2,pendiente,Mon Oct 12 2026 00:00:00 GMT-0500 (hora de Ecuador),,,Daniel Valencia,
7903,159,3,pendiente,Tue Oct 13 2026 00:00:00 GMT-0500 (hora de Ecuador),,,Daniel Valencia,
7904,159,4,pendiente,Tue Oct 13 2026 00:00:00 GMT-0500 (hora de Ecuador),,,Daniel Valencia,
7905,159,5,pendiente,Tue Oct 13 2026 00:00:00 GMT-0500 (hora de Ecuador),,,Daniel Valencia,
7906,159,6,pendiente,Wed Oct 14 2026 00:00:00 GMT-0500 (hora de Ecuador),,,Daniel Valencia,
7907,159,7,pendiente,Thu Oct 15 2026 00:00:00 GMT-0500 (hora de Ecuador),,,Daniel Valencia,
7908,159,8,pendiente,Fri Oct 16 2026 00:00:00 GMT-0500 (hora de Ecuador),,,Daniel Valencia,
7909,159,9,pendiente,Mon Oct 19 2026 00:00:00 GMT-0500 (hora de Ecuador),,,Daniel Valencia,
7910,159,10,pendiente,Tue Oct 20 2026 00:00:00 GMT-0500 (hora de Ecuador),,,Daniel Valencia,
7911,159,11,pendiente,Wed Oct 21 2026 00:00:00 GMT-0500 (hora de Ecuador),,,Daniel Valencia,
7912,159,12,pendiente,Wed Oct 21 2026 00:00:00 GMT-0500 (hora de Ecuador),,,Daniel Valencia,
7913,159,13,pendiente,Thu Oct 22 2026 00:00:00 GMT-0500 (hora de Ecuador),,,Daniel Valencia,
7914,159,14,pendiente,Fri Oct 23 2026 00:00:00 GMT-0500 (hora de Ecuador),,,Daniel Valencia,
7915,159,15,pendiente,Mon Oct 26 2026 00:00:00 GMT-0500 (hora de Ecuador),,,Daniel Valencia,
7916,159,16,pendiente,Tue Oct 27 2026 00:00:00 GMT-0500 (hora de Ecuador),,,Daniel Valencia,
7917,159,17,pendiente,Tue Oct 27 2026 00:00:00 GMT-0500 (hora de Ecuador),,,Daniel Valencia,
7918,159,18,pendiente,Wed Oct 28 2026 00:00:00 GMT-0500 (hora de Ecuador),,,Daniel Valencia,
7919,159,19,pendiente,Wed Oct 28 2026 00:00:00 GMT-0500 (hora de Ecuador),,,Daniel Valencia,
7920,159,20,pendiente,,,,Daniel Valencia,
7921,159,21,pendiente,,,,Daniel Valencia,
7922,159,22,pendiente,,,,Daniel Valencia,
7923,159,23,pendiente,,,,Daniel Valencia,
7924,159,24,pendiente,,,,Daniel Valencia,
7925,159,25,pendiente,,,,Daniel Valencia,
7926,159,26,pendiente,,,,Daniel Valencia,
7927,159,27,pendiente,,,,Daniel Valencia,
7928,159,28,pendiente,,,,Daniel Valencia,
7929,159,29,pendiente,,,,Daniel Valencia,
7930,159,30,pendiente,,,,Daniel Valencia,
7931,159,31,pendiente,,,,Daniel Valencia,
7932,159,32,pendiente,,,,Daniel Valencia,
7933,159,33,pendiente,Thu Oct 29 2026 00:00:00 GMT-0500 (hora de Ecuador),,,Daniel Valencia,
7934,159,34,pendiente,Fri Oct 30 2026 00:00:00 GMT-0500 (hora de Ecuador),,,Daniel Valencia,
7935,159,35,pendiente,Fri Oct 30 2026 00:00:00 GMT-0500 (hora de Ecuador),,,Daniel Valencia,
7936,159,36,pendiente,,,,Daniel Valencia,
7937,159,37,pendiente,,,,Daniel Valencia,
7938,159,38,pendiente,,,,Daniel Valencia,
7939,159,39,pendiente,Fri Oct 30 2026 00:00:00 GMT-0500 (hora de Ecuador),,,Daniel Valencia,
7940,159,40,pendiente,Thu Nov 05 2026 00:00:00 GMT-0500 (hora de Ecuador),,,Daniel Valencia,
7941,159,41,pendiente,,,,Daniel Valencia,
7942,159,42,pendiente,,,,Daniel Valencia,
7943,159,43,pendiente,,,,Daniel Valencia,
7944,159,44,pendiente,,,,Daniel Valencia,
7945,159,45,pendiente,,,,Daniel Valencia,
7946,159,46,pendiente,,,,Daniel Valencia,
7947,159,47,pendiente,,,,Daniel Valencia,
7948,159,48,pendiente,,,,Daniel Valencia,
7949,159,49,pendiente,,,,Daniel Valencia,
7950,159,50,pendiente,Thu Nov 05 2026 00:00:00 GMT-0500 (hora de Ecuador),,,Daniel Valencia,
7951,160,1,completado,Mon Oct 12 2026 00:00:00 GMT-0500 (hora de Ecuador),Tue May 05 2026 00:00:00 GMT-0500 (hora de Ecuador),,Daniel Valencia,
7952,160,2,pendiente,Mon Oct 12 2026 00:00:00 GMT-0500 (hora de Ecuador),,,Daniel Valencia,
7953,160,3,pendiente,Tue Oct 13 2026 00:00:00 GMT-0500 (hora de Ecuador),,,Daniel Valencia,
7954,160,4,pendiente,Tue Oct 13 2026 00:00:00 GMT-0500 (hora de Ecuador),,,Daniel Valencia,
7955,160,5,pendiente,Tue Oct 13 2026 00:00:00 GMT-0500 (hora de Ecuador),,,Daniel Valencia,
7956,160,6,pendiente,Wed Oct 14 2026 00:00:00 GMT-0500 (hora de Ecuador),,,Daniel Valencia,
7957,160,7,pendiente,Thu Oct 15 2026 00:00:00 GMT-0500 (hora de Ecuador),,,Daniel Valencia,
7958,160,8,pendiente,Fri Oct 16 2026 00:00:00 GMT-0500 (hora de Ecuador),,,Daniel Valencia,
7959,160,9,pendiente,Mon Oct 19 2026 00:00:00 GMT-0500 (hora de Ecuador),,,Daniel Valencia,
7960,160,10,pendiente,Tue Oct 20 2026 00:00:00 GMT-0500 (hora de Ecuador),,,Daniel Valencia,
7961,160,11,pendiente,Wed Oct 21 2026 00:00:00 GMT-0500 (hora de Ecuador),,,Daniel Valencia,
7962,160,12,pendiente,Wed Oct 21 2026 00:00:00 GMT-0500 (hora de Ecuador),,,Daniel Valencia,
7963,160,13,pendiente,Thu Oct 22 2026 00:00:00 GMT-0500 (hora de Ecuador),,,Daniel Valencia,
7964,160,14,pendiente,Fri Oct 23 2026 00:00:00 GMT-0500 (hora de Ecuador),,,Daniel Valencia,
7965,160,15,pendiente,Mon Oct 26 2026 00:00:00 GMT-0500 (hora de Ecuador),,,Daniel Valencia,
7966,160,16,pendiente,Tue Oct 27 2026 00:00:00 GMT-0500 (hora de Ecuador),,,Daniel Valencia,
7967,160,17,pendiente,Tue Oct 27 2026 00:00:00 GMT-0500 (hora de Ecuador),,,Daniel Valencia,
7968,160,18,pendiente,Wed Oct 28 2026 00:00:00 GMT-0500 (hora de Ecuador),,,Daniel Valencia,
7969,160,19,pendiente,Wed Oct 28 2026 00:00:00 GMT-0500 (hora de Ecuador),,,Daniel Valencia,
7970,160,20,pendiente,,,,Daniel Valencia,
7971,160,21,pendiente,,,,Daniel Valencia,
7972,160,22,pendiente,,,,Daniel Valencia,
7973,160,23,pendiente,,,,Daniel Valencia,
7974,160,24,pendiente,,,,Daniel Valencia,
7975,160,25,pendiente,,,,Daniel Valencia,
7976,160,26,pendiente,,,,Daniel Valencia,
7977,160,27,pendiente,,,,Daniel Valencia,
7978,160,28,pendiente,,,,Daniel Valencia,
7979,160,29,pendiente,,,,Daniel Valencia,
7980,160,30,pendiente,,,,Daniel Valencia,
7981,160,31,pendiente,,,,Daniel Valencia,
7982,160,32,pendiente,,,,Daniel Valencia,
7983,160,33,pendiente,Thu Oct 29 2026 00:00:00 GMT-0500 (hora de Ecuador),,,Daniel Valencia,
7984,160,34,pendiente,Fri Oct 30 2026 00:00:00 GMT-0500 (hora de Ecuador),,,Daniel Valencia,
7985,160,35,pendiente,Fri Oct 30 2026 00:00:00 GMT-0500 (hora de Ecuador),,,Daniel Valencia,
7986,160,36,pendiente,,,,Daniel Valencia,
7987,160,37,pendiente,,,,Daniel Valencia,
7988,160,38,pendiente,,,,Daniel Valencia,
7989,160,39,pendiente,Fri Oct 30 2026 00:00:00 GMT-0500 (hora de Ecuador),,,Daniel Valencia,
7990,160,40,pendiente,Thu Nov 05 2026 00:00:00 GMT-0500 (hora de Ecuador),,,Daniel Valencia,
7991,160,41,pendiente,,,,Daniel Valencia,
7992,160,42,pendiente,,,,Daniel Valencia,
7993,160,43,pendiente,,,,Daniel Valencia,
7994,160,44,pendiente,,,,Daniel Valencia,
7995,160,45,pendiente,,,,Daniel Valencia,
7996,160,46,pendiente,,,,Daniel Valencia,
7997,160,47,pendiente,,,,Daniel Valencia,
7998,160,48,pendiente,,,,Daniel Valencia,
7999,160,49,pendiente,,,,Daniel Valencia,
8000,160,50,pendiente,Thu Nov 05 2026 00:00:00 GMT-0500 (hora de Ecuador),,,Daniel Valencia,
8001,161,1,pendiente,,,,,
8002,161,2,pendiente,,,,,
8003,161,3,pendiente,,,,,
8004,161,4,pendiente,,,,,
8005,161,5,pendiente,,,,,
8006,161,6,pendiente,,,,,
8007,161,7,pendiente,,,,,
8008,161,8,pendiente,,,,,
8009,161,9,pendiente,,,,,
8010,161,10,pendiente,,,,,
8011,161,11,pendiente,,,,,
8012,161,12,pendiente,,,,,
8013,161,13,pendiente,,,,,
8014,161,14,pendiente,,,,,
8015,161,15,pendiente,,,,,
8016,161,16,pendiente,,,,,
8017,161,17,pendiente,,,,,
8018,161,18,pendiente,,,,,
8019,161,19,pendiente,,,,,
8020,161,20,pendiente,,,,,
8021,161,21,pendiente,,,,,
8022,161,22,pendiente,,,,,
8023,161,23,pendiente,,,,,
8024,161,24,pendiente,,,,,
8025,161,25,pendiente,,,,,
8026,161,26,pendiente,,,,,
8027,161,27,pendiente,,,,,
8028,161,28,pendiente,,,,,
8029,161,29,pendiente,,,,,
8030,161,30,pendiente,,,,,
8031,161,31,pendiente,,,,,
8032,161,32,pendiente,,,,,
8033,161,33,pendiente,,,,,
8034,161,34,pendiente,,,,,
8035,161,35,pendiente,,,,,
8036,161,36,pendiente,,,,,
8037,161,37,pendiente,,,,,
8038,161,38,pendiente,,,,,
8039,161,39,pendiente,,,,,
8040,161,40,pendiente,,,,,
8041,161,41,pendiente,,,,,
8042,161,42,pendiente,,,,,
8043,161,43,pendiente,,,,,
8044,161,44,pendiente,,,,,
8045,161,45,pendiente,,,,,
8046,161,46,pendiente,,,,,
8047,161,47,pendiente,,,,,
8048,161,48,pendiente,,,,,
8049,161,49,pendiente,,,,,
8050,161,50,pendiente,,,,,
8051,162,1,pendiente,Mon Oct 12 2026 00:00:00 GMT-0500 (hora de Ecuador),,,Javier Pacha,
8052,162,2,pendiente,Mon Oct 12 2026 00:00:00 GMT-0500 (hora de Ecuador),,,Javier Pacha,
8053,162,3,pendiente,Tue Oct 13 2026 00:00:00 GMT-0500 (hora de Ecuador),,,Javier Pacha,
8054,162,4,pendiente,Tue Oct 13 2026 00:00:00 GMT-0500 (hora de Ecuador),,,Javier Pacha,
8055,162,5,pendiente,Tue Oct 13 2026 00:00:00 GMT-0500 (hora de Ecuador),,,Javier Pacha,
8056,162,6,pendiente,Wed Oct 14 2026 00:00:00 GMT-0500 (hora de Ecuador),,,Javier Pacha,
8057,162,7,pendiente,Thu Oct 15 2026 00:00:00 GMT-0500 (hora de Ecuador),,,Javier Pacha,
8058,162,8,pendiente,Fri Oct 16 2026 00:00:00 GMT-0500 (hora de Ecuador),,,Javier Pacha,
8059,162,9,pendiente,Mon Oct 19 2026 00:00:00 GMT-0500 (hora de Ecuador),,,Javier Pacha,
8060,162,10,pendiente,Tue Oct 20 2026 00:00:00 GMT-0500 (hora de Ecuador),,,Javier Pacha,
8061,162,11,pendiente,Wed Oct 21 2026 00:00:00 GMT-0500 (hora de Ecuador),,,Javier Pacha,
8062,162,12,pendiente,Wed Oct 21 2026 00:00:00 GMT-0500 (hora de Ecuador),,,Javier Pacha,
8063,162,13,pendiente,Thu Oct 22 2026 00:00:00 GMT-0500 (hora de Ecuador),,,Javier Pacha,
8064,162,14,pendiente,Fri Oct 23 2026 00:00:00 GMT-0500 (hora de Ecuador),,,Javier Pacha,
8065,162,15,pendiente,Mon Oct 26 2026 00:00:00 GMT-0500 (hora de Ecuador),,,Javier Pacha,
8066,162,16,pendiente,Tue Oct 27 2026 00:00:00 GMT-0500 (hora de Ecuador),,,Javier Pacha,
8067,162,17,pendiente,Tue Oct 27 2026 00:00:00 GMT-0500 (hora de Ecuador),,,Javier Pacha,
8068,162,18,pendiente,Wed Oct 28 2026 00:00:00 GMT-0500 (hora de Ecuador),,,Javier Pacha,
8069,162,19,pendiente,Wed Oct 28 2026 00:00:00 GMT-0500 (hora de Ecuador),,,Javier Pacha,
8070,162,20,pendiente,,,,Javier Pacha,
8071,162,21,pendiente,,,,Javier Pacha,
8072,162,22,pendiente,,,,Javier Pacha,
8073,162,23,pendiente,,,,Javier Pacha,
8074,162,24,pendiente,,,,Javier Pacha,
8075,162,25,pendiente,,,,Javier Pacha,
8076,162,26,pendiente,,,,Javier Pacha,
8077,162,27,pendiente,,,,Javier Pacha,
8078,162,28,pendiente,,,,Javier Pacha,
8079,162,29,pendiente,,,,Javier Pacha,
8080,162,30,pendiente,,,,Javier Pacha,
8081,162,31,pendiente,,,,Javier Pacha,
8082,162,32,pendiente,,,,Javier Pacha,
8083,162,33,pendiente,Thu Oct 29 2026 00:00:00 GMT-0500 (hora de Ecuador),,,Javier Pacha,
8084,162,34,pendiente,Fri Oct 30 2026 00:00:00 GMT-0500 (hora de Ecuador),,,Javier Pacha,
8085,162,35,pendiente,Fri Oct 30 2026 00:00:00 GMT-0500 (hora de Ecuador),,,Javier Pacha,
8086,162,36,pendiente,,,,Javier Pacha,
8087,162,37,pendiente,,,,Javier Pacha,
8088,162,38,pendiente,,,,Javier Pacha,
8089,162,39,pendiente,Fri Oct 30 2026 00:00:00 GMT-0500 (hora de Ecuador),,,Javier Pacha,
8090,162,40,pendiente,Thu Nov 05 2026 00:00:00 GMT-0500 (hora de Ecuador),,,Javier Pacha,
8091,162,41,pendiente,,,,Javier Pacha,
8092,162,42,pendiente,,,,Javier Pacha,
8093,162,43,pendiente,,,,Javier Pacha,
8094,162,44,pendiente,,,,Javier Pacha,
8095,162,45,pendiente,,,,Javier Pacha,
8096,162,46,pendiente,,,,Javier Pacha,
8097,162,47,pendiente,,,,Javier Pacha,
8098,162,48,pendiente,,,,Javier Pacha,
8099,162,49,pendiente,,,,Javier Pacha,
8100,162,50,pendiente,Thu Nov 05 2026 00:00:00 GMT-0500 (hora de Ecuador),,,Javier Pacha,
8101,163,1,pendiente,Mon Oct 12 2026 00:00:00 GMT-0500 (hora de Ecuador),,,Javier Pacha,
8102,163,2,pendiente,Mon Oct 12 2026 00:00:00 GMT-0500 (hora de Ecuador),,,Javier Pacha,
8103,163,3,pendiente,Tue Oct 13 2026 00:00:00 GMT-0500 (hora de Ecuador),,,Javier Pacha,
8104,163,4,pendiente,Tue Oct 13 2026 00:00:00 GMT-0500 (hora de Ecuador),,,Javier Pacha,
8105,163,5,pendiente,Tue Oct 13 2026 00:00:00 GMT-0500 (hora de Ecuador),,,Javier Pacha,
8106,163,6,pendiente,Wed Oct 14 2026 00:00:00 GMT-0500 (hora de Ecuador),,,Javier Pacha,
8107,163,7,pendiente,Thu Oct 15 2026 00:00:00 GMT-0500 (hora de Ecuador),,,Javier Pacha,
8108,163,8,pendiente,Fri Oct 16 2026 00:00:00 GMT-0500 (hora de Ecuador),,,Javier Pacha,
8109,163,9,pendiente,Mon Oct 19 2026 00:00:00 GMT-0500 (hora de Ecuador),,,Javier Pacha,
8110,163,10,pendiente,Tue Oct 20 2026 00:00:00 GMT-0500 (hora de Ecuador),,,Javier Pacha,
8111,163,11,pendiente,Wed Oct 21 2026 00:00:00 GMT-0500 (hora de Ecuador),,,Javier Pacha,
8112,163,12,pendiente,Wed Oct 21 2026 00:00:00 GMT-0500 (hora de Ecuador),,,Javier Pacha,
8113,163,13,pendiente,Thu Oct 22 2026 00:00:00 GMT-0500 (hora de Ecuador),,,Javier Pacha,
8114,163,14,pendiente,Fri Oct 23 2026 00:00:00 GMT-0500 (hora de Ecuador),,,Javier Pacha,
8115,163,15,pendiente,Mon Oct 26 2026 00:00:00 GMT-0500 (hora de Ecuador),,,Javier Pacha,
8116,163,16,pendiente,Tue Oct 27 2026 00:00:00 GMT-0500 (hora de Ecuador),,,Javier Pacha,
8117,163,17,pendiente,Tue Oct 27 2026 00:00:00 GMT-0500 (hora de Ecuador),,,Javier Pacha,
8118,163,18,pendiente,Wed Oct 28 2026 00:00:00 GMT-0500 (hora de Ecuador),,,Javier Pacha,
8119,163,19,pendiente,Wed Oct 28 2026 00:00:00 GMT-0500 (hora de Ecuador),,,Javier Pacha,
8120,163,20,pendiente,,,,Javier Pacha,
8121,163,21,pendiente,,,,Javier Pacha,
8122,163,22,pendiente,,,,Javier Pacha,
8123,163,23,pendiente,,,,Javier Pacha,
8124,163,24,pendiente,,,,Javier Pacha,
8125,163,25,pendiente,,,,Javier Pacha,
8126,163,26,pendiente,,,,Javier Pacha,
8127,163,27,pendiente,,,,Javier Pacha,
8128,163,28,pendiente,,,,Javier Pacha,
8129,163,29,pendiente,,,,Javier Pacha,
8130,163,30,pendiente,,,,Javier Pacha,
8131,163,31,pendiente,,,,Javier Pacha,
8132,163,32,pendiente,,,,Javier Pacha,
8133,163,33,pendiente,Thu Oct 29 2026 00:00:00 GMT-0500 (hora de Ecuador),,,Javier Pacha,
8134,163,34,pendiente,Fri Oct 30 2026 00:00:00 GMT-0500 (hora de Ecuador),,,Javier Pacha,
8135,163,35,pendiente,Fri Oct 30 2026 00:00:00 GMT-0500 (hora de Ecuador),,,Javier Pacha,
8136,163,36,pendiente,,,,Javier Pacha,
8137,163,37,pendiente,,,,Javier Pacha,
8138,163,38,pendiente,,,,Javier Pacha,
8139,163,39,pendiente,Fri Oct 30 2026 00:00:00 GMT-0500 (hora de Ecuador),,,Javier Pacha,
8140,163,40,pendiente,Thu Nov 05 2026 00:00:00 GMT-0500 (hora de Ecuador),,,Javier Pacha,
8141,163,41,pendiente,,,,Javier Pacha,
8142,163,42,pendiente,,,,Javier Pacha,
8143,163,43,pendiente,,,,Javier Pacha,
8144,163,44,pendiente,,,,Javier Pacha,
8145,163,45,pendiente,,,,Javier Pacha,
8146,163,46,pendiente,,,,Javier Pacha,
8147,163,47,pendiente,,,,Javier Pacha,
8148,163,48,pendiente,,,,Javier Pacha,
8149,163,49,pendiente,,,,Javier Pacha,
8150,163,50,pendiente,Thu Nov 05 2026 00:00:00 GMT-0500 (hora de Ecuador),,,Javier Pacha,
8151,164,1,pendiente,,,,,
8152,164,2,pendiente,,,,,
8153,164,3,pendiente,,,,,
8154,164,4,pendiente,,,,,
8155,164,5,pendiente,,,,,
8156,164,6,pendiente,,,,,
8157,164,7,pendiente,,,,,
8158,164,8,pendiente,,,,,
8159,164,9,pendiente,,,,,
8160,164,10,pendiente,,,,,
8161,164,11,pendiente,,,,,
8162,164,12,pendiente,,,,,
8163,164,13,pendiente,,,,,
8164,164,14,pendiente,,,,,
8165,164,15,pendiente,,,,,
8166,164,16,pendiente,,,,,
8167,164,17,pendiente,,,,,
8168,164,18,pendiente,,,,,
8169,164,19,pendiente,,,,,
8170,164,20,pendiente,,,,,
8171,164,21,pendiente,,,,,
8172,164,22,pendiente,,,,,
8173,164,23,pendiente,,,,,
8174,164,24,pendiente,,,,,
8175,164,25,pendiente,,,,,
8176,164,26,pendiente,,,,,
8177,164,27,pendiente,,,,,
8178,164,28,pendiente,,,,,
8179,164,29,pendiente,,,,,
8180,164,30,pendiente,,,,,
8181,164,31,pendiente,,,,,
8182,164,32,pendiente,,,,,
8183,164,33,pendiente,,,,,
8184,164,34,pendiente,,,,,
8185,164,35,pendiente,,,,,
8186,164,36,pendiente,,,,,
8187,164,37,pendiente,,,,,
8188,164,38,pendiente,,,,,
8189,164,39,pendiente,,,,,
8190,164,40,pendiente,,,,,
8191,164,41,pendiente,,,,,
8192,164,42,pendiente,,,,,
8193,164,43,pendiente,,,,,
8194,164,44,pendiente,,,,,
8195,164,45,pendiente,,,,,
8196,164,46,pendiente,,,,,
8197,164,47,pendiente,,,,,
8198,164,48,pendiente,,,,,
8199,164,49,pendiente,,,,,
8200,164,50,pendiente,,,,,
8201,165,1,completado,Mon Oct 12 2026 00:00:00 GMT-0500 (hora de Ecuador),Tue May 05 2026 00:00:00 GMT-0500 (hora de Ecuador),,Javier Pacha,
8202,165,2,pendiente,Mon Oct 12 2026 00:00:00 GMT-0500 (hora de Ecuador),,,Javier Pacha,
8203,165,3,pendiente,Tue Oct 13 2026 00:00:00 GMT-0500 (hora de Ecuador),,,Javier Pacha,
8204,165,4,pendiente,Tue Oct 13 2026 00:00:00 GMT-0500 (hora de Ecuador),,,Javier Pacha,
8205,165,5,pendiente,Tue Oct 13 2026 00:00:00 GMT-0500 (hora de Ecuador),,,Javier Pacha,
8206,165,6,pendiente,Wed Oct 14 2026 00:00:00 GMT-0500 (hora de Ecuador),,,Javier Pacha,
8207,165,7,pendiente,Thu Oct 15 2026 00:00:00 GMT-0500 (hora de Ecuador),,,Javier Pacha,
8208,165,8,pendiente,Fri Oct 16 2026 00:00:00 GMT-0500 (hora de Ecuador),,,Javier Pacha,
8209,165,9,pendiente,Mon Oct 19 2026 00:00:00 GMT-0500 (hora de Ecuador),,,Javier Pacha,
8210,165,10,pendiente,Tue Oct 20 2026 00:00:00 GMT-0500 (hora de Ecuador),,,Javier Pacha,
8211,165,11,pendiente,Wed Oct 21 2026 00:00:00 GMT-0500 (hora de Ecuador),,,Javier Pacha,
8212,165,12,pendiente,Wed Oct 21 2026 00:00:00 GMT-0500 (hora de Ecuador),,,Javier Pacha,
8213,165,13,pendiente,Thu Oct 22 2026 00:00:00 GMT-0500 (hora de Ecuador),,,Javier Pacha,
8214,165,14,pendiente,Fri Oct 23 2026 00:00:00 GMT-0500 (hora de Ecuador),,,Javier Pacha,
8215,165,15,pendiente,Mon Oct 26 2026 00:00:00 GMT-0500 (hora de Ecuador),,,Javier Pacha,
8216,165,16,pendiente,Tue Oct 27 2026 00:00:00 GMT-0500 (hora de Ecuador),,,Javier Pacha,
8217,165,17,pendiente,Tue Oct 27 2026 00:00:00 GMT-0500 (hora de Ecuador),,,Javier Pacha,
8218,165,18,pendiente,Wed Oct 28 2026 00:00:00 GMT-0500 (hora de Ecuador),,,Javier Pacha,
8219,165,19,pendiente,Wed Oct 28 2026 00:00:00 GMT-0500 (hora de Ecuador),,,Javier Pacha,
8220,165,20,pendiente,,,,Javier Pacha,
8221,165,21,pendiente,,,,Javier Pacha,
8222,165,22,pendiente,,,,Javier Pacha,
8223,165,23,pendiente,,,,Javier Pacha,
8224,165,24,pendiente,,,,Javier Pacha,
8225,165,25,pendiente,,,,Javier Pacha,
8226,165,26,pendiente,,,,Javier Pacha,
8227,165,27,pendiente,,,,Javier Pacha,
8228,165,28,pendiente,,,,Javier Pacha,
8229,165,29,pendiente,,,,Javier Pacha,
8230,165,30,pendiente,,,,Javier Pacha,
8231,165,31,pendiente,,,,Javier Pacha,
8232,165,32,pendiente,,,,Javier Pacha,
8233,165,33,pendiente,Thu Oct 29 2026 00:00:00 GMT-0500 (hora de Ecuador),,,Javier Pacha,
8234,165,34,pendiente,Fri Oct 30 2026 00:00:00 GMT-0500 (hora de Ecuador),,,Javier Pacha,
8235,165,35,pendiente,Fri Oct 30 2026 00:00:00 GMT-0500 (hora de Ecuador),,,Javier Pacha,
8236,165,36,pendiente,,,,Javier Pacha,
8237,165,37,pendiente,,,,Javier Pacha,
8238,165,38,pendiente,,,,Javier Pacha,
8239,165,39,pendiente,Fri Oct 30 2026 00:00:00 GMT-0500 (hora de Ecuador),,,Javier Pacha,
8240,165,40,pendiente,Thu Nov 05 2026 00:00:00 GMT-0500 (hora de Ecuador),,,Javier Pacha,
8241,165,41,pendiente,,,,Javier Pacha,
8242,165,42,pendiente,,,,Javier Pacha,
8243,165,43,pendiente,,,,Javier Pacha,
8244,165,44,pendiente,,,,Javier Pacha,
8245,165,45,pendiente,,,,Javier Pacha,
8246,165,46,pendiente,,,,Javier Pacha,
8247,165,47,pendiente,,,,Javier Pacha,
8248,165,48,pendiente,,,,Javier Pacha,
8249,165,49,pendiente,,,,Javier Pacha,
8250,165,50,pendiente,Thu Nov 05 2026 00:00:00 GMT-0500 (hora de Ecuador),,,Javier Pacha,
8251,166,1,pendiente,,,,,
8252,166,2,pendiente,,,,,
8253,166,3,pendiente,,,,,
8254,166,4,pendiente,,,,,
8255,166,5,pendiente,,,,,
8256,166,6,pendiente,,,,,
8257,166,7,pendiente,,,,,
8258,166,8,pendiente,,,,,
8259,166,9,pendiente,,,,,
8260,166,10,pendiente,,,,,
8261,166,11,pendiente,,,,,
8262,166,12,pendiente,,,,,
8263,166,13,pendiente,,,,,
8264,166,14,pendiente,,,,,
8265,166,15,pendiente,,,,,
8266,166,16,pendiente,,,,,
8267,166,17,pendiente,,,,,
8268,166,18,pendiente,,,,,
8269,166,19,pendiente,,,,,
8270,166,20,pendiente,,,,,
8271,166,21,pendiente,,,,,
8272,166,22,pendiente,,,,,
8273,166,23,pendiente,,,,,
8274,166,24,pendiente,,,,,
8275,166,25,pendiente,,,,,
8276,166,26,pendiente,,,,,
8277,166,27,pendiente,,,,,
8278,166,28,pendiente,,,,,
8279,166,29,pendiente,,,,,
8280,166,30,pendiente,,,,,
8281,166,31,pendiente,,,,,
8282,166,32,pendiente,,,,,
8283,166,33,pendiente,,,,,
8284,166,34,pendiente,,,,,
8285,166,35,pendiente,,,,,
8286,166,36,pendiente,,,,,
8287,166,37,pendiente,,,,,
8288,166,38,pendiente,,,,,
8289,166,39,pendiente,,,,,
8290,166,40,pendiente,,,,,
8291,166,41,pendiente,,,,,
8292,166,42,pendiente,,,,,
8293,166,43,pendiente,,,,,
8294,166,44,pendiente,,,,,
8295,166,45,pendiente,,,,,
8296,166,46,pendiente,,,,,
8297,166,47,pendiente,,,,,
8298,166,48,pendiente,,,,,
8299,166,49,pendiente,,,,,
8300,166,50,pendiente,,,,,
8301,167,1,pendiente,,,,,
8302,167,2,pendiente,,,,,
8303,167,3,pendiente,,,,,
8304,167,4,pendiente,,,,,
8305,167,5,pendiente,,,,,
8306,167,6,pendiente,,,,,
8307,167,7,pendiente,,,,,
8308,167,8,pendiente,,,,,
8309,167,9,pendiente,,,,,
8310,167,10,pendiente,,,,,
8311,167,11,pendiente,,,,,
8312,167,12,pendiente,,,,,
8313,167,13,pendiente,,,,,
8314,167,14,pendiente,,,,,
8315,167,15,pendiente,,,,,
8316,167,16,pendiente,,,,,
8317,167,17,pendiente,,,,,
8318,167,18,pendiente,,,,,
8319,167,19,pendiente,,,,,
8320,167,20,pendiente,,,,,
8321,167,21,pendiente,,,,,
8322,167,22,pendiente,,,,,
8323,167,23,pendiente,,,,,
8324,167,24,pendiente,,,,,
8325,167,25,pendiente,,,,,
8326,167,26,pendiente,,,,,
8327,167,27,pendiente,,,,,
8328,167,28,pendiente,,,,,
8329,167,29,pendiente,,,,,
8330,167,30,pendiente,,,,,
8331,167,31,pendiente,,,,,
8332,167,32,pendiente,,,,,
8333,167,33,pendiente,,,,,
8334,167,34,pendiente,,,,,
8335,167,35,pendiente,,,,,
8336,167,36,pendiente,,,,,
8337,167,37,pendiente,,,,,
8338,167,38,pendiente,,,,,
8339,167,39,pendiente,,,,,
8340,167,40,pendiente,,,,,
8341,167,41,pendiente,,,,,
8342,167,42,pendiente,,,,,
8343,167,43,pendiente,,,,,
8344,167,44,pendiente,,,,,
8345,167,45,pendiente,,,,,
8346,167,46,pendiente,,,,,
8347,167,47,pendiente,,,,,
8348,167,48,pendiente,,,,,
8349,167,49,pendiente,,,,,
8350,167,50,pendiente,,,,,
8351,168,1,completado,Wed Feb 25 2026 00:00:00 GMT-0500 (hora de Ecuador),Thu Feb 12 2026 00:00:00 GMT-0500 (hora de Ecuador),,,
8352,168,2,completado,Wed Feb 25 2026 00:00:00 GMT-0500 (hora de Ecuador),Sun Feb 01 2026 00:00:00 GMT-0500 (hora de Ecuador),,,
8353,168,3,completado,Thu Feb 26 2026 00:00:00 GMT-0500 (hora de Ecuador),Sun Feb 01 2026 00:00:00 GMT-0500 (hora de Ecuador),,,
8354,168,4,completado,Thu Feb 26 2026 00:00:00 GMT-0500 (hora de Ecuador),Sun Feb 01 2026 00:00:00 GMT-0500 (hora de Ecuador),,,
8355,168,5,completado,Thu Feb 26 2026 00:00:00 GMT-0500 (hora de Ecuador),Sun Feb 01 2026 00:00:00 GMT-0500 (hora de Ecuador),,,
8356,168,6,completado,Fri Feb 27 2026 00:00:00 GMT-0500 (hora de Ecuador),Sun Feb 01 2026 00:00:00 GMT-0500 (hora de Ecuador),,,
8357,168,7,completado,Mon Mar 02 2026 00:00:00 GMT-0500 (hora de Ecuador),Sun Feb 01 2026 00:00:00 GMT-0500 (hora de Ecuador),,,
8358,168,8,completado,Tue Mar 03 2026 00:00:00 GMT-0500 (hora de Ecuador),Sun Feb 01 2026 00:00:00 GMT-0500 (hora de Ecuador),,,
8359,168,9,completado,Wed Mar 04 2026 00:00:00 GMT-0500 (hora de Ecuador),Sun Feb 01 2026 00:00:00 GMT-0500 (hora de Ecuador),,,
8360,168,10,completado,Thu Mar 05 2026 00:00:00 GMT-0500 (hora de Ecuador),Sun Feb 01 2026 00:00:00 GMT-0500 (hora de Ecuador),,,
8361,168,11,completado,Fri Mar 06 2026 00:00:00 GMT-0500 (hora de Ecuador),Sun Feb 01 2026 00:00:00 GMT-0500 (hora de Ecuador),,,
8362,168,12,completado,Fri Mar 06 2026 00:00:00 GMT-0500 (hora de Ecuador),Sun Feb 01 2026 00:00:00 GMT-0500 (hora de Ecuador),,,
8363,168,13,completado,Mon Mar 09 2026 00:00:00 GMT-0500 (hora de Ecuador),Sun Feb 01 2026 00:00:00 GMT-0500 (hora de Ecuador),,,
8364,168,14,completado,Tue Mar 10 2026 00:00:00 GMT-0500 (hora de Ecuador),Sun Feb 01 2026 00:00:00 GMT-0500 (hora de Ecuador),,,
8365,168,15,completado,Wed Mar 11 2026 00:00:00 GMT-0500 (hora de Ecuador),Sun Feb 01 2026 00:00:00 GMT-0500 (hora de Ecuador),,,
8366,168,16,completado,Thu Mar 12 2026 00:00:00 GMT-0500 (hora de Ecuador),Sun Feb 01 2026 00:00:00 GMT-0500 (hora de Ecuador),,,
8367,168,17,completado,Thu Mar 12 2026 00:00:00 GMT-0500 (hora de Ecuador),Sun Feb 01 2026 00:00:00 GMT-0500 (hora de Ecuador),,,
8368,168,18,completado,Fri Mar 13 2026 00:00:00 GMT-0500 (hora de Ecuador),Sun Feb 01 2026 00:00:00 GMT-0500 (hora de Ecuador),,,
8369,168,19,completado,Fri Mar 13 2026 00:00:00 GMT-0500 (hora de Ecuador),Sun Feb 01 2026 00:00:00 GMT-0500 (hora de Ecuador),,,
8370,168,20,pendiente,,,,,
8371,168,21,pendiente,,,,,
8372,168,22,pendiente,,,,,
8373,168,23,pendiente,,,,,
8374,168,24,pendiente,,,,,
8375,168,25,pendiente,,,,,
8376,168,26,pendiente,,,,,
8377,168,27,pendiente,,,,,
8378,168,28,pendiente,,,,,
8379,168,29,pendiente,,,,,
8380,168,30,pendiente,,,,,
8381,168,31,pendiente,,,,,
8382,168,32,pendiente,,,,,
8383,168,33,completado,Mon Mar 16 2026 00:00:00 GMT-0500 (hora de Ecuador),Mon Mar 16 2026 00:00:00 GMT-0500 (hora de Ecuador),,,
8384,168,34,completado,Tue Mar 17 2026 00:00:00 GMT-0500 (hora de Ecuador),Mon Mar 16 2026 00:00:00 GMT-0500 (hora de Ecuador),,,
8385,168,35,completado,Tue Mar 17 2026 00:00:00 GMT-0500 (hora de Ecuador),Mon Mar 16 2026 00:00:00 GMT-0500 (hora de Ecuador),,,
8386,168,36,pendiente,,,,,
8387,168,37,pendiente,,,,,
8388,168,38,pendiente,,,,,
8389,168,39,completado,Tue Mar 17 2026 00:00:00 GMT-0500 (hora de Ecuador),Mon Mar 16 2026 00:00:00 GMT-0500 (hora de Ecuador),,,
8390,168,40,completado,Mon Mar 23 2026 00:00:00 GMT-0500 (hora de Ecuador),Mon Mar 16 2026 00:00:00 GMT-0500 (hora de Ecuador),,,
8391,168,41,pendiente,,,,,
8392,168,42,pendiente,,,,,
8393,168,43,pendiente,,,,,
8394,168,44,pendiente,,,,,
8395,168,45,pendiente,,,,,
8396,168,46,pendiente,,,,,
8397,168,47,pendiente,,,,,
8398,168,48,pendiente,,,,,
8399,168,49,pendiente,,,,,
8400,168,50,completado,Mon Mar 23 2026 00:00:00 GMT-0500 (hora de Ecuador),Wed Mar 11 2026 00:00:00 GMT-0500 (hora de Ecuador),,,
8401,169,1,pendiente,,,,,
8402,169,2,pendiente,,,,,
8403,169,3,pendiente,,,,,
8404,169,4,pendiente,,,,,
8405,169,5,pendiente,,,,,
8406,169,6,pendiente,,,,,
8407,169,7,pendiente,,,,,
8408,169,8,pendiente,,,,,
8409,169,9,pendiente,,,,,
8410,169,10,pendiente,,,,,
8411,169,11,pendiente,,,,,
8412,169,12,pendiente,,,,,
8413,169,13,pendiente,,,,,
8414,169,14,pendiente,,,,,
8415,169,15,pendiente,,,,,
8416,169,16,pendiente,,,,,
8417,169,17,pendiente,,,,,
8418,169,18,pendiente,,,,,
8419,169,19,pendiente,,,,,
8420,169,20,pendiente,,,,,
8421,169,21,pendiente,,,,,
8422,169,22,pendiente,,,,,
8423,169,23,pendiente,,,,,
8424,169,24,pendiente,,,,,
8425,169,25,pendiente,,,,,
8426,169,26,pendiente,,,,,
8427,169,27,pendiente,,,,,
8428,169,28,pendiente,,,,,
8429,169,29,pendiente,,,,,
8430,169,30,pendiente,,,,,
8431,169,31,pendiente,,,,,
8432,169,32,pendiente,,,,,
8433,169,33,pendiente,,,,,
8434,169,34,pendiente,,,,,
8435,169,35,pendiente,,,,,
8436,169,36,pendiente,,,,,
8437,169,37,pendiente,,,,,
8438,169,38,pendiente,,,,,
8439,169,39,pendiente,,,,,
8440,169,40,pendiente,,,,,
8441,169,41,pendiente,,,,,
8442,169,42,pendiente,,,,,
8443,169,43,pendiente,,,,,
8444,169,44,pendiente,,,,,
8445,169,45,pendiente,,,,,
8446,169,46,pendiente,,,,,
8447,169,47,pendiente,,,,,
8448,169,48,pendiente,,,,,
8449,169,49,pendiente,,,,,
8450,169,50,pendiente,,,,,
8451,170,1,pendiente,,,,,
8452,170,2,pendiente,,,,,
8453,170,3,pendiente,,,,,
8454,170,4,pendiente,,,,,
8455,170,5,pendiente,,,,,
8456,170,6,pendiente,,,,,
8457,170,7,pendiente,,,,,
8458,170,8,pendiente,,,,,
8459,170,9,pendiente,,,,,
8460,170,10,pendiente,,,,,
8461,170,11,pendiente,,,,,
8462,170,12,pendiente,,,,,
8463,170,13,pendiente,,,,,
8464,170,14,pendiente,,,,,
8465,170,15,pendiente,,,,,
8466,170,16,pendiente,,,,,
8467,170,17,pendiente,,,,,
8468,170,18,pendiente,,,,,
8469,170,19,pendiente,,,,,
8470,170,20,pendiente,,,,,
8471,170,21,pendiente,,,,,
8472,170,22,pendiente,,,,,
8473,170,23,pendiente,,,,,
8474,170,24,pendiente,,,,,
8475,170,25,pendiente,,,,,
8476,170,26,pendiente,,,,,
8477,170,27,pendiente,,,,,
8478,170,28,pendiente,,,,,
8479,170,29,pendiente,,,,,
8480,170,30,pendiente,,,,,
8481,170,31,pendiente,,,,,
8482,170,32,pendiente,,,,,
8483,170,33,pendiente,,,,,
8484,170,34,pendiente,,,,,
8485,170,35,pendiente,,,,,
8486,170,36,pendiente,,,,,
8487,170,37,pendiente,,,,,
8488,170,38,pendiente,,,,,
8489,170,39,pendiente,,,,,
8490,170,40,pendiente,,,,,
8491,170,41,pendiente,,,,,
8492,170,42,pendiente,,,,,
8493,170,43,pendiente,,,,,
8494,170,44,pendiente,,,,,
8495,170,45,pendiente,,,,,
8496,170,46,pendiente,,,,,
8497,170,47,pendiente,,,,,
8498,170,48,pendiente,,,,,
8499,170,49,pendiente,,,,,
8500,170,50,pendiente,,,,,
8501,171,1,pendiente,Mon Apr 06 2026 00:00:00 GMT-0500 (hora de Ecuador),,,,
8502,171,2,pendiente,Tue Apr 07 2026 00:00:00 GMT-0500 (hora de Ecuador),,,,
8503,171,3,pendiente,Mon Apr 13 2026 00:00:00 GMT-0500 (hora de Ecuador),,,,
8504,171,4,pendiente,Mon Apr 13 2026 00:00:00 GMT-0500 (hora de Ecuador),,,,
8505,171,5,pendiente,Mon Apr 13 2026 00:00:00 GMT-0500 (hora de Ecuador),,,,
8506,171,6,pendiente,Tue Apr 14 2026 00:00:00 GMT-0500 (hora de Ecuador),,,,
8507,171,7,pendiente,Wed Apr 15 2026 00:00:00 GMT-0500 (hora de Ecuador),,,,
8508,171,8,pendiente,Wed Apr 15 2026 00:00:00 GMT-0500 (hora de Ecuador),,,,
8509,171,9,pendiente,Thu Apr 16 2026 00:00:00 GMT-0500 (hora de Ecuador),,,,
8510,171,10,pendiente,Tue Jun 16 2026 00:00:00 GMT-0500 (hora de Ecuador),,,,
8511,171,11,pendiente,Thu Apr 16 2026 00:00:00 GMT-0500 (hora de Ecuador),,,,
8512,171,12,pendiente,Fri Apr 17 2026 00:00:00 GMT-0500 (hora de Ecuador),,,,
8513,171,13,pendiente,Tue Apr 21 2026 00:00:00 GMT-0500 (hora de Ecuador),,,,
8514,171,14,pendiente,Wed Apr 22 2026 00:00:00 GMT-0500 (hora de Ecuador),,,,
8515,171,15,pendiente,Thu Apr 23 2026 00:00:00 GMT-0500 (hora de Ecuador),,,,
8516,171,16,pendiente,Thu Apr 23 2026 00:00:00 GMT-0500 (hora de Ecuador),,,,
8517,171,17,pendiente,Fri Apr 24 2026 00:00:00 GMT-0500 (hora de Ecuador),,,,
8518,171,18,pendiente,Mon Apr 27 2026 00:00:00 GMT-0500 (hora de Ecuador),,,,
8519,171,19,pendiente,Mon Apr 27 2026 00:00:00 GMT-0500 (hora de Ecuador),,,,
8520,171,20,pendiente,,,,,
8521,171,21,pendiente,,,,,
8522,171,22,pendiente,,,,,
8523,171,23,pendiente,,,,,
8524,171,24,pendiente,,,,,
8525,171,25,pendiente,,,,,
8526,171,26,pendiente,,,,,
8527,171,27,pendiente,,,,,
8528,171,28,pendiente,,,,,
8529,171,29,pendiente,,,,,
8530,171,30,pendiente,,,,,
8531,171,31,pendiente,,,,,
8532,171,32,pendiente,,,,,
8533,171,33,pendiente,Fri Apr 17 2026 00:00:00 GMT-0500 (hora de Ecuador),,,,
8534,171,34,pendiente,Sat Apr 18 2026 00:00:00 GMT-0500 (hora de Ecuador),,,,
8535,171,35,pendiente,Sun Apr 19 2026 00:00:00 GMT-0500 (hora de Ecuador),,,,
8536,171,36,pendiente,,,,,
8537,171,37,pendiente,,,,,
8538,171,38,pendiente,,,,,
8539,171,39,pendiente,Sat Apr 18 2026 00:00:00 GMT-0500 (hora de Ecuador),,,,
8540,171,40,pendiente,Fri Apr 24 2026 00:00:00 GMT-0500 (hora de Ecuador),,,,
8541,171,41,pendiente,,,,,
8542,171,42,pendiente,,,,,
8543,171,43,pendiente,,,,,
8544,171,44,pendiente,,,,,
8545,171,45,pendiente,,,,,
8546,171,46,pendiente,,,,,
8547,171,47,pendiente,,,,,
8548,171,48,pendiente,,,,,
8549,171,49,pendiente,,,,,
8550,171,50,pendiente,Fri Apr 24 2026 00:00:00 GMT-0500 (hora de Ecuador),,,,
8551,172,1,completado,Wed Feb 11 2026 00:00:00 GMT-0500 (hora de Ecuador),Wed Feb 11 2026 00:00:00 GMT-0500 (hora de Ecuador),,,
8552,172,2,completado,Thu Feb 12 2026 00:00:00 GMT-0500 (hora de Ecuador),Thu Feb 12 2026 00:00:00 GMT-0500 (hora de Ecuador),,,
8553,172,3,completado,Fri Feb 27 2026 00:00:00 GMT-0500 (hora de Ecuador),Fri Feb 27 2026 00:00:00 GMT-0500 (hora de Ecuador),,,
8554,172,4,completado,Fri Feb 27 2026 00:00:00 GMT-0500 (hora de Ecuador),Fri Feb 27 2026 00:00:00 GMT-0500 (hora de Ecuador),,,
8555,172,5,completado,Fri Feb 27 2026 00:00:00 GMT-0500 (hora de Ecuador),Fri Feb 27 2026 00:00:00 GMT-0500 (hora de Ecuador),,,
8556,172,6,completado,Fri Feb 27 2026 00:00:00 GMT-0500 (hora de Ecuador),Fri Feb 27 2026 00:00:00 GMT-0500 (hora de Ecuador),,,
8557,172,7,completado,Fri Feb 27 2026 00:00:00 GMT-0500 (hora de Ecuador),Fri Feb 27 2026 00:00:00 GMT-0500 (hora de Ecuador),,,
8558,172,8,completado,Mon Mar 02 2026 00:00:00 GMT-0500 (hora de Ecuador),Mon Mar 02 2026 00:00:00 GMT-0500 (hora de Ecuador),,,
8559,172,9,completado,Mon Mar 02 2026 00:00:00 GMT-0500 (hora de Ecuador),Mon Mar 02 2026 00:00:00 GMT-0500 (hora de Ecuador),,,
8560,172,10,completado,Tue Mar 03 2026 00:00:00 GMT-0500 (hora de Ecuador),Tue Mar 03 2026 00:00:00 GMT-0500 (hora de Ecuador),,,
8561,172,11,completado,Tue Mar 03 2026 00:00:00 GMT-0500 (hora de Ecuador),Tue Mar 03 2026 00:00:00 GMT-0500 (hora de Ecuador),,,
8562,172,12,completado,Wed Mar 04 2026 00:00:00 GMT-0500 (hora de Ecuador),Wed Mar 04 2026 00:00:00 GMT-0500 (hora de Ecuador),,,
8563,172,13,completado,Wed Mar 04 2026 00:00:00 GMT-0500 (hora de Ecuador),Wed Mar 04 2026 00:00:00 GMT-0500 (hora de Ecuador),,,
8564,172,14,completado,Mon Mar 09 2026 00:00:00 GMT-0500 (hora de Ecuador),Mon Mar 09 2026 00:00:00 GMT-0500 (hora de Ecuador),,,
8565,172,15,completado,Tue Mar 10 2026 00:00:00 GMT-0500 (hora de Ecuador),Wed Mar 25 2026 00:00:00 GMT-0500 (hora de Ecuador),,,
8566,172,16,completado,Tue Mar 10 2026 00:00:00 GMT-0500 (hora de Ecuador),Mon Apr 06 2026 00:00:00 GMT-0500 (hora de Ecuador),,,
8567,172,17,completado,Wed Mar 11 2026 00:00:00 GMT-0500 (hora de Ecuador),Tue Apr 14 2026 00:00:00 GMT-0500 (hora de Ecuador),,,
8568,172,18,pendiente,,,,,
8569,172,19,pendiente,,,,,
8570,172,20,pendiente,,,,,
8571,172,21,pendiente,,,,,
8572,172,22,pendiente,,,,,
8573,172,23,pendiente,,,,,
8574,172,24,completado,Wed Mar 11 2026 00:00:00 GMT-0500 (hora de Ecuador),Thu Apr 02 2026 00:00:00 GMT-0500 (hora de Ecuador),,,
8575,172,25,completado,Fri Mar 20 2026 00:00:00 GMT-0500 (hora de Ecuador),Wed Apr 08 2026 00:00:00 GMT-0500 (hora de Ecuador),,,
8576,172,26,completado,Fri Mar 20 2026 00:00:00 GMT-0500 (hora de Ecuador),Tue Jul 21 2026 00:00:00 GMT-0500 (hora de Ecuador),,,
8577,172,27,pendiente,Mon Apr 27 2026 00:00:00 GMT-0500 (hora de Ecuador),,,,
8578,172,28,pendiente,Thu Apr 30 2026 00:00:00 GMT-0500 (hora de Ecuador),,,,
8579,172,29,pendiente,Thu Apr 30 2026 00:00:00 GMT-0500 (hora de Ecuador),,,,
8580,172,30,pendiente,Tue May 12 2026 00:00:00 GMT-0500 (hora de Ecuador),,,,
8581,172,31,pendiente,,,,,
8582,172,32,pendiente,,,,,
8583,172,33,pendiente,Tue May 12 2026 00:00:00 GMT-0500 (hora de Ecuador),,,,
8584,172,34,pendiente,Tue May 12 2026 00:00:00 GMT-0500 (hora de Ecuador),,,,
8585,172,35,pendiente,Wed May 13 2026 00:00:00 GMT-0500 (hora de Ecuador),,,,
8586,172,36,pendiente,Thu May 14 2026 00:00:00 GMT-0500 (hora de Ecuador),,,,
8587,172,37,pendiente,Thu May 14 2026 00:00:00 GMT-0500 (hora de Ecuador),,,,
8588,172,38,pendiente,Fri May 15 2026 00:00:00 GMT-0500 (hora de Ecuador),,,,
8589,172,39,pendiente,Fri May 15 2026 00:00:00 GMT-0500 (hora de Ecuador),,,,
8590,172,40,pendiente,Fri May 15 2026 00:00:00 GMT-0500 (hora de Ecuador),,,,
8591,172,41,pendiente,Mon May 25 2026 00:00:00 GMT-0500 (hora de Ecuador),,,,
8592,172,42,pendiente,Mon Jun 01 2026 00:00:00 GMT-0500 (hora de Ecuador),,,,
8593,172,43,pendiente,Tue Jun 02 2026 00:00:00 GMT-0500 (hora de Ecuador),,,,
8594,172,44,pendiente,Wed Jun 03 2026 00:00:00 GMT-0500 (hora de Ecuador),,,,
8595,172,45,pendiente,Fri Jun 05 2026 00:00:00 GMT-0500 (hora de Ecuador),,,,
8596,172,46,pendiente,Fri Jun 05 2026 00:00:00 GMT-0500 (hora de Ecuador),,,,
8597,172,47,pendiente,Fri Jun 05 2026 00:00:00 GMT-0500 (hora de Ecuador),,,,
8598,172,48,pendiente,Fri Jun 05 2026 00:00:00 GMT-0500 (hora de Ecuador),,,,
8599,172,49,pendiente,Wed Jun 10 2026 00:00:00 GMT-0500 (hora de Ecuador),,,,
8600,172,50,pendiente,Tue Jun 23 2026 00:00:00 GMT-0500 (hora de Ecuador),,,,
8601,173,1,pendiente,Mon Jul 20 2026 00:00:00 GMT-0500 (hora de Ecuador),,,,
8602,173,2,completado,,Wed Feb 11 2026 00:00:00 GMT-0500 (hora de Ecuador),,,
8603,173,3,completado,,Tue Mar 10 2026 00:00:00 GMT-0500 (hora de Ecuador),,,
8604,173,4,completado,,Tue Mar 10 2026 00:00:00 GMT-0500 (hora de Ecuador),,,
8605,173,5,completado,,Tue Mar 24 2026 00:00:00 GMT-0500 (hora de Ecuador),,,
8606,173,6,pendiente,,,,,
8607,173,7,pendiente,,,,,
8608,173,8,completado,,Wed Mar 18 2026 00:00:00 GMT-0500 (hora de Ecuador),,,
8609,173,9,completado,,Fri Mar 20 2026 00:00:00 GMT-0500 (hora de Ecuador),,,
8610,173,10,completado,,Thu Feb 12 2026 00:00:00 GMT-0500 (hora de Ecuador),,,
8611,173,11,completado,,Thu Feb 12 2026 00:00:00 GMT-0500 (hora de Ecuador),,,
8612,173,12,completado,,Thu Jun 04 2026 00:00:00 GMT-0500 (hora de Ecuador),,,
8613,173,13,completado,,Thu Mar 19 2026 00:00:00 GMT-0500 (hora de Ecuador),,,
8614,173,14,completado,,Mon Mar 23 2026 00:00:00 GMT-0500 (hora de Ecuador),,,
8615,173,15,completado,,Mon Mar 23 2026 00:00:00 GMT-0500 (hora de Ecuador),,,
8616,173,16,completado,,Thu Jul 30 2026 00:00:00 GMT-0500 (hora de Ecuador),,,
8617,173,17,completado,,Thu Apr 02 2026 00:00:00 GMT-0500 (hora de Ecuador),,,
8618,173,18,pendiente,,,,,
8619,173,19,pendiente,,,,,
8620,173,20,pendiente,,,,,
8621,173,21,pendiente,,,,,
8622,173,22,pendiente,,,,,
8623,173,23,pendiente,,,,,
8624,173,24,completado,,Tue Mar 24 2026 00:00:00 GMT-0500 (hora de Ecuador),,,
8625,173,25,completado,,Fri Apr 10 2026 00:00:00 GMT-0500 (hora de Ecuador),,,
8626,173,26,completado,,Mon Apr 27 2026 00:00:00 GMT-0500 (hora de Ecuador),,,
8627,173,27,completado,,Tue Apr 28 2026 00:00:00 GMT-0500 (hora de Ecuador),,,
8628,173,28,completado,,Wed Jun 03 2026 00:00:00 GMT-0500 (hora de Ecuador),,,
8629,173,29,completado,,Fri May 08 2026 00:00:00 GMT-0500 (hora de Ecuador),,,
8630,173,30,completado,,Wed May 27 2026 00:00:00 GMT-0500 (hora de Ecuador),,,
8631,173,31,pendiente,,,,,
8632,173,32,pendiente,,,,,
8633,173,33,completado,,Fri May 29 2026 00:00:00 GMT-0500 (hora de Ecuador),,,
8634,173,34,completado,,Thu May 28 2026 00:00:00 GMT-0500 (hora de Ecuador),,,
8635,173,35,completado,,Fri May 29 2026 00:00:00 GMT-0500 (hora de Ecuador),,,
8636,173,36,pendiente,,,,,
8637,173,37,pendiente,,,,,
8638,173,38,pendiente,,,,,
8639,173,39,pendiente,,,,,
8640,173,40,pendiente,,,,,
8641,173,41,completado,,Wed Jun 10 2026 00:00:00 GMT-0500 (hora de Ecuador),,,
8642,173,42,completado,,Mon Jun 15 2026 00:00:00 GMT-0500 (hora de Ecuador),,,
8643,173,43,completado,,Mon Jun 29 2026 00:00:00 GMT-0500 (hora de Ecuador),,,
8644,173,44,completado,,Wed Jul 01 2026 00:00:00 GMT-0500 (hora de Ecuador),,,
8645,173,45,completado,,Wed Jul 01 2026 00:00:00 GMT-0500 (hora de Ecuador),,,
8646,173,46,completado,,Fri Jul 03 2026 00:00:00 GMT-0500 (hora de Ecuador),,,
8647,173,47,completado,,Wed Jul 15 2026 00:00:00 GMT-0500 (hora de Ecuador),,,
8648,173,48,completado,,Wed Jul 15 2026 00:00:00 GMT-0500 (hora de Ecuador),,,
8649,173,49,completado,,Wed Jul 15 2026 00:00:00 GMT-0500 (hora de Ecuador),,,
8650,173,50,pendiente,,,,,
8651,174,1,completado,Tue Feb 10 2026 00:00:00 GMT-0500 (hora de Ecuador),Tue Feb 10 2026 00:00:00 GMT-0500 (hora de Ecuador),,,
8652,174,2,completado,Wed Feb 11 2026 00:00:00 GMT-0500 (hora de Ecuador),Wed Feb 11 2026 00:00:00 GMT-0500 (hora de Ecuador),,,
8653,174,3,completado,Mon Mar 09 2026 00:00:00 GMT-0500 (hora de Ecuador),Mon Feb 09 2026 00:00:00 GMT-0500 (hora de Ecuador),,,
8654,174,4,completado,Mon Mar 09 2026 00:00:00 GMT-0500 (hora de Ecuador),Mon Mar 09 2026 00:00:00 GMT-0500 (hora de Ecuador),,,
8655,174,5,completado,Mon Mar 09 2026 00:00:00 GMT-0500 (hora de Ecuador),Mon Mar 09 2026 00:00:00 GMT-0500 (hora de Ecuador),,,
8656,174,6,completado,Mon Mar 09 2026 00:00:00 GMT-0500 (hora de Ecuador),Mon Mar 09 2026 00:00:00 GMT-0500 (hora de Ecuador),,,
8657,174,7,completado,Tue Mar 10 2026 00:00:00 GMT-0500 (hora de Ecuador),Tue Mar 10 2026 00:00:00 GMT-0500 (hora de Ecuador),,,
8658,174,8,completado,Wed Mar 11 2026 00:00:00 GMT-0500 (hora de Ecuador),Wed Mar 11 2026 00:00:00 GMT-0500 (hora de Ecuador),,,
8659,174,9,completado,Wed Mar 11 2026 00:00:00 GMT-0500 (hora de Ecuador),Wed Mar 11 2026 00:00:00 GMT-0500 (hora de Ecuador),,,
8660,174,10,completado,Fri Feb 27 2026 00:00:00 GMT-0500 (hora de Ecuador),Fri Feb 27 2026 00:00:00 GMT-0500 (hora de Ecuador),,,
8661,174,11,completado,Fri Feb 27 2026 00:00:00 GMT-0500 (hora de Ecuador),Fri Feb 27 2026 00:00:00 GMT-0500 (hora de Ecuador),,,
8662,174,12,completado,Wed Mar 11 2026 00:00:00 GMT-0500 (hora de Ecuador),Wed Mar 11 2026 00:00:00 GMT-0500 (hora de Ecuador),,,
8663,174,13,completado,Thu Mar 12 2026 00:00:00 GMT-0500 (hora de Ecuador),Thu Mar 12 2026 00:00:00 GMT-0500 (hora de Ecuador),,,
8664,174,14,completado,Mon Mar 16 2026 00:00:00 GMT-0500 (hora de Ecuador),Mon Mar 16 2026 00:00:00 GMT-0500 (hora de Ecuador),,,
8665,174,15,completado,Thu Mar 19 2026 00:00:00 GMT-0500 (hora de Ecuador),Thu Mar 19 2026 00:00:00 GMT-0500 (hora de Ecuador),,,
8666,174,16,completado,Thu Apr 02 2026 00:00:00 GMT-0500 (hora de Ecuador),Thu Apr 02 2026 00:00:00 GMT-0500 (hora de Ecuador),,,
8667,174,17,completado,Fri Apr 03 2026 00:00:00 GMT-0500 (hora de Ecuador),Tue Apr 14 2026 00:00:00 GMT-0500 (hora de Ecuador),,,
8668,174,18,pendiente,,,,,
8669,174,19,pendiente,,,,,
8670,174,20,pendiente,,,,,
8671,174,21,pendiente,,,,,
8672,174,22,pendiente,,,,,
8673,174,23,pendiente,,,,,
8674,174,24,completado,Tue Mar 24 2026 00:00:00 GMT-0500 (hora de Ecuador),Tue Mar 24 2026 00:00:00 GMT-0500 (hora de Ecuador),,,
8675,174,25,completado,Mon Apr 13 2026 00:00:00 GMT-0500 (hora de Ecuador),Fri Apr 10 2026 00:00:00 GMT-0500 (hora de Ecuador),,,
8676,174,26,completado,Mon Apr 13 2026 00:00:00 GMT-0500 (hora de Ecuador),Tue Apr 28 2026 00:00:00 GMT-0500 (hora de Ecuador),,,
8677,174,27,completado,Mon May 25 2026 00:00:00 GMT-0500 (hora de Ecuador),Tue Apr 28 2026 00:00:00 GMT-0500 (hora de Ecuador),,,
8678,174,28,completado,Mon May 25 2026 00:00:00 GMT-0500 (hora de Ecuador),Wed Jun 03 2026 00:00:00 GMT-0500 (hora de Ecuador),,,
8679,174,29,completado,Mon May 25 2026 00:00:00 GMT-0500 (hora de Ecuador),Thu May 07 2026 00:00:00 GMT-0500 (hora de Ecuador),,,
8680,174,30,completado,Mon Jun 15 2026 00:00:00 GMT-0500 (hora de Ecuador),Wed May 27 2026 00:00:00 GMT-0500 (hora de Ecuador),,,
8681,174,31,pendiente,,,,,
8682,174,32,pendiente,,,,,
8683,174,33,completado,Tue Jun 16 2026 00:00:00 GMT-0500 (hora de Ecuador),Thu May 28 2026 00:00:00 GMT-0500 (hora de Ecuador),,,
8684,174,34,completado,Tue Jun 16 2026 00:00:00 GMT-0500 (hora de Ecuador),Thu May 28 2026 00:00:00 GMT-0500 (hora de Ecuador),,,
8685,174,35,completado,Tue Jun 16 2026 00:00:00 GMT-0500 (hora de Ecuador),Wed Jun 03 2026 00:00:00 GMT-0500 (hora de Ecuador),,,
8686,174,36,completado,Tue Jun 16 2026 00:00:00 GMT-0500 (hora de Ecuador),Wed Jun 03 2026 00:00:00 GMT-0500 (hora de Ecuador),,,
8687,174,37,completado,Tue Jun 16 2026 00:00:00 GMT-0500 (hora de Ecuador),Wed Jun 03 2026 00:00:00 GMT-0500 (hora de Ecuador),,,
8688,174,38,completado,Wed Jun 17 2026 00:00:00 GMT-0500 (hora de Ecuador),Wed Jun 03 2026 00:00:00 GMT-0500 (hora de Ecuador),,,
8689,174,39,completado,Wed Jun 17 2026 00:00:00 GMT-0500 (hora de Ecuador),Wed Jun 03 2026 00:00:00 GMT-0500 (hora de Ecuador),,,
8690,174,40,completado,Thu Jun 18 2026 00:00:00 GMT-0500 (hora de Ecuador),Thu Jun 04 2026 00:00:00 GMT-0500 (hora de Ecuador),,,
8691,174,41,completado,Fri Jun 26 2026 00:00:00 GMT-0500 (hora de Ecuador),Thu Jun 11 2026 00:00:00 GMT-0500 (hora de Ecuador),,,
8692,174,42,completado,Tue Jun 30 2026 00:00:00 GMT-0500 (hora de Ecuador),Mon Jun 15 2026 00:00:00 GMT-0500 (hora de Ecuador),,,
8693,174,43,completado,Tue Jul 14 2026 00:00:00 GMT-0500 (hora de Ecuador),Mon Jun 29 2026 00:00:00 GMT-0500 (hora de Ecuador),,,
8694,174,44,completado,Thu Jul 16 2026 00:00:00 GMT-0500 (hora de Ecuador),Wed Jul 01 2026 00:00:00 GMT-0500 (hora de Ecuador),,,
8695,174,45,completado,Thu Jul 16 2026 00:00:00 GMT-0500 (hora de Ecuador),Wed Jul 01 2026 00:00:00 GMT-0500 (hora de Ecuador),,,
8696,174,46,completado,Mon Jul 20 2026 00:00:00 GMT-0500 (hora de Ecuador),Fri Jul 03 2026 00:00:00 GMT-0500 (hora de Ecuador),,,
8697,174,47,completado,Wed Jul 22 2026 00:00:00 GMT-0500 (hora de Ecuador),Thu Jul 09 2026 00:00:00 GMT-0500 (hora de Ecuador),,,
8698,174,48,completado,Wed Jul 22 2026 00:00:00 GMT-0500 (hora de Ecuador),Thu Jul 09 2026 00:00:00 GMT-0500 (hora de Ecuador),,,
8699,174,49,completado,Mon Jul 27 2026 00:00:00 GMT-0500 (hora de Ecuador),Thu Jul 16 2026 00:00:00 GMT-0500 (hora de Ecuador),,,
8700,174,50,pendiente,Mon Aug 03 2026 00:00:00 GMT-0500 (hora de Ecuador),,,,
8701,175,1,pendiente,,,,,
8702,175,2,pendiente,,,,,
8703,175,3,pendiente,,,,,
8704,175,4,pendiente,,,,,
8705,175,5,pendiente,,,,,
8706,175,6,pendiente,,,,,
8707,175,7,pendiente,,,,,
8708,175,8,pendiente,,,,,
8709,175,9,pendiente,,,,,
8710,175,10,pendiente,,,,,
8711,175,11,pendiente,,,,,
8712,175,12,pendiente,,,,,
8713,175,13,pendiente,,,,,
8714,175,14,pendiente,,,,,
8715,175,15,pendiente,,,,,
8716,175,16,pendiente,,,,,
8717,175,17,pendiente,,,,,
8718,175,18,pendiente,,,,,
8719,175,19,pendiente,,,,,
8720,175,20,pendiente,,,,,
8721,175,21,pendiente,,,,,
8722,175,22,pendiente,,,,,
8723,175,23,pendiente,,,,,
8724,175,24,pendiente,,,,,
8725,175,25,pendiente,,,,,
8726,175,26,pendiente,,,,,
8727,175,27,pendiente,,,,,
8728,175,28,pendiente,,,,,
8729,175,29,pendiente,,,,,
8730,175,30,pendiente,,,,,
8731,175,31,pendiente,,,,,
8732,175,32,pendiente,,,,,
8733,175,33,pendiente,,,,,
8734,175,34,pendiente,,,,,
8735,175,35,pendiente,,,,,
8736,175,36,pendiente,,,,,
8737,175,37,pendiente,,,,,
8738,175,38,pendiente,,,,,
8739,175,39,pendiente,,,,,
8740,175,40,pendiente,,,,,
8741,175,41,pendiente,,,,,
8742,175,42,pendiente,,,,,
8743,175,43,pendiente,,,,,
8744,175,44,pendiente,,,,,
8745,175,45,pendiente,,,,,
8746,175,46,pendiente,,,,,
8747,175,47,pendiente,,,,,
8748,175,48,pendiente,,,,,
8749,175,49,pendiente,,,,,
8750,175,50,pendiente,,,,,
8751,176,1,pendiente,,,,,
8752,176,2,pendiente,,,,,
8753,176,3,pendiente,,,,,
8754,176,4,pendiente,,,,,
8755,176,5,pendiente,,,,,
8756,176,6,pendiente,,,,,
8757,176,7,pendiente,,,,,
8758,176,8,pendiente,,,,,
8759,176,9,pendiente,,,,,
8760,176,10,pendiente,,,,,
8761,176,11,pendiente,,,,,
8762,176,12,pendiente,,,,,
8763,176,13,pendiente,,,,,
8764,176,14,pendiente,,,,,
8765,176,15,pendiente,,,,,
8766,176,16,pendiente,,,,,
8767,176,17,pendiente,,,,,
8768,176,18,pendiente,,,,,
8769,176,19,pendiente,,,,,
8770,176,20,pendiente,,,,,
8771,176,21,pendiente,,,,,
8772,176,22,pendiente,,,,,
8773,176,23,pendiente,,,,,
8774,176,24,pendiente,,,,,
8775,176,25,pendiente,,,,,
8776,176,26,pendiente,,,,,
8777,176,27,pendiente,,,,,
8778,176,28,pendiente,,,,,
8779,176,29,pendiente,,,,,
8780,176,30,pendiente,,,,,
8781,176,31,pendiente,,,,,
8782,176,32,pendiente,,,,,
8783,176,33,pendiente,,,,,
8784,176,34,pendiente,,,,,
8785,176,35,pendiente,,,,,
8786,176,36,pendiente,,,,,
8787,176,37,pendiente,,,,,
8788,176,38,pendiente,,,,,
8789,176,39,pendiente,,,,,
8790,176,40,pendiente,,,,,
8791,176,41,pendiente,,,,,
8792,176,42,pendiente,,,,,
8793,176,43,pendiente,,,,,
8794,176,44,pendiente,,,,,
8795,176,45,pendiente,,,,,
8796,176,46,pendiente,,,,,
8797,176,47,pendiente,,,,,
8798,176,48,pendiente,,,,,
8799,176,49,pendiente,,,,,
8800,176,50,pendiente,,,,,
8801,177,1,completado,Mon Apr 06 2026 00:00:00 GMT-0500 (hora de Ecuador),Mon May 18 2026 00:00:00 GMT-0500 (hora de Ecuador),,Daniel Rojas,
8802,177,2,completado,Mon Apr 06 2026 00:00:00 GMT-0500 (hora de Ecuador),Mon May 18 2026 00:00:00 GMT-0500 (hora de Ecuador),,Daniel Rojas,
8803,177,3,completado,Tue Apr 07 2026 00:00:00 GMT-0500 (hora de Ecuador),Thu Jun 11 2026 00:00:00 GMT-0500 (hora de Ecuador),,Daniel Rojas,
8804,177,4,completado,Tue Apr 07 2026 00:00:00 GMT-0500 (hora de Ecuador),Thu Jun 11 2026 00:00:00 GMT-0500 (hora de Ecuador),,Daniel Rojas,
8805,177,5,completado,Tue Apr 07 2026 00:00:00 GMT-0500 (hora de Ecuador),Mon Jun 15 2026 00:00:00 GMT-0500 (hora de Ecuador),,Daniel Rojas,
8806,177,6,completado,Wed Apr 08 2026 00:00:00 GMT-0500 (hora de Ecuador),Thu Jun 18 2026 00:00:00 GMT-0500 (hora de Ecuador),,Daniel Rojas,
8807,177,7,completado,Thu Apr 09 2026 00:00:00 GMT-0500 (hora de Ecuador),Tue Jun 30 2026 00:00:00 GMT-0500 (hora de Ecuador),,Daniel Rojas,
8808,177,8,completado,Fri Apr 10 2026 00:00:00 GMT-0500 (hora de Ecuador),Thu Jun 18 2026 00:00:00 GMT-0500 (hora de Ecuador),,Daniel Rojas,
8809,177,9,completado,Mon Apr 13 2026 00:00:00 GMT-0500 (hora de Ecuador),Thu Jun 18 2026 00:00:00 GMT-0500 (hora de Ecuador),,Daniel Rojas,
8810,177,10,completado,Tue Apr 14 2026 00:00:00 GMT-0500 (hora de Ecuador),Tue Jun 30 2026 00:00:00 GMT-0500 (hora de Ecuador),,Daniel Rojas,
8811,177,11,completado,Wed Apr 15 2026 00:00:00 GMT-0500 (hora de Ecuador),Tue Jun 30 2026 00:00:00 GMT-0500 (hora de Ecuador),,Daniel Rojas,
8812,177,12,completado,Wed Apr 15 2026 00:00:00 GMT-0500 (hora de Ecuador),Tue Jun 30 2026 00:00:00 GMT-0500 (hora de Ecuador),,Daniel Rojas,
8813,177,13,completado,Thu Apr 16 2026 00:00:00 GMT-0500 (hora de Ecuador),Tue Jun 30 2026 00:00:00 GMT-0500 (hora de Ecuador),,Daniel Rojas,
8814,177,14,completado,Fri Apr 17 2026 00:00:00 GMT-0500 (hora de Ecuador),Tue Jun 30 2026 00:00:00 GMT-0500 (hora de Ecuador),,Daniel Rojas,
8815,177,15,completado,Mon Apr 20 2026 00:00:00 GMT-0500 (hora de Ecuador),Tue Jun 30 2026 00:00:00 GMT-0500 (hora de Ecuador),,Daniel Rojas,
8816,177,16,completado,Tue Apr 21 2026 00:00:00 GMT-0500 (hora de Ecuador),Tue Jun 30 2026 00:00:00 GMT-0500 (hora de Ecuador),,Daniel Rojas,
8817,177,17,completado,Tue Apr 21 2026 00:00:00 GMT-0500 (hora de Ecuador),Mon Jun 15 2026 00:00:00 GMT-0500 (hora de Ecuador),,Daniel Rojas,
8818,177,18,completado,Wed Apr 22 2026 00:00:00 GMT-0500 (hora de Ecuador),Tue Jun 30 2026 00:00:00 GMT-0500 (hora de Ecuador),,Daniel Rojas,
8819,177,19,completado,Wed Apr 22 2026 00:00:00 GMT-0500 (hora de Ecuador),Tue Jun 30 2026 00:00:00 GMT-0500 (hora de Ecuador),,Daniel Rojas,
8820,177,20,pendiente,,,,Daniel Rojas,
8821,177,21,pendiente,,,,Daniel Rojas,
8822,177,22,pendiente,,,,Daniel Rojas,
8823,177,23,pendiente,,,,Daniel Rojas,
8824,177,24,pendiente,,,,Daniel Rojas,
8825,177,25,pendiente,,,,Daniel Rojas,
8826,177,26,pendiente,,,,Daniel Rojas,
8827,177,27,pendiente,,,,Daniel Rojas,
8828,177,28,pendiente,,,,Daniel Rojas,
8829,177,29,pendiente,,,,Daniel Rojas,
8830,177,30,pendiente,,,,Daniel Rojas,
8831,177,31,pendiente,,,,Daniel Rojas,
8832,177,32,pendiente,,,,Daniel Rojas,
8833,177,33,completado,Thu Apr 23 2026 00:00:00 GMT-0500 (hora de Ecuador),Mon Jul 20 2026 00:00:00 GMT-0500 (hora de Ecuador),,Daniel Rojas,
8834,177,34,completado,Fri Apr 24 2026 00:00:00 GMT-0500 (hora de Ecuador),Fri Jun 19 2026 00:00:00 GMT-0500 (hora de Ecuador),,Daniel Rojas,
8835,177,35,completado,Fri Apr 24 2026 00:00:00 GMT-0500 (hora de Ecuador),Tue Jun 30 2026 00:00:00 GMT-0500 (hora de Ecuador),,Daniel Rojas,
8836,177,36,completado,Mon Apr 27 2026 00:00:00 GMT-0500 (hora de Ecuador),Tue Jun 30 2026 00:00:00 GMT-0500 (hora de Ecuador),,Daniel Rojas,
8837,177,37,completado,Tue Apr 28 2026 00:00:00 GMT-0500 (hora de Ecuador),Tue Jun 30 2026 00:00:00 GMT-0500 (hora de Ecuador),,Daniel Rojas,
8838,177,38,completado,Wed Apr 29 2026 00:00:00 GMT-0500 (hora de Ecuador),Tue Jun 30 2026 00:00:00 GMT-0500 (hora de Ecuador),,Daniel Rojas,
8839,177,39,completado,Thu Apr 30 2026 00:00:00 GMT-0500 (hora de Ecuador),Mon Jul 20 2026 00:00:00 GMT-0500 (hora de Ecuador),,Daniel Rojas,
8840,177,40,completado,Thu Apr 30 2026 00:00:00 GMT-0500 (hora de Ecuador),Tue Jun 30 2026 00:00:00 GMT-0500 (hora de Ecuador),,Daniel Rojas,
8841,177,41,pendiente,,,,Daniel Rojas,
8842,177,42,pendiente,,,,Daniel Rojas,
8843,177,43,pendiente,,,,Daniel Rojas,
8844,177,44,pendiente,,,,Daniel Rojas,
8845,177,45,pendiente,,,,Daniel Rojas,
8846,177,46,pendiente,,,,Daniel Rojas,
8847,177,47,pendiente,,,,Daniel Rojas,
8848,177,48,pendiente,,,,Daniel Rojas,
8849,177,49,completado,Tue May 05 2026 00:00:00 GMT-0500 (hora de Ecuador),Tue Jun 30 2026 00:00:00 GMT-0500 (hora de Ecuador),,Daniel Rojas,
8850,177,50,completado,Tue May 05 2026 00:00:00 GMT-0500 (hora de Ecuador),Tue Jul 07 2026 00:00:00 GMT-0500 (hora de Ecuador),,Daniel Rojas,
8851,178,1,pendiente,,,,,
8852,178,2,pendiente,,,,,
8853,178,3,pendiente,,,,,
8854,178,4,pendiente,,,,,
8855,178,5,pendiente,,,,,
8856,178,6,pendiente,,,,,
8857,178,7,pendiente,,,,,
8858,178,8,pendiente,,,,,
8859,178,9,pendiente,,,,,
8860,178,10,pendiente,,,,,
8861,178,11,pendiente,,,,,
8862,178,12,pendiente,,,,,
8863,178,13,pendiente,,,,,
8864,178,14,pendiente,,,,,
8865,178,15,pendiente,,,,,
8866,178,16,pendiente,,,,,
8867,178,17,pendiente,,,,,
8868,178,18,pendiente,,,,,
8869,178,19,pendiente,,,,,
8870,178,20,pendiente,,,,,
8871,178,21,pendiente,,,,,
8872,178,22,pendiente,,,,,
8873,178,23,pendiente,,,,,
8874,178,24,pendiente,,,,,
8875,178,25,pendiente,,,,,
8876,178,26,pendiente,,,,,
8877,178,27,pendiente,,,,,
8878,178,28,pendiente,,,,,
8879,178,29,pendiente,,,,,
8880,178,30,pendiente,,,,,
8881,178,31,pendiente,,,,,
8882,178,32,pendiente,,,,,
8883,178,33,pendiente,,,,,
8884,178,34,pendiente,,,,,
8885,178,35,pendiente,,,,,
8886,178,36,pendiente,,,,,
8887,178,37,pendiente,,,,,
8888,178,38,pendiente,,,,,
8889,178,39,pendiente,,,,,
8890,178,40,pendiente,,,,,
8891,178,41,pendiente,,,,,
8892,178,42,pendiente,,,,,
8893,178,43,pendiente,,,,,
8894,178,44,pendiente,,,,,
8895,178,45,pendiente,,,,,
8896,178,46,pendiente,,,,,
8897,178,47,pendiente,,,,,
8898,178,48,pendiente,,,,,
8899,178,49,pendiente,,,,,
8900,178,50,pendiente,,,,,
8901,179,1,pendiente,Thu Apr 09 2026 00:00:00 GMT-0500 (hora de Ecuador),,,Pablo Arboleda,
8902,179,2,pendiente,Thu Apr 09 2026 00:00:00 GMT-0500 (hora de Ecuador),,,Pablo Arboleda,
8903,179,3,pendiente,Fri Apr 10 2026 00:00:00 GMT-0500 (hora de Ecuador),,,Pablo Arboleda,
8904,179,4,pendiente,Fri Apr 10 2026 00:00:00 GMT-0500 (hora de Ecuador),,,Pablo Arboleda,
8905,179,5,pendiente,Fri Apr 10 2026 00:00:00 GMT-0500 (hora de Ecuador),,,Pablo Arboleda,
8906,179,6,pendiente,Mon Apr 13 2026 00:00:00 GMT-0500 (hora de Ecuador),,,Pablo Arboleda,
8907,179,7,pendiente,Tue Apr 14 2026 00:00:00 GMT-0500 (hora de Ecuador),,,Pablo Arboleda,
8908,179,8,pendiente,Wed Apr 15 2026 00:00:00 GMT-0500 (hora de Ecuador),,,Pablo Arboleda,
8909,179,9,pendiente,Thu Apr 16 2026 00:00:00 GMT-0500 (hora de Ecuador),,,Pablo Arboleda,
8910,179,10,pendiente,Fri Apr 17 2026 00:00:00 GMT-0500 (hora de Ecuador),,,Pablo Arboleda,
8911,179,11,pendiente,Mon Apr 20 2026 00:00:00 GMT-0500 (hora de Ecuador),,,Pablo Arboleda,
8912,179,12,pendiente,Mon Apr 20 2026 00:00:00 GMT-0500 (hora de Ecuador),,,Pablo Arboleda,
8913,179,13,pendiente,Tue Apr 21 2026 00:00:00 GMT-0500 (hora de Ecuador),,,Pablo Arboleda,
8914,179,14,pendiente,Wed Apr 22 2026 00:00:00 GMT-0500 (hora de Ecuador),,,Pablo Arboleda,
8915,179,15,pendiente,Thu Apr 23 2026 00:00:00 GMT-0500 (hora de Ecuador),,,Pablo Arboleda,
8916,179,16,pendiente,Fri Apr 24 2026 00:00:00 GMT-0500 (hora de Ecuador),,,Pablo Arboleda,
8917,179,17,pendiente,Fri Apr 24 2026 00:00:00 GMT-0500 (hora de Ecuador),,,Pablo Arboleda,
8918,179,18,pendiente,Mon Apr 27 2026 00:00:00 GMT-0500 (hora de Ecuador),,,Pablo Arboleda,
8919,179,19,pendiente,Mon Apr 27 2026 00:00:00 GMT-0500 (hora de Ecuador),,,Pablo Arboleda,
8920,179,20,pendiente,,,,Pablo Arboleda,
8921,179,21,pendiente,,,,Pablo Arboleda,
8922,179,22,pendiente,,,,Pablo Arboleda,
8923,179,23,pendiente,,,,Pablo Arboleda,
8924,179,24,pendiente,,,,Pablo Arboleda,
8925,179,25,pendiente,,,,Pablo Arboleda,
8926,179,26,pendiente,,,,Pablo Arboleda,
8927,179,27,pendiente,,,,Pablo Arboleda,
8928,179,28,pendiente,,,,Pablo Arboleda,
8929,179,29,pendiente,,,,Pablo Arboleda,
8930,179,30,pendiente,,,,Pablo Arboleda,
8931,179,31,pendiente,,,,Pablo Arboleda,
8932,179,32,pendiente,,,,Pablo Arboleda,
8933,179,33,pendiente,Tue Apr 28 2026 00:00:00 GMT-0500 (hora de Ecuador),,,Pablo Arboleda,
8934,179,34,pendiente,Wed Apr 29 2026 00:00:00 GMT-0500 (hora de Ecuador),,,Pablo Arboleda,
8935,179,35,pendiente,Wed Apr 29 2026 00:00:00 GMT-0500 (hora de Ecuador),,,Pablo Arboleda,
8936,179,36,pendiente,Thu Apr 30 2026 00:00:00 GMT-0500 (hora de Ecuador),,,Pablo Arboleda,
8937,179,37,pendiente,Fri May 01 2026 00:00:00 GMT-0500 (hora de Ecuador),,,Pablo Arboleda,
8938,179,38,pendiente,Mon May 04 2026 00:00:00 GMT-0500 (hora de Ecuador),,,Pablo Arboleda,
8939,179,39,pendiente,Tue May 05 2026 00:00:00 GMT-0500 (hora de Ecuador),,,Pablo Arboleda,
8940,179,40,pendiente,Tue May 05 2026 00:00:00 GMT-0500 (hora de Ecuador),,,Pablo Arboleda,
8941,179,41,pendiente,Thu May 07 2026 00:00:00 GMT-0500 (hora de Ecuador),,,Pablo Arboleda,
8942,179,42,pendiente,Mon May 11 2026 00:00:00 GMT-0500 (hora de Ecuador),,,Pablo Arboleda,
8943,179,43,pendiente,Wed May 13 2026 00:00:00 GMT-0500 (hora de Ecuador),,,Pablo Arboleda,
8944,179,44,pendiente,Thu May 14 2026 00:00:00 GMT-0500 (hora de Ecuador),,,Pablo Arboleda,
8945,179,45,pendiente,Fri May 15 2026 00:00:00 GMT-0500 (hora de Ecuador),,,Pablo Arboleda,
8946,179,46,pendiente,Tue May 19 2026 00:00:00 GMT-0500 (hora de Ecuador),,,Pablo Arboleda,
8947,179,47,pendiente,Wed May 20 2026 00:00:00 GMT-0500 (hora de Ecuador),,,Pablo Arboleda,
8948,179,48,pendiente,Wed May 20 2026 00:00:00 GMT-0500 (hora de Ecuador),,,Pablo Arboleda,
8949,179,49,pendiente,Mon May 25 2026 00:00:00 GMT-0500 (hora de Ecuador),,,Pablo Arboleda,
8950,179,50,pendiente,Thu May 28 2026 00:00:00 GMT-0500 (hora de Ecuador),,,Pablo Arboleda,
8951,180,1,pendiente,,,,,
8952,180,2,pendiente,,,,,
8953,180,3,pendiente,,,,,
8954,180,4,pendiente,,,,,
8955,180,5,pendiente,,,,,
8956,180,6,pendiente,,,,,
8957,180,7,pendiente,,,,,
8958,180,8,pendiente,,,,,
8959,180,9,pendiente,,,,,
8960,180,10,pendiente,,,,,
8961,180,11,pendiente,,,,,
8962,180,12,pendiente,,,,,
8963,180,13,pendiente,,,,,
8964,180,14,pendiente,,,,,
8965,180,15,pendiente,,,,,
8966,180,16,pendiente,,,,,
8967,180,17,pendiente,,,,,
8968,180,18,pendiente,,,,,
8969,180,19,pendiente,,,,,
8970,180,20,pendiente,,,,,
8971,180,21,pendiente,,,,,
8972,180,22,pendiente,,,,,
8973,180,23,pendiente,,,,,
8974,180,24,pendiente,,,,,
8975,180,25,pendiente,,,,,
8976,180,26,pendiente,,,,,
8977,180,27,pendiente,,,,,
8978,180,28,pendiente,,,,,
8979,180,29,pendiente,,,,,
8980,180,30,pendiente,,,,,
8981,180,31,pendiente,,,,,
8982,180,32,pendiente,,,,,
8983,180,33,pendiente,,,,,
8984,180,34,pendiente,,,,,
8985,180,35,pendiente,,,,,
8986,180,36,pendiente,,,,,
8987,180,37,pendiente,,,,,
8988,180,38,pendiente,,,,,
8989,180,39,pendiente,,,,,
8990,180,40,pendiente,,,,,
8991,180,41,pendiente,,,,,
8992,180,42,pendiente,,,,,
8993,180,43,pendiente,,,,,
8994,180,44,pendiente,,,,,
8995,180,45,pendiente,,,,,
8996,180,46,pendiente,,,,,
8997,180,47,pendiente,,,,,
8998,180,48,pendiente,,,,,
8999,180,49,pendiente,,,,,
9000,180,50,pendiente,,,,,
9001,181,1,completado,Fri Jan 23 2026 00:00:00 GMT-0500 (hora de Ecuador),Thu Apr 02 2026 00:00:00 GMT-0500 (hora de Ecuador),,Valentina Gómez,
9002,181,2,completado,Fri Jan 23 2026 00:00:00 GMT-0500 (hora de Ecuador),Thu Apr 02 2026 00:00:00 GMT-0500 (hora de Ecuador),,Valentina Gómez,
9003,181,3,completado,Mon Jan 26 2026 00:00:00 GMT-0500 (hora de Ecuador),Thu Apr 02 2026 00:00:00 GMT-0500 (hora de Ecuador),,Valentina Gómez,
9004,181,4,completado,Mon Jan 26 2026 00:00:00 GMT-0500 (hora de Ecuador),Thu Apr 02 2026 00:00:00 GMT-0500 (hora de Ecuador),,Valentina Gómez,
9005,181,5,completado,Mon Jan 26 2026 00:00:00 GMT-0500 (hora de Ecuador),Thu Apr 02 2026 00:00:00 GMT-0500 (hora de Ecuador),,Valentina Gómez,
9006,181,6,completado,Tue Jan 27 2026 00:00:00 GMT-0500 (hora de Ecuador),Thu Apr 02 2026 00:00:00 GMT-0500 (hora de Ecuador),,Valentina Gómez,
9007,181,7,completado,Wed Jan 28 2026 00:00:00 GMT-0500 (hora de Ecuador),Thu Apr 02 2026 00:00:00 GMT-0500 (hora de Ecuador),,Valentina Gómez,
9008,181,8,completado,Thu Jan 29 2026 00:00:00 GMT-0500 (hora de Ecuador),Thu Apr 02 2026 00:00:00 GMT-0500 (hora de Ecuador),,Valentina Gómez,
9009,181,9,completado,Fri Jan 30 2026 00:00:00 GMT-0500 (hora de Ecuador),Thu Apr 02 2026 00:00:00 GMT-0500 (hora de Ecuador),,Valentina Gómez,
9010,181,10,completado,Mon Feb 02 2026 00:00:00 GMT-0500 (hora de Ecuador),Thu Apr 02 2026 00:00:00 GMT-0500 (hora de Ecuador),,Valentina Gómez,
9011,181,11,completado,Tue Feb 03 2026 00:00:00 GMT-0500 (hora de Ecuador),Thu Apr 02 2026 00:00:00 GMT-0500 (hora de Ecuador),,Valentina Gómez,
9012,181,12,completado,Tue Feb 03 2026 00:00:00 GMT-0500 (hora de Ecuador),Thu Apr 02 2026 00:00:00 GMT-0500 (hora de Ecuador),,Valentina Gómez,
9013,181,13,completado,Wed Feb 04 2026 00:00:00 GMT-0500 (hora de Ecuador),Thu Apr 02 2026 00:00:00 GMT-0500 (hora de Ecuador),,Valentina Gómez,
9014,181,14,completado,Thu Feb 05 2026 00:00:00 GMT-0500 (hora de Ecuador),Thu Apr 02 2026 00:00:00 GMT-0500 (hora de Ecuador),,Valentina Gómez,
9015,181,15,completado,Fri Feb 06 2026 00:00:00 GMT-0500 (hora de Ecuador),Thu Apr 02 2026 00:00:00 GMT-0500 (hora de Ecuador),,Valentina Gómez,
9016,181,16,completado,Mon Feb 09 2026 00:00:00 GMT-0500 (hora de Ecuador),Thu Apr 02 2026 00:00:00 GMT-0500 (hora de Ecuador),,Valentina Gómez,
9017,181,17,completado,Mon Feb 09 2026 00:00:00 GMT-0500 (hora de Ecuador),Thu Apr 02 2026 00:00:00 GMT-0500 (hora de Ecuador),,Valentina Gómez,
9018,181,18,completado,Tue Feb 10 2026 00:00:00 GMT-0500 (hora de Ecuador),Thu Apr 02 2026 00:00:00 GMT-0500 (hora de Ecuador),,Valentina Gómez,
9019,181,19,completado,Tue Feb 10 2026 00:00:00 GMT-0500 (hora de Ecuador),Thu Apr 02 2026 00:00:00 GMT-0500 (hora de Ecuador),,Valentina Gómez,
9020,181,20,pendiente,,,,Valentina Gómez,
9021,181,21,pendiente,,,,Valentina Gómez,
9022,181,22,pendiente,,,,Valentina Gómez,
9023,181,23,pendiente,,,,Valentina Gómez,
9024,181,24,pendiente,,,,Valentina Gómez,
9025,181,25,pendiente,,,,Valentina Gómez,
9026,181,26,pendiente,,,,Valentina Gómez,
9027,181,27,pendiente,,,,Valentina Gómez,
9028,181,28,pendiente,,,,Valentina Gómez,
9029,181,29,pendiente,,,,Valentina Gómez,
9030,181,30,pendiente,,,,Valentina Gómez,
9031,181,31,pendiente,,,,Valentina Gómez,
9032,181,32,pendiente,,,,Valentina Gómez,
9033,181,33,pendiente,Wed Feb 11 2026 00:00:00 GMT-0500 (hora de Ecuador),,,Valentina Gómez,
9034,181,34,completado,Thu Feb 12 2026 00:00:00 GMT-0500 (hora de Ecuador),Thu Apr 02 2026 00:00:00 GMT-0500 (hora de Ecuador),,Valentina Gómez,
9035,181,35,completado,Thu Feb 12 2026 00:00:00 GMT-0500 (hora de Ecuador),Thu Apr 02 2026 00:00:00 GMT-0500 (hora de Ecuador),,Valentina Gómez,
9036,181,36,pendiente,,,,Valentina Gómez,
9037,181,37,pendiente,,,,Valentina Gómez,
9038,181,38,pendiente,,,,Valentina Gómez,
9039,181,39,pendiente,Thu Feb 12 2026 00:00:00 GMT-0500 (hora de Ecuador),,,Valentina Gómez,
9040,181,40,completado,Wed Feb 18 2026 00:00:00 GMT-0500 (hora de Ecuador),Wed Mar 18 2026 00:00:00 GMT-0500 (hora de Ecuador),,Valentina Gómez,
9041,181,41,pendiente,,,,Valentina Gómez,
9042,181,42,pendiente,,,,Valentina Gómez,
9043,181,43,pendiente,,,,Valentina Gómez,
9044,181,44,pendiente,,,,Valentina Gómez,
9045,181,45,pendiente,,,,Valentina Gómez,
9046,181,46,pendiente,,,,Valentina Gómez,
9047,181,47,pendiente,,,,Valentina Gómez,
9048,181,48,pendiente,,,,Valentina Gómez,
9049,181,49,pendiente,,,,Valentina Gómez,
9050,181,50,completado,Wed Feb 18 2026 00:00:00 GMT-0500 (hora de Ecuador),Fri Apr 17 2026 00:00:00 GMT-0500 (hora de Ecuador),,Valentina Gómez,
9051,182,1,pendiente,Thu Jun 04 2026 00:00:00 GMT-0500 (hora de Ecuador),,,Juan Jiménez,
9052,182,2,pendiente,Thu Jun 04 2026 00:00:00 GMT-0500 (hora de Ecuador),,,Juan Jiménez,
9053,182,3,pendiente,Fri Jun 05 2026 00:00:00 GMT-0500 (hora de Ecuador),,,Juan Jiménez,
9054,182,4,pendiente,Fri Jun 05 2026 00:00:00 GMT-0500 (hora de Ecuador),,,Juan Jiménez,
9055,182,5,pendiente,Fri Jun 05 2026 00:00:00 GMT-0500 (hora de Ecuador),,,Juan Jiménez,
9056,182,6,pendiente,Mon Jun 08 2026 00:00:00 GMT-0500 (hora de Ecuador),,,Juan Jiménez,
9057,182,7,pendiente,Tue Jun 09 2026 00:00:00 GMT-0500 (hora de Ecuador),,,Juan Jiménez,
9058,182,8,pendiente,Wed Jun 10 2026 00:00:00 GMT-0500 (hora de Ecuador),,,Juan Jiménez,
9059,182,9,pendiente,Thu Jun 11 2026 00:00:00 GMT-0500 (hora de Ecuador),,,Juan Jiménez,
9060,182,10,pendiente,Fri Jun 12 2026 00:00:00 GMT-0500 (hora de Ecuador),,,Juan Jiménez,
9061,182,11,pendiente,Mon Jun 15 2026 00:00:00 GMT-0500 (hora de Ecuador),,,Juan Jiménez,
9062,182,12,pendiente,Mon Jun 15 2026 00:00:00 GMT-0500 (hora de Ecuador),,,Juan Jiménez,
9063,182,13,pendiente,Tue Jun 16 2026 00:00:00 GMT-0500 (hora de Ecuador),,,Juan Jiménez,
9064,182,14,pendiente,Wed Jun 17 2026 00:00:00 GMT-0500 (hora de Ecuador),,,Juan Jiménez,
9065,182,15,pendiente,Thu Jun 18 2026 00:00:00 GMT-0500 (hora de Ecuador),,,Juan Jiménez,
9066,182,16,pendiente,Fri Jun 19 2026 00:00:00 GMT-0500 (hora de Ecuador),,,Juan Jiménez,
9067,182,17,pendiente,Fri Jun 19 2026 00:00:00 GMT-0500 (hora de Ecuador),,,Juan Jiménez,
9068,182,18,pendiente,Mon Jun 22 2026 00:00:00 GMT-0500 (hora de Ecuador),,,Juan Jiménez,
9069,182,19,pendiente,Mon Jun 22 2026 00:00:00 GMT-0500 (hora de Ecuador),,,Juan Jiménez,
9070,182,20,pendiente,,,,Juan Jiménez,
9071,182,21,pendiente,,,,Juan Jiménez,
9072,182,22,pendiente,,,,Juan Jiménez,
9073,182,23,pendiente,,,,Juan Jiménez,
9074,182,24,pendiente,,,,Juan Jiménez,
9075,182,25,pendiente,,,,Juan Jiménez,
9076,182,26,pendiente,,,,Juan Jiménez,
9077,182,27,pendiente,,,,Juan Jiménez,
9078,182,28,pendiente,,,,Juan Jiménez,
9079,182,29,pendiente,,,,Juan Jiménez,
9080,182,30,pendiente,,,,Juan Jiménez,
9081,182,31,pendiente,,,,Juan Jiménez,
9082,182,32,pendiente,,,,Juan Jiménez,
9083,182,33,pendiente,Tue Jun 23 2026 00:00:00 GMT-0500 (hora de Ecuador),,,Juan Jiménez,
9084,182,34,pendiente,Wed Jun 24 2026 00:00:00 GMT-0500 (hora de Ecuador),,,Juan Jiménez,
9085,182,35,pendiente,Wed Jun 24 2026 00:00:00 GMT-0500 (hora de Ecuador),,,Juan Jiménez,
9086,182,36,pendiente,Thu Jun 25 2026 00:00:00 GMT-0500 (hora de Ecuador),,,Juan Jiménez,
9087,182,37,pendiente,Fri Jun 26 2026 00:00:00 GMT-0500 (hora de Ecuador),,,Juan Jiménez,
9088,182,38,pendiente,Mon Jun 29 2026 00:00:00 GMT-0500 (hora de Ecuador),,,Juan Jiménez,
9089,182,39,pendiente,Tue Jun 30 2026 00:00:00 GMT-0500 (hora de Ecuador),,,Juan Jiménez,
9090,182,40,pendiente,Tue Jun 30 2026 00:00:00 GMT-0500 (hora de Ecuador),,,Juan Jiménez,
9091,182,41,pendiente,Thu Jul 02 2026 00:00:00 GMT-0500 (hora de Ecuador),,,Juan Jiménez,
9092,182,42,pendiente,Mon Jul 06 2026 00:00:00 GMT-0500 (hora de Ecuador),,,Juan Jiménez,
9093,182,43,pendiente,Wed Jul 08 2026 00:00:00 GMT-0500 (hora de Ecuador),,,Juan Jiménez,
9094,182,44,pendiente,Thu Jul 09 2026 00:00:00 GMT-0500 (hora de Ecuador),,,Juan Jiménez,
9095,182,45,pendiente,Fri Jul 10 2026 00:00:00 GMT-0500 (hora de Ecuador),,,Juan Jiménez,
9096,182,46,pendiente,Tue Jul 14 2026 00:00:00 GMT-0500 (hora de Ecuador),,,Juan Jiménez,
9097,182,47,pendiente,Wed Jul 15 2026 00:00:00 GMT-0500 (hora de Ecuador),,,Juan Jiménez,
9098,182,48,pendiente,Wed Jul 15 2026 00:00:00 GMT-0500 (hora de Ecuador),,,Juan Jiménez,
9099,182,49,pendiente,Mon Jul 20 2026 00:00:00 GMT-0500 (hora de Ecuador),,,Juan Jiménez,
9100,182,50,pendiente,Thu Jul 23 2026 00:00:00 GMT-0500 (hora de Ecuador),,,Juan Jiménez,
9101,183,1,pendiente,,,,,
9102,183,2,pendiente,,,,,
9103,183,3,pendiente,,,,,
9104,183,4,pendiente,,,,,
9105,183,5,pendiente,,,,,
9106,183,6,pendiente,,,,,
9107,183,7,pendiente,,,,,
9108,183,8,pendiente,,,,,
9109,183,9,pendiente,,,,,
9110,183,10,pendiente,,,,,
9111,183,11,pendiente,,,,,
9112,183,12,pendiente,,,,,
9113,183,13,pendiente,,,,,
9114,183,14,pendiente,,,,,
9115,183,15,pendiente,,,,,
9116,183,16,pendiente,,,,,
9117,183,17,pendiente,,,,,
9118,183,18,pendiente,,,,,
9119,183,19,pendiente,,,,,
9120,183,20,pendiente,,,,,
9121,183,21,pendiente,,,,,
9122,183,22,pendiente,,,,,
9123,183,23,pendiente,,,,,
9124,183,24,pendiente,,,,,
9125,183,25,pendiente,,,,,
9126,183,26,pendiente,,,,,
9127,183,27,pendiente,,,,,
9128,183,28,pendiente,,,,,
9129,183,29,pendiente,,,,,
9130,183,30,pendiente,,,,,
9131,183,31,pendiente,,,,,
9132,183,32,pendiente,,,,,
9133,183,33,pendiente,,,,,
9134,183,34,pendiente,,,,,
9135,183,35,pendiente,,,,,
9136,183,36,pendiente,,,,,
9137,183,37,pendiente,,,,,
9138,183,38,pendiente,,,,,
9139,183,39,pendiente,,,,,
9140,183,40,pendiente,,,,,
9141,183,41,pendiente,,,,,
9142,183,42,pendiente,,,,,
9143,183,43,pendiente,,,,,
9144,183,44,pendiente,,,,,
9145,183,45,pendiente,,,,,
9146,183,46,pendiente,,,,,
9147,183,47,pendiente,,,,,
9148,183,48,pendiente,,,,,
9149,183,49,pendiente,,,,,
9150,183,50,pendiente,,,,,
9151,184,1,pendiente,,,,,
9152,184,2,pendiente,,,,,
9153,184,3,pendiente,,,,,
9154,184,4,pendiente,,,,,
9155,184,5,pendiente,,,,,
9156,184,6,pendiente,,,,,
9157,184,7,pendiente,,,,,
9158,184,8,pendiente,,,,,
9159,184,9,pendiente,,,,,
9160,184,10,pendiente,,,,,
9161,184,11,pendiente,,,,,
9162,184,12,pendiente,,,,,
9163,184,13,pendiente,,,,,
9164,184,14,pendiente,,,,,
9165,184,15,pendiente,,,,,
9166,184,16,pendiente,,,,,
9167,184,17,pendiente,,,,,
9168,184,18,pendiente,,,,,
9169,184,19,pendiente,,,,,
9170,184,20,pendiente,,,,,
9171,184,21,pendiente,,,,,
9172,184,22,pendiente,,,,,
9173,184,23,pendiente,,,,,
9174,184,24,pendiente,,,,,
9175,184,25,pendiente,,,,,
9176,184,26,pendiente,,,,,
9177,184,27,pendiente,,,,,
9178,184,28,pendiente,,,,,
9179,184,29,pendiente,,,,,
9180,184,30,pendiente,,,,,
9181,184,31,pendiente,,,,,
9182,184,32,pendiente,,,,,
9183,184,33,pendiente,,,,,
9184,184,34,pendiente,,,,,
9185,184,35,pendiente,,,,,
9186,184,36,pendiente,,,,,
9187,184,37,pendiente,,,,,
9188,184,38,pendiente,,,,,
9189,184,39,pendiente,,,,,
9190,184,40,pendiente,,,,,
9191,184,41,pendiente,,,,,
9192,184,42,pendiente,,,,,
9193,184,43,pendiente,,,,,
9194,184,44,pendiente,,,,,
9195,184,45,pendiente,,,,,
9196,184,46,pendiente,,,,,
9197,184,47,pendiente,,,,,
9198,184,48,pendiente,,,,,
9199,184,49,pendiente,,,,,
9200,184,50,pendiente,,,,,
9201,185,1,completado,Fri Jun 05 2026 00:00:00 GMT-0500 (hora de Ecuador),Fri Apr 24 2026 00:00:00 GMT-0500 (hora de Ecuador),,Javier Pacha,
9202,185,2,completado,Fri Jun 05 2026 00:00:00 GMT-0500 (hora de Ecuador),Fri Apr 24 2026 00:00:00 GMT-0500 (hora de Ecuador),,Javier Pacha,
9203,185,3,pendiente,Mon Jun 08 2026 00:00:00 GMT-0500 (hora de Ecuador),,,Javier Pacha,
9204,185,4,pendiente,Mon Jun 08 2026 00:00:00 GMT-0500 (hora de Ecuador),,,Javier Pacha,
9205,185,5,pendiente,Mon Jun 08 2026 00:00:00 GMT-0500 (hora de Ecuador),,,Javier Pacha,
9206,185,6,pendiente,Tue Jun 09 2026 00:00:00 GMT-0500 (hora de Ecuador),,,Javier Pacha,
9207,185,7,pendiente,Wed Jun 10 2026 00:00:00 GMT-0500 (hora de Ecuador),,,Javier Pacha,
9208,185,8,pendiente,Thu Jun 11 2026 00:00:00 GMT-0500 (hora de Ecuador),,,Javier Pacha,
9209,185,9,pendiente,Fri Jun 12 2026 00:00:00 GMT-0500 (hora de Ecuador),,,Javier Pacha,
9210,185,10,pendiente,Mon Jun 15 2026 00:00:00 GMT-0500 (hora de Ecuador),,,Javier Pacha,
9211,185,11,pendiente,Tue Jun 16 2026 00:00:00 GMT-0500 (hora de Ecuador),,,Javier Pacha,
9212,185,12,pendiente,Tue Jun 16 2026 00:00:00 GMT-0500 (hora de Ecuador),,,Javier Pacha,
9213,185,13,pendiente,Wed Jun 17 2026 00:00:00 GMT-0500 (hora de Ecuador),,,Javier Pacha,
9214,185,14,pendiente,Thu Jun 18 2026 00:00:00 GMT-0500 (hora de Ecuador),,,Javier Pacha,
9215,185,15,pendiente,Fri Jun 19 2026 00:00:00 GMT-0500 (hora de Ecuador),,,Javier Pacha,
9216,185,16,pendiente,Mon Jun 22 2026 00:00:00 GMT-0500 (hora de Ecuador),,,Javier Pacha,
9217,185,17,pendiente,Mon Jun 22 2026 00:00:00 GMT-0500 (hora de Ecuador),,,Javier Pacha,
9218,185,18,pendiente,Tue Jun 23 2026 00:00:00 GMT-0500 (hora de Ecuador),,,Javier Pacha,
9219,185,19,pendiente,Tue Jun 23 2026 00:00:00 GMT-0500 (hora de Ecuador),,,Javier Pacha,
9220,185,20,pendiente,,,,Javier Pacha,
9221,185,21,pendiente,,,,Javier Pacha,
9222,185,22,pendiente,,,,Javier Pacha,
9223,185,23,pendiente,,,,Javier Pacha,
9224,185,24,pendiente,,,,Javier Pacha,
9225,185,25,pendiente,,,,Javier Pacha,
9226,185,26,pendiente,,,,Javier Pacha,
9227,185,27,pendiente,,,,Javier Pacha,
9228,185,28,pendiente,,,,Javier Pacha,
9229,185,29,pendiente,,,,Javier Pacha,
9230,185,30,pendiente,,,,Javier Pacha,
9231,185,31,pendiente,,,,Javier Pacha,
9232,185,32,pendiente,,,,Javier Pacha,
9233,185,33,pendiente,Wed Jun 24 2026 00:00:00 GMT-0500 (hora de Ecuador),,,Javier Pacha,
9234,185,34,pendiente,Thu Jun 25 2026 00:00:00 GMT-0500 (hora de Ecuador),,,Javier Pacha,
9235,185,35,pendiente,Thu Jun 25 2026 00:00:00 GMT-0500 (hora de Ecuador),,,Javier Pacha,
9236,185,36,pendiente,,,,Javier Pacha,
9237,185,37,pendiente,,,,Javier Pacha,
9238,185,38,pendiente,,,,Javier Pacha,
9239,185,39,pendiente,Thu Jun 25 2026 00:00:00 GMT-0500 (hora de Ecuador),,,Javier Pacha,
9240,185,40,pendiente,Wed Jul 01 2026 00:00:00 GMT-0500 (hora de Ecuador),,,Javier Pacha,
9241,185,41,pendiente,,,,Javier Pacha,
9242,185,42,pendiente,,,,Javier Pacha,
9243,185,43,pendiente,,,,Javier Pacha,
9244,185,44,pendiente,,,,Javier Pacha,
9245,185,45,pendiente,,,,Javier Pacha,
9246,185,46,pendiente,,,,Javier Pacha,
9247,185,47,pendiente,,,,Javier Pacha,
9248,185,48,pendiente,,,,Javier Pacha,
9249,185,49,pendiente,,,,Javier Pacha,
9250,185,50,pendiente,Wed Jul 01 2026 00:00:00 GMT-0500 (hora de Ecuador),,,Javier Pacha,
9251,186,1,completado,Mon May 25 2026 00:00:00 GMT-0500 (hora de Ecuador),Mon Mar 16 2026 00:00:00 GMT-0500 (hora de Ecuador),,,
9252,186,2,completado,Mon May 25 2026 00:00:00 GMT-0500 (hora de Ecuador),Mon Mar 16 2026 00:00:00 GMT-0500 (hora de Ecuador),,,
9253,186,3,completado,Tue May 26 2026 00:00:00 GMT-0500 (hora de Ecuador),Mon Mar 16 2026 00:00:00 GMT-0500 (hora de Ecuador),,,
9254,186,4,completado,Tue May 26 2026 00:00:00 GMT-0500 (hora de Ecuador),Mon Mar 16 2026 00:00:00 GMT-0500 (hora de Ecuador),,,
9255,186,5,completado,Tue May 26 2026 00:00:00 GMT-0500 (hora de Ecuador),Thu Apr 02 2026 00:00:00 GMT-0500 (hora de Ecuador),,,
9256,186,6,completado,Wed May 27 2026 00:00:00 GMT-0500 (hora de Ecuador),Thu Apr 02 2026 00:00:00 GMT-0500 (hora de Ecuador),,,
9257,186,7,completado,Thu May 28 2026 00:00:00 GMT-0500 (hora de Ecuador),Tue Apr 07 2026 00:00:00 GMT-0500 (hora de Ecuador),,,
9258,186,8,completado,Fri May 29 2026 00:00:00 GMT-0500 (hora de Ecuador),Tue Apr 07 2026 00:00:00 GMT-0500 (hora de Ecuador),,,
9259,186,9,completado,Mon Jun 01 2026 00:00:00 GMT-0500 (hora de Ecuador),Tue Apr 07 2026 00:00:00 GMT-0500 (hora de Ecuador),,,
9260,186,10,completado,Tue Jun 02 2026 00:00:00 GMT-0500 (hora de Ecuador),Tue Apr 07 2026 00:00:00 GMT-0500 (hora de Ecuador),,,
9261,186,11,completado,Wed Jun 03 2026 00:00:00 GMT-0500 (hora de Ecuador),Tue Apr 07 2026 00:00:00 GMT-0500 (hora de Ecuador),,,
9262,186,12,completado,Wed Jun 03 2026 00:00:00 GMT-0500 (hora de Ecuador),Tue Apr 07 2026 00:00:00 GMT-0500 (hora de Ecuador),,,
9263,186,13,completado,Thu Jun 04 2026 00:00:00 GMT-0500 (hora de Ecuador),Tue Apr 14 2026 00:00:00 GMT-0500 (hora de Ecuador),,,
9264,186,14,completado,Fri Jun 05 2026 00:00:00 GMT-0500 (hora de Ecuador),Wed May 20 2026 00:00:00 GMT-0500 (hora de Ecuador),,,
9265,186,15,pendiente,Mon Jun 08 2026 00:00:00 GMT-0500 (hora de Ecuador),,,,
9266,186,16,pendiente,Tue Jun 09 2026 00:00:00 GMT-0500 (hora de Ecuador),,,,
9267,186,17,pendiente,Tue Jun 09 2026 00:00:00 GMT-0500 (hora de Ecuador),,,,
9268,186,18,pendiente,Wed Jun 10 2026 00:00:00 GMT-0500 (hora de Ecuador),,,,
9269,186,19,pendiente,Wed Jun 10 2026 00:00:00 GMT-0500 (hora de Ecuador),,,,
9270,186,20,pendiente,,,,,
9271,186,21,pendiente,,,,,
9272,186,22,pendiente,,,,,
9273,186,23,pendiente,,,,,
9274,186,24,pendiente,,,,,
9275,186,25,pendiente,,,,,
9276,186,26,pendiente,,,,,
9277,186,27,pendiente,,,,,
9278,186,28,pendiente,,,,,
9279,186,29,pendiente,,,,,
9280,186,30,pendiente,,,,,
9281,186,31,pendiente,,,,,
9282,186,32,pendiente,,,,,
9283,186,33,pendiente,Thu Jun 11 2026 00:00:00 GMT-0500 (hora de Ecuador),,,,
9284,186,34,pendiente,Fri Jun 12 2026 00:00:00 GMT-0500 (hora de Ecuador),,,,
9285,186,35,pendiente,Fri Jun 12 2026 00:00:00 GMT-0500 (hora de Ecuador),,,,
9286,186,36,pendiente,Mon Jun 15 2026 00:00:00 GMT-0500 (hora de Ecuador),,,,
9287,186,37,pendiente,Tue Jun 16 2026 00:00:00 GMT-0500 (hora de Ecuador),,,,
9288,186,38,pendiente,Wed Jun 17 2026 00:00:00 GMT-0500 (hora de Ecuador),,,,
9289,186,39,pendiente,Thu Jun 18 2026 00:00:00 GMT-0500 (hora de Ecuador),,,,
9290,186,40,pendiente,Thu Jun 18 2026 00:00:00 GMT-0500 (hora de Ecuador),,,,
9291,186,41,pendiente,Mon Jun 22 2026 00:00:00 GMT-0500 (hora de Ecuador),,,,
9292,186,42,pendiente,Wed Jun 24 2026 00:00:00 GMT-0500 (hora de Ecuador),,,,
9293,186,43,pendiente,Fri Jun 26 2026 00:00:00 GMT-0500 (hora de Ecuador),,,,
9294,186,44,pendiente,Mon Jun 29 2026 00:00:00 GMT-0500 (hora de Ecuador),,,,
9295,186,45,pendiente,Tue Jun 30 2026 00:00:00 GMT-0500 (hora de Ecuador),,,,
9296,186,46,pendiente,Thu Jul 02 2026 00:00:00 GMT-0500 (hora de Ecuador),,,,
9297,186,47,pendiente,Fri Jul 03 2026 00:00:00 GMT-0500 (hora de Ecuador),,,,
9298,186,48,pendiente,Fri Jul 03 2026 00:00:00 GMT-0500 (hora de Ecuador),,,,
9299,186,49,pendiente,Wed Jul 08 2026 00:00:00 GMT-0500 (hora de Ecuador),,,,
9300,186,50,pendiente,Mon Jul 13 2026 00:00:00 GMT-0500 (hora de Ecuador),,,,
9301,187,1,pendiente,,,,,
9302,187,2,pendiente,,,,,
9303,187,3,pendiente,,,,,
9304,187,4,pendiente,,,,,
9305,187,5,pendiente,,,,,
9306,187,6,pendiente,,,,,
9307,187,7,pendiente,,,,,
9308,187,8,pendiente,,,,,
9309,187,9,pendiente,,,,,
9310,187,10,pendiente,,,,,
9311,187,11,pendiente,,,,,
9312,187,12,pendiente,,,,,
9313,187,13,pendiente,,,,,
9314,187,14,pendiente,,,,,
9315,187,15,pendiente,,,,,
9316,187,16,pendiente,,,,,
9317,187,17,pendiente,,,,,
9318,187,18,pendiente,,,,,
9319,187,19,pendiente,,,,,
9320,187,20,pendiente,,,,,
9321,187,21,pendiente,,,,,
9322,187,22,pendiente,,,,,
9323,187,23,pendiente,,,,,
9324,187,24,pendiente,,,,,
9325,187,25,pendiente,,,,,
9326,187,26,pendiente,,,,,
9327,187,27,pendiente,,,,,
9328,187,28,pendiente,,,,,
9329,187,29,pendiente,,,,,
9330,187,30,pendiente,,,,,
9331,187,31,pendiente,,,,,
9332,187,32,pendiente,,,,,
9333,187,33,pendiente,,,,,
9334,187,34,pendiente,,,,,
9335,187,35,pendiente,,,,,
9336,187,36,pendiente,,,,,
9337,187,37,pendiente,,,,,
9338,187,38,pendiente,,,,,
9339,187,39,pendiente,,,,,
9340,187,40,pendiente,,,,,
9341,187,41,pendiente,Tue Jan 02 1900 00:00:00 GMT-0514 (hora de Ecuador),,,,
9342,187,42,pendiente,Thu Jan 04 1900 00:00:00 GMT-0514 (hora de Ecuador),,,,
9343,187,43,pendiente,Mon Jan 08 1900 00:00:00 GMT-0514 (hora de Ecuador),,,,
9344,187,44,pendiente,Tue Jan 09 1900 00:00:00 GMT-0514 (hora de Ecuador),,,,
9345,187,45,pendiente,Wed Jan 10 1900 00:00:00 GMT-0514 (hora de Ecuador),,,,
9346,187,46,pendiente,Fri Jan 12 1900 00:00:00 GMT-0514 (hora de Ecuador),,,,
9347,187,47,pendiente,Mon Jan 15 1900 00:00:00 GMT-0514 (hora de Ecuador),,,,
9348,187,48,pendiente,Mon Jan 15 1900 00:00:00 GMT-0514 (hora de Ecuador),,,,
9349,187,49,pendiente,Thu Jan 18 1900 00:00:00 GMT-0514 (hora de Ecuador),,,,
9350,187,50,pendiente,,,,,
9351,188,1,pendiente,,,,,
9352,188,2,pendiente,,,,,
9353,188,3,pendiente,,,,,
9354,188,4,pendiente,,,,,
9355,188,5,pendiente,,,,,
9356,188,6,pendiente,,,,,
9357,188,7,pendiente,,,,,
9358,188,8,pendiente,,,,,
9359,188,9,pendiente,,,,,
9360,188,10,pendiente,,,,,
9361,188,11,pendiente,,,,,
9362,188,12,pendiente,,,,,
9363,188,13,pendiente,,,,,
9364,188,14,pendiente,,,,,
9365,188,15,pendiente,,,,,
9366,188,16,pendiente,,,,,
9367,188,17,pendiente,,,,,
9368,188,18,pendiente,,,,,
9369,188,19,pendiente,,,,,
9370,188,20,pendiente,,,,,
9371,188,21,pendiente,,,,,
9372,188,22,pendiente,,,,,
9373,188,23,pendiente,,,,,
9374,188,24,pendiente,,,,,
9375,188,25,pendiente,,,,,
9376,188,26,pendiente,,,,,
9377,188,27,pendiente,,,,,
9378,188,28,pendiente,,,,,
9379,188,29,pendiente,,,,,
9380,188,30,pendiente,,,,,
9381,188,31,pendiente,,,,,
9382,188,32,pendiente,,,,,
9383,188,33,pendiente,,,,,
9384,188,34,pendiente,,,,,
9385,188,35,pendiente,,,,,
9386,188,36,pendiente,,,,,
9387,188,37,pendiente,,,,,
9388,188,38,pendiente,,,,,
9389,188,39,pendiente,,,,,
9390,188,40,pendiente,,,,,
9391,188,41,pendiente,Tue Jan 02 1900 00:00:00 GMT-0514 (hora de Ecuador),,,,
9392,188,42,pendiente,Thu Jan 04 1900 00:00:00 GMT-0514 (hora de Ecuador),,,,
9393,188,43,pendiente,Mon Jan 08 1900 00:00:00 GMT-0514 (hora de Ecuador),,,,
9394,188,44,pendiente,Tue Jan 09 1900 00:00:00 GMT-0514 (hora de Ecuador),,,,
9395,188,45,pendiente,Wed Jan 10 1900 00:00:00 GMT-0514 (hora de Ecuador),,,,
9396,188,46,pendiente,Fri Jan 12 1900 00:00:00 GMT-0514 (hora de Ecuador),,,,
9397,188,47,pendiente,Mon Jan 15 1900 00:00:00 GMT-0514 (hora de Ecuador),,,,
9398,188,48,pendiente,Mon Jan 15 1900 00:00:00 GMT-0514 (hora de Ecuador),,,,
9399,188,49,pendiente,Thu Jan 18 1900 00:00:00 GMT-0514 (hora de Ecuador),,,,
9400,188,50,pendiente,,,,,
9401,189,1,completado,Wed May 27 2026 00:00:00 GMT-0500 (hora de Ecuador),Tue May 05 2026 00:00:00 GMT-0500 (hora de Ecuador),,Javier Pacha,
9402,189,2,pendiente,Wed May 27 2026 00:00:00 GMT-0500 (hora de Ecuador),,,Javier Pacha,
9403,189,3,pendiente,Thu May 28 2026 00:00:00 GMT-0500 (hora de Ecuador),,,Javier Pacha,
9404,189,4,pendiente,Thu May 28 2026 00:00:00 GMT-0500 (hora de Ecuador),,,Javier Pacha,
9405,189,5,pendiente,Thu May 28 2026 00:00:00 GMT-0500 (hora de Ecuador),,,Javier Pacha,
9406,189,6,pendiente,Fri May 29 2026 00:00:00 GMT-0500 (hora de Ecuador),,,Javier Pacha,
9407,189,7,pendiente,Mon Jun 01 2026 00:00:00 GMT-0500 (hora de Ecuador),,,Javier Pacha,
9408,189,8,pendiente,Tue Jun 02 2026 00:00:00 GMT-0500 (hora de Ecuador),,,Javier Pacha,
9409,189,9,pendiente,Wed Jun 03 2026 00:00:00 GMT-0500 (hora de Ecuador),,,Javier Pacha,
9410,189,10,completado,Thu Jun 04 2026 00:00:00 GMT-0500 (hora de Ecuador),Wed May 13 2026 00:00:00 GMT-0500 (hora de Ecuador),,Javier Pacha,
9411,189,11,completado,Fri Jun 05 2026 00:00:00 GMT-0500 (hora de Ecuador),Thu May 14 2026 00:00:00 GMT-0500 (hora de Ecuador),,Javier Pacha,
9412,189,12,pendiente,Fri Jun 05 2026 00:00:00 GMT-0500 (hora de Ecuador),,,Javier Pacha,
9413,189,13,pendiente,Mon Jun 08 2026 00:00:00 GMT-0500 (hora de Ecuador),,,Javier Pacha,
9414,189,14,pendiente,Tue Jun 09 2026 00:00:00 GMT-0500 (hora de Ecuador),,,Javier Pacha,
9415,189,15,pendiente,Wed Jun 10 2026 00:00:00 GMT-0500 (hora de Ecuador),,,Javier Pacha,
9416,189,16,pendiente,Thu Jun 11 2026 00:00:00 GMT-0500 (hora de Ecuador),,,Javier Pacha,
9417,189,17,pendiente,Thu Jun 11 2026 00:00:00 GMT-0500 (hora de Ecuador),,,Javier Pacha,
9418,189,18,pendiente,Fri Jun 12 2026 00:00:00 GMT-0500 (hora de Ecuador),,,Javier Pacha,
9419,189,19,pendiente,Fri Jun 12 2026 00:00:00 GMT-0500 (hora de Ecuador),,,Javier Pacha,
9420,189,20,pendiente,,,,Javier Pacha,
9421,189,21,pendiente,,,,Javier Pacha,
9422,189,22,pendiente,,,,Javier Pacha,
9423,189,23,pendiente,,,,Javier Pacha,
9424,189,24,pendiente,,,,Javier Pacha,
9425,189,25,pendiente,,,,Javier Pacha,
9426,189,26,pendiente,,,,Javier Pacha,
9427,189,27,pendiente,,,,Javier Pacha,
9428,189,28,pendiente,,,,Javier Pacha,
9429,189,29,pendiente,,,,Javier Pacha,
9430,189,30,pendiente,,,,Javier Pacha,
9431,189,31,pendiente,,,,Javier Pacha,
9432,189,32,pendiente,,,,Javier Pacha,
9433,189,33,pendiente,Mon Jun 15 2026 00:00:00 GMT-0500 (hora de Ecuador),,,Javier Pacha,
9434,189,34,pendiente,Tue Jun 16 2026 00:00:00 GMT-0500 (hora de Ecuador),,,Javier Pacha,
9435,189,35,pendiente,Tue Jun 16 2026 00:00:00 GMT-0500 (hora de Ecuador),,,Javier Pacha,
9436,189,36,pendiente,Wed Jun 17 2026 00:00:00 GMT-0500 (hora de Ecuador),,,Javier Pacha,
9437,189,37,pendiente,Thu Jun 18 2026 00:00:00 GMT-0500 (hora de Ecuador),,,Javier Pacha,
9438,189,38,pendiente,Fri Jun 19 2026 00:00:00 GMT-0500 (hora de Ecuador),,,Javier Pacha,
9439,189,39,pendiente,Mon Jun 22 2026 00:00:00 GMT-0500 (hora de Ecuador),,,Javier Pacha,
9440,189,40,pendiente,Sat Jun 20 2026 00:00:00 GMT-0500 (hora de Ecuador),,,Javier Pacha,
9441,189,41,pendiente,Tue Jun 23 2026 00:00:00 GMT-0500 (hora de Ecuador),,,Javier Pacha,
9442,189,42,pendiente,Thu Jun 25 2026 00:00:00 GMT-0500 (hora de Ecuador),,,Javier Pacha,
9443,189,43,pendiente,Mon Jun 29 2026 00:00:00 GMT-0500 (hora de Ecuador),,,Javier Pacha,
9444,189,44,pendiente,Tue Jun 30 2026 00:00:00 GMT-0500 (hora de Ecuador),,,Javier Pacha,
9445,189,45,pendiente,Wed Jul 01 2026 00:00:00 GMT-0500 (hora de Ecuador),,,Javier Pacha,
9446,189,46,pendiente,Fri Jul 03 2026 00:00:00 GMT-0500 (hora de Ecuador),,,Javier Pacha,
9447,189,47,pendiente,Mon Jul 06 2026 00:00:00 GMT-0500 (hora de Ecuador),,,Javier Pacha,
9448,189,48,pendiente,Mon Jul 06 2026 00:00:00 GMT-0500 (hora de Ecuador),,,Javier Pacha,
9449,189,49,pendiente,Thu Jul 09 2026 00:00:00 GMT-0500 (hora de Ecuador),,,Javier Pacha,
9450,189,50,pendiente,Tue Jul 14 2026 00:00:00 GMT-0500 (hora de Ecuador),,,Javier Pacha,
9451,190,1,pendiente,,,,,
9452,190,2,pendiente,,,,,
9453,190,3,pendiente,,,,,
9454,190,4,pendiente,,,,,
9455,190,5,pendiente,,,,,
9456,190,6,pendiente,,,,,
9457,190,7,pendiente,,,,,
9458,190,8,pendiente,,,,,
9459,190,9,pendiente,,,,,
9460,190,10,pendiente,,,,,
9461,190,11,pendiente,,,,,
9462,190,12,pendiente,,,,,
9463,190,13,pendiente,,,,,
9464,190,14,pendiente,,,,,
9465,190,15,pendiente,,,,,
9466,190,16,pendiente,,,,,
9467,190,17,pendiente,,,,,
9468,190,18,pendiente,,,,,
9469,190,19,pendiente,,,,,
9470,190,20,pendiente,,,,,
9471,190,21,pendiente,,,,,
9472,190,22,pendiente,,,,,
9473,190,23,pendiente,,,,,
9474,190,24,pendiente,,,,,
9475,190,25,pendiente,,,,,
9476,190,26,pendiente,,,,,
9477,190,27,pendiente,,,,,
9478,190,28,pendiente,,,,,
9479,190,29,pendiente,,,,,
9480,190,30,pendiente,,,,,
9481,190,31,pendiente,,,,,
9482,190,32,pendiente,,,,,
9483,190,33,pendiente,,,,,
9484,190,34,pendiente,,,,,
9485,190,35,pendiente,,,,,
9486,190,36,pendiente,,,,,
9487,190,37,pendiente,,,,,
9488,190,38,pendiente,,,,,
9489,190,39,pendiente,,,,,
9490,190,40,pendiente,,,,,
9491,190,41,pendiente,,,,,
9492,190,42,pendiente,,,,,
9493,190,43,pendiente,,,,,
9494,190,44,pendiente,,,,,
9495,190,45,pendiente,,,,,
9496,190,46,pendiente,,,,,
9497,190,47,pendiente,,,,,
9498,190,48,pendiente,,,,,
9499,190,49,pendiente,,,,,
9500,190,50,pendiente,,,,,
9501,191,1,pendiente,,,,,
9502,191,2,pendiente,,,,,
9503,191,3,pendiente,,,,,
9504,191,4,pendiente,,,,,
9505,191,5,pendiente,,,,,
9506,191,6,pendiente,,,,,
9507,191,7,pendiente,,,,,
9508,191,8,pendiente,,,,,
9509,191,9,pendiente,,,,,
9510,191,10,pendiente,,,,,
9511,191,11,pendiente,,,,,
9512,191,12,pendiente,,,,,
9513,191,13,pendiente,,,,,
9514,191,14,pendiente,,,,,
9515,191,15,pendiente,,,,,
9516,191,16,pendiente,,,,,
9517,191,17,pendiente,,,,,
9518,191,18,pendiente,,,,,
9519,191,19,pendiente,,,,,
9520,191,20,pendiente,,,,,
9521,191,21,pendiente,,,,,
9522,191,22,pendiente,,,,,
9523,191,23,pendiente,,,,,
9524,191,24,pendiente,,,,,
9525,191,25,pendiente,,,,,
9526,191,26,pendiente,,,,,
9527,191,27,pendiente,,,,,
9528,191,28,pendiente,,,,,
9529,191,29,pendiente,,,,,
9530,191,30,pendiente,,,,,
9531,191,31,pendiente,,,,,
9532,191,32,pendiente,,,,,
9533,191,33,pendiente,,,,,
9534,191,34,pendiente,,,,,
9535,191,35,pendiente,,,,,
9536,191,36,pendiente,,,,,
9537,191,37,pendiente,,,,,
9538,191,38,pendiente,,,,,
9539,191,39,pendiente,,,,,
9540,191,40,pendiente,,,,,
9541,191,41,pendiente,,,,,
9542,191,42,pendiente,,,,,
9543,191,43,pendiente,,,,,
9544,191,44,pendiente,,,,,
9545,191,45,pendiente,,,,,
9546,191,46,pendiente,,,,,
9547,191,47,pendiente,,,,,
9548,191,48,pendiente,,,,,
9549,191,49,pendiente,,,,,
9550,191,50,pendiente,,,,,
9551,192,1,pendiente,,,,,
9552,192,2,pendiente,,,,,
9553,192,3,pendiente,,,,,
9554,192,4,pendiente,,,,,
9555,192,5,pendiente,,,,,
9556,192,6,pendiente,,,,,
9557,192,7,pendiente,,,,,
9558,192,8,pendiente,,,,,
9559,192,9,pendiente,,,,,
9560,192,10,pendiente,,,,,
9561,192,11,pendiente,,,,,
9562,192,12,pendiente,,,,,
9563,192,13,pendiente,,,,,
9564,192,14,pendiente,,,,,
9565,192,15,pendiente,,,,,
9566,192,16,pendiente,,,,,
9567,192,17,pendiente,,,,,
9568,192,18,pendiente,,,,,
9569,192,19,pendiente,,,,,
9570,192,20,pendiente,,,,,
9571,192,21,pendiente,,,,,
9572,192,22,pendiente,,,,,
9573,192,23,pendiente,,,,,
9574,192,24,pendiente,,,,,
9575,192,25,pendiente,,,,,
9576,192,26,pendiente,,,,,
9577,192,27,pendiente,,,,,
9578,192,28,pendiente,,,,,
9579,192,29,pendiente,,,,,
9580,192,30,pendiente,,,,,
9581,192,31,pendiente,,,,,
9582,192,32,pendiente,,,,,
9583,192,33,pendiente,,,,,
9584,192,34,pendiente,,,,,
9585,192,35,pendiente,,,,,
9586,192,36,pendiente,,,,,
9587,192,37,pendiente,,,,,
9588,192,38,pendiente,,,,,
9589,192,39,pendiente,,,,,
9590,192,40,pendiente,,,,,
9591,192,41,pendiente,,,,,
9592,192,42,pendiente,,,,,
9593,192,43,pendiente,,,,,
9594,192,44,pendiente,,,,,
9595,192,45,pendiente,,,,,
9596,192,46,pendiente,,,,,
9597,192,47,pendiente,,,,,
9598,192,48,pendiente,,,,,
9599,192,49,pendiente,,,,,
9600,192,50,pendiente,,,,,
9601,193,1,pendiente,,,,,
9602,193,2,pendiente,,,,,
9603,193,3,pendiente,,,,,
9604,193,4,pendiente,,,,,
9605,193,5,pendiente,,,,,
9606,193,6,pendiente,,,,,
9607,193,7,pendiente,,,,,
9608,193,8,pendiente,,,,,
9609,193,9,pendiente,,,,,
9610,193,10,pendiente,,,,,
9611,193,11,pendiente,,,,,
9612,193,12,pendiente,,,,,
9613,193,13,pendiente,,,,,
9614,193,14,pendiente,,,,,
9615,193,15,pendiente,,,,,
9616,193,16,pendiente,,,,,
9617,193,17,pendiente,,,,,
9618,193,18,pendiente,,,,,
9619,193,19,pendiente,,,,,
9620,193,20,pendiente,,,,,
9621,193,21,pendiente,,,,,
9622,193,22,pendiente,,,,,
9623,193,23,pendiente,,,,,
9624,193,24,pendiente,,,,,
9625,193,25,pendiente,,,,,
9626,193,26,pendiente,,,,,
9627,193,27,pendiente,,,,,
9628,193,28,pendiente,,,,,
9629,193,29,pendiente,,,,,
9630,193,30,pendiente,,,,,
9631,193,31,pendiente,,,,,
9632,193,32,pendiente,,,,,
9633,193,33,pendiente,,,,,
9634,193,34,pendiente,,,,,
9635,193,35,pendiente,,,,,
9636,193,36,pendiente,,,,,
9637,193,37,pendiente,,,,,
9638,193,38,pendiente,,,,,
9639,193,39,pendiente,,,,,
9640,193,40,pendiente,,,,,
9641,193,41,pendiente,,,,,
9642,193,42,pendiente,,,,,
9643,193,43,pendiente,,,,,
9644,193,44,pendiente,,,,,
9645,193,45,pendiente,,,,,
9646,193,46,pendiente,,,,,
9647,193,47,pendiente,,,,,
9648,193,48,pendiente,,,,,
9649,193,49,pendiente,,,,,
9650,193,50,pendiente,,,,,
9651,194,1,completado,Mon Jan 26 2026 00:00:00 GMT-0500 (hora de Ecuador),Mon Jan 26 2026 00:00:00 GMT-0500 (hora de Ecuador),,,
9652,194,2,completado,Mon Jan 26 2026 00:00:00 GMT-0500 (hora de Ecuador),Mon Jan 26 2026 00:00:00 GMT-0500 (hora de Ecuador),,,
9653,194,3,completado,Tue Jan 27 2026 00:00:00 GMT-0500 (hora de Ecuador),Tue Jan 27 2026 00:00:00 GMT-0500 (hora de Ecuador),,,
9654,194,4,completado,Tue Jan 27 2026 00:00:00 GMT-0500 (hora de Ecuador),Tue Jan 27 2026 00:00:00 GMT-0500 (hora de Ecuador),,,
9655,194,5,completado,Tue Jan 27 2026 00:00:00 GMT-0500 (hora de Ecuador),Tue Jan 27 2026 00:00:00 GMT-0500 (hora de Ecuador),,,
9656,194,6,completado,Wed Jan 28 2026 00:00:00 GMT-0500 (hora de Ecuador),Wed Jan 28 2026 00:00:00 GMT-0500 (hora de Ecuador),,,
9657,194,7,completado,Thu Jan 29 2026 00:00:00 GMT-0500 (hora de Ecuador),Thu Jan 29 2026 00:00:00 GMT-0500 (hora de Ecuador),,,
9658,194,8,completado,Fri Jan 30 2026 00:00:00 GMT-0500 (hora de Ecuador),Fri Jan 30 2026 00:00:00 GMT-0500 (hora de Ecuador),,,
9659,194,9,completado,Mon Feb 02 2026 00:00:00 GMT-0500 (hora de Ecuador),Mon Feb 02 2026 00:00:00 GMT-0500 (hora de Ecuador),,,
9660,194,10,completado,Tue Feb 03 2026 00:00:00 GMT-0500 (hora de Ecuador),Tue Feb 03 2026 00:00:00 GMT-0500 (hora de Ecuador),,,
9661,194,11,completado,Wed Feb 04 2026 00:00:00 GMT-0500 (hora de Ecuador),Wed Feb 04 2026 00:00:00 GMT-0500 (hora de Ecuador),,,
9662,194,12,completado,Wed Feb 04 2026 00:00:00 GMT-0500 (hora de Ecuador),Wed Feb 04 2026 00:00:00 GMT-0500 (hora de Ecuador),,,
9663,194,13,completado,Thu Feb 05 2026 00:00:00 GMT-0500 (hora de Ecuador),Thu Feb 05 2026 00:00:00 GMT-0500 (hora de Ecuador),,,
9664,194,14,completado,Fri Feb 06 2026 00:00:00 GMT-0500 (hora de Ecuador),Fri Feb 06 2026 00:00:00 GMT-0500 (hora de Ecuador),,,
9665,194,15,completado,Mon Feb 09 2026 00:00:00 GMT-0500 (hora de Ecuador),Mon Feb 09 2026 00:00:00 GMT-0500 (hora de Ecuador),,,
9666,194,16,completado,Tue Feb 10 2026 00:00:00 GMT-0500 (hora de Ecuador),Tue Feb 10 2026 00:00:00 GMT-0500 (hora de Ecuador),,,
9667,194,17,completado,Tue Feb 10 2026 00:00:00 GMT-0500 (hora de Ecuador),Tue Feb 10 2026 00:00:00 GMT-0500 (hora de Ecuador),,,
9668,194,18,completado,Wed Feb 11 2026 00:00:00 GMT-0500 (hora de Ecuador),Wed Feb 11 2026 00:00:00 GMT-0500 (hora de Ecuador),,,
9669,194,19,completado,Wed Feb 11 2026 00:00:00 GMT-0500 (hora de Ecuador),Wed Feb 11 2026 00:00:00 GMT-0500 (hora de Ecuador),,,
9670,194,20,pendiente,,,,,
9671,194,21,pendiente,,,,,
9672,194,22,pendiente,,,,,
9673,194,23,pendiente,,,,,
9674,194,24,pendiente,,,,,
9675,194,25,pendiente,,,,,
9676,194,26,pendiente,,,,,
9677,194,27,pendiente,,,,,
9678,194,28,pendiente,,,,,
9679,194,29,pendiente,,,,,
9680,194,30,pendiente,,,,,
9681,194,31,pendiente,,,,,
9682,194,32,pendiente,,,,,
9683,194,33,pendiente,Thu Feb 12 2026 00:00:00 GMT-0500 (hora de Ecuador),,,,
9684,194,34,completado,Fri Feb 13 2026 00:00:00 GMT-0500 (hora de Ecuador),Fri Feb 13 2026 00:00:00 GMT-0500 (hora de Ecuador),,,
9685,194,35,completado,Fri Feb 13 2026 00:00:00 GMT-0500 (hora de Ecuador),Fri Feb 13 2026 00:00:00 GMT-0500 (hora de Ecuador),,,
9686,194,36,completado,Mon Feb 16 2026 00:00:00 GMT-0500 (hora de Ecuador),Mon Feb 16 2026 00:00:00 GMT-0500 (hora de Ecuador),,,
9687,194,37,completado,Tue Feb 17 2026 00:00:00 GMT-0500 (hora de Ecuador),Tue Feb 17 2026 00:00:00 GMT-0500 (hora de Ecuador),,,
9688,194,38,completado,Wed Feb 18 2026 00:00:00 GMT-0500 (hora de Ecuador),Wed Feb 18 2026 00:00:00 GMT-0500 (hora de Ecuador),,,
9689,194,39,pendiente,Thu Feb 19 2026 00:00:00 GMT-0500 (hora de Ecuador),,,,
9690,194,40,completado,Thu Feb 19 2026 00:00:00 GMT-0500 (hora de Ecuador),Thu Feb 19 2026 00:00:00 GMT-0500 (hora de Ecuador),,,
9691,194,41,completado,Wed Feb 25 2026 00:00:00 GMT-0500 (hora de Ecuador),Wed Feb 25 2026 00:00:00 GMT-0500 (hora de Ecuador),,,
9692,194,42,completado,Fri Feb 27 2026 00:00:00 GMT-0500 (hora de Ecuador),Fri Feb 27 2026 00:00:00 GMT-0500 (hora de Ecuador),,,
9693,194,43,completado,Thu Mar 05 2026 00:00:00 GMT-0500 (hora de Ecuador),Thu Mar 05 2026 00:00:00 GMT-0500 (hora de Ecuador),,,
9694,194,44,completado,Fri Mar 06 2026 00:00:00 GMT-0500 (hora de Ecuador),Fri Mar 06 2026 00:00:00 GMT-0500 (hora de Ecuador),,,
9695,194,45,completado,Mon Mar 09 2026 00:00:00 GMT-0500 (hora de Ecuador),Mon Mar 09 2026 00:00:00 GMT-0500 (hora de Ecuador),,,
9696,194,46,completado,Wed Mar 11 2026 00:00:00 GMT-0500 (hora de Ecuador),Wed Mar 11 2026 00:00:00 GMT-0500 (hora de Ecuador),,,
9697,194,47,completado,Thu Mar 12 2026 00:00:00 GMT-0500 (hora de Ecuador),Wed Mar 11 2026 00:00:00 GMT-0500 (hora de Ecuador),,,
9698,194,48,completado,Thu Mar 12 2026 00:00:00 GMT-0500 (hora de Ecuador),Wed Mar 11 2026 00:00:00 GMT-0500 (hora de Ecuador),,,
9699,194,49,completado,Tue Mar 17 2026 00:00:00 GMT-0500 (hora de Ecuador),Mon Mar 16 2026 00:00:00 GMT-0500 (hora de Ecuador),,,
9700,194,50,pendiente,Fri Mar 20 2026 00:00:00 GMT-0500 (hora de Ecuador),,,,
9701,195,1,completado,Fri Feb 27 2026 00:00:00 GMT-0500 (hora de Ecuador),Fri Feb 27 2026 00:00:00 GMT-0500 (hora de Ecuador),,,
9702,195,2,completado,Mon Mar 02 2026 00:00:00 GMT-0500 (hora de Ecuador),Mon Mar 02 2026 00:00:00 GMT-0500 (hora de Ecuador),,,
9703,195,3,completado,Mon Apr 06 2026 00:00:00 GMT-0500 (hora de Ecuador),Thu Apr 16 2026 00:00:00 GMT-0500 (hora de Ecuador),,,
9704,195,4,completado,Mon Apr 06 2026 00:00:00 GMT-0500 (hora de Ecuador),Thu Apr 16 2026 00:00:00 GMT-0500 (hora de Ecuador),,,
9705,195,5,completado,Mon Apr 06 2026 00:00:00 GMT-0500 (hora de Ecuador),Thu Apr 16 2026 00:00:00 GMT-0500 (hora de Ecuador),,,
9706,195,6,completado,Tue Apr 07 2026 00:00:00 GMT-0500 (hora de Ecuador),Thu Apr 16 2026 00:00:00 GMT-0500 (hora de Ecuador),,,
9707,195,7,completado,Wed Apr 08 2026 00:00:00 GMT-0500 (hora de Ecuador),Thu Apr 16 2026 00:00:00 GMT-0500 (hora de Ecuador),,,
9708,195,8,completado,Wed Apr 08 2026 00:00:00 GMT-0500 (hora de Ecuador),Thu Apr 16 2026 00:00:00 GMT-0500 (hora de Ecuador),,,
9709,195,9,completado,Wed Apr 08 2026 00:00:00 GMT-0500 (hora de Ecuador),Thu Apr 16 2026 00:00:00 GMT-0500 (hora de Ecuador),,,
9710,195,10,completado,Fri Feb 27 2026 00:00:00 GMT-0500 (hora de Ecuador),Fri Feb 27 2026 00:00:00 GMT-0500 (hora de Ecuador),,,
9711,195,11,completado,Tue Mar 03 2026 00:00:00 GMT-0500 (hora de Ecuador),Tue Mar 03 2026 00:00:00 GMT-0500 (hora de Ecuador),,,
9712,195,12,pendiente,Thu Apr 09 2026 00:00:00 GMT-0500 (hora de Ecuador),,,,
9713,195,13,completado,Thu Apr 09 2026 00:00:00 GMT-0500 (hora de Ecuador),Wed Apr 22 2026 00:00:00 GMT-0500 (hora de Ecuador),,,
9714,195,14,completado,Mon Apr 20 2026 00:00:00 GMT-0500 (hora de Ecuador),Fri May 08 2026 00:00:00 GMT-0500 (hora de Ecuador),,,
9715,195,15,pendiente,Thu Apr 23 2026 00:00:00 GMT-0500 (hora de Ecuador),,,,
9716,195,16,pendiente,Thu Apr 23 2026 00:00:00 GMT-0500 (hora de Ecuador),,,,
9717,195,17,pendiente,Thu Apr 30 2026 00:00:00 GMT-0500 (hora de Ecuador),,,,
9718,195,18,pendiente,Mon May 04 2026 00:00:00 GMT-0500 (hora de Ecuador),,,,
9719,195,19,pendiente,Tue May 05 2026 00:00:00 GMT-0500 (hora de Ecuador),,,,
9720,195,20,pendiente,,,,,
9721,195,21,pendiente,,,,,
9722,195,22,pendiente,,,,,
9723,195,23,pendiente,,,,,
9724,195,24,pendiente,,,,,
9725,195,25,pendiente,,,,,
9726,195,26,pendiente,,,,,
9727,195,27,pendiente,,,,,
9728,195,28,pendiente,,,,,
9729,195,29,pendiente,Tue May 05 2026 00:00:00 GMT-0500 (hora de Ecuador),,,,
9730,195,30,pendiente,Wed May 27 2026 00:00:00 GMT-0500 (hora de Ecuador),,,,
9731,195,31,pendiente,,,,,
9732,195,32,pendiente,,,,,
9733,195,33,pendiente,Wed May 27 2026 00:00:00 GMT-0500 (hora de Ecuador),,,,
9734,195,34,pendiente,Wed May 27 2026 00:00:00 GMT-0500 (hora de Ecuador),,,,
9735,195,35,pendiente,Wed May 27 2026 00:00:00 GMT-0500 (hora de Ecuador),,,,
9736,195,36,pendiente,Thu May 28 2026 00:00:00 GMT-0500 (hora de Ecuador),,,,
9737,195,37,pendiente,Thu May 28 2026 00:00:00 GMT-0500 (hora de Ecuador),,,,
9738,195,38,pendiente,Fri May 29 2026 00:00:00 GMT-0500 (hora de Ecuador),,,,
9739,195,39,pendiente,Fri May 29 2026 00:00:00 GMT-0500 (hora de Ecuador),,,,
9740,195,40,pendiente,Mon Jun 01 2026 00:00:00 GMT-0500 (hora de Ecuador),,,,
9741,195,41,pendiente,Wed Jun 10 2026 00:00:00 GMT-0500 (hora de Ecuador),,,,
9742,195,42,pendiente,Fri Jun 12 2026 00:00:00 GMT-0500 (hora de Ecuador),,,,
9743,195,43,pendiente,Fri Jun 26 2026 00:00:00 GMT-0500 (hora de Ecuador),,,,
9744,195,44,pendiente,Mon Jun 29 2026 00:00:00 GMT-0500 (hora de Ecuador),,,,
9745,195,45,pendiente,Tue Jun 30 2026 00:00:00 GMT-0500 (hora de Ecuador),,,,
9746,195,46,pendiente,Thu Jul 02 2026 00:00:00 GMT-0500 (hora de Ecuador),,,,
9747,195,47,pendiente,Thu Jul 02 2026 00:00:00 GMT-0500 (hora de Ecuador),,,,
9748,195,48,pendiente,Thu Jul 02 2026 00:00:00 GMT-0500 (hora de Ecuador),,,,
9749,195,49,pendiente,Tue Jul 07 2026 00:00:00 GMT-0500 (hora de Ecuador),,,,
9750,195,50,pendiente,Fri Jul 10 2026 00:00:00 GMT-0500 (hora de Ecuador),,,,
9751,196,1,pendiente,,,,,
9752,196,2,pendiente,,,,,
9753,196,3,pendiente,,,,,
9754,196,4,pendiente,,,,,
9755,196,5,pendiente,,,,,
9756,196,6,pendiente,,,,,
9757,196,7,pendiente,,,,,
9758,196,8,pendiente,,,,,
9759,196,9,pendiente,,,,,
9760,196,10,pendiente,,,,,
9761,196,11,pendiente,,,,,
9762,196,12,pendiente,,,,,
9763,196,13,pendiente,,,,,
9764,196,14,pendiente,,,,,
9765,196,15,pendiente,,,,,
9766,196,16,pendiente,,,,,
9767,196,17,pendiente,,,,,
9768,196,18,pendiente,,,,,
9769,196,19,pendiente,,,,,
9770,196,20,pendiente,,,,,
9771,196,21,pendiente,,,,,
9772,196,22,pendiente,,,,,
9773,196,23,pendiente,,,,,
9774,196,24,pendiente,,,,,
9775,196,25,pendiente,,,,,
9776,196,26,pendiente,,,,,
9777,196,27,pendiente,,,,,
9778,196,28,pendiente,,,,,
9779,196,29,pendiente,,,,,
9780,196,30,pendiente,,,,,
9781,196,31,pendiente,,,,,
9782,196,32,pendiente,,,,,
9783,196,33,pendiente,,,,,
9784,196,34,pendiente,,,,,
9785,196,35,pendiente,,,,,
9786,196,36,pendiente,,,,,
9787,196,37,pendiente,,,,,
9788,196,38,pendiente,,,,,
9789,196,39,pendiente,,,,,
9790,196,40,pendiente,,,,,
9791,196,41,pendiente,,,,,
9792,196,42,pendiente,,,,,
9793,196,43,pendiente,,,,,
9794,196,44,pendiente,,,,,
9795,196,45,pendiente,,,,,
9796,196,46,pendiente,,,,,
9797,196,47,pendiente,,,,,
9798,196,48,pendiente,,,,,
9799,196,49,pendiente,,,,,
9800,196,50,pendiente,,,,,
9801,197,1,pendiente,,,,,
9802,197,2,pendiente,,,,,
9803,197,3,pendiente,,,,,
9804,197,4,pendiente,,,,,
9805,197,5,pendiente,,,,,
9806,197,6,pendiente,,,,,
9807,197,7,pendiente,,,,,
9808,197,8,pendiente,,,,,
9809,197,9,pendiente,,,,,
9810,197,10,pendiente,,,,,
9811,197,11,pendiente,,,,,
9812,197,12,pendiente,,,,,
9813,197,13,pendiente,,,,,
9814,197,14,pendiente,,,,,
9815,197,15,pendiente,,,,,
9816,197,16,pendiente,,,,,
9817,197,17,pendiente,,,,,
9818,197,18,pendiente,,,,,
9819,197,19,pendiente,,,,,
9820,197,20,pendiente,,,,,
9821,197,21,pendiente,,,,,
9822,197,22,pendiente,,,,,
9823,197,23,pendiente,,,,,
9824,197,24,pendiente,,,,,
9825,197,25,pendiente,,,,,
9826,197,26,pendiente,,,,,
9827,197,27,pendiente,,,,,
9828,197,28,pendiente,,,,,
9829,197,29,pendiente,,,,,
9830,197,30,pendiente,,,,,
9831,197,31,pendiente,,,,,
9832,197,32,pendiente,,,,,
9833,197,33,pendiente,,,,,
9834,197,34,pendiente,,,,,
9835,197,35,pendiente,,,,,
9836,197,36,pendiente,,,,,
9837,197,37,pendiente,,,,,
9838,197,38,pendiente,,,,,
9839,197,39,pendiente,,,,,
9840,197,40,pendiente,,,,,
9841,197,41,pendiente,,,,,
9842,197,42,pendiente,,,,,
9843,197,43,pendiente,,,,,
9844,197,44,pendiente,,,,,
9845,197,45,pendiente,,,,,
9846,197,46,pendiente,,,,,
9847,197,47,pendiente,,,,,
9848,197,48,pendiente,,,,,
9849,197,49,pendiente,,,,,
9850,197,50,pendiente,,,,,
9851,198,1,pendiente,,,,,
9852,198,2,pendiente,,,,,
9853,198,3,pendiente,,,,,
9854,198,4,pendiente,,,,,
9855,198,5,pendiente,,,,,
9856,198,6,pendiente,,,,,
9857,198,7,pendiente,,,,,
9858,198,8,pendiente,,,,,
9859,198,9,pendiente,,,,,
9860,198,10,pendiente,,,,,
9861,198,11,pendiente,,,,,
9862,198,12,pendiente,,,,,
9863,198,13,pendiente,,,,,
9864,198,14,pendiente,,,,,
9865,198,15,pendiente,,,,,
9866,198,16,pendiente,,,,,
9867,198,17,pendiente,,,,,
9868,198,18,pendiente,,,,,
9869,198,19,pendiente,,,,,
9870,198,20,pendiente,,,,,
9871,198,21,pendiente,,,,,
9872,198,22,pendiente,,,,,
9873,198,23,pendiente,,,,,
9874,198,24,pendiente,,,,,
9875,198,25,pendiente,,,,,
9876,198,26,pendiente,,,,,
9877,198,27,pendiente,,,,,
9878,198,28,pendiente,,,,,
9879,198,29,pendiente,,,,,
9880,198,30,pendiente,,,,,
9881,198,31,pendiente,,,,,
9882,198,32,pendiente,,,,,
9883,198,33,pendiente,,,,,
9884,198,34,pendiente,,,,,
9885,198,35,pendiente,,,,,
9886,198,36,pendiente,,,,,
9887,198,37,pendiente,,,,,
9888,198,38,pendiente,,,,,
9889,198,39,pendiente,,,,,
9890,198,40,pendiente,,,,,
9891,198,41,pendiente,,,,,
9892,198,42,pendiente,,,,,
9893,198,43,pendiente,,,,,
9894,198,44,pendiente,,,,,
9895,198,45,pendiente,,,,,
9896,198,46,pendiente,,,,,
9897,198,47,pendiente,,,,,
9898,198,48,pendiente,,,,,
9899,198,49,pendiente,,,,,
9900,198,50,pendiente,,,,,
9901,199,1,pendiente,,,,,
9902,199,2,pendiente,,,,,
9903,199,3,pendiente,,,,,
9904,199,4,pendiente,,,,,
9905,199,5,pendiente,,,,,
9906,199,6,pendiente,,,,,
9907,199,7,pendiente,,,,,
9908,199,8,pendiente,,,,,
9909,199,9,pendiente,,,,,
9910,199,10,pendiente,,,,,
9911,199,11,pendiente,,,,,
9912,199,12,pendiente,,,,,
9913,199,13,pendiente,,,,,
9914,199,14,pendiente,,,,,
9915,199,15,pendiente,,,,,
9916,199,16,pendiente,,,,,
9917,199,17,pendiente,,,,,
9918,199,18,pendiente,,,,,
9919,199,19,pendiente,,,,,
9920,199,20,pendiente,,,,,
9921,199,21,pendiente,,,,,
9922,199,22,pendiente,,,,,
9923,199,23,pendiente,,,,,
9924,199,24,pendiente,,,,,
9925,199,25,pendiente,,,,,
9926,199,26,pendiente,,,,,
9927,199,27,pendiente,,,,,
9928,199,28,pendiente,,,,,
9929,199,29,pendiente,,,,,
9930,199,30,pendiente,,,,,
9931,199,31,pendiente,,,,,
9932,199,32,pendiente,,,,,
9933,199,33,pendiente,,,,,
9934,199,34,pendiente,,,,,
9935,199,35,pendiente,,,,,
9936,199,36,pendiente,,,,,
9937,199,37,pendiente,,,,,
9938,199,38,pendiente,,,,,
9939,199,39,pendiente,,,,,
9940,199,40,pendiente,,,,,
9941,199,41,pendiente,,,,,
9942,199,42,pendiente,,,,,
9943,199,43,pendiente,,,,,
9944,199,44,pendiente,,,,,
9945,199,45,pendiente,,,,,
9946,199,46,pendiente,,,,,
9947,199,47,pendiente,,,,,
9948,199,48,pendiente,,,,,
9949,199,49,pendiente,,,,,
9950,199,50,pendiente,,,,,
9951,200,1,pendiente,,,,,
9952,200,2,pendiente,,,,,
9953,200,3,pendiente,,,,,
9954,200,4,pendiente,,,,,
9955,200,5,pendiente,,,,,
9956,200,6,pendiente,,,,,
9957,200,7,pendiente,,,,,
9958,200,8,pendiente,,,,,
9959,200,9,pendiente,,,,,
9960,200,10,pendiente,,,,,
9961,200,11,pendiente,,,,,
9962,200,12,pendiente,,,,,
9963,200,13,pendiente,,,,,
9964,200,14,pendiente,,,,,
9965,200,15,pendiente,,,,,
9966,200,16,pendiente,,,,,
9967,200,17,pendiente,,,,,
9968,200,18,pendiente,,,,,
9969,200,19,pendiente,,,,,
9970,200,20,pendiente,,,,,
9971,200,21,pendiente,,,,,
9972,200,22,pendiente,,,,,
9973,200,23,pendiente,,,,,
9974,200,24,pendiente,,,,,
9975,200,25,pendiente,,,,,
9976,200,26,pendiente,,,,,
9977,200,27,pendiente,,,,,
9978,200,28,pendiente,,,,,
9979,200,29,pendiente,,,,,
9980,200,30,pendiente,,,,,
9981,200,31,pendiente,,,,,
9982,200,32,pendiente,,,,,
9983,200,33,pendiente,,,,,
9984,200,34,pendiente,,,,,
9985,200,35,pendiente,,,,,
9986,200,36,pendiente,,,,,
9987,200,37,pendiente,,,,,
9988,200,38,pendiente,,,,,
9989,200,39,pendiente,,,,,
9990,200,40,pendiente,,,,,
9991,200,41,pendiente,,,,,
9992,200,42,pendiente,,,,,
9993,200,43,pendiente,,,,,
9994,200,44,pendiente,,,,,
9995,200,45,pendiente,,,,,
9996,200,46,pendiente,,,,,
9997,200,47,pendiente,,,,,
9998,200,48,pendiente,,,,,
9999,200,49,pendiente,,,,,
10000,200,50,pendiente,,,,,
10001,201,1,pendiente,,,,,
10002,201,2,pendiente,,,,,
10003,201,3,pendiente,,,,,
10004,201,4,pendiente,,,,,
10005,201,5,pendiente,,,,,
10006,201,6,pendiente,,,,,
10007,201,7,pendiente,,,,,
10008,201,8,pendiente,,,,,
10009,201,9,pendiente,,,,,
10010,201,10,pendiente,,,,,
10011,201,11,pendiente,,,,,
10012,201,12,pendiente,,,,,
10013,201,13,pendiente,,,,,
10014,201,14,pendiente,,,,,
10015,201,15,pendiente,,,,,
10016,201,16,pendiente,,,,,
10017,201,17,pendiente,,,,,
10018,201,18,pendiente,,,,,
10019,201,19,pendiente,,,,,
10020,201,20,pendiente,,,,,
10021,201,21,pendiente,,,,,
10022,201,22,pendiente,,,,,
10023,201,23,pendiente,,,,,
10024,201,24,pendiente,,,,,
10025,201,25,pendiente,,,,,
10026,201,26,pendiente,,,,,
10027,201,27,pendiente,,,,,
10028,201,28,pendiente,,,,,
10029,201,29,pendiente,,,,,
10030,201,30,pendiente,,,,,
10031,201,31,pendiente,,,,,
10032,201,32,pendiente,,,,,
10033,201,33,pendiente,,,,,
10034,201,34,pendiente,,,,,
10035,201,35,pendiente,,,,,
10036,201,36,pendiente,,,,,
10037,201,37,pendiente,,,,,
10038,201,38,pendiente,,,,,
10039,201,39,pendiente,,,,,
10040,201,40,pendiente,,,,,
10041,201,41,pendiente,,,,,
10042,201,42,pendiente,,,,,
10043,201,43,pendiente,,,,,
10044,201,44,pendiente,,,,,
10045,201,45,pendiente,,,,,
10046,201,46,pendiente,,,,,
10047,201,47,pendiente,,,,,
10048,201,48,pendiente,,,,,
10049,201,49,pendiente,,,,,
10050,201,50,pendiente,,,,,
10051,202,1,pendiente,,,,,
10052,202,2,pendiente,,,,,
10053,202,3,pendiente,,,,,
10054,202,4,pendiente,,,,,
10055,202,5,pendiente,,,,,
10056,202,6,pendiente,,,,,
10057,202,7,pendiente,,,,,
10058,202,8,pendiente,,,,,
10059,202,9,pendiente,,,,,
10060,202,10,pendiente,,,,,
10061,202,11,pendiente,,,,,
10062,202,12,pendiente,,,,,
10063,202,13,pendiente,,,,,
10064,202,14,pendiente,,,,,
10065,202,15,pendiente,,,,,
10066,202,16,pendiente,,,,,
10067,202,17,pendiente,,,,,
10068,202,18,pendiente,,,,,
10069,202,19,pendiente,,,,,
10070,202,20,pendiente,,,,,
10071,202,21,pendiente,,,,,
10072,202,22,pendiente,,,,,
10073,202,23,pendiente,,,,,
10074,202,24,pendiente,,,,,
10075,202,25,pendiente,,,,,
10076,202,26,pendiente,,,,,
10077,202,27,pendiente,,,,,
10078,202,28,pendiente,,,,,
10079,202,29,pendiente,,,,,
10080,202,30,pendiente,,,,,
10081,202,31,pendiente,,,,,
10082,202,32,pendiente,,,,,
10083,202,33,pendiente,,,,,
10084,202,34,pendiente,,,,,
10085,202,35,pendiente,,,,,
10086,202,36,pendiente,,,,,
10087,202,37,pendiente,,,,,
10088,202,38,pendiente,,,,,
10089,202,39,pendiente,,,,,
10090,202,40,pendiente,,,,,
10091,202,41,pendiente,,,,,
10092,202,42,pendiente,,,,,
10093,202,43,pendiente,,,,,
10094,202,44,pendiente,,,,,
10095,202,45,pendiente,,,,,
10096,202,46,pendiente,,,,,
10097,202,47,pendiente,,,,,
10098,202,48,pendiente,,,,,
10099,202,49,pendiente,,,,,
10100,202,50,pendiente,,,,,
10101,203,1,pendiente,,,,,
10102,203,2,pendiente,,,,,
10103,203,3,pendiente,,,,,
10104,203,4,pendiente,,,,,
10105,203,5,pendiente,,,,,
10106,203,6,pendiente,,,,,
10107,203,7,pendiente,,,,,
10108,203,8,pendiente,,,,,
10109,203,9,pendiente,,,,,
10110,203,10,pendiente,,,,,
10111,203,11,pendiente,,,,,
10112,203,12,pendiente,,,,,
10113,203,13,pendiente,,,,,
10114,203,14,pendiente,,,,,
10115,203,15,pendiente,,,,,
10116,203,16,pendiente,,,,,
10117,203,17,pendiente,,,,,
10118,203,18,pendiente,,,,,
10119,203,19,pendiente,,,,,
10120,203,20,pendiente,,,,,
10121,203,21,pendiente,,,,,
10122,203,22,pendiente,,,,,
10123,203,23,pendiente,,,,,
10124,203,24,pendiente,,,,,
10125,203,25,pendiente,,,,,
10126,203,26,pendiente,,,,,
10127,203,27,pendiente,,,,,
10128,203,28,pendiente,,,,,
10129,203,29,pendiente,,,,,
10130,203,30,pendiente,,,,,
10131,203,31,pendiente,,,,,
10132,203,32,pendiente,,,,,
10133,203,33,pendiente,,,,,
10134,203,34,pendiente,,,,,
10135,203,35,pendiente,,,,,
10136,203,36,pendiente,,,,,
10137,203,37,pendiente,,,,,
10138,203,38,pendiente,,,,,
10139,203,39,pendiente,,,,,
10140,203,40,pendiente,,,,,
10141,203,41,pendiente,,,,,
10142,203,42,pendiente,,,,,
10143,203,43,pendiente,,,,,
10144,203,44,pendiente,,,,,
10145,203,45,pendiente,,,,,
10146,203,46,pendiente,,,,,
10147,203,47,pendiente,,,,,
10148,203,48,pendiente,,,,,
10149,203,49,pendiente,,,,,
10150,203,50,pendiente,,,,,
10151,204,1,pendiente,,,,,
10152,204,2,pendiente,,,,,
10153,204,3,pendiente,,,,,
10154,204,4,pendiente,,,,,
10155,204,5,pendiente,,,,,
10156,204,6,pendiente,,,,,
10157,204,7,pendiente,,,,,
10158,204,8,pendiente,,,,,
10159,204,9,pendiente,,,,,
10160,204,10,pendiente,,,,,
10161,204,11,pendiente,,,,,
10162,204,12,pendiente,,,,,
10163,204,13,pendiente,,,,,
10164,204,14,pendiente,,,,,
10165,204,15,pendiente,,,,,
10166,204,16,pendiente,,,,,
10167,204,17,pendiente,,,,,
10168,204,18,pendiente,,,,,
10169,204,19,pendiente,,,,,
10170,204,20,pendiente,,,,,
10171,204,21,pendiente,,,,,
10172,204,22,pendiente,,,,,
10173,204,23,pendiente,,,,,
10174,204,24,pendiente,,,,,
10175,204,25,pendiente,,,,,
10176,204,26,pendiente,,,,,
10177,204,27,pendiente,,,,,
10178,204,28,pendiente,,,,,
10179,204,29,pendiente,,,,,
10180,204,30,pendiente,,,,,
10181,204,31,pendiente,,,,,
10182,204,32,pendiente,,,,,
10183,204,33,pendiente,,,,,
10184,204,34,pendiente,,,,,
10185,204,35,pendiente,,,,,
10186,204,36,pendiente,,,,,
10187,204,37,pendiente,,,,,
10188,204,38,pendiente,,,,,
10189,204,39,pendiente,,,,,
10190,204,40,pendiente,,,,,
10191,204,41,pendiente,,,,,
10192,204,42,pendiente,,,,,
10193,204,43,pendiente,,,,,
10194,204,44,pendiente,,,,,
10195,204,45,pendiente,,,,,
10196,204,46,pendiente,,,,,
10197,204,47,pendiente,,,,,
10198,204,48,pendiente,,,,,
10199,204,49,pendiente,,,,,
10200,204,50,pendiente,,,,,
10201,205,1,pendiente,,,,,
10202,205,2,pendiente,,,,,
10203,205,3,pendiente,,,,,
10204,205,4,pendiente,,,,,
10205,205,5,pendiente,,,,,
10206,205,6,pendiente,,,,,
10207,205,7,pendiente,,,,,
10208,205,8,pendiente,,,,,
10209,205,9,pendiente,,,,,
10210,205,10,pendiente,,,,,
10211,205,11,pendiente,,,,,
10212,205,12,pendiente,,,,,
10213,205,13,pendiente,,,,,
10214,205,14,pendiente,,,,,
10215,205,15,pendiente,,,,,
10216,205,16,pendiente,,,,,
10217,205,17,pendiente,,,,,
10218,205,18,pendiente,,,,,
10219,205,19,pendiente,,,,,
10220,205,20,pendiente,,,,,
10221,205,21,pendiente,,,,,
10222,205,22,pendiente,,,,,
10223,205,23,pendiente,,,,,
10224,205,24,pendiente,,,,,
10225,205,25,pendiente,,,,,
10226,205,26,pendiente,,,,,
10227,205,27,pendiente,,,,,
10228,205,28,pendiente,,,,,
10229,205,29,pendiente,,,,,
10230,205,30,pendiente,,,,,
10231,205,31,pendiente,,,,,
10232,205,32,pendiente,,,,,
10233,205,33,pendiente,,,,,
10234,205,34,pendiente,,,,,
10235,205,35,pendiente,,,,,
10236,205,36,pendiente,,,,,
10237,205,37,pendiente,,,,,
10238,205,38,pendiente,,,,,
10239,205,39,pendiente,,,,,
10240,205,40,pendiente,,,,,
10241,205,41,pendiente,,,,,
10242,205,42,pendiente,,,,,
10243,205,43,pendiente,,,,,
10244,205,44,pendiente,,,,,
10245,205,45,pendiente,,,,,
10246,205,46,pendiente,,,,,
10247,205,47,pendiente,,,,,
10248,205,48,pendiente,,,,,
10249,205,49,pendiente,,,,,
10250,205,50,pendiente,,,,,
10251,206,1,pendiente,,,,,
10252,206,2,pendiente,,,,,
10253,206,3,pendiente,,,,,
10254,206,4,pendiente,,,,,
10255,206,5,pendiente,,,,,
10256,206,6,pendiente,,,,,
10257,206,7,pendiente,,,,,
10258,206,8,pendiente,,,,,
10259,206,9,pendiente,,,,,
10260,206,10,pendiente,,,,,
10261,206,11,pendiente,,,,,
10262,206,12,pendiente,,,,,
10263,206,13,pendiente,,,,,
10264,206,14,pendiente,,,,,
10265,206,15,pendiente,,,,,
10266,206,16,pendiente,,,,,
10267,206,17,pendiente,,,,,
10268,206,18,pendiente,,,,,
10269,206,19,pendiente,,,,,
10270,206,20,pendiente,,,,,
10271,206,21,pendiente,,,,,
10272,206,22,pendiente,,,,,
10273,206,23,pendiente,,,,,
10274,206,24,pendiente,,,,,
10275,206,25,pendiente,,,,,
10276,206,26,pendiente,,,,,
10277,206,27,pendiente,,,,,
10278,206,28,pendiente,,,,,
10279,206,29,pendiente,,,,,
10280,206,30,pendiente,,,,,
10281,206,31,pendiente,,,,,
10282,206,32,pendiente,,,,,
10283,206,33,pendiente,,,,,
10284,206,34,pendiente,,,,,
10285,206,35,pendiente,,,,,
10286,206,36,pendiente,,,,,
10287,206,37,pendiente,,,,,
10288,206,38,pendiente,,,,,
10289,206,39,pendiente,,,,,
10290,206,40,pendiente,,,,,
10291,206,41,pendiente,,,,,
10292,206,42,pendiente,,,,,
10293,206,43,pendiente,,,,,
10294,206,44,pendiente,,,,,
10295,206,45,pendiente,,,,,
10296,206,46,pendiente,,,,,
10297,206,47,pendiente,,,,,
10298,206,48,pendiente,,,,,
10299,206,49,pendiente,,,,,
10300,206,50,pendiente,,,,,
10301,207,1,completado,,Fri Jan 09 2026 00:00:00 GMT-0500 (hora de Ecuador),,,
10302,207,2,completado,Mon Mar 16 2026 00:00:00 GMT-0500 (hora de Ecuador),Fri Jan 09 2026 00:00:00 GMT-0500 (hora de Ecuador),,,
10303,207,3,completado,Fri Mar 27 2026 00:00:00 GMT-0500 (hora de Ecuador),Mon Jan 12 2026 00:00:00 GMT-0500 (hora de Ecuador),,,
10304,207,4,completado,,Mon Jan 12 2026 00:00:00 GMT-0500 (hora de Ecuador),,,
10305,207,5,completado,,Mon Jan 12 2026 00:00:00 GMT-0500 (hora de Ecuador),,,
10306,207,6,completado,,Tue Jan 13 2026 00:00:00 GMT-0500 (hora de Ecuador),,,
10307,207,7,completado,,Wed Jan 14 2026 00:00:00 GMT-0500 (hora de Ecuador),,,
10308,207,8,completado,,Thu Jan 15 2026 00:00:00 GMT-0500 (hora de Ecuador),,,
10309,207,9,completado,,Fri Jan 16 2026 00:00:00 GMT-0500 (hora de Ecuador),,,
10310,207,10,completado,,Mon Jan 19 2026 00:00:00 GMT-0500 (hora de Ecuador),,,
10311,207,11,completado,,Tue Jan 20 2026 00:00:00 GMT-0500 (hora de Ecuador),,,
10312,207,12,completado,,Tue Jan 20 2026 00:00:00 GMT-0500 (hora de Ecuador),,,
10313,207,13,completado,,Wed Jan 21 2026 00:00:00 GMT-0500 (hora de Ecuador),,,
10314,207,14,completado,,Thu Jan 22 2026 00:00:00 GMT-0500 (hora de Ecuador),,,
10315,207,15,completado,,Fri Jan 23 2026 00:00:00 GMT-0500 (hora de Ecuador),,,
10316,207,16,completado,,Mon Jan 26 2026 00:00:00 GMT-0500 (hora de Ecuador),,,
10317,207,17,completado,,Mon Jan 26 2026 00:00:00 GMT-0500 (hora de Ecuador),,,
10318,207,18,completado,,Tue Jan 27 2026 00:00:00 GMT-0500 (hora de Ecuador),,,
10319,207,19,completado,,Tue Jan 27 2026 00:00:00 GMT-0500 (hora de Ecuador),,,
10320,207,20,pendiente,,,,,
10321,207,21,pendiente,,,,,
10322,207,22,pendiente,,,,,
10323,207,23,pendiente,,,,,
10324,207,24,pendiente,,,,,
10325,207,25,pendiente,,,,,
10326,207,26,pendiente,,,,,
10327,207,27,pendiente,,,,,
10328,207,28,pendiente,,,,,
10329,207,29,pendiente,,,,,
10330,207,30,pendiente,,,,,
10331,207,31,pendiente,,,,,
10332,207,32,pendiente,,,,,
10333,207,33,completado,,Wed Jan 28 2026 00:00:00 GMT-0500 (hora de Ecuador),,,
10334,207,34,completado,,Thu Jan 29 2026 00:00:00 GMT-0500 (hora de Ecuador),,,
10335,207,35,completado,,Thu Jan 29 2026 00:00:00 GMT-0500 (hora de Ecuador),,,
10336,207,36,completado,,Fri Jan 30 2026 00:00:00 GMT-0500 (hora de Ecuador),,,
10337,207,37,completado,,Mon Feb 02 2026 00:00:00 GMT-0500 (hora de Ecuador),,,
10338,207,38,completado,,Tue Feb 03 2026 00:00:00 GMT-0500 (hora de Ecuador),,,
10339,207,39,completado,,Wed Feb 04 2026 00:00:00 GMT-0500 (hora de Ecuador),,,
10340,207,40,completado,,Wed Feb 04 2026 00:00:00 GMT-0500 (hora de Ecuador),,,
10341,207,41,completado,,Tue Feb 10 2026 00:00:00 GMT-0500 (hora de Ecuador),,,
10342,207,42,completado,,Thu Feb 12 2026 00:00:00 GMT-0500 (hora de Ecuador),,,
10343,207,43,completado,,Wed Feb 18 2026 00:00:00 GMT-0500 (hora de Ecuador),,,
10344,207,44,completado,,Thu Feb 19 2026 00:00:00 GMT-0500 (hora de Ecuador),,,
10345,207,45,completado,,Fri Feb 20 2026 00:00:00 GMT-0500 (hora de Ecuador),,,
10346,207,46,completado,,Tue Feb 24 2026 00:00:00 GMT-0500 (hora de Ecuador),,,
10347,207,47,completado,,Wed Feb 25 2026 00:00:00 GMT-0500 (hora de Ecuador),,,
10348,207,48,completado,,Fri Feb 27 2026 00:00:00 GMT-0500 (hora de Ecuador),,,
10349,207,49,completado,,Wed Mar 04 2026 00:00:00 GMT-0500 (hora de Ecuador),,,
10350,207,50,completado,,Mon Mar 09 2026 00:00:00 GMT-0500 (hora de Ecuador),,,
10351,208,1,pendiente,,,,,
10352,208,2,pendiente,,,,,
10353,208,3,pendiente,,,,,
10354,208,4,pendiente,,,,,
10355,208,5,pendiente,,,,,
10356,208,6,pendiente,,,,,
10357,208,7,pendiente,,,,,
10358,208,8,pendiente,,,,,
10359,208,9,pendiente,,,,,
10360,208,10,pendiente,,,,,
10361,208,11,pendiente,,,,,
10362,208,12,pendiente,,,,,
10363,208,13,pendiente,,,,,
10364,208,14,pendiente,,,,,
10365,208,15,pendiente,,,,,
10366,208,16,pendiente,,,,,
10367,208,17,pendiente,,,,,
10368,208,18,pendiente,,,,,
10369,208,19,pendiente,,,,,
10370,208,20,pendiente,,,,,
10371,208,21,pendiente,,,,,
10372,208,22,pendiente,,,,,
10373,208,23,pendiente,,,,,
10374,208,24,pendiente,,,,,
10375,208,25,pendiente,,,,,
10376,208,26,pendiente,,,,,
10377,208,27,pendiente,,,,,
10378,208,28,pendiente,,,,,
10379,208,29,pendiente,,,,,
10380,208,30,pendiente,,,,,
10381,208,31,pendiente,,,,,
10382,208,32,pendiente,,,,,
10383,208,33,pendiente,,,,,
10384,208,34,pendiente,,,,,
10385,208,35,pendiente,,,,,
10386,208,36,pendiente,,,,,
10387,208,37,pendiente,,,,,
10388,208,38,pendiente,,,,,
10389,208,39,pendiente,,,,,
10390,208,40,pendiente,,,,,
10391,208,41,pendiente,Thu Jan 04 1900 00:00:00 GMT-0514 (hora de Ecuador),,,,
10392,208,42,pendiente,Mon Jan 08 1900 00:00:00 GMT-0514 (hora de Ecuador),,,,
10393,208,43,pendiente,Fri Jan 12 1900 00:00:00 GMT-0514 (hora de Ecuador),,,,
10394,208,44,pendiente,Mon Jan 15 1900 00:00:00 GMT-0514 (hora de Ecuador),,,,
10395,208,45,pendiente,Tue Jan 16 1900 00:00:00 GMT-0514 (hora de Ecuador),,,,
10396,208,46,pendiente,Thu Jan 18 1900 00:00:00 GMT-0514 (hora de Ecuador),,,,
10397,208,47,pendiente,Fri Jan 19 1900 00:00:00 GMT-0514 (hora de Ecuador),,,,
10398,208,48,pendiente,Fri Jan 19 1900 00:00:00 GMT-0514 (hora de Ecuador),,,,
10399,208,49,pendiente,Wed Jan 24 1900 00:00:00 GMT-0514 (hora de Ecuador),,,,
10400,208,50,pendiente,,,,,
10401,209,1,pendiente,,,,,
10402,209,2,pendiente,,,,,
10403,209,3,pendiente,,,,,
10404,209,4,pendiente,,,,,
10405,209,5,pendiente,,,,,
10406,209,6,pendiente,,,,,
10407,209,7,pendiente,,,,,
10408,209,8,pendiente,,,,,
10409,209,9,pendiente,,,,,
10410,209,10,pendiente,,,,,
10411,209,11,pendiente,,,,,
10412,209,12,pendiente,,,,,
10413,209,13,pendiente,,,,,
10414,209,14,pendiente,,,,,
10415,209,15,pendiente,,,,,
10416,209,16,pendiente,,,,,
10417,209,17,pendiente,,,,,
10418,209,18,pendiente,,,,,
10419,209,19,pendiente,,,,,
10420,209,20,pendiente,,,,,
10421,209,21,pendiente,,,,,
10422,209,22,pendiente,,,,,
10423,209,23,pendiente,,,,,
10424,209,24,pendiente,,,,,
10425,209,25,pendiente,,,,,
10426,209,26,pendiente,,,,,
10427,209,27,pendiente,,,,,
10428,209,28,pendiente,,,,,
10429,209,29,pendiente,,,,,
10430,209,30,pendiente,,,,,
10431,209,31,pendiente,,,,,
10432,209,32,pendiente,,,,,
10433,209,33,pendiente,,,,,
10434,209,34,pendiente,,,,,
10435,209,35,pendiente,,,,,
10436,209,36,pendiente,,,,,
10437,209,37,pendiente,,,,,
10438,209,38,pendiente,,,,,
10439,209,39,pendiente,,,,,
10440,209,40,pendiente,,,,,
10441,209,41,pendiente,,,,,
10442,209,42,pendiente,,,,,
10443,209,43,pendiente,,,,,
10444,209,44,pendiente,,,,,
10445,209,45,pendiente,,,,,
10446,209,46,pendiente,,,,,
10447,209,47,pendiente,,,,,
10448,209,48,pendiente,,,,,
10449,209,49,pendiente,,,,,
10450,209,50,pendiente,,,,,
10451,210,1,pendiente,,,,,
10452,210,2,pendiente,,,,,
10453,210,3,pendiente,,,,,
10454,210,4,pendiente,,,,,
10455,210,5,pendiente,,,,,
10456,210,6,pendiente,,,,,
10457,210,7,pendiente,,,,,
10458,210,8,pendiente,,,,,
10459,210,9,pendiente,,,,,
10460,210,10,pendiente,,,,,
10461,210,11,pendiente,,,,,
10462,210,12,pendiente,,,,,
10463,210,13,pendiente,,,,,
10464,210,14,pendiente,,,,,
10465,210,15,pendiente,,,,,
10466,210,16,pendiente,,,,,
10467,210,17,pendiente,,,,,
10468,210,18,pendiente,,,,,
10469,210,19,pendiente,,,,,
10470,210,20,pendiente,,,,,
10471,210,21,pendiente,,,,,
10472,210,22,pendiente,,,,,
10473,210,23,pendiente,,,,,
10474,210,24,pendiente,,,,,
10475,210,25,pendiente,,,,,
10476,210,26,pendiente,,,,,
10477,210,27,pendiente,,,,,
10478,210,28,pendiente,,,,,
10479,210,29,pendiente,,,,,
10480,210,30,pendiente,,,,,
10481,210,31,pendiente,,,,,
10482,210,32,pendiente,,,,,
10483,210,33,pendiente,,,,,
10484,210,34,pendiente,,,,,
10485,210,35,pendiente,,,,,
10486,210,36,pendiente,,,,,
10487,210,37,pendiente,,,,,
10488,210,38,pendiente,,,,,
10489,210,39,pendiente,,,,,
10490,210,40,pendiente,,,,,
10491,210,41,pendiente,,,,,
10492,210,42,pendiente,,,,,
10493,210,43,pendiente,,,,,
10494,210,44,pendiente,,,,,
10495,210,45,pendiente,,,,,
10496,210,46,pendiente,,,,,
10497,210,47,pendiente,,,,,
10498,210,48,pendiente,,,,,
10499,210,49,pendiente,,,,,
10500,210,50,pendiente,,,,,
10501,211,1,pendiente,,,,,
10502,211,2,pendiente,,,,,
10503,211,3,pendiente,,,,,
10504,211,4,pendiente,,,,,
10505,211,5,pendiente,,,,,
10506,211,6,pendiente,,,,,
10507,211,7,pendiente,,,,,
10508,211,8,pendiente,,,,,
10509,211,9,pendiente,,,,,
10510,211,10,pendiente,,,,,
10511,211,11,pendiente,,,,,
10512,211,12,pendiente,,,,,
10513,211,13,pendiente,,,,,
10514,211,14,pendiente,,,,,
10515,211,15,pendiente,,,,,
10516,211,16,pendiente,,,,,
10517,211,17,pendiente,,,,,
10518,211,18,pendiente,,,,,
10519,211,19,pendiente,,,,,
10520,211,20,pendiente,,,,,
10521,211,21,pendiente,,,,,
10522,211,22,pendiente,,,,,
10523,211,23,pendiente,,,,,
10524,211,24,pendiente,,,,,
10525,211,25,pendiente,,,,,
10526,211,26,pendiente,,,,,
10527,211,27,pendiente,,,,,
10528,211,28,pendiente,,,,,
10529,211,29,pendiente,,,,,
10530,211,30,pendiente,,,,,
10531,211,31,pendiente,,,,,
10532,211,32,pendiente,,,,,
10533,211,33,pendiente,,,,,
10534,211,34,pendiente,,,,,
10535,211,35,pendiente,,,,,
10536,211,36,pendiente,,,,,
10537,211,37,pendiente,,,,,
10538,211,38,pendiente,,,,,
10539,211,39,pendiente,,,,,
10540,211,40,pendiente,,,,,
10541,211,41,pendiente,,,,,
10542,211,42,pendiente,,,,,
10543,211,43,pendiente,,,,,
10544,211,44,pendiente,,,,,
10545,211,45,pendiente,,,,,
10546,211,46,pendiente,,,,,
10547,211,47,pendiente,,,,,
10548,211,48,pendiente,,,,,
10549,211,49,pendiente,,,,,
10550,211,50,pendiente,,,,,
10551,212,1,pendiente,,,,,
10552,212,2,pendiente,,,,,
10553,212,3,pendiente,,,,,
10554,212,4,pendiente,,,,,
10555,212,5,pendiente,,,,,
10556,212,6,pendiente,,,,,
10557,212,7,pendiente,,,,,
10558,212,8,pendiente,,,,,
10559,212,9,pendiente,,,,,
10560,212,10,pendiente,,,,,
10561,212,11,pendiente,,,,,
10562,212,12,pendiente,,,,,
10563,212,13,pendiente,,,,,
10564,212,14,pendiente,,,,,
10565,212,15,pendiente,,,,,
10566,212,16,pendiente,,,,,
10567,212,17,pendiente,,,,,
10568,212,18,pendiente,,,,,
10569,212,19,pendiente,,,,,
10570,212,20,pendiente,,,,,
10571,212,21,pendiente,,,,,
10572,212,22,pendiente,,,,,
10573,212,23,pendiente,,,,,
10574,212,24,pendiente,,,,,
10575,212,25,pendiente,,,,,
10576,212,26,pendiente,,,,,
10577,212,27,pendiente,,,,,
10578,212,28,pendiente,,,,,
10579,212,29,pendiente,,,,,
10580,212,30,pendiente,,,,,
10581,212,31,pendiente,,,,,
10582,212,32,pendiente,,,,,
10583,212,33,pendiente,,,,,
10584,212,34,pendiente,,,,,
10585,212,35,pendiente,,,,,
10586,212,36,pendiente,,,,,
10587,212,37,pendiente,,,,,
10588,212,38,pendiente,,,,,
10589,212,39,pendiente,,,,,
10590,212,40,pendiente,,,,,
10591,212,41,pendiente,,,,,
10592,212,42,pendiente,,,,,
10593,212,43,pendiente,,,,,
10594,212,44,pendiente,,,,,
10595,212,45,pendiente,,,,,
10596,212,46,pendiente,,,,,
10597,212,47,pendiente,,,,,
10598,212,48,pendiente,,,,,
10599,212,49,pendiente,,,,,
10600,212,50,pendiente,,,,,
10601,213,1,pendiente,,,,,
10602,213,2,pendiente,,,,,
10603,213,3,pendiente,,,,,
10604,213,4,pendiente,,,,,
10605,213,5,pendiente,,,,,
10606,213,6,pendiente,,,,,
10607,213,7,pendiente,,,,,
10608,213,8,pendiente,,,,,
10609,213,9,pendiente,,,,,
10610,213,10,pendiente,,,,,
10611,213,11,pendiente,,,,,
10612,213,12,pendiente,,,,,
10613,213,13,pendiente,,,,,
10614,213,14,pendiente,,,,,
10615,213,15,pendiente,,,,,
10616,213,16,pendiente,,,,,
10617,213,17,pendiente,,,,,
10618,213,18,pendiente,,,,,
10619,213,19,pendiente,,,,,
10620,213,20,pendiente,,,,,
10621,213,21,pendiente,,,,,
10622,213,22,pendiente,,,,,
10623,213,23,pendiente,,,,,
10624,213,24,pendiente,,,,,
10625,213,25,pendiente,,,,,
10626,213,26,pendiente,,,,,
10627,213,27,pendiente,,,,,
10628,213,28,pendiente,,,,,
10629,213,29,pendiente,,,,,
10630,213,30,pendiente,,,,,
10631,213,31,pendiente,,,,,
10632,213,32,pendiente,,,,,
10633,213,33,pendiente,,,,,
10634,213,34,pendiente,,,,,
10635,213,35,pendiente,,,,,
10636,213,36,pendiente,,,,,
10637,213,37,pendiente,,,,,
10638,213,38,pendiente,,,,,
10639,213,39,pendiente,,,,,
10640,213,40,pendiente,,,,,
10641,213,41,pendiente,Thu Jan 04 1900 00:00:00 GMT-0514 (hora de Ecuador),,,,
10642,213,42,pendiente,Mon Jan 08 1900 00:00:00 GMT-0514 (hora de Ecuador),,,,
10643,213,43,pendiente,Fri Jan 12 1900 00:00:00 GMT-0514 (hora de Ecuador),,,,
10644,213,44,pendiente,Mon Jan 15 1900 00:00:00 GMT-0514 (hora de Ecuador),,,,
10645,213,45,pendiente,Tue Jan 16 1900 00:00:00 GMT-0514 (hora de Ecuador),,,,
10646,213,46,pendiente,Thu Jan 18 1900 00:00:00 GMT-0514 (hora de Ecuador),,,,
10647,213,47,pendiente,Fri Jan 19 1900 00:00:00 GMT-0514 (hora de Ecuador),,,,
10648,213,48,pendiente,Fri Jan 19 1900 00:00:00 GMT-0514 (hora de Ecuador),,,,
10649,213,49,pendiente,Wed Jan 24 1900 00:00:00 GMT-0514 (hora de Ecuador),,,,
10650,213,50,pendiente,,,,,
10651,214,1,pendiente,,,,,
10652,214,2,pendiente,,,,,
10653,214,3,pendiente,,,,,
10654,214,4,pendiente,,,,,
10655,214,5,pendiente,,,,,
10656,214,6,pendiente,,,,,
10657,214,7,pendiente,,,,,
10658,214,8,pendiente,,,,,
10659,214,9,pendiente,,,,,
10660,214,10,pendiente,,,,,
10661,214,11,pendiente,,,,,
10662,214,12,pendiente,,,,,
10663,214,13,pendiente,,,,,
10664,214,14,pendiente,,,,,
10665,214,15,pendiente,,,,,
10666,214,16,pendiente,,,,,
10667,214,17,pendiente,,,,,
10668,214,18,pendiente,,,,,
10669,214,19,pendiente,,,,,
10670,214,20,pendiente,,,,,
10671,214,21,pendiente,,,,,
10672,214,22,pendiente,,,,,
10673,214,23,pendiente,,,,,
10674,214,24,pendiente,,,,,
10675,214,25,pendiente,,,,,
10676,214,26,pendiente,,,,,
10677,214,27,pendiente,,,,,
10678,214,28,pendiente,,,,,
10679,214,29,pendiente,,,,,
10680,214,30,pendiente,,,,,
10681,214,31,pendiente,,,,,
10682,214,32,pendiente,,,,,
10683,214,33,pendiente,,,,,
10684,214,34,pendiente,,,,,
10685,214,35,pendiente,,,,,
10686,214,36,pendiente,,,,,
10687,214,37,pendiente,,,,,
10688,214,38,pendiente,,,,,
10689,214,39,pendiente,,,,,
10690,214,40,pendiente,,,,,
10691,214,41,pendiente,,,,,
10692,214,42,pendiente,,,,,
10693,214,43,pendiente,,,,,
10694,214,44,pendiente,,,,,
10695,214,45,pendiente,,,,,
10696,214,46,pendiente,,,,,
10697,214,47,pendiente,,,,,
10698,214,48,pendiente,,,,,
10699,214,49,pendiente,,,,,
10700,214,50,pendiente,,,,,
10701,215,1,completado,Mon Jan 26 2026 00:00:00 GMT-0500 (hora de Ecuador),Mon Jan 26 2026 00:00:00 GMT-0500 (hora de Ecuador),,,
10702,215,2,completado,Mon Jan 26 2026 00:00:00 GMT-0500 (hora de Ecuador),Mon Jan 26 2026 00:00:00 GMT-0500 (hora de Ecuador),,,
10703,215,3,completado,Tue Jan 27 2026 00:00:00 GMT-0500 (hora de Ecuador),Tue Jan 27 2026 00:00:00 GMT-0500 (hora de Ecuador),,,
10704,215,4,completado,Tue Jan 27 2026 00:00:00 GMT-0500 (hora de Ecuador),Tue Jan 27 2026 00:00:00 GMT-0500 (hora de Ecuador),,,
10705,215,5,completado,Tue Jan 27 2026 00:00:00 GMT-0500 (hora de Ecuador),Tue Jan 27 2026 00:00:00 GMT-0500 (hora de Ecuador),,,
10706,215,6,completado,Wed Jan 28 2026 00:00:00 GMT-0500 (hora de Ecuador),Wed Jan 28 2026 00:00:00 GMT-0500 (hora de Ecuador),,,
10707,215,7,completado,Thu Jan 29 2026 00:00:00 GMT-0500 (hora de Ecuador),Thu Jan 29 2026 00:00:00 GMT-0500 (hora de Ecuador),,,
10708,215,8,completado,Fri Jan 30 2026 00:00:00 GMT-0500 (hora de Ecuador),Fri Jan 30 2026 00:00:00 GMT-0500 (hora de Ecuador),,,
10709,215,9,completado,Mon Feb 02 2026 00:00:00 GMT-0500 (hora de Ecuador),Mon Feb 02 2026 00:00:00 GMT-0500 (hora de Ecuador),,,
10710,215,10,completado,Tue Feb 03 2026 00:00:00 GMT-0500 (hora de Ecuador),Tue Feb 03 2026 00:00:00 GMT-0500 (hora de Ecuador),,,
10711,215,11,completado,Wed Feb 04 2026 00:00:00 GMT-0500 (hora de Ecuador),Wed Feb 04 2026 00:00:00 GMT-0500 (hora de Ecuador),,,
10712,215,12,completado,Wed Feb 04 2026 00:00:00 GMT-0500 (hora de Ecuador),Wed Feb 04 2026 00:00:00 GMT-0500 (hora de Ecuador),,,
10713,215,13,completado,Thu Feb 05 2026 00:00:00 GMT-0500 (hora de Ecuador),Thu Feb 05 2026 00:00:00 GMT-0500 (hora de Ecuador),,,
10714,215,14,completado,Fri Feb 06 2026 00:00:00 GMT-0500 (hora de Ecuador),Fri Feb 06 2026 00:00:00 GMT-0500 (hora de Ecuador),,,
10715,215,15,completado,Mon Feb 09 2026 00:00:00 GMT-0500 (hora de Ecuador),Mon Feb 09 2026 00:00:00 GMT-0500 (hora de Ecuador),,,
10716,215,16,completado,Tue Feb 10 2026 00:00:00 GMT-0500 (hora de Ecuador),Tue Feb 10 2026 00:00:00 GMT-0500 (hora de Ecuador),,,
10717,215,17,completado,Tue Feb 10 2026 00:00:00 GMT-0500 (hora de Ecuador),Tue Feb 10 2026 00:00:00 GMT-0500 (hora de Ecuador),,,
10718,215,18,completado,Wed Feb 11 2026 00:00:00 GMT-0500 (hora de Ecuador),Wed Feb 11 2026 00:00:00 GMT-0500 (hora de Ecuador),,,
10719,215,19,completado,Wed Feb 11 2026 00:00:00 GMT-0500 (hora de Ecuador),Wed Feb 11 2026 00:00:00 GMT-0500 (hora de Ecuador),,,
10720,215,20,pendiente,,,,,
10721,215,21,pendiente,,,,,
10722,215,22,pendiente,,,,,
10723,215,23,pendiente,,,,,
10724,215,24,pendiente,,,,,
10725,215,25,pendiente,,,,,
10726,215,26,pendiente,,,,,
10727,215,27,pendiente,,,,,
10728,215,28,pendiente,,,,,
10729,215,29,pendiente,,,,,
10730,215,30,pendiente,,,,,
10731,215,31,pendiente,,,,,
10732,215,32,pendiente,,,,,
10733,215,33,completado,Thu Feb 12 2026 00:00:00 GMT-0500 (hora de Ecuador),Thu Feb 12 2026 00:00:00 GMT-0500 (hora de Ecuador),,,
10734,215,34,completado,Fri Feb 13 2026 00:00:00 GMT-0500 (hora de Ecuador),Fri Feb 13 2026 00:00:00 GMT-0500 (hora de Ecuador),,,
10735,215,35,completado,Fri Feb 13 2026 00:00:00 GMT-0500 (hora de Ecuador),Fri Feb 13 2026 00:00:00 GMT-0500 (hora de Ecuador),,,
10736,215,36,completado,Mon Feb 16 2026 00:00:00 GMT-0500 (hora de Ecuador),Mon Feb 16 2026 00:00:00 GMT-0500 (hora de Ecuador),,,
10737,215,37,completado,Tue Feb 17 2026 00:00:00 GMT-0500 (hora de Ecuador),Tue Feb 17 2026 00:00:00 GMT-0500 (hora de Ecuador),,,
10738,215,38,completado,Wed Feb 18 2026 00:00:00 GMT-0500 (hora de Ecuador),Wed Feb 18 2026 00:00:00 GMT-0500 (hora de Ecuador),,,
10739,215,39,completado,Thu Feb 19 2026 00:00:00 GMT-0500 (hora de Ecuador),Thu Feb 19 2026 00:00:00 GMT-0500 (hora de Ecuador),,,
10740,215,40,completado,Thu Feb 19 2026 00:00:00 GMT-0500 (hora de Ecuador),Thu Feb 19 2026 00:00:00 GMT-0500 (hora de Ecuador),,,
10741,215,41,completado,Wed Feb 25 2026 00:00:00 GMT-0500 (hora de Ecuador),Wed Feb 25 2026 00:00:00 GMT-0500 (hora de Ecuador),,,
10742,215,42,completado,Fri Feb 27 2026 00:00:00 GMT-0500 (hora de Ecuador),Fri Feb 27 2026 00:00:00 GMT-0500 (hora de Ecuador),,,
10743,215,43,completado,Thu Mar 05 2026 00:00:00 GMT-0500 (hora de Ecuador),Thu Mar 05 2026 00:00:00 GMT-0500 (hora de Ecuador),,,
10744,215,44,completado,Fri Mar 06 2026 00:00:00 GMT-0500 (hora de Ecuador),Fri Mar 06 2026 00:00:00 GMT-0500 (hora de Ecuador),,,
10745,215,45,completado,Mon Mar 09 2026 00:00:00 GMT-0500 (hora de Ecuador),Mon Mar 09 2026 00:00:00 GMT-0500 (hora de Ecuador),,,
10746,215,46,completado,Wed Mar 11 2026 00:00:00 GMT-0500 (hora de Ecuador),Wed Mar 11 2026 00:00:00 GMT-0500 (hora de Ecuador),,,
10747,215,47,completado,Thu Mar 12 2026 00:00:00 GMT-0500 (hora de Ecuador),Thu Mar 12 2026 00:00:00 GMT-0500 (hora de Ecuador),,,
10748,215,48,completado,Thu Mar 12 2026 00:00:00 GMT-0500 (hora de Ecuador),Thu Mar 12 2026 00:00:00 GMT-0500 (hora de Ecuador),,,
10749,215,49,completado,Tue Mar 17 2026 00:00:00 GMT-0500 (hora de Ecuador),Tue Mar 10 2026 00:00:00 GMT-0500 (hora de Ecuador),,,
10750,215,50,completado,Thu Mar 19 2026 00:00:00 GMT-0500 (hora de Ecuador),Tue Mar 24 2026 00:00:00 GMT-0500 (hora de Ecuador),,,
10751,216,1,pendiente,,,,,
10752,216,2,pendiente,,,,,
10753,216,3,pendiente,,,,,
10754,216,4,pendiente,,,,,
10755,216,5,pendiente,,,,,
10756,216,6,pendiente,,,,,
10757,216,7,pendiente,,,,,
10758,216,8,pendiente,,,,,
10759,216,9,pendiente,,,,,
10760,216,10,pendiente,,,,,
10761,216,11,pendiente,,,,,
10762,216,12,pendiente,,,,,
10763,216,13,pendiente,,,,,
10764,216,14,pendiente,,,,,
10765,216,15,pendiente,,,,,
10766,216,16,pendiente,,,,,
10767,216,17,pendiente,,,,,
10768,216,18,pendiente,,,,,
10769,216,19,pendiente,,,,,
10770,216,20,pendiente,,,,,
10771,216,21,pendiente,,,,,
10772,216,22,pendiente,,,,,
10773,216,23,pendiente,,,,,
10774,216,24,pendiente,,,,,
10775,216,25,pendiente,,,,,
10776,216,26,pendiente,,,,,
10777,216,27,pendiente,,,,,
10778,216,28,pendiente,,,,,
10779,216,29,pendiente,,,,,
10780,216,30,pendiente,,,,,
10781,216,31,pendiente,,,,,
10782,216,32,pendiente,,,,,
10783,216,33,pendiente,,,,,
10784,216,34,pendiente,,,,,
10785,216,35,pendiente,,,,,
10786,216,36,pendiente,,,,,
10787,216,37,pendiente,,,,,
10788,216,38,pendiente,,,,,
10789,216,39,pendiente,,,,,
10790,216,40,pendiente,,,,,
10791,216,41,pendiente,Tue Jan 02 1900 00:00:00 GMT-0514 (hora de Ecuador),,,,
10792,216,42,pendiente,Thu Jan 04 1900 00:00:00 GMT-0514 (hora de Ecuador),,,,
10793,216,43,pendiente,Mon Jan 08 1900 00:00:00 GMT-0514 (hora de Ecuador),,,,
10794,216,44,pendiente,Tue Jan 09 1900 00:00:00 GMT-0514 (hora de Ecuador),,,,
10795,216,45,pendiente,Wed Jan 10 1900 00:00:00 GMT-0514 (hora de Ecuador),,,,
10796,216,46,pendiente,Fri Jan 12 1900 00:00:00 GMT-0514 (hora de Ecuador),,,,
10797,216,47,pendiente,Mon Jan 15 1900 00:00:00 GMT-0514 (hora de Ecuador),,,,
10798,216,48,pendiente,Wed Jan 17 1900 00:00:00 GMT-0514 (hora de Ecuador),,,,
10799,216,49,pendiente,Mon Jan 22 1900 00:00:00 GMT-0514 (hora de Ecuador),,,,
10800,216,50,pendiente,,,,,
10801,217,1,completado,Tue Dec 01 2026 00:00:00 GMT-0500 (hora de Ecuador),Mon Mar 23 2026 00:00:00 GMT-0500 (hora de Ecuador),,,
10802,217,2,pendiente,,,,,
10803,217,3,pendiente,,,,,
10804,217,4,pendiente,,,,,
10805,217,5,pendiente,,,,,
10806,217,6,pendiente,,,,,
10807,217,7,pendiente,,,,,
10808,217,8,completado,Wed Apr 15 2026 00:00:00 GMT-0500 (hora de Ecuador),Fri Mar 27 2026 00:00:00 GMT-0500 (hora de Ecuador),,,
10809,217,9,pendiente,,,,,
10810,217,10,pendiente,,,,,
10811,217,11,pendiente,,,,,
10812,217,12,pendiente,,,,,
10813,217,13,completado,Tue Mar 31 2026 00:00:00 GMT-0500 (hora de Ecuador),Tue Mar 31 2026 00:00:00 GMT-0500 (hora de Ecuador),,,
10814,217,14,pendiente,,,,,
10815,217,15,completado,Tue Jun 30 2026 00:00:00 GMT-0500 (hora de Ecuador),Thu Mar 26 2026 00:00:00 GMT-0500 (hora de Ecuador),,,
10816,217,16,pendiente,,,,,
10817,217,17,pendiente,,,,,
10818,217,18,pendiente,,,,,
10819,217,19,pendiente,,,,,
10820,217,20,pendiente,,,,,
10821,217,21,pendiente,,,,,
10822,217,22,pendiente,,,,,
10823,217,23,pendiente,,,,,
10824,217,24,pendiente,,,,,
10825,217,25,pendiente,,,,,
10826,217,26,pendiente,,,,,
10827,217,27,pendiente,,,,,
10828,217,28,pendiente,,,,,
10829,217,29,pendiente,,,,,
10830,217,30,pendiente,,,,,
10831,217,31,pendiente,,,,,
10832,217,32,pendiente,,,,,
10833,217,33,pendiente,,,,,
10834,217,34,pendiente,,,,,
10835,217,35,pendiente,,,,,
10836,217,36,completado,Thu Dec 31 2026 00:00:00 GMT-0500 (hora de Ecuador),Mon Mar 30 2026 00:00:00 GMT-0500 (hora de Ecuador),,,
10837,217,37,pendiente,,,,,
10838,217,38,pendiente,,,,,
10839,217,39,pendiente,,,,,
10840,217,40,pendiente,,,,,
10841,217,41,completado,Tue Apr 07 2026 00:00:00 GMT-0500 (hora de Ecuador),Wed Apr 08 2026 00:00:00 GMT-0500 (hora de Ecuador),,,
10842,217,42,completado,Wed Apr 08 2026 00:00:00 GMT-0500 (hora de Ecuador),Wed Apr 08 2026 00:00:00 GMT-0500 (hora de Ecuador),,,
10843,217,43,pendiente,Tue Apr 14 2026 00:00:00 GMT-0500 (hora de Ecuador),,,,
10844,217,44,pendiente,Tue Apr 14 2026 00:00:00 GMT-0500 (hora de Ecuador),,,,
10845,217,45,pendiente,,,,,
10846,217,46,pendiente,,,,,
10847,217,47,pendiente,Thu Apr 16 2026 00:00:00 GMT-0500 (hora de Ecuador),,,,
10848,217,48,pendiente,,,,,
10849,217,49,pendiente,Wed Apr 22 2026 00:00:00 GMT-0500 (hora de Ecuador),,,,
10850,217,50,pendiente,Fri Apr 24 2026 00:00:00 GMT-0500 (hora de Ecuador),,,,
10851,218,1,completado,Thu Jan 01 2026 00:00:00 GMT-0500 (hora de Ecuador),Thu Feb 12 2026 00:00:00 GMT-0500 (hora de Ecuador),,,
10852,218,2,completado,Thu Jan 01 2026 00:00:00 GMT-0500 (hora de Ecuador),Thu Feb 12 2026 00:00:00 GMT-0500 (hora de Ecuador),,,
10853,218,3,completado,Thu Jan 01 2026 00:00:00 GMT-0500 (hora de Ecuador),Wed Mar 11 2026 00:00:00 GMT-0500 (hora de Ecuador),,,
10854,218,4,completado,Wed Mar 11 2026 00:00:00 GMT-0500 (hora de Ecuador),Wed Mar 11 2026 00:00:00 GMT-0500 (hora de Ecuador),,,
10855,218,5,completado,Wed Mar 11 2026 00:00:00 GMT-0500 (hora de Ecuador),Wed Mar 11 2026 00:00:00 GMT-0500 (hora de Ecuador),,,
10856,218,6,completado,Wed Mar 11 2026 00:00:00 GMT-0500 (hora de Ecuador),Wed Mar 11 2026 00:00:00 GMT-0500 (hora de Ecuador),,,
10857,218,7,completado,Wed Mar 11 2026 00:00:00 GMT-0500 (hora de Ecuador),Wed Mar 11 2026 00:00:00 GMT-0500 (hora de Ecuador),,,
10858,218,8,completado,Wed Mar 11 2026 00:00:00 GMT-0500 (hora de Ecuador),Wed Mar 11 2026 00:00:00 GMT-0500 (hora de Ecuador),,,
10859,218,9,completado,Wed Mar 11 2026 00:00:00 GMT-0500 (hora de Ecuador),Wed Mar 11 2026 00:00:00 GMT-0500 (hora de Ecuador),,,
10860,218,10,completado,Wed Mar 11 2026 00:00:00 GMT-0500 (hora de Ecuador),Wed Mar 11 2026 00:00:00 GMT-0500 (hora de Ecuador),,,
10861,218,11,completado,Thu Mar 12 2026 00:00:00 GMT-0500 (hora de Ecuador),Thu Mar 12 2026 00:00:00 GMT-0500 (hora de Ecuador),,,
10862,218,12,completado,Mon Mar 30 2026 00:00:00 GMT-0500 (hora de Ecuador),Mon Mar 30 2026 00:00:00 GMT-0500 (hora de Ecuador),,,Tercera Republicación
10863,218,13,completado,Mon Mar 30 2026 00:00:00 GMT-0500 (hora de Ecuador),Mon Mar 30 2026 00:00:00 GMT-0500 (hora de Ecuador),,,
10864,218,14,completado,Wed Apr 01 2026 00:00:00 GMT-0500 (hora de Ecuador),Wed Apr 01 2026 00:00:00 GMT-0500 (hora de Ecuador),,,
10865,218,15,completado,Mon Apr 06 2026 00:00:00 GMT-0500 (hora de Ecuador),Mon Apr 06 2026 00:00:00 GMT-0500 (hora de Ecuador),,,
10866,218,16,completado,Mon Apr 06 2026 00:00:00 GMT-0500 (hora de Ecuador),Mon Apr 06 2026 00:00:00 GMT-0500 (hora de Ecuador),,,
10867,218,17,completado,Mon Apr 06 2026 00:00:00 GMT-0500 (hora de Ecuador),Thu Apr 09 2026 00:00:00 GMT-0500 (hora de Ecuador),,,
10868,218,18,completado,Mon Apr 06 2026 00:00:00 GMT-0500 (hora de Ecuador),Thu Apr 09 2026 00:00:00 GMT-0500 (hora de Ecuador),,,
10869,218,19,completado,Tue Apr 07 2026 00:00:00 GMT-0500 (hora de Ecuador),Wed Apr 15 2026 00:00:00 GMT-0500 (hora de Ecuador),,,
10870,218,20,pendiente,,,,,
10871,218,21,pendiente,,,,,
10872,218,22,pendiente,,,,,
10873,218,23,pendiente,,,,,
10874,218,24,pendiente,,,,,
10875,218,25,pendiente,,,,,
10876,218,26,pendiente,,,,,
10877,218,27,pendiente,,,,,
10878,218,28,pendiente,,,,,
10879,218,29,pendiente,,,,,
10880,218,30,pendiente,,,,,
10881,218,31,pendiente,,,,,
10882,218,32,pendiente,,,,,
10883,218,33,completado,Thu Apr 09 2026 00:00:00 GMT-0500 (hora de Ecuador),Wed Apr 15 2026 00:00:00 GMT-0500 (hora de Ecuador),,,
10884,218,34,completado,Thu Apr 09 2026 00:00:00 GMT-0500 (hora de Ecuador),Wed Apr 15 2026 00:00:00 GMT-0500 (hora de Ecuador),,,
10885,218,35,completado,Wed Apr 15 2026 00:00:00 GMT-0500 (hora de Ecuador),Fri Apr 24 2026 00:00:00 GMT-0500 (hora de Ecuador),,,
10886,218,36,completado,Mon Apr 20 2026 00:00:00 GMT-0500 (hora de Ecuador),Fri Apr 24 2026 00:00:00 GMT-0500 (hora de Ecuador),,,
10887,218,37,completado,Tue Apr 14 2026 00:00:00 GMT-0500 (hora de Ecuador),Fri Apr 24 2026 00:00:00 GMT-0500 (hora de Ecuador),,,
10888,218,38,completado,Thu Apr 16 2026 00:00:00 GMT-0500 (hora de Ecuador),Fri Apr 24 2026 00:00:00 GMT-0500 (hora de Ecuador),,,
10889,218,39,completado,Fri Apr 17 2026 00:00:00 GMT-0500 (hora de Ecuador),Fri Apr 24 2026 00:00:00 GMT-0500 (hora de Ecuador),,,
10890,218,40,completado,Wed Apr 22 2026 00:00:00 GMT-0500 (hora de Ecuador),Fri Apr 24 2026 00:00:00 GMT-0500 (hora de Ecuador),,,
10891,218,41,completado,Fri Apr 24 2026 00:00:00 GMT-0500 (hora de Ecuador),Wed Apr 29 2026 00:00:00 GMT-0500 (hora de Ecuador),,,
10892,218,42,completado,Tue Apr 28 2026 00:00:00 GMT-0500 (hora de Ecuador),Wed Apr 29 2026 00:00:00 GMT-0500 (hora de Ecuador),,,
10893,218,43,completado,Tue Apr 28 2026 00:00:00 GMT-0500 (hora de Ecuador),Tue May 05 2026 00:00:00 GMT-0500 (hora de Ecuador),,,
10894,218,44,completado,Thu May 07 2026 00:00:00 GMT-0500 (hora de Ecuador),Thu May 07 2026 00:00:00 GMT-0500 (hora de Ecuador),,,
10895,218,45,completado,Thu Apr 30 2026 00:00:00 GMT-0500 (hora de Ecuador),Thu May 07 2026 00:00:00 GMT-0500 (hora de Ecuador),,,
10896,218,46,completado,Wed May 06 2026 00:00:00 GMT-0500 (hora de Ecuador),Thu May 07 2026 00:00:00 GMT-0500 (hora de Ecuador),,,
10897,218,47,completado,Mon May 11 2026 00:00:00 GMT-0500 (hora de Ecuador),Thu May 07 2026 00:00:00 GMT-0500 (hora de Ecuador),,,
10898,218,48,completado,Fri May 08 2026 00:00:00 GMT-0500 (hora de Ecuador),Thu May 07 2026 00:00:00 GMT-0500 (hora de Ecuador),,,
10899,218,49,pendiente,Thu May 14 2026 00:00:00 GMT-0500 (hora de Ecuador),,,,
10900,218,50,pendiente,Thu May 21 2026 00:00:00 GMT-0500 (hora de Ecuador),,,,
10901,219,1,pendiente,Wed May 20 2026 00:00:00 GMT-0500 (hora de Ecuador),,,Ruth Utreras,
10902,219,2,pendiente,Wed May 20 2026 00:00:00 GMT-0500 (hora de Ecuador),,,Ruth Utreras,
10903,219,3,pendiente,Thu May 21 2026 00:00:00 GMT-0500 (hora de Ecuador),,,Ruth Utreras,
10904,219,4,pendiente,Thu May 21 2026 00:00:00 GMT-0500 (hora de Ecuador),,,Ruth Utreras,
10905,219,5,pendiente,Thu May 21 2026 00:00:00 GMT-0500 (hora de Ecuador),,,Ruth Utreras,
10906,219,6,pendiente,Fri May 22 2026 00:00:00 GMT-0500 (hora de Ecuador),,,Ruth Utreras,
10907,219,7,pendiente,Mon May 25 2026 00:00:00 GMT-0500 (hora de Ecuador),,,Ruth Utreras,
10908,219,8,pendiente,Tue May 26 2026 00:00:00 GMT-0500 (hora de Ecuador),,,Ruth Utreras,
10909,219,9,pendiente,Wed May 27 2026 00:00:00 GMT-0500 (hora de Ecuador),,,Ruth Utreras,
10910,219,10,pendiente,Thu May 28 2026 00:00:00 GMT-0500 (hora de Ecuador),,,Ruth Utreras,
10911,219,11,pendiente,Fri May 29 2026 00:00:00 GMT-0500 (hora de Ecuador),,,Ruth Utreras,
10912,219,12,pendiente,Fri May 29 2026 00:00:00 GMT-0500 (hora de Ecuador),,,Ruth Utreras,
10913,219,13,pendiente,Mon Jun 01 2026 00:00:00 GMT-0500 (hora de Ecuador),,,Ruth Utreras,
10914,219,14,pendiente,Tue Jun 02 2026 00:00:00 GMT-0500 (hora de Ecuador),,,Ruth Utreras,
10915,219,15,pendiente,Wed Jun 03 2026 00:00:00 GMT-0500 (hora de Ecuador),,,Ruth Utreras,
10916,219,16,pendiente,Thu Jun 04 2026 00:00:00 GMT-0500 (hora de Ecuador),,,Ruth Utreras,
10917,219,17,pendiente,Thu Jun 04 2026 00:00:00 GMT-0500 (hora de Ecuador),,,Ruth Utreras,
10918,219,18,pendiente,Fri Jun 05 2026 00:00:00 GMT-0500 (hora de Ecuador),,,Ruth Utreras,
10919,219,19,pendiente,Fri Jun 05 2026 00:00:00 GMT-0500 (hora de Ecuador),,,Ruth Utreras,
10920,219,20,pendiente,,,,Ruth Utreras,
10921,219,21,pendiente,,,,Ruth Utreras,
10922,219,22,pendiente,,,,Ruth Utreras,
10923,219,23,pendiente,,,,Ruth Utreras,
10924,219,24,pendiente,,,,Ruth Utreras,
10925,219,25,pendiente,,,,Ruth Utreras,
10926,219,26,pendiente,,,,Ruth Utreras,
10927,219,27,pendiente,,,,Ruth Utreras,
10928,219,28,pendiente,,,,Ruth Utreras,
10929,219,29,pendiente,,,,Ruth Utreras,
10930,219,30,pendiente,,,,Ruth Utreras,
10931,219,31,pendiente,,,,Ruth Utreras,
10932,219,32,pendiente,,,,Ruth Utreras,
10933,219,33,pendiente,Mon Jun 08 2026 00:00:00 GMT-0500 (hora de Ecuador),,,Ruth Utreras,
10934,219,34,pendiente,Tue Jun 09 2026 00:00:00 GMT-0500 (hora de Ecuador),,,Ruth Utreras,
10935,219,35,pendiente,Tue Jun 09 2026 00:00:00 GMT-0500 (hora de Ecuador),,,Ruth Utreras,
10936,219,36,pendiente,Wed Jun 10 2026 00:00:00 GMT-0500 (hora de Ecuador),,,Ruth Utreras,
10937,219,37,pendiente,Thu Jun 11 2026 00:00:00 GMT-0500 (hora de Ecuador),,,Ruth Utreras,
10938,219,38,pendiente,Fri Jun 12 2026 00:00:00 GMT-0500 (hora de Ecuador),,,Ruth Utreras,
10939,219,39,pendiente,Mon Jun 15 2026 00:00:00 GMT-0500 (hora de Ecuador),,,Ruth Utreras,
10940,219,40,pendiente,Mon Jun 15 2026 00:00:00 GMT-0500 (hora de Ecuador),,,Ruth Utreras,
10941,219,41,pendiente,Fri Jun 19 2026 00:00:00 GMT-0500 (hora de Ecuador),,,Ruth Utreras,
10942,219,42,pendiente,Tue Jun 23 2026 00:00:00 GMT-0500 (hora de Ecuador),,,Ruth Utreras,
10943,219,43,pendiente,Mon Jun 29 2026 00:00:00 GMT-0500 (hora de Ecuador),,,Ruth Utreras,
10944,219,44,pendiente,Tue Jun 30 2026 00:00:00 GMT-0500 (hora de Ecuador),,,Ruth Utreras,
10945,219,45,pendiente,Wed Jul 01 2026 00:00:00 GMT-0500 (hora de Ecuador),,,Ruth Utreras,
10946,219,46,pendiente,Fri Jul 03 2026 00:00:00 GMT-0500 (hora de Ecuador),,,Ruth Utreras,
10947,219,47,pendiente,Mon Jul 06 2026 00:00:00 GMT-0500 (hora de Ecuador),,,Ruth Utreras,
10948,219,48,pendiente,Mon Jul 06 2026 00:00:00 GMT-0500 (hora de Ecuador),,,Ruth Utreras,
10949,219,49,pendiente,Thu Jul 09 2026 00:00:00 GMT-0500 (hora de Ecuador),,,Ruth Utreras,
10950,219,50,pendiente,Tue Jul 14 2026 00:00:00 GMT-0500 (hora de Ecuador),,,Ruth Utreras,
14113,207,51,completado,Fri Mar 20 2026 00:00:00 GMT-0500 (hora de Ecuador),Tue Mar 24 2026 00:00:00 GMT-0500 (hora de Ecuador),,,Está en espera de envío de carta por parte de las productoras
14114,207,52,completado,Mon Mar 23 2026 00:00:00 GMT-0500 (hora de Ecuador),Fri Apr 24 2026 00:00:00 GMT-0500 (hora de Ecuador),,,
14115,207,53,completado,Tue Mar 24 2026 00:00:00 GMT-0500 (hora de Ecuador),Fri Apr 24 2026 00:00:00 GMT-0500 (hora de Ecuador),,,
14116,207,54,completado,Tue Mar 31 2026 00:00:00 GMT-0500 (hora de Ecuador),Wed May 06 2026 00:00:00 GMT-0500 (hora de Ecuador),,,
14117,207,55,pendiente,Thu Apr 02 2026 00:00:00 GMT-0500 (hora de Ecuador),,,,
14118,207,56,pendiente,Fri Apr 03 2026 00:00:00 GMT-0500 (hora de Ecuador),,,,
14119,207,57,pendiente,Mon Apr 06 2026 00:00:00 GMT-0500 (hora de Ecuador),,,,
15720,215,51,pendiente,,,,,
15721,215,52,pendiente,,,,,
15722,215,53,pendiente,,,,,
15723,215,54,pendiente,,,,,
15724,215,55,pendiente,,,,,
15725,215,56,pendiente,,,,,
15726,215,57,pendiente,,,,,
34348,171,51,pendiente,,,,,
34349,171,52,pendiente,,,,,
34350,171,53,pendiente,,,,,
34351,171,54,pendiente,,,,,
34352,171,55,pendiente,,,,,
34353,171,56,pendiente,,,,,
34354,171,57,pendiente,,,,,
35404,225,1,completado,Thu Jan 01 2026 00:00:00 GMT-0500 (hora de Ecuador),Thu Jul 30 2026 00:00:00 GMT-0500 (hora de Ecuador),,,
35405,225,2,pendiente,Sat Jan 31 2026 00:00:00 GMT-0500 (hora de Ecuador),,,,
35406,225,3,pendiente,Sun Mar 29 2026 00:00:00 GMT-0500 (hora de Ecuador),,,,
35407,225,4,pendiente,Sun Mar 29 2026 00:00:00 GMT-0500 (hora de Ecuador),,,,
35408,225,5,pendiente,Sun Mar 29 2026 00:00:00 GMT-0500 (hora de Ecuador),,,,
35409,225,6,pendiente,Sat Mar 28 2026 00:00:00 GMT-0500 (hora de Ecuador),,,,
35410,225,7,pendiente,Sun Mar 29 2026 00:00:00 GMT-0500 (hora de Ecuador),,,,
35411,225,8,completado,Sun Mar 29 2026 00:00:00 GMT-0500 (hora de Ecuador),Tue Dec 01 2026 00:00:00 GMT-0500 (hora de Ecuador),,,
35412,225,9,completado,Sat Mar 28 2026 00:00:00 GMT-0500 (hora de Ecuador),Thu Jul 30 2026 00:00:00 GMT-0500 (hora de Ecuador),,,
35413,225,10,completado,Sat Mar 28 2026 00:00:00 GMT-0500 (hora de Ecuador),Fri Jul 17 2026 00:00:00 GMT-0500 (hora de Ecuador),,,
35414,225,11,completado,Sat Mar 28 2026 00:00:00 GMT-0500 (hora de Ecuador),Fri Jul 03 2026 00:00:00 GMT-0500 (hora de Ecuador),,,
35415,225,12,completado,Sat Mar 28 2026 00:00:00 GMT-0500 (hora de Ecuador),Wed Jul 29 2026 00:00:00 GMT-0500 (hora de Ecuador),,,
35416,225,13,completado,Sat Mar 28 2026 00:00:00 GMT-0500 (hora de Ecuador),Thu Jul 02 2026 00:00:00 GMT-0500 (hora de Ecuador),,,
35417,225,14,pendiente,Sat Mar 28 2026 00:00:00 GMT-0500 (hora de Ecuador),,,,
35418,225,15,pendiente,Sat Mar 28 2026 00:00:00 GMT-0500 (hora de Ecuador),,,,
35419,225,16,pendiente,Sat Mar 28 2026 00:00:00 GMT-0500 (hora de Ecuador),,,,
35420,225,17,pendiente,Sat Mar 28 2026 00:00:00 GMT-0500 (hora de Ecuador),,,,
35421,225,18,pendiente,Sat Mar 28 2026 00:00:00 GMT-0500 (hora de Ecuador),,,,
35422,225,19,pendiente,Sat Mar 28 2026 00:00:00 GMT-0500 (hora de Ecuador),,,,
35423,225,20,pendiente,Sat Mar 28 2026 00:00:00 GMT-0500 (hora de Ecuador),,,,
35424,225,21,pendiente,Sat Mar 28 2026 00:00:00 GMT-0500 (hora de Ecuador),,,,
35425,225,22,pendiente,Sat Mar 28 2026 00:00:00 GMT-0500 (hora de Ecuador),,,,
35426,225,23,pendiente,Sat Mar 28 2026 00:00:00 GMT-0500 (hora de Ecuador),,,,
35427,225,24,pendiente,Sat Mar 28 2026 00:00:00 GMT-0500 (hora de Ecuador),,,,
35428,225,25,pendiente,Sat Mar 28 2026 00:00:00 GMT-0500 (hora de Ecuador),,,,
35429,225,26,pendiente,Sat Mar 28 2026 00:00:00 GMT-0500 (hora de Ecuador),,,,
35430,225,27,pendiente,Sat Mar 28 2026 00:00:00 GMT-0500 (hora de Ecuador),,,,
35431,225,28,pendiente,Sat Mar 28 2026 00:00:00 GMT-0500 (hora de Ecuador),,,,
35432,225,29,pendiente,Sat Mar 28 2026 00:00:00 GMT-0500 (hora de Ecuador),,,,
35433,225,30,pendiente,Sat Mar 28 2026 00:00:00 GMT-0500 (hora de Ecuador),,,,
35434,225,31,pendiente,Sat Mar 28 2026 00:00:00 GMT-0500 (hora de Ecuador),,,,
35435,225,32,pendiente,Sat Mar 28 2026 00:00:00 GMT-0500 (hora de Ecuador),,,,
35436,225,33,pendiente,Sat Mar 28 2026 00:00:00 GMT-0500 (hora de Ecuador),,,,
35437,225,34,pendiente,Sat Mar 28 2026 00:00:00 GMT-0500 (hora de Ecuador),,,,
35438,225,35,pendiente,Sat Mar 28 2026 00:00:00 GMT-0500 (hora de Ecuador),,,,
35439,225,36,pendiente,Sat Mar 28 2026 00:00:00 GMT-0500 (hora de Ecuador),,,,
35440,225,37,pendiente,Sat Mar 28 2026 00:00:00 GMT-0500 (hora de Ecuador),,,,
35441,225,38,pendiente,Sat Mar 28 2026 00:00:00 GMT-0500 (hora de Ecuador),,,,
35442,225,39,pendiente,Sat Mar 28 2026 00:00:00 GMT-0500 (hora de Ecuador),,,,
35443,225,40,pendiente,Sat Mar 28 2026 00:00:00 GMT-0500 (hora de Ecuador),,,,
35444,225,41,pendiente,Sat Mar 28 2026 00:00:00 GMT-0500 (hora de Ecuador),,,,
35445,225,42,pendiente,Sat Mar 28 2026 00:00:00 GMT-0500 (hora de Ecuador),,,,
35446,225,43,pendiente,Sat Mar 28 2026 00:00:00 GMT-0500 (hora de Ecuador),,,,
35447,225,44,pendiente,Sat Mar 28 2026 00:00:00 GMT-0500 (hora de Ecuador),,,,
35448,225,45,pendiente,Sat Mar 28 2026 00:00:00 GMT-0500 (hora de Ecuador),,,,
35449,225,46,pendiente,Sat Mar 28 2026 00:00:00 GMT-0500 (hora de Ecuador),,,,
35450,225,47,pendiente,Sat Mar 28 2026 00:00:00 GMT-0500 (hora de Ecuador),,,,
35451,225,48,pendiente,Sat Mar 28 2026 00:00:00 GMT-0500 (hora de Ecuador),,,,
35452,225,49,pendiente,Sat Mar 28 2026 00:00:00 GMT-0500 (hora de Ecuador),,,,
35453,225,50,pendiente,Sat Mar 28 2026 00:00:00 GMT-0500 (hora de Ecuador),,,,
35454,225,51,pendiente,Sat Mar 28 2026 00:00:00 GMT-0500 (hora de Ecuador),,,,
35455,225,52,pendiente,Sat Mar 28 2026 00:00:00 GMT-0500 (hora de Ecuador),,,,
35456,225,53,pendiente,Sat Mar 28 2026 00:00:00 GMT-0500 (hora de Ecuador),,,,
35457,225,54,pendiente,Sat Mar 28 2026 00:00:00 GMT-0500 (hora de Ecuador),,,,
35458,225,55,pendiente,Sat Mar 28 2026 00:00:00 GMT-0500 (hora de Ecuador),,,,
35459,225,56,pendiente,Sat Mar 28 2026 00:00:00 GMT-0500 (hora de Ecuador),,,,
35460,225,57,pendiente,Sat Mar 28 2026 00:00:00 GMT-0500 (hora de Ecuador),,,,
35982,217,51,pendiente,,,,,
35983,217,52,pendiente,,,,,
35984,217,53,pendiente,,,,,
35985,217,54,pendiente,,,,,
35986,217,55,pendiente,,,,,
35987,217,56,pendiente,,,,,
35988,217,57,pendiente,,,,,
35989,217,58,completado,Wed Apr 15 2026 00:00:00 GMT-0500 (hora de Ecuador),Tue Mar 24 2026 00:00:00 GMT-0500 (hora de Ecuador),,,
35990,217,59,completado,Mon Mar 30 2026 00:00:00 GMT-0500 (hora de Ecuador),Wed Mar 25 2026 00:00:00 GMT-0500 (hora de Ecuador),,,
37744,172,51,pendiente,,,,,
37745,172,52,pendiente,,,,,
37746,172,53,pendiente,,,,,
37747,172,54,pendiente,,,,,
37748,172,55,pendiente,,,,,
37749,172,56,pendiente,,,,,
37750,172,57,pendiente,,,,,
37751,172,58,pendiente,,,,,
37752,172,59,pendiente,,,,,
38051,225,58,pendiente,Sat Mar 28 2026 00:00:00 GMT-0500 (hora de Ecuador),,,,
38052,225,59,pendiente,Sat Mar 28 2026 00:00:00 GMT-0500 (hora de Ecuador),,,,
38870,195,51,pendiente,,,,,
38871,195,52,pendiente,,,,,
38872,195,53,pendiente,,,,,
38873,195,54,pendiente,,,,,
38874,195,55,pendiente,,,,,
38875,195,56,pendiente,,,,,
38876,195,57,pendiente,,,,,
38877,195,58,pendiente,,,,,
38878,195,59,pendiente,,,,,
39637,144,51,pendiente,,,,,
39638,144,52,pendiente,,,,,
39639,144,53,pendiente,,,,,
39640,144,54,pendiente,,,,,
39641,144,55,pendiente,,,,,
39642,144,56,pendiente,,,,,
39643,144,57,pendiente,,,,,
39644,144,58,pendiente,,,,,
39645,144,59,pendiente,,,,,
40159,142,51,pendiente,,,,,
40160,142,52,pendiente,,,,,
40161,142,53,pendiente,,,,,
40162,142,54,pendiente,,,,,
40163,142,55,pendiente,,,,,
40164,142,56,pendiente,,,,,
40165,142,57,pendiente,,,,,
40166,142,58,pendiente,,,,,
40167,142,59,pendiente,,,,,
42115,220,1,pendiente,Thu Jan 01 2026 00:00:00 GMT-0500 (hora de Ecuador),,,,
42116,220,2,pendiente,Fri Jan 23 2026 00:00:00 GMT-0500 (hora de Ecuador),,,,
42117,220,3,pendiente,Wed Apr 01 2026 00:00:00 GMT-0500 (hora de Ecuador),,,,
42118,220,4,pendiente,Mon Dec 15 2025 00:00:00 GMT-0500 (hora de Ecuador),,,,
42119,220,5,pendiente,Tue Dec 30 2025 00:00:00 GMT-0500 (hora de Ecuador),,,,
42120,220,6,pendiente,Thu Apr 30 2026 00:00:00 GMT-0500 (hora de Ecuador),,,,
42121,220,7,pendiente,Fri Apr 10 2026 00:00:00 GMT-0500 (hora de Ecuador),,,,
42122,220,8,pendiente,Wed Apr 22 2026 00:00:00 GMT-0500 (hora de Ecuador),,,,
42123,220,9,pendiente,Thu Apr 16 2026 00:00:00 GMT-0500 (hora de Ecuador),,,,
42124,220,10,pendiente,Fri Apr 17 2026 00:00:00 GMT-0500 (hora de Ecuador),,,,
42125,220,11,pendiente,Fri Apr 24 2026 00:00:00 GMT-0500 (hora de Ecuador),,,,
42126,220,12,pendiente,Fri Apr 03 2026 00:00:00 GMT-0500 (hora de Ecuador),,,,
42127,220,13,pendiente,Wed Apr 22 2026 00:00:00 GMT-0500 (hora de Ecuador),,,,
42128,220,14,pendiente,Thu Apr 09 2026 00:00:00 GMT-0500 (hora de Ecuador),,,,
42129,220,15,pendiente,,,,,
42130,220,16,pendiente,,,,,
42131,220,17,pendiente,,,,,
42132,220,18,pendiente,,,,,
42133,220,19,pendiente,,,,,
42134,220,20,pendiente,,,,,
42135,220,21,pendiente,,,,,
42136,220,22,pendiente,,,,,
42137,220,23,pendiente,,,,,
42138,220,24,pendiente,,,,,
42139,220,25,pendiente,,,,,
42140,220,26,pendiente,,,,,
42141,220,27,pendiente,,,,,
42142,220,28,pendiente,,,,,
42143,220,29,pendiente,,,,,
42144,220,30,pendiente,,,,,
42145,220,31,pendiente,,,,,
42146,220,32,pendiente,,,,,
42147,220,33,pendiente,,,,,
42148,220,34,pendiente,,,,,
42149,220,35,pendiente,,,,,
42150,220,36,pendiente,,,,,
42151,220,37,pendiente,,,,,
42152,220,38,pendiente,,,,,
42153,220,39,pendiente,,,,,
42154,220,40,pendiente,,,,,
42155,220,41,pendiente,,,,,
42156,220,42,pendiente,,,,,
42157,220,43,pendiente,,,,,
42158,220,44,pendiente,,,,,
42159,220,45,pendiente,,,,,
42160,220,46,pendiente,,,,,
42161,220,47,pendiente,,,,,
42162,220,48,pendiente,,,,,
42163,220,49,pendiente,,,,,
42164,220,50,pendiente,,,,,
42165,220,51,pendiente,,,,,
42166,220,52,pendiente,,,,,
42167,220,53,pendiente,,,,,
42168,220,54,pendiente,,,,,
42169,220,55,pendiente,,,,,
42170,220,56,pendiente,,,,,
42171,220,57,pendiente,,,,,
42172,220,58,pendiente,,,,,
42173,220,59,pendiente,,,,,
44416,222,1,pendiente,Sun Mar 01 2026 00:00:00 GMT-0500 (hora de Ecuador),,,,
44417,222,2,pendiente,Sun Mar 01 2026 00:00:00 GMT-0500 (hora de Ecuador),,,,
44418,222,3,pendiente,,,,,
44419,222,4,pendiente,,,,,
44420,222,5,pendiente,,,,,
44421,222,6,pendiente,,,,,
44422,222,7,pendiente,,,,,
44423,222,8,pendiente,,,,,
44424,222,9,pendiente,,,,,
44425,222,10,pendiente,,,,,
44426,222,11,pendiente,,,,,
44427,222,12,pendiente,,,,,
44428,222,13,pendiente,,,,,
44429,222,14,pendiente,,,,,
44430,222,15,pendiente,,,,,
44431,222,16,pendiente,,,,,
44432,222,17,pendiente,,,,,
44433,222,18,pendiente,,,,,
44434,222,19,pendiente,,,,,
44435,222,20,pendiente,,,,,
44436,222,21,pendiente,,,,,
44437,222,22,pendiente,,,,,
44438,222,23,pendiente,,,,,
44439,222,24,pendiente,,,,,
44440,222,25,pendiente,,,,,
44441,222,26,pendiente,,,,,
44442,222,27,pendiente,,,,,
44443,222,28,pendiente,,,,,
44444,222,29,pendiente,,,,,
44445,222,30,pendiente,,,,,
44446,222,31,pendiente,,,,,
44447,222,32,pendiente,,,,,
44448,222,33,pendiente,,,,,
44449,222,34,pendiente,,,,,
44450,222,35,pendiente,,,,,
44451,222,36,pendiente,,,,,
44452,222,37,pendiente,,,,,
44453,222,38,pendiente,,,,,
44454,222,39,pendiente,,,,,
44455,222,40,pendiente,,,,,
44456,222,41,pendiente,,,,,
44457,222,42,pendiente,,,,,
44458,222,43,pendiente,,,,,
44459,222,44,pendiente,,,,,
44460,222,45,pendiente,,,,,
44461,222,46,pendiente,,,,,
44462,222,47,pendiente,,,,,
44463,222,48,pendiente,,,,,
44464,222,49,pendiente,,,,,
44465,222,50,pendiente,,,,,
44466,222,51,pendiente,,,,,
44467,222,52,pendiente,,,,,
44468,222,53,pendiente,,,,,
44469,222,54,pendiente,,,,,
44470,222,55,pendiente,,,,,
44471,222,56,pendiente,,,,,
44472,222,57,pendiente,,,,,
44473,222,58,pendiente,,,,,
44474,222,59,pendiente,,,,,
46885,174,51,pendiente,,,,,
46886,174,52,pendiente,,,,,
46887,174,53,pendiente,,,,,
46888,174,54,pendiente,,,,,
46889,174,55,pendiente,,,,,
46890,174,56,pendiente,,,,,
46891,174,57,pendiente,,,,,
46892,174,58,pendiente,,,,,
46893,174,59,pendiente,,,,,
48015,195,60,pendiente,,,,,
49515,174,60,completado,Thu Apr 02 2026 00:00:00 GMT-0500 (hora de Ecuador),Thu Apr 02 2026 00:00:00 GMT-0500 (hora de Ecuador),,,
49566,218,51,pendiente,,,,,
49567,218,52,pendiente,,,,,
49568,218,53,pendiente,,,,,
49569,218,54,pendiente,,,,,
49570,218,55,pendiente,,,,,
49571,218,56,pendiente,,,,,
49572,218,57,pendiente,,,,,
49573,218,58,pendiente,,,,,
49574,218,59,pendiente,,,,,
49575,218,60,pendiente,,,,,
50535,172,60,completado,Thu Apr 02 2026 00:00:00 GMT-0500 (hora de Ecuador),Tue Apr 14 2026 00:00:00 GMT-0500 (hora de Ecuador),,,
52335,220,60,pendiente,,,,,
52626,23,51,pendiente,,,,,
52627,23,52,pendiente,,,,,
52628,23,53,pendiente,,,,,
52629,23,54,pendiente,,,,,
52630,23,55,pendiente,,,,,
52631,23,56,pendiente,,,,,
52632,23,57,pendiente,,,,,
52633,23,58,pendiente,,,,,
52634,23,59,pendiente,,,,,
52635,23,60,pendiente,,,,,
52816,221,1,pendiente,Thu Apr 30 2026 00:00:00 GMT-0500 (hora de Ecuador),,,,
52817,221,2,completado,Sun Mar 01 2026 00:00:00 GMT-0500 (hora de Ecuador),Thu Apr 16 2026 00:00:00 GMT-0500 (hora de Ecuador),,,
52818,221,3,pendiente,,,,,
52819,221,4,pendiente,,,,,
52820,221,5,pendiente,,,,,
52821,221,6,pendiente,,,,,
52822,221,7,pendiente,,,,,
52823,221,8,pendiente,,,,,
52824,221,9,pendiente,,,,,
52825,221,10,pendiente,,,,,
52826,221,11,pendiente,,,,,
52827,221,12,pendiente,,,,,
52828,221,13,pendiente,,,,,
52829,221,14,pendiente,,,,,
52830,221,15,pendiente,,,,,
52831,221,16,pendiente,,,,,
52832,221,17,pendiente,Fri Apr 17 2026 00:00:00 GMT-0500 (hora de Ecuador),,,,
52833,221,18,pendiente,,,,,
52834,221,19,pendiente,,,,,
52835,221,20,pendiente,,,,,
52836,221,21,pendiente,,,,,
52837,221,22,pendiente,,,,,
52838,221,23,pendiente,,,,,
52839,221,24,pendiente,,,,,
52840,221,25,pendiente,,,,,
52841,221,26,pendiente,,,,,
52842,221,27,pendiente,,,,,
52843,221,28,pendiente,,,,,
52844,221,29,pendiente,,,,,
52845,221,30,pendiente,,,,,
52846,221,31,pendiente,,,,,
52847,221,32,pendiente,,,,,
52848,221,33,pendiente,,,,,
52849,221,34,pendiente,,,,,
52850,221,35,pendiente,,,,,
52851,221,36,pendiente,,,,,
52852,221,37,pendiente,,,,,
52853,221,38,pendiente,,,,,
52854,221,39,pendiente,,,,,
52855,221,40,pendiente,,,,,
52856,221,41,pendiente,,,,,
52857,221,42,pendiente,,,,,
52858,221,43,pendiente,,,,,
52859,221,44,pendiente,,,,,
52860,221,45,pendiente,,,,,
52861,221,46,pendiente,,,,,
52862,221,47,pendiente,,,,,
52863,221,48,pendiente,,,,,
52864,221,49,pendiente,,,,,
52865,221,50,pendiente,,,,,
52866,221,51,pendiente,,,,,
52867,221,52,pendiente,,,,,
52868,221,53,pendiente,,,,,
52869,221,54,pendiente,,,,,
52870,221,55,pendiente,,,,,
52871,221,56,pendiente,,,,,
52872,221,57,pendiente,,,,,
52873,221,58,pendiente,,,,,
52874,221,59,pendiente,,,,,
52875,221,60,pendiente,,,,,
53286,14,51,pendiente,,,,,
53287,14,52,pendiente,,,,,
53288,14,53,pendiente,,,,,
53289,14,54,pendiente,,,,,
53290,14,55,pendiente,,,,,
53291,14,56,pendiente,,,,,
53292,14,57,pendiente,,,,,
53293,14,58,pendiente,,,,,
53294,14,59,pendiente,,,,,
53295,14,60,pendiente,,,,,
62215,144,60,pendiente,,,,,
67419,106,51,pendiente,,,,,
67420,106,52,pendiente,,,,,
67421,106,53,pendiente,,,,,
67422,106,54,pendiente,,,,,
67423,106,55,pendiente,,,,,
67424,106,56,pendiente,,,,,
67425,106,57,pendiente,,,,,
67426,106,58,pendiente,,,,,
67427,106,59,pendiente,,,,,
67428,106,60,pendiente,,,,,
68619,78,51,pendiente,,,,,
68620,78,52,pendiente,,,,,
68621,78,53,pendiente,,,,,
68622,78,54,pendiente,,,,,
68623,78,55,pendiente,,,,,
68624,78,56,pendiente,,,,,
68625,78,57,pendiente,,,,,
68626,78,58,pendiente,,,,,
68627,78,59,pendiente,,,,,
68628,78,60,pendiente,,,,,
70249,75,51,pendiente,,,,,
70250,75,52,pendiente,,,,,
70251,75,53,pendiente,,,,,
70252,75,54,pendiente,,,,,
70253,75,55,pendiente,,,,,
70254,75,56,pendiente,,,,,
70255,75,57,pendiente,,,,,
70256,75,58,pendiente,,,,,
70257,75,59,pendiente,,,,,
70258,75,60,pendiente,,,,,
70669,62,51,pendiente,,,,,
70670,62,52,pendiente,,,,,
70671,62,53,pendiente,,,,,
70672,62,54,pendiente,,,,,
70673,62,55,pendiente,,,,,
70674,62,56,pendiente,,,,,
70675,62,57,pendiente,,,,,
70676,62,58,pendiente,,,,,
70677,62,59,pendiente,,,,,
70678,62,60,pendiente,,,,,
70679,62,61,completado,Tue Mar 24 2026 00:00:00 GMT-0500 (hora de Ecuador),Mon May 04 2026 00:00:00 GMT-0500 (hora de Ecuador),,,
73111,220,61,pendiente,,,,,
73172,221,61,pendiente,,,,,
90452,246,1,pendiente,Wed Jul 01 2026 00:00:00 GMT-0500 (hora de Ecuador),,,,
90453,246,2,pendiente,,,,,
90454,246,3,pendiente,,,,,
90455,246,4,pendiente,,,,,
90456,246,5,pendiente,,,,,
90457,246,6,pendiente,,,,,
90458,246,7,pendiente,,,,,
90459,246,8,pendiente,,,,,
90460,246,9,pendiente,,,,,
90461,246,10,pendiente,,,,,
90462,246,11,pendiente,,,,,
90463,246,12,pendiente,,,,,
90464,246,13,pendiente,,,,,
90465,246,14,pendiente,,,,,
90466,246,15,pendiente,,,,,
90467,246,16,pendiente,,,,,
90468,246,17,pendiente,,,,,
90469,246,18,pendiente,,,,,
90470,246,19,pendiente,,,,,
90471,246,20,pendiente,,,,,
90472,246,21,pendiente,,,,,
90473,246,22,pendiente,,,,,
90474,246,23,pendiente,,,,,
90475,246,24,pendiente,,,,,
90476,246,25,pendiente,,,,,
90477,246,26,pendiente,,,,,
90478,246,27,pendiente,,,,,
90479,246,28,pendiente,,,,,
90480,246,29,pendiente,,,,,
90481,246,30,pendiente,,,,,
90482,246,31,pendiente,,,,,
90483,246,32,pendiente,,,,,
90484,246,33,pendiente,,,,,
90485,246,34,pendiente,,,,,
90486,246,35,pendiente,,,,,
90487,246,36,pendiente,,,,,
90488,246,37,pendiente,,,,,
90489,246,38,pendiente,,,,,
90490,246,39,pendiente,,,,,
90491,246,40,pendiente,,,,,
90492,246,41,pendiente,,,,,
90493,246,42,pendiente,,,,,
90494,246,43,pendiente,,,,,
90495,246,44,pendiente,,,,,
90496,246,45,pendiente,,,,,
90497,246,46,pendiente,,,,,
90498,246,47,pendiente,,,,,
90499,246,48,pendiente,,,,,
90500,246,49,pendiente,,,,,
90501,246,50,pendiente,,,,,
90502,246,51,pendiente,,,,,
90503,246,52,pendiente,,,,,
90504,246,53,pendiente,,,,,
90505,246,54,pendiente,,,,,
90506,246,55,pendiente,,,,,
90507,246,56,pendiente,,,,,
90508,246,57,pendiente,,,,,
90509,246,58,pendiente,,,,,
90510,246,59,pendiente,,,,,
90511,246,60,pendiente,,,,,
90512,246,61,pendiente,Thu Jul 02 2026 00:00:00 GMT-0500 (hora de Ecuador),,,,
90563,24,51,pendiente,,,,,
90564,24,52,pendiente,,,,,
90565,24,53,pendiente,,,,,
90566,24,54,pendiente,,,,,
90567,24,55,pendiente,,,,,
90568,24,56,pendiente,,,,,
90569,24,57,pendiente,,,,,
90570,24,58,pendiente,,,,,
90571,24,59,pendiente,,,,,
90572,24,60,pendiente,,,,,
90573,24,61,completado,Thu Jul 30 2026 00:00:00 GMT-0500 (hora de Ecuador),Tue Jul 21 2026 00:00:00 GMT-0500 (hora de Ecuador),,,
90574,261,1,pendiente,Thu Jul 30 2026 00:00:00 GMT-0500 (hora de Ecuador),,,,
90575,261,2,pendiente,,,,,
90576,261,3,pendiente,,,,,
90577,261,4,pendiente,,,,,
90578,261,5,pendiente,,,,,
90579,261,6,pendiente,,,,,
90580,261,7,pendiente,,,,,
90581,261,8,pendiente,,,,,
90582,261,9,pendiente,,,,,
90583,261,10,pendiente,,,,,
90584,261,11,pendiente,,,,,
90585,261,12,pendiente,,,,,
90586,261,13,pendiente,,,,,
90587,261,14,pendiente,,,,,
90588,261,15,pendiente,,,,,
90589,261,16,pendiente,,,,,
90590,261,17,pendiente,,,,,
90591,261,18,pendiente,,,,,
90592,261,19,pendiente,,,,,
90593,261,20,pendiente,,,,,
90594,261,21,pendiente,,,,,
90595,261,22,pendiente,,,,,
90596,261,23,pendiente,,,,,
90597,261,24,pendiente,,,,,
90598,261,25,pendiente,,,,,
90599,261,26,pendiente,,,,,
90600,261,27,pendiente,,,,,
90601,261,28,pendiente,,,,,
90602,261,29,pendiente,,,,,
90603,261,30,pendiente,,,,,
90604,261,31,pendiente,,,,,
90605,261,32,pendiente,,,,,
90606,261,33,pendiente,,,,,
90607,261,34,pendiente,,,,,
90608,261,35,pendiente,,,,,
90609,261,36,pendiente,,,,,
90610,261,37,pendiente,,,,,
90611,261,38,pendiente,,,,,
90612,261,39,pendiente,,,,,
90613,261,40,pendiente,,,,,
90614,261,41,pendiente,,,,,
90615,261,42,pendiente,,,,,
90616,261,43,pendiente,,,,,
90617,261,44,pendiente,,,,,
90618,261,45,pendiente,,,,,
90619,261,46,pendiente,,,,,
90620,261,47,pendiente,,,,,
90621,261,48,pendiente,,,,,
90622,261,49,pendiente,,,,,
90623,261,50,pendiente,,,,,
90624,261,51,pendiente,,,,,
90625,261,52,pendiente,,,,,
90626,261,53,pendiente,,,,,
90627,261,54,pendiente,,,,,
90628,261,55,pendiente,,,,,
90629,261,56,pendiente,,,,,
90630,261,57,pendiente,,,,,
90631,261,58,pendiente,,,,,
90632,261,59,pendiente,,,,,
90633,261,60,pendiente,,,,,
90634,261,61,pendiente,Thu Jul 30 2026 00:00:00 GMT-0500 (hora de Ecuador),,,,
90635,238,1,pendiente,Wed Jul 22 2026 00:00:00 GMT-0500 (hora de Ecuador),,,,
90636,238,2,pendiente,,,,,
90637,238,3,pendiente,,,,,
90638,238,4,pendiente,,,,,
90639,238,5,pendiente,,,,,
90640,238,6,pendiente,,,,,
90641,238,7,pendiente,,,,,
90642,238,8,pendiente,,,,,
90643,238,9,pendiente,,,,,
90644,238,10,pendiente,,,,,
90645,238,11,pendiente,,,,,
90646,238,12,pendiente,,,,,
90647,238,13,pendiente,,,,,
90648,238,14,pendiente,,,,,
90649,238,15,pendiente,,,,,
90650,238,16,pendiente,,,,,
90651,238,17,pendiente,,,,,
90652,238,18,pendiente,,,,,
90653,238,19,pendiente,,,,,
90654,238,20,pendiente,,,,,
90655,238,21,pendiente,,,,,
90656,238,22,pendiente,,,,,
90657,238,23,pendiente,,,,,
90658,238,24,pendiente,,,,,
90659,238,25,pendiente,,,,,
90660,238,26,pendiente,,,,,
90661,238,27,pendiente,,,,,
90662,238,28,pendiente,,,,,
90663,238,29,pendiente,,,,,
90664,238,30,pendiente,,,,,
90665,238,31,pendiente,,,,,
90666,238,32,pendiente,,,,,
90667,238,33,pendiente,,,,,
90668,238,34,pendiente,,,,,
90669,238,35,pendiente,,,,,
90670,238,36,pendiente,,,,,
90671,238,37,pendiente,,,,,
90672,238,38,pendiente,,,,,
90673,238,39,pendiente,,,,,
90674,238,40,pendiente,,,,,
90675,238,41,pendiente,,,,,
90676,238,42,pendiente,,,,,
90677,238,43,pendiente,,,,,
90678,238,44,pendiente,,,,,
90679,238,45,pendiente,,,,,
90680,238,46,pendiente,,,,,
90681,238,47,pendiente,,,,,
90682,238,48,pendiente,,,,,
90683,238,49,pendiente,,,,,
90684,238,50,pendiente,,,,,
90685,238,51,pendiente,,,,,
90686,238,52,pendiente,,,,,
90687,238,53,pendiente,,,,,
90688,238,54,pendiente,,,,,
90689,238,55,pendiente,,,,,
90690,238,56,pendiente,,,,,
90691,238,57,pendiente,,,,,
90692,238,58,pendiente,,,,,
90693,238,59,pendiente,,,,,
90694,238,60,pendiente,,,,,
90695,238,61,pendiente,Fri Jul 31 2026 00:00:00 GMT-0500 (hora de Ecuador),,,,
90696,230,1,pendiente,Mon Jul 20 2026 00:00:00 GMT-0500 (hora de Ecuador),,,,
90697,230,2,pendiente,,,,,
90698,230,3,pendiente,,,,,
90699,230,4,pendiente,,,,,
90700,230,5,pendiente,,,,,
90701,230,6,pendiente,,,,,
90702,230,7,pendiente,,,,,
90703,230,8,pendiente,,,,,
90704,230,9,pendiente,,,,,
90705,230,10,pendiente,,,,,
90706,230,11,pendiente,,,,,
90707,230,12,pendiente,,,,,
90708,230,13,pendiente,,,,,
90709,230,14,pendiente,,,,,
90710,230,15,pendiente,,,,,
90711,230,16,pendiente,,,,,
90712,230,17,pendiente,,,,,
90713,230,18,pendiente,,,,,
90714,230,19,pendiente,,,,,
90715,230,20,pendiente,,,,,
90716,230,21,pendiente,,,,,
90717,230,22,pendiente,,,,,
90718,230,23,pendiente,,,,,
90719,230,24,pendiente,,,,,
90720,230,25,pendiente,,,,,
90721,230,26,pendiente,,,,,
90722,230,27,pendiente,,,,,
90723,230,28,pendiente,,,,,
90724,230,29,pendiente,,,,,
90725,230,30,pendiente,,,,,
90726,230,31,pendiente,,,,,
90727,230,32,pendiente,,,,,
90728,230,33,pendiente,,,,,
90729,230,34,pendiente,,,,,
90730,230,35,pendiente,,,,,
90731,230,36,pendiente,,,,,
90732,230,37,pendiente,,,,,
90733,230,38,pendiente,,,,,
90734,230,39,pendiente,,,,,
90735,230,40,pendiente,,,,,
90736,230,41,pendiente,,,,,
90737,230,42,pendiente,,,,,
90738,230,43,pendiente,,,,,
90739,230,44,pendiente,,,,,
90740,230,45,pendiente,,,,,
90741,230,46,pendiente,,,,,
90742,230,47,pendiente,,,,,
90743,230,48,pendiente,,,,,
90744,230,49,pendiente,,,,,
90745,230,50,pendiente,,,,,
90746,230,51,pendiente,,,,,
90747,230,52,pendiente,,,,,
90748,230,53,pendiente,,,,,
90749,230,54,pendiente,,,,,
90750,230,55,pendiente,,,,,
90751,230,56,pendiente,,,,,
90752,230,57,pendiente,,,,,
90753,230,58,pendiente,,,,,
90754,230,59,pendiente,,,,,
90755,230,60,pendiente,,,,,
90756,230,61,pendiente,Fri Jul 31 2026 00:00:00 GMT-0500 (hora de Ecuador),,,,
90757,247,1,completado,Mon Jul 20 2026 00:00:00 GMT-0500 (hora de Ecuador),Mon Jul 06 2026 00:00:00 GMT-0500 (hora de Ecuador),,,
90758,247,2,pendiente,,,,,
90759,247,3,pendiente,,,,,
90760,247,4,pendiente,,,,,
90761,247,5,pendiente,,,,,
90762,247,6,pendiente,,,,,
90763,247,7,pendiente,,,,,
90764,247,8,pendiente,,,,,
90765,247,9,pendiente,,,,,
90766,247,10,pendiente,,,,,
90767,247,11,pendiente,,,,,
90768,247,12,pendiente,,,,,
90769,247,13,pendiente,,,,,
90770,247,14,pendiente,,,,,
90771,247,15,pendiente,,,,,
90772,247,16,pendiente,,,,,
90773,247,17,pendiente,,,,,
90774,247,18,pendiente,,,,,
90775,247,19,pendiente,,,,,
90776,247,20,pendiente,,,,,
90777,247,21,pendiente,,,,,
90778,247,22,pendiente,,,,,
90779,247,23,pendiente,,,,,
90780,247,24,pendiente,,,,,
90781,247,25,pendiente,,,,,
90782,247,26,pendiente,,,,,
90783,247,27,pendiente,,,,,
90784,247,28,pendiente,,,,,
90785,247,29,pendiente,,,,,
90786,247,30,pendiente,,,,,
90787,247,31,pendiente,,,,,
90788,247,32,pendiente,,,,,
90789,247,33,pendiente,,,,,
90790,247,34,pendiente,,,,,
90791,247,35,pendiente,,,,,
90792,247,36,pendiente,,,,,
90793,247,37,pendiente,,,,,
90794,247,38,pendiente,,,,,
90795,247,39,pendiente,,,,,
90796,247,40,pendiente,,,,,
90797,247,41,pendiente,,,,,
90798,247,42,pendiente,,,,,
90799,247,43,pendiente,,,,,
90800,247,44,pendiente,,,,,
90801,247,45,pendiente,,,,,
90802,247,46,pendiente,,,,,
90803,247,47,pendiente,,,,,
90804,247,48,pendiente,,,,,
90805,247,49,pendiente,,,,,
90806,247,50,pendiente,,,,,
90807,247,51,pendiente,,,,,
90808,247,52,pendiente,,,,,
90809,247,53,pendiente,,,,,
90810,247,54,pendiente,,,,,
90811,247,55,pendiente,,,,,
90812,247,56,pendiente,,,,,
90813,247,57,pendiente,,,,,
90814,247,58,pendiente,,,,,
90815,247,59,pendiente,,,,,
90816,247,60,pendiente,,,,,
90817,247,61,pendiente,Fri Jul 31 2026 00:00:00 GMT-0500 (hora de Ecuador),,,,
90818,228,1,pendiente,Mon Jul 20 2026 00:00:00 GMT-0500 (hora de Ecuador),,,,
90819,228,2,pendiente,,,,,
90820,228,3,pendiente,,,,,
90821,228,4,pendiente,,,,,
90822,228,5,pendiente,,,,,
90823,228,6,pendiente,,,,,
90824,228,7,pendiente,,,,,
90825,228,8,pendiente,,,,,
90826,228,9,pendiente,,,,,
90827,228,10,pendiente,,,,,
90828,228,11,pendiente,,,,,
90829,228,12,pendiente,,,,,
90830,228,13,pendiente,,,,,
90831,228,14,pendiente,,,,,
90832,228,15,pendiente,,,,,
90833,228,16,pendiente,,,,,
90834,228,17,pendiente,,,,,
90835,228,18,pendiente,,,,,
90836,228,19,pendiente,,,,,
90837,228,20,pendiente,,,,,
90838,228,21,pendiente,,,,,
90839,228,22,pendiente,,,,,
90840,228,23,pendiente,,,,,
90841,228,24,pendiente,,,,,
90842,228,25,pendiente,,,,,
90843,228,26,pendiente,,,,,
90844,228,27,pendiente,,,,,
90845,228,28,pendiente,,,,,
90846,228,29,pendiente,,,,,
90847,228,30,pendiente,,,,,
90848,228,31,pendiente,,,,,
90849,228,32,pendiente,,,,,
90850,228,33,pendiente,,,,,
90851,228,34,pendiente,,,,,
90852,228,35,pendiente,,,,,
90853,228,36,pendiente,,,,,
90854,228,37,pendiente,,,,,
90855,228,38,pendiente,,,,,
90856,228,39,pendiente,,,,,
90857,228,40,pendiente,,,,,
90858,228,41,pendiente,,,,,
90859,228,42,pendiente,,,,,
90860,228,43,pendiente,,,,,
90861,228,44,pendiente,,,,,
90862,228,45,pendiente,,,,,
90863,228,46,pendiente,,,,,
90864,228,47,pendiente,,,,,
90865,228,48,pendiente,,,,,
90866,228,49,pendiente,,,,,
90867,228,50,pendiente,,,,,
90868,228,51,pendiente,,,,,
90869,228,52,pendiente,,,,,
90870,228,53,pendiente,,,,,
90871,228,54,pendiente,,,,,
90872,228,55,pendiente,,,,,
90873,228,56,pendiente,,,,,
90874,228,57,pendiente,,,,,
90875,228,58,pendiente,,,,,
90876,228,59,pendiente,,,,,
90877,228,60,pendiente,,,,,
90878,228,61,pendiente,Fri Jul 31 2026 00:00:00 GMT-0500 (hora de Ecuador),,,,
90879,256,1,completado,Mon Jul 20 2026 00:00:00 GMT-0500 (hora de Ecuador),Wed Jul 29 2026 00:00:00 GMT-0500 (hora de Ecuador),,,
90880,256,2,pendiente,,,,,
90881,256,3,completado,Mon Jun 29 2026 00:00:00 GMT-0500 (hora de Ecuador),Mon Jun 22 2026 00:00:00 GMT-0500 (hora de Ecuador),,,
90882,256,4,completado,Mon Jun 29 2026 00:00:00 GMT-0500 (hora de Ecuador),Wed Jul 29 2026 00:00:00 GMT-0500 (hora de Ecuador),,,
90883,256,5,completado,Mon Jun 29 2026 00:00:00 GMT-0500 (hora de Ecuador),Mon Jun 29 2026 00:00:00 GMT-0500 (hora de Ecuador),,,
90884,256,6,completado,Mon Jun 22 2026 00:00:00 GMT-0500 (hora de Ecuador),Wed Jul 29 2026 00:00:00 GMT-0500 (hora de Ecuador),,,
90885,256,7,completado,Mon Jun 22 2026 00:00:00 GMT-0500 (hora de Ecuador),Mon Jun 22 2026 00:00:00 GMT-0500 (hora de Ecuador),,,
90886,256,8,completado,Wed Jul 01 2026 00:00:00 GMT-0500 (hora de Ecuador),Wed Jul 01 2026 00:00:00 GMT-0500 (hora de Ecuador),,,
90887,256,9,completado,Thu Jul 02 2026 00:00:00 GMT-0500 (hora de Ecuador),Thu Jul 02 2026 00:00:00 GMT-0500 (hora de Ecuador),,,
90888,256,10,completado,Thu Jul 02 2026 00:00:00 GMT-0500 (hora de Ecuador),Wed Jul 29 2026 00:00:00 GMT-0500 (hora de Ecuador),,,
90889,256,11,completado,Fri Jul 03 2026 00:00:00 GMT-0500 (hora de Ecuador),Fri Jul 03 2026 00:00:00 GMT-0500 (hora de Ecuador),,,
90890,256,12,completado,Fri Jul 17 2026 00:00:00 GMT-0500 (hora de Ecuador),Wed Jul 29 2026 00:00:00 GMT-0500 (hora de Ecuador),,,
90891,256,13,completado,Mon Jul 20 2026 00:00:00 GMT-0500 (hora de Ecuador),Wed Jul 29 2026 00:00:00 GMT-0500 (hora de Ecuador),,,
90892,256,14,completado,Thu Jul 23 2026 00:00:00 GMT-0500 (hora de Ecuador),Wed Jul 29 2026 00:00:00 GMT-0500 (hora de Ecuador),,,
90893,256,15,pendiente,Thu Jul 23 2026 00:00:00 GMT-0500 (hora de Ecuador),,,,
90894,256,16,pendiente,Mon Jul 27 2026 00:00:00 GMT-0500 (hora de Ecuador),,,,
90895,256,17,pendiente,Mon Jul 27 2026 00:00:00 GMT-0500 (hora de Ecuador),,,,
90896,256,18,pendiente,Mon Jul 27 2026 00:00:00 GMT-0500 (hora de Ecuador),,,,
90897,256,19,pendiente,Mon Jul 27 2026 00:00:00 GMT-0500 (hora de Ecuador),,,,
90898,256,20,pendiente,Mon Aug 03 2026 00:00:00 GMT-0500 (hora de Ecuador),,,,
90899,256,21,pendiente,,,,,
90900,256,22,pendiente,,,,,
90901,256,23,pendiente,,,,,
90902,256,24,pendiente,,,,,
90903,256,25,pendiente,,,,,
90904,256,26,pendiente,,,,,
90905,256,27,pendiente,,,,,
90906,256,28,pendiente,,,,,
90907,256,29,pendiente,,,,,
90908,256,30,pendiente,,,,,
90909,256,31,pendiente,,,,,
90910,256,32,pendiente,,,,,
90911,256,33,pendiente,,,,,
90912,256,34,pendiente,,,,,
90913,256,35,pendiente,Tue Aug 04 2026 00:00:00 GMT-0500 (hora de Ecuador),,,,
90914,256,36,pendiente,Wed Aug 05 2026 00:00:00 GMT-0500 (hora de Ecuador),,,,
90915,256,37,pendiente,Thu Aug 06 2026 00:00:00 GMT-0500 (hora de Ecuador),,,,
90916,256,38,pendiente,Thu Aug 06 2026 00:00:00 GMT-0500 (hora de Ecuador),,,,
90917,256,39,pendiente,,,,,
90918,256,40,pendiente,,,,,
90919,256,41,pendiente,Mon Aug 10 2026 00:00:00 GMT-0500 (hora de Ecuador),,,,
90920,256,42,pendiente,Wed Aug 12 2026 00:00:00 GMT-0500 (hora de Ecuador),,,,
90921,256,43,pendiente,Fri Aug 14 2026 00:00:00 GMT-0500 (hora de Ecuador),,,,
90922,256,44,pendiente,Mon Aug 17 2026 00:00:00 GMT-0500 (hora de Ecuador),,,,
90923,256,45,pendiente,Tue Aug 18 2026 00:00:00 GMT-0500 (hora de Ecuador),,,,
90924,256,46,pendiente,Thu Aug 20 2026 00:00:00 GMT-0500 (hora de Ecuador),,,,
90925,256,47,pendiente,Fri Aug 21 2026 00:00:00 GMT-0500 (hora de Ecuador),,,,
90926,256,48,pendiente,,,,,
90927,256,49,pendiente,Tue Aug 25 2026 00:00:00 GMT-0500 (hora de Ecuador),,,,
90928,256,50,pendiente,Fri Aug 28 2026 00:00:00 GMT-0500 (hora de Ecuador),,,,
90929,256,51,pendiente,,,,,
90930,256,52,pendiente,,,,,
90931,256,53,pendiente,,,,,
90932,256,54,pendiente,,,,,
90933,256,55,pendiente,,,,,
90934,256,56,pendiente,,,,,
90935,256,57,pendiente,,,,,
90936,256,58,pendiente,,,,,
90937,256,59,pendiente,,,,,
90938,256,60,pendiente,,,,,
90939,256,61,completado,Mon Jul 20 2026 00:00:00 GMT-0500 (hora de Ecuador),Mon Jul 20 2026 00:00:00 GMT-0500 (hora de Ecuador),,,
90940,231,1,pendiente,Mon Jul 20 2026 00:00:00 GMT-0500 (hora de Ecuador),,,,
90941,231,2,pendiente,,,,,
90942,231,3,pendiente,,,,,
90943,231,4,pendiente,,,,,
90944,231,5,pendiente,,,,,
90945,231,6,pendiente,,,,,
90946,231,7,pendiente,,,,,
90947,231,8,pendiente,,,,,
90948,231,9,pendiente,,,,,
90949,231,10,pendiente,,,,,
90950,231,11,pendiente,,,,,
90951,231,12,pendiente,,,,,
90952,231,13,pendiente,,,,,
90953,231,14,pendiente,,,,,
90954,231,15,pendiente,,,,,
90955,231,16,pendiente,,,,,
90956,231,17,pendiente,,,,,
90957,231,18,pendiente,,,,,
90958,231,19,pendiente,,,,,
90959,231,20,pendiente,,,,,
90960,231,21,pendiente,,,,,
90961,231,22,pendiente,,,,,
90962,231,23,pendiente,,,,,
90963,231,24,pendiente,,,,,
90964,231,25,pendiente,,,,,
90965,231,26,pendiente,,,,,
90966,231,27,pendiente,,,,,
90967,231,28,pendiente,,,,,
90968,231,29,pendiente,,,,,
90969,231,30,pendiente,,,,,
90970,231,31,pendiente,,,,,
90971,231,32,pendiente,,,,,
90972,231,33,pendiente,,,,,
90973,231,34,pendiente,,,,,
90974,231,35,pendiente,,,,,
90975,231,36,pendiente,,,,,
90976,231,37,pendiente,,,,,
90977,231,38,pendiente,,,,,
90978,231,39,pendiente,,,,,
90979,231,40,pendiente,,,,,
90980,231,41,pendiente,,,,,
90981,231,42,pendiente,,,,,
90982,231,43,pendiente,,,,,
90983,231,44,pendiente,,,,,
90984,231,45,pendiente,,,,,
90985,231,46,pendiente,,,,,
90986,231,47,pendiente,,,,,
90987,231,48,pendiente,,,,,
90988,231,49,pendiente,,,,,
90989,231,50,pendiente,,,,,
90990,231,51,pendiente,,,,,
90991,231,52,pendiente,,,,,
90992,231,53,pendiente,,,,,
90993,231,54,pendiente,,,,,
90994,231,55,pendiente,,,,,
90995,231,56,pendiente,,,,,
90996,231,57,pendiente,,,,,
90997,231,58,pendiente,,,,,
90998,231,59,pendiente,,,,,
90999,231,60,pendiente,,,,,
91000,231,61,pendiente,Fri Jul 31 2026 00:00:00 GMT-0500 (hora de Ecuador),,,,
91001,259,1,pendiente,Mon Jul 20 2026 00:00:00 GMT-0500 (hora de Ecuador),,,,
91002,259,2,pendiente,,,,,
91003,259,3,pendiente,,,,,
91004,259,4,pendiente,,,,,
91005,259,5,pendiente,,,,,
91006,259,6,pendiente,,,,,
91007,259,7,pendiente,,,,,
91008,259,8,pendiente,,,,,
91009,259,9,pendiente,,,,,
91010,259,10,pendiente,,,,,
91011,259,11,pendiente,,,,,
91012,259,12,pendiente,,,,,
91013,259,13,pendiente,,,,,
91014,259,14,pendiente,,,,,
91015,259,15,pendiente,,,,,
91016,259,16,pendiente,,,,,
91017,259,17,pendiente,,,,,
91018,259,18,pendiente,,,,,
91019,259,19,pendiente,,,,,
91020,259,20,pendiente,,,,,
91021,259,21,pendiente,,,,,
91022,259,22,pendiente,,,,,
91023,259,23,pendiente,,,,,
91024,259,24,pendiente,,,,,
91025,259,25,pendiente,,,,,
91026,259,26,pendiente,,,,,
91027,259,27,pendiente,,,,,
91028,259,28,pendiente,,,,,
91029,259,29,pendiente,,,,,
91030,259,30,pendiente,,,,,
91031,259,31,pendiente,,,,,
91032,259,32,pendiente,,,,,
91033,259,33,pendiente,,,,,
91034,259,34,pendiente,,,,,
91035,259,35,pendiente,,,,,
91036,259,36,pendiente,,,,,
91037,259,37,pendiente,,,,,
91038,259,38,pendiente,,,,,
91039,259,39,pendiente,,,,,
91040,259,40,pendiente,,,,,
91041,259,41,pendiente,,,,,
91042,259,42,pendiente,,,,,
91043,259,43,pendiente,,,,,
91044,259,44,pendiente,,,,,
91045,259,45,pendiente,,,,,
91046,259,46,pendiente,,,,,
91047,259,47,pendiente,,,,,
91048,259,48,pendiente,,,,,
91049,259,49,pendiente,,,,,
91050,259,50,pendiente,,,,,
91051,259,51,pendiente,,,,,
91052,259,52,pendiente,,,,,
91053,259,53,pendiente,,,,,
91054,259,54,pendiente,,,,,
91055,259,55,pendiente,,,,,
91056,259,56,pendiente,,,,,
91057,259,57,pendiente,,,,,
91058,259,58,pendiente,,,,,
91059,259,59,pendiente,,,,,
91060,259,60,pendiente,,,,,
91061,259,61,pendiente,Fri Jul 31 2026 00:00:00 GMT-0500 (hora de Ecuador),,,,
91112,138,51,pendiente,,,,,
91113,138,52,pendiente,,,,,
91114,138,53,pendiente,,,,,
91115,138,54,pendiente,,,,,
91116,138,55,pendiente,,,,,
91117,138,56,pendiente,,,,,
91118,138,57,pendiente,,,,,
91119,138,58,pendiente,,,,,
91120,138,59,pendiente,,,,,
91121,138,60,pendiente,,,,,
91122,138,61,pendiente,Fri Jul 31 2026 00:00:00 GMT-0500 (hora de Ecuador),,,,
91123,239,1,pendiente,Mon Jul 20 2026 00:00:00 GMT-0500 (hora de Ecuador),,,,
91124,239,2,pendiente,,,,,
91125,239,3,pendiente,,,,,
91126,239,4,pendiente,,,,,
91127,239,5,pendiente,,,,,
91128,239,6,pendiente,,,,,
91129,239,7,pendiente,,,,,
91130,239,8,pendiente,,,,,
91131,239,9,pendiente,,,,,
91132,239,10,pendiente,,,,,
91133,239,11,pendiente,,,,,
91134,239,12,pendiente,,,,,
91135,239,13,pendiente,,,,,
91136,239,14,pendiente,,,,,
91137,239,15,pendiente,,,,,
91138,239,16,pendiente,,,,,
91139,239,17,pendiente,,,,,
91140,239,18,pendiente,,,,,
91141,239,19,pendiente,,,,,
91142,239,20,pendiente,,,,,
91143,239,21,pendiente,,,,,
91144,239,22,pendiente,,,,,
91145,239,23,pendiente,,,,,
91146,239,24,pendiente,,,,,
91147,239,25,pendiente,,,,,
91148,239,26,pendiente,,,,,
91149,239,27,pendiente,,,,,
91150,239,28,pendiente,,,,,
91151,239,29,pendiente,,,,,
91152,239,30,pendiente,,,,,
91153,239,31,pendiente,,,,,
91154,239,32,pendiente,,,,,
91155,239,33,pendiente,,,,,
91156,239,34,pendiente,,,,,
91157,239,35,pendiente,,,,,
91158,239,36,pendiente,,,,,
91159,239,37,pendiente,,,,,
91160,239,38,pendiente,,,,,
91161,239,39,pendiente,,,,,
91162,239,40,pendiente,,,,,
91163,239,41,pendiente,,,,,
91164,239,42,pendiente,,,,,
91165,239,43,pendiente,,,,,
91166,239,44,pendiente,,,,,
91167,239,45,pendiente,,,,,
91168,239,46,pendiente,,,,,
91169,239,47,pendiente,,,,,
91170,239,48,pendiente,,,,,
91171,239,49,pendiente,,,,,
91172,239,50,pendiente,,,,,
91173,239,51,pendiente,,,,,
91174,239,52,pendiente,,,,,
91175,239,53,pendiente,,,,,
91176,239,54,pendiente,,,,,
91177,239,55,pendiente,,,,,
91178,239,56,pendiente,,,,,
91179,239,57,pendiente,,,,,
91180,239,58,pendiente,,,,,
91181,239,59,pendiente,,,,,
91182,239,60,pendiente,,,,,
91183,239,61,pendiente,Fri Jul 31 2026 00:00:00 GMT-0500 (hora de Ecuador),,,,
91184,232,1,pendiente,Mon Jul 20 2026 00:00:00 GMT-0500 (hora de Ecuador),,,,
91185,232,2,pendiente,,,,,
91186,232,3,pendiente,,,,,
91187,232,4,pendiente,,,,,
91188,232,5,pendiente,,,,,
91189,232,6,pendiente,,,,,
91190,232,7,pendiente,,,,,
91191,232,8,pendiente,,,,,
91192,232,9,pendiente,,,,,
91193,232,10,pendiente,,,,,
91194,232,11,pendiente,,,,,
91195,232,12,pendiente,,,,,
91196,232,13,pendiente,,,,,
91197,232,14,pendiente,,,,,
91198,232,15,pendiente,,,,,
91199,232,16,pendiente,,,,,
91200,232,17,pendiente,,,,,
91201,232,18,pendiente,,,,,
91202,232,19,pendiente,,,,,
91203,232,20,pendiente,,,,,
91204,232,21,pendiente,,,,,
91205,232,22,pendiente,,,,,
91206,232,23,pendiente,,,,,
91207,232,24,pendiente,,,,,
91208,232,25,pendiente,,,,,
91209,232,26,pendiente,,,,,
91210,232,27,pendiente,,,,,
91211,232,28,pendiente,,,,,
91212,232,29,pendiente,,,,,
91213,232,30,pendiente,,,,,
91214,232,31,pendiente,,,,,
91215,232,32,pendiente,,,,,
91216,232,33,pendiente,,,,,
91217,232,34,pendiente,,,,,
91218,232,35,pendiente,,,,,
91219,232,36,pendiente,,,,,
91220,232,37,pendiente,,,,,
91221,232,38,pendiente,,,,,
91222,232,39,pendiente,,,,,
91223,232,40,pendiente,,,,,
91224,232,41,pendiente,,,,,
91225,232,42,pendiente,,,,,
91226,232,43,pendiente,,,,,
91227,232,44,pendiente,,,,,
91228,232,45,pendiente,,,,,
91229,232,46,pendiente,,,,,
91230,232,47,pendiente,,,,,
91231,232,48,pendiente,,,,,
91232,232,49,pendiente,,,,,
91233,232,50,pendiente,,,,,
91234,232,51,pendiente,,,,,
91235,232,52,pendiente,,,,,
91236,232,53,pendiente,,,,,
91237,232,54,pendiente,,,,,
91238,232,55,pendiente,,,,,
91239,232,56,pendiente,,,,,
91240,232,57,pendiente,,,,,
91241,232,58,pendiente,,,,,
91242,232,59,pendiente,,,,,
91243,232,60,pendiente,,,,,
91244,232,61,pendiente,Fri Jul 31 2026 00:00:00 GMT-0500 (hora de Ecuador),,,,
91245,233,1,pendiente,Mon Jul 20 2026 00:00:00 GMT-0500 (hora de Ecuador),,,,
91246,233,2,pendiente,,,,,
91247,233,3,pendiente,,,,,
91248,233,4,pendiente,,,,,
91249,233,5,pendiente,,,,,
91250,233,6,pendiente,,,,,
91251,233,7,pendiente,,,,,
91252,233,8,pendiente,,,,,
91253,233,9,pendiente,,,,,
91254,233,10,pendiente,,,,,
91255,233,11,pendiente,,,,,
91256,233,12,pendiente,,,,,
91257,233,13,pendiente,,,,,
91258,233,14,pendiente,,,,,
91259,233,15,pendiente,,,,,
91260,233,16,pendiente,,,,,
91261,233,17,pendiente,,,,,
91262,233,18,pendiente,,,,,
91263,233,19,pendiente,,,,,
91264,233,20,pendiente,,,,,
91265,233,21,pendiente,,,,,
91266,233,22,pendiente,,,,,
91267,233,23,pendiente,,,,,
91268,233,24,pendiente,,,,,
91269,233,25,pendiente,,,,,
91270,233,26,pendiente,,,,,
91271,233,27,pendiente,,,,,
91272,233,28,pendiente,,,,,
91273,233,29,pendiente,,,,,
91274,233,30,pendiente,,,,,
91275,233,31,pendiente,,,,,
91276,233,32,pendiente,,,,,
91277,233,33,pendiente,,,,,
91278,233,34,pendiente,,,,,
91279,233,35,pendiente,,,,,
91280,233,36,pendiente,,,,,
91281,233,37,pendiente,,,,,
91282,233,38,pendiente,,,,,
91283,233,39,pendiente,,,,,
91284,233,40,pendiente,,,,,
91285,233,41,pendiente,,,,,
91286,233,42,pendiente,,,,,
91287,233,43,pendiente,,,,,
91288,233,44,pendiente,,,,,
91289,233,45,pendiente,,,,,
91290,233,46,pendiente,,,,,
91291,233,47,pendiente,,,,,
91292,233,48,pendiente,,,,,
91293,233,49,pendiente,,,,,
91294,233,50,pendiente,,,,,
91295,233,51,pendiente,,,,,
91296,233,52,pendiente,,,,,
91297,233,53,pendiente,,,,,
91298,233,54,pendiente,,,,,
91299,233,55,pendiente,,,,,
91300,233,56,pendiente,,,,,
91301,233,57,pendiente,,,,,
91302,233,58,pendiente,,,,,
91303,233,59,pendiente,,,,,
91304,233,60,pendiente,,,,,
91305,233,61,pendiente,Fri Jul 31 2026 00:00:00 GMT-0500 (hora de Ecuador),,,,
91306,241,1,completado,Mon Jul 20 2026 00:00:00 GMT-0500 (hora de Ecuador),Mon Aug 03 2026 00:00:00 GMT-0500 (hora de Ecuador),,,
91307,241,2,pendiente,,,,,
91308,241,3,pendiente,,,,,
91309,241,4,pendiente,,,,,
91310,241,5,pendiente,,,,,
91311,241,6,pendiente,,,,,
91312,241,7,pendiente,,,,,
91313,241,8,pendiente,,,,,
91314,241,9,pendiente,,,,,
91315,241,10,pendiente,,,,,
91316,241,11,pendiente,,,,,
91317,241,12,pendiente,,,,,
91318,241,13,pendiente,,,,,
91319,241,14,pendiente,,,,,
91320,241,15,pendiente,,,,,
91321,241,16,pendiente,,,,,
91322,241,17,pendiente,,,,,
91323,241,18,pendiente,,,,,
91324,241,19,pendiente,,,,,
91325,241,20,pendiente,,,,,
91326,241,21,pendiente,,,,,
91327,241,22,pendiente,,,,,
91328,241,23,pendiente,,,,,
91329,241,24,pendiente,,,,,
91330,241,25,pendiente,,,,,
91331,241,26,pendiente,,,,,
91332,241,27,pendiente,,,,,
91333,241,28,pendiente,,,,,
91334,241,29,pendiente,,,,,
91335,241,30,pendiente,,,,,
91336,241,31,pendiente,,,,,
91337,241,32,pendiente,,,,,
91338,241,33,pendiente,,,,,
91339,241,34,pendiente,,,,,
91340,241,35,pendiente,,,,,
91341,241,36,pendiente,,,,,
91342,241,37,pendiente,,,,,
91343,241,38,pendiente,,,,,
91344,241,39,pendiente,,,,,
91345,241,40,pendiente,,,,,
91346,241,41,pendiente,,,,,
91347,241,42,pendiente,,,,,
91348,241,43,pendiente,,,,,
91349,241,44,pendiente,,,,,
91350,241,45,pendiente,,,,,
91351,241,46,pendiente,,,,,
91352,241,47,pendiente,,,,,
91353,241,48,pendiente,,,,,
91354,241,49,pendiente,,,,,
91355,241,50,pendiente,,,,,
91356,241,51,pendiente,,,,,
91357,241,52,pendiente,,,,,
91358,241,53,pendiente,,,,,
91359,241,54,pendiente,,,,,
91360,241,55,pendiente,,,,,
91361,241,56,pendiente,,,,,
91362,241,57,pendiente,,,,,
91363,241,58,pendiente,,,,,
91364,241,59,pendiente,,,,,
91365,241,60,pendiente,,,,,
91366,241,61,pendiente,Fri Jul 31 2026 00:00:00 GMT-0500 (hora de Ecuador),,,,
91367,243,1,pendiente,Mon Jul 20 2026 00:00:00 GMT-0500 (hora de Ecuador),,,,
91368,243,2,pendiente,,,,,
91369,243,3,pendiente,,,,,
91370,243,4,pendiente,,,,,
91371,243,5,pendiente,,,,,
91372,243,6,pendiente,,,,,
91373,243,7,pendiente,,,,,
91374,243,8,pendiente,,,,,
91375,243,9,pendiente,,,,,
91376,243,10,pendiente,,,,,
91377,243,11,pendiente,,,,,
91378,243,12,pendiente,,,,,
91379,243,13,pendiente,,,,,
91380,243,14,pendiente,,,,,
91381,243,15,pendiente,,,,,
91382,243,16,pendiente,,,,,
91383,243,17,pendiente,,,,,
91384,243,18,pendiente,,,,,
91385,243,19,pendiente,,,,,
91386,243,20,pendiente,,,,,
91387,243,21,pendiente,,,,,
91388,243,22,pendiente,,,,,
91389,243,23,pendiente,,,,,
91390,243,24,pendiente,,,,,
91391,243,25,pendiente,,,,,
91392,243,26,pendiente,,,,,
91393,243,27,pendiente,,,,,
91394,243,28,pendiente,,,,,
91395,243,29,pendiente,,,,,
91396,243,30,pendiente,,,,,
91397,243,31,pendiente,,,,,
91398,243,32,pendiente,,,,,
91399,243,33,pendiente,,,,,
91400,243,34,pendiente,,,,,
91401,243,35,pendiente,,,,,
91402,243,36,pendiente,,,,,
91403,243,37,pendiente,,,,,
91404,243,38,pendiente,,,,,
91405,243,39,pendiente,,,,,
91406,243,40,pendiente,,,,,
91407,243,41,pendiente,,,,,
91408,243,42,pendiente,,,,,
91409,243,43,pendiente,,,,,
91410,243,44,pendiente,,,,,
91411,243,45,pendiente,,,,,
91412,243,46,pendiente,,,,,
91413,243,47,pendiente,,,,,
91414,243,48,pendiente,,,,,
91415,243,49,pendiente,,,,,
91416,243,50,pendiente,,,,,
91417,243,51,pendiente,,,,,
91418,243,52,pendiente,,,,,
91419,243,53,pendiente,,,,,
91420,243,54,pendiente,,,,,
91421,243,55,pendiente,,,,,
91422,243,56,pendiente,,,,,
91423,243,57,pendiente,,,,,
91424,243,58,pendiente,,,,,
91425,243,59,pendiente,,,,,
91426,243,60,pendiente,,,,,
91427,243,61,pendiente,Fri Jul 31 2026 00:00:00 GMT-0500 (hora de Ecuador),,,,
91428,242,1,pendiente,Mon Jul 20 2026 00:00:00 GMT-0500 (hora de Ecuador),,,,
91429,242,2,pendiente,,,,,
91430,242,3,pendiente,,,,,
91431,242,4,pendiente,,,,,
91432,242,5,pendiente,,,,,
91433,242,6,pendiente,,,,,
91434,242,7,pendiente,,,,,
91435,242,8,pendiente,,,,,
91436,242,9,pendiente,,,,,
91437,242,10,pendiente,,,,,
91438,242,11,pendiente,,,,,
91439,242,12,pendiente,,,,,
91440,242,13,pendiente,,,,,
91441,242,14,pendiente,,,,,
91442,242,15,pendiente,,,,,
91443,242,16,pendiente,,,,,
91444,242,17,pendiente,,,,,
91445,242,18,pendiente,,,,,
91446,242,19,pendiente,,,,,
91447,242,20,pendiente,,,,,
91448,242,21,pendiente,,,,,
91449,242,22,pendiente,,,,,
91450,242,23,pendiente,,,,,
91451,242,24,pendiente,,,,,
91452,242,25,pendiente,,,,,
91453,242,26,pendiente,,,,,
91454,242,27,pendiente,,,,,
91455,242,28,pendiente,,,,,
91456,242,29,pendiente,,,,,
91457,242,30,pendiente,,,,,
91458,242,31,pendiente,,,,,
91459,242,32,pendiente,,,,,
91460,242,33,pendiente,,,,,
91461,242,34,pendiente,,,,,
91462,242,35,pendiente,,,,,
91463,242,36,pendiente,,,,,
91464,242,37,pendiente,,,,,
91465,242,38,pendiente,,,,,
91466,242,39,pendiente,,,,,
91467,242,40,pendiente,,,,,
91468,242,41,pendiente,,,,,
91469,242,42,pendiente,,,,,
91470,242,43,pendiente,,,,,
91471,242,44,pendiente,,,,,
91472,242,45,pendiente,,,,,
91473,242,46,pendiente,,,,,
91474,242,47,pendiente,,,,,
91475,242,48,pendiente,,,,,
91476,242,49,pendiente,,,,,
91477,242,50,pendiente,,,,,
91478,242,51,pendiente,,,,,
91479,242,52,pendiente,,,,,
91480,242,53,pendiente,,,,,
91481,242,54,pendiente,,,,,
91482,242,55,pendiente,,,,,
91483,242,56,pendiente,,,,,
91484,242,57,pendiente,,,,,
91485,242,58,pendiente,,,,,
91486,242,59,pendiente,,,,,
91487,242,60,pendiente,,,,,
91488,242,61,pendiente,Fri Jul 31 2026 00:00:00 GMT-0500 (hora de Ecuador),,,,
91489,245,1,pendiente,Mon Jul 20 2026 00:00:00 GMT-0500 (hora de Ecuador),,,,
91490,245,2,pendiente,,,,,
91491,245,3,pendiente,,,,,
91492,245,4,pendiente,,,,,
91493,245,5,pendiente,,,,,
91494,245,6,pendiente,,,,,
91495,245,7,pendiente,,,,,
91496,245,8,pendiente,,,,,
91497,245,9,pendiente,,,,,
91498,245,10,pendiente,,,,,
91499,245,11,pendiente,,,,,
91500,245,12,pendiente,,,,,
91501,245,13,pendiente,,,,,
91502,245,14,pendiente,,,,,
91503,245,15,pendiente,,,,,
91504,245,16,pendiente,,,,,
91505,245,17,pendiente,,,,,
91506,245,18,pendiente,,,,,
91507,245,19,pendiente,,,,,
91508,245,20,pendiente,,,,,
91509,245,21,pendiente,,,,,
91510,245,22,pendiente,,,,,
91511,245,23,pendiente,,,,,
91512,245,24,pendiente,,,,,
91513,245,25,pendiente,,,,,
91514,245,26,pendiente,,,,,
91515,245,27,pendiente,,,,,
91516,245,28,pendiente,,,,,
91517,245,29,pendiente,,,,,
91518,245,30,pendiente,,,,,
91519,245,31,pendiente,,,,,
91520,245,32,pendiente,,,,,
91521,245,33,pendiente,,,,,
91522,245,34,pendiente,,,,,
91523,245,35,pendiente,,,,,
91524,245,36,pendiente,,,,,
91525,245,37,pendiente,,,,,
91526,245,38,pendiente,,,,,
91527,245,39,pendiente,,,,,
91528,245,40,pendiente,,,,,
91529,245,41,pendiente,,,,,
91530,245,42,pendiente,,,,,
91531,245,43,pendiente,,,,,
91532,245,44,pendiente,,,,,
91533,245,45,pendiente,,,,,
91534,245,46,pendiente,,,,,
91535,245,47,pendiente,,,,,
91536,245,48,pendiente,,,,,
91537,245,49,pendiente,,,,,
91538,245,50,pendiente,,,,,
91539,245,51,pendiente,,,,,
91540,245,52,pendiente,,,,,
91541,245,53,pendiente,,,,,
91542,245,54,pendiente,,,,,
91543,245,55,pendiente,,,,,
91544,245,56,pendiente,,,,,
91545,245,57,pendiente,,,,,
91546,245,58,pendiente,,,,,
91547,245,59,pendiente,,,,,
91548,245,60,pendiente,,,,,
91549,245,61,pendiente,Fri Jul 31 2026 00:00:00 GMT-0500 (hora de Ecuador),,,,
91600,158,51,pendiente,,,,,
91601,158,52,pendiente,,,,,
91602,158,53,pendiente,,,,,
91603,158,54,pendiente,,,,,
91604,158,55,pendiente,,,,,
91605,158,56,pendiente,,,,,
91606,158,57,pendiente,,,,,
91607,158,58,pendiente,,,,,
91608,158,59,pendiente,,,,,
91609,158,60,pendiente,,,,,
91610,158,61,pendiente,,,,,
91661,71,51,pendiente,,,,,
91662,71,52,pendiente,,,,,
91663,71,53,pendiente,,,,,
91664,71,54,pendiente,,,,,
91665,71,55,pendiente,,,,,
91666,71,56,pendiente,,,,,
91667,71,57,pendiente,,,,,
91668,71,58,pendiente,,,,,
91669,71,59,pendiente,,,,,
91670,71,60,pendiente,,,,,
91671,71,61,pendiente,,,,,
91672,244,1,completado,Mon Jul 20 2026 00:00:00 GMT-0500 (hora de Ecuador),Mon Jul 27 2026 00:00:00 GMT-0500 (hora de Ecuador),,,
91673,244,2,pendiente,,,,,
91674,244,3,pendiente,,,,,
91675,244,4,pendiente,,,,,
91676,244,5,pendiente,,,,,
91677,244,6,pendiente,,,,,
91678,244,7,pendiente,,,,,
91679,244,8,pendiente,,,,,
91680,244,9,pendiente,,,,,
91681,244,10,pendiente,,,,,
91682,244,11,pendiente,,,,,
91683,244,12,pendiente,,,,,
91684,244,13,pendiente,,,,,
91685,244,14,pendiente,,,,,
91686,244,15,pendiente,,,,,
91687,244,16,pendiente,,,,,
91688,244,17,pendiente,,,,,
91689,244,18,pendiente,,,,,
91690,244,19,pendiente,,,,,
91691,244,20,pendiente,,,,,
91692,244,21,pendiente,,,,,
91693,244,22,pendiente,,,,,
91694,244,23,pendiente,,,,,
91695,244,24,pendiente,,,,,
91696,244,25,pendiente,,,,,
91697,244,26,pendiente,,,,,
91698,244,27,pendiente,,,,,
91699,244,28,pendiente,,,,,
91700,244,29,pendiente,,,,,
91701,244,30,pendiente,,,,,
91702,244,31,pendiente,,,,,
91703,244,32,pendiente,,,,,
91704,244,33,pendiente,,,,,
91705,244,34,pendiente,,,,,
91706,244,35,pendiente,,,,,
91707,244,36,pendiente,,,,,
91708,244,37,pendiente,,,,,
91709,244,38,pendiente,,,,,
91710,244,39,pendiente,,,,,
91711,244,40,pendiente,,,,,
91712,244,41,pendiente,,,,,
91713,244,42,pendiente,,,,,
91714,244,43,pendiente,,,,,
91715,244,44,pendiente,,,,,
91716,244,45,pendiente,,,,,
91717,244,46,pendiente,,,,,
91718,244,47,pendiente,,,,,
91719,244,48,pendiente,,,,,
91720,244,49,pendiente,,,,,
91721,244,50,pendiente,,,,,
91722,244,51,pendiente,,,,,
91723,244,52,pendiente,,,,,
91724,244,53,pendiente,,,,,
91725,244,54,pendiente,,,,,
91726,244,55,pendiente,,,,,
91727,244,56,pendiente,,,,,
91728,244,57,pendiente,,,,,
91729,244,58,pendiente,,,,,
91730,244,59,pendiente,,,,,
91731,244,60,pendiente,,,,,
91732,244,61,pendiente,,,,,
91733,252,1,completado,Mon Jul 20 2026 00:00:00 GMT-0500 (hora de Ecuador),Tue May 26 2026 00:00:00 GMT-0500 (hora de Ecuador),,,
91734,252,2,completado,,Tue May 26 2026 00:00:00 GMT-0500 (hora de Ecuador),,,
91735,252,3,completado,,Fri Jul 17 2026 00:00:00 GMT-0500 (hora de Ecuador),,,
91736,252,4,completado,,Fri Jul 17 2026 00:00:00 GMT-0500 (hora de Ecuador),,,
91737,252,5,completado,,Fri Jul 17 2026 00:00:00 GMT-0500 (hora de Ecuador),,,
91738,252,6,completado,,Fri Jun 12 2026 00:00:00 GMT-0500 (hora de Ecuador),,,
91739,252,7,completado,,Fri Jun 19 2026 00:00:00 GMT-0500 (hora de Ecuador),,,
91740,252,8,completado,,Fri Jul 17 2026 00:00:00 GMT-0500 (hora de Ecuador),,,
91741,252,9,completado,,Fri Jul 17 2026 00:00:00 GMT-0500 (hora de Ecuador),,,
91742,252,10,completado,,Fri May 29 2026 00:00:00 GMT-0500 (hora de Ecuador),,,
91743,252,11,completado,,Mon Jun 01 2026 00:00:00 GMT-0500 (hora de Ecuador),,,
91744,252,12,completado,,Mon Jul 20 2026 00:00:00 GMT-0500 (hora de Ecuador),,,
91745,252,13,completado,,Wed Jul 22 2026 00:00:00 GMT-0500 (hora de Ecuador),,,
91746,252,14,completado,,Fri Jul 24 2026 00:00:00 GMT-0500 (hora de Ecuador),,,
91747,252,15,pendiente,,,,,
91748,252,16,pendiente,,,,,
91749,252,17,pendiente,,,,,
91750,252,18,pendiente,,,,,
91751,252,19,pendiente,,,,,
91752,252,20,pendiente,,,,,
91753,252,21,pendiente,,,,,
91754,252,22,pendiente,,,,,
91755,252,23,pendiente,,,,,
91756,252,24,pendiente,,,,,
91757,252,25,pendiente,,,,,
91758,252,26,pendiente,,,,,
91759,252,27,pendiente,,,,,
91760,252,28,pendiente,,,,,
91761,252,29,pendiente,,,,,
91762,252,30,pendiente,,,,,
91763,252,31,pendiente,,,,,
91764,252,32,pendiente,,,,,
91765,252,33,pendiente,,,,,
91766,252,34,pendiente,,,,,
91767,252,35,pendiente,,,,,
91768,252,36,pendiente,,,,,
91769,252,37,pendiente,,,,,
91770,252,38,pendiente,,,,,
91771,252,39,pendiente,,,,,
91772,252,40,pendiente,,,,,
91773,252,41,pendiente,,,,,
91774,252,42,pendiente,,,,,
91775,252,43,pendiente,,,,,
91776,252,44,pendiente,,,,,
91777,252,45,pendiente,,,,,
91778,252,46,pendiente,,,,,
91779,252,47,pendiente,,,,,
91780,252,48,pendiente,,,,,
91781,252,49,pendiente,,,,,
91782,252,50,pendiente,,,,,
91783,252,51,pendiente,,,,,
91784,252,52,pendiente,,,,,
91785,252,53,pendiente,,,,,
91786,252,54,pendiente,,,,,
91787,252,55,pendiente,,,,,
91788,252,56,pendiente,,,,,
91789,252,57,pendiente,,,,,
91790,252,58,pendiente,,,,,
91791,252,59,pendiente,,,,,
91792,252,60,pendiente,,,,,
91793,252,61,pendiente,,,,,
91844,173,51,pendiente,,,,,
91845,173,52,pendiente,,,,,
91846,173,53,pendiente,,,,,
91847,173,54,pendiente,,,,,
91848,173,55,pendiente,,,,,
91849,173,56,pendiente,,,,,
91850,173,57,pendiente,,,,,
91851,173,58,pendiente,,,,,
91852,173,59,pendiente,,,,,
91853,173,60,pendiente,,,,,
91854,173,61,pendiente,,,,,
91905,114,51,pendiente,,,,,
91906,114,52,pendiente,,,,,
91907,114,53,pendiente,,,,,
91908,114,54,pendiente,,,,,
91909,114,55,pendiente,,,,,
91910,114,56,pendiente,,,,,
91911,114,57,pendiente,,,,,
91912,114,58,pendiente,,,,,
91913,114,59,pendiente,,,,,
91914,114,60,pendiente,,,,,
91915,114,61,pendiente,,,,,
91966,1,51,pendiente,,,,,
91967,1,52,pendiente,,,,,
91968,1,53,pendiente,,,,,
91969,1,54,pendiente,,,,,
91970,1,55,pendiente,,,,,
91971,1,56,pendiente,,,,,
91972,1,57,pendiente,,,,,
91973,1,58,pendiente,,,,,
91974,1,59,pendiente,,,,,
91975,1,60,pendiente,,,,,
91976,1,61,pendiente,,,,,
92448,256,62,completado,Thu Jan 01 2026 00:00:00 GMT-0500 (hora de Ecuador),Wed Jun 03 2026 00:00:00 GMT-0500 (hora de Ecuador),,,
92449,256,63,pendiente,Fri Aug 28 2026 00:00:00 GMT-0500 (hora de Ecuador),,,,
97177,140,51,pendiente,,,,,
97178,140,52,pendiente,,,,,
97179,140,53,pendiente,,,,,
97180,140,54,pendiente,,,,,
97181,140,55,pendiente,,,,,
97182,140,56,pendiente,,,,,
97183,140,57,pendiente,,,,,
97184,140,58,pendiente,,,,,
97185,140,59,pendiente,,,,,
97186,140,60,pendiente,,,,,
97187,140,61,pendiente,,,,,
97188,140,62,pendiente,,,,,
97189,140,63,pendiente,,,,,
97253,140,64,completado,Wed Apr 08 2026 00:00:00 GMT-0500 (hora de Ecuador),Wed Apr 08 2026 00:00:00 GMT-0500 (hora de Ecuador),,,
97254,140,65,pendiente,,,,,
108995,252,62,pendiente,,,,,
108996,252,63,pendiente,,,,,
108997,252,64,pendiente,,,,,
108998,252,65,pendiente,,,,,
110409,173,62,pendiente,,,,,
110410,173,63,pendiente,,,,,
110411,173,64,pendiente,,,,,
110412,173,65,pendiente,,,,,
111579,231,62,pendiente,,,,,
111580,231,63,pendiente,,,,,
111581,231,64,pendiente,,,,,
111582,231,65,pendiente,,,,,
111648,231,67,pendiente,,,,,
112794,195,61,pendiente,,,,,
112795,195,62,pendiente,,,,,
112796,195,63,pendiente,,,,,
112797,195,64,pendiente,,,,,
112798,195,65,pendiente,,,,,
112799,195,67,pendiente,,,,,
129252,230,62,pendiente,,,,,
129253,230,63,pendiente,,,,,
129254,230,64,pendiente,,,,,
129255,230,65,pendiente,,,,,
129256,230,67,pendiente,,,,,
130157,157,51,pendiente,,,,,
130158,157,52,pendiente,,,,,
130159,157,53,pendiente,,,,,
130160,157,54,pendiente,,,,,
130161,157,55,pendiente,,,,,
130162,157,56,pendiente,,,,,
130163,157,57,pendiente,,,,,
130164,157,58,pendiente,,,,,
130165,157,59,pendiente,,,,,
130166,157,60,pendiente,,,,,
130167,157,61,pendiente,,,,,
130168,157,62,pendiente,,,,,
130169,157,63,pendiente,,,,,
130170,157,64,pendiente,,,,,
130171,157,65,pendiente,,,,,
130172,157,67,pendiente,,,,,
