id,subtarea_id,etapa_id,aplica,fecha_tentativa,fecha_reforma,fecha_reforma_3
1,1,1,1,Tue Jul 21 2026 00:00:00 GMT-0500 (hora de Ecuador),Tue Jul 21 2026 00:00:00 GMT-0500 (hora de Ecuador),
2,1,2,0,,,
3,1,3,0,,,
4,1,4,0,,,
5,1,5,0,,,
6,1,6,0,,,
7,1,7,0,,,
8,1,8,0,,,
9,1,9,0,,,
10,1,10,0,,,
11,1,11,0,,,
12,1,12,0,,,
13,1,13,0,,,
14,1,14,0,,,
15,1,15,0,,,
16,1,16,0,,,
17,1,17,0,,,
18,1,18,0,,,
19,1,19,0,,,
20,1,20,0,,,
21,1,21,0,,,
22,1,22,0,,,
23,1,23,0,,,
24,1,24,0,,,
25,1,25,0,,,
26,1,26,0,,,
27,1,27,0,,,
28,1,28,0,,,
29,1,29,0,,,
30,1,30,0,,,
31,1,31,0,,,
32,1,32,0,,,
33,1,33,0,,,
34,1,34,0,,,
35,1,35,0,,,
36,1,36,0,,,
37,1,37,0,,,
38,1,38,0,,,
39,1,39,0,,,
40,1,40,0,,,
41,1,41,0,,,
42,1,42,0,,,
43,1,43,0,,,
44,1,44,0,,,
45,1,45,0,,,
46,1,46,0,,,
47,1,47,0,,,
48,1,48,0,,,
49,1,49,0,,,
50,1,50,0,,,
51,2,1,0,,,
52,2,2,0,,,
53,2,3,0,,,
54,2,4,0,,,
55,2,5,0,,,
56,2,6,0,,,
57,2,7,0,,,
58,2,8,0,,,
59,2,9,0,,,
60,2,10,0,,,
61,2,11,0,,,
62,2,12,0,,,
63,2,13,0,,,
64,2,14,0,,,
65,2,15,0,,,
66,2,16,0,,,
67,2,17,0,,,
68,2,18,0,,,
69,2,19,0,,,
70,2,20,0,,,
71,2,21,0,,,
72,2,22,0,,,
73,2,23,0,,,
74,2,24,0,,,
75,2,25,0,,,
76,2,26,0,,,
77,2,27,0,,,
78,2,28,0,,,
79,2,29,0,,,
80,2,30,0,,,
81,2,31,0,,,
82,2,32,0,,,
83,2,33,0,,,
84,2,34,0,,,
85,2,35,0,,,
86,2,36,0,,,
87,2,37,0,,,
88,2,38,0,,,
89,2,39,0,,,
90,2,40,0,,,
91,2,41,0,,,
92,2,42,0,,,
93,2,43,0,,,
94,2,44,0,,,
95,2,45,0,,,
96,2,46,0,,,
97,2,47,0,,,
98,2,48,0,,,
99,2,49,0,,,
100,2,50,0,,,
101,3,1,1,Wed Apr 15 2026 00:00:00 GMT-0500 (hora de Ecuador),Wed Apr 15 2026 00:00:00 GMT-0500 (hora de Ecuador),
102,3,2,1,Wed Apr 15 2026 00:00:00 GMT-0500 (hora de Ecuador),Wed Apr 15 2026 00:00:00 GMT-0500 (hora de Ecuador),
103,3,3,1,Thu Apr 16 2026 00:00:00 GMT-0500 (hora de Ecuador),Thu Apr 16 2026 00:00:00 GMT-0500 (hora de Ecuador),
104,3,4,1,Thu Apr 16 2026 00:00:00 GMT-0500 (hora de Ecuador),Thu Apr 16 2026 00:00:00 GMT-0500 (hora de Ecuador),
105,3,5,1,Thu Apr 16 2026 00:00:00 GMT-0500 (hora de Ecuador),Thu Apr 16 2026 00:00:00 GMT-0500 (hora de Ecuador),
106,3,6,1,Fri Apr 17 2026 00:00:00 GMT-0500 (hora de Ecuador),Fri Apr 17 2026 00:00:00 GMT-0500 (hora de Ecuador),
107,3,7,1,Mon Apr 20 2026 00:00:00 GMT-0500 (hora de Ecuador),Mon Apr 20 2026 00:00:00 GMT-0500 (hora de Ecuador),
108,3,8,1,Tue Apr 21 2026 00:00:00 GMT-0500 (hora de Ecuador),Tue Apr 21 2026 00:00:00 GMT-0500 (hora de Ecuador),
109,3,9,1,Wed Apr 22 2026 00:00:00 GMT-0500 (hora de Ecuador),Wed Apr 22 2026 00:00:00 GMT-0500 (hora de Ecuador),
110,3,10,1,Thu Apr 23 2026 00:00:00 GMT-0500 (hora de Ecuador),Thu Apr 23 2026 00:00:00 GMT-0500 (hora de Ecuador),
111,3,11,1,Fri Apr 24 2026 00:00:00 GMT-0500 (hora de Ecuador),Fri Apr 24 2026 00:00:00 GMT-0500 (hora de Ecuador),
112,3,12,1,Fri Apr 24 2026 00:00:00 GMT-0500 (hora de Ecuador),Fri Apr 24 2026 00:00:00 GMT-0500 (hora de Ecuador),
113,3,13,1,Mon Apr 27 2026 00:00:00 GMT-0500 (hora de Ecuador),Mon Apr 27 2026 00:00:00 GMT-0500 (hora de Ecuador),
114,3,14,1,Tue Apr 28 2026 00:00:00 GMT-0500 (hora de Ecuador),Tue Apr 28 2026 00:00:00 GMT-0500 (hora de Ecuador),
115,3,15,1,Wed Apr 29 2026 00:00:00 GMT-0500 (hora de Ecuador),Wed Apr 29 2026 00:00:00 GMT-0500 (hora de Ecuador),
116,3,16,1,Thu Apr 30 2026 00:00:00 GMT-0500 (hora de Ecuador),Thu Apr 30 2026 00:00:00 GMT-0500 (hora de Ecuador),
117,3,17,1,Thu Apr 30 2026 00:00:00 GMT-0500 (hora de Ecuador),Thu Apr 30 2026 00:00:00 GMT-0500 (hora de Ecuador),
118,3,18,1,Fri May 01 2026 00:00:00 GMT-0500 (hora de Ecuador),Fri May 01 2026 00:00:00 GMT-0500 (hora de Ecuador),
119,3,19,1,Fri May 01 2026 00:00:00 GMT-0500 (hora de Ecuador),Fri May 01 2026 00:00:00 GMT-0500 (hora de Ecuador),
120,3,20,0,,,
121,3,21,0,,,
122,3,22,0,,,
123,3,23,0,,,
124,3,24,0,,,
125,3,25,0,,,
126,3,26,0,,,
127,3,27,0,,,
128,3,28,0,,,
129,3,29,0,,,
130,3,30,0,,,
131,3,31,0,,,
132,3,32,0,,,
133,3,33,1,Mon May 04 2026 00:00:00 GMT-0500 (hora de Ecuador),Mon May 04 2026 00:00:00 GMT-0500 (hora de Ecuador),
134,3,34,1,Tue May 05 2026 00:00:00 GMT-0500 (hora de Ecuador),Tue May 05 2026 00:00:00 GMT-0500 (hora de Ecuador),
135,3,35,1,Tue May 05 2026 00:00:00 GMT-0500 (hora de Ecuador),Tue May 05 2026 00:00:00 GMT-0500 (hora de Ecuador),
136,3,36,0,,,
137,3,37,0,,,
138,3,38,0,,,
139,3,39,1,Tue May 05 2026 00:00:00 GMT-0500 (hora de Ecuador),Tue May 05 2026 00:00:00 GMT-0500 (hora de Ecuador),
140,3,40,1,Sun May 10 2026 00:00:00 GMT-0500 (hora de Ecuador),Sun May 10 2026 00:00:00 GMT-0500 (hora de Ecuador),
141,3,41,0,,,
142,3,42,0,,,
143,3,43,0,,,
144,3,44,0,,,
145,3,45,0,,,
146,3,46,0,,,
147,3,47,0,,,
148,3,48,0,,,
149,3,49,0,,,
150,3,50,1,Sun May 10 2026 00:00:00 GMT-0500 (hora de Ecuador),Sun May 10 2026 00:00:00 GMT-0500 (hora de Ecuador),
151,4,1,0,,,
152,4,2,0,,,
153,4,3,0,,,
154,4,4,0,,,
155,4,5,0,,,
156,4,6,0,,,
157,4,7,0,,,
158,4,8,0,,,
159,4,9,0,,,
160,4,10,0,,,
161,4,11,0,,,
162,4,12,0,,,
163,4,13,0,,,
164,4,14,0,,,
165,4,15,0,,,
166,4,16,0,,,
167,4,17,0,,,
168,4,18,0,,,
169,4,19,0,,,
170,4,20,0,,,
171,4,21,0,,,
172,4,22,0,,,
173,4,23,0,,,
174,4,24,0,,,
175,4,25,0,,,
176,4,26,0,,,
177,4,27,0,,,
178,4,28,0,,,
179,4,29,0,,,
180,4,30,0,,,
181,4,31,0,,,
182,4,32,0,,,
183,4,33,0,,,
184,4,34,0,,,
185,4,35,0,,,
186,4,36,0,,,
187,4,37,0,,,
188,4,38,0,,,
189,4,39,0,,,
190,4,40,0,,,
191,4,41,0,,,
192,4,42,0,,,
193,4,43,0,,,
194,4,44,0,,,
195,4,45,0,,,
196,4,46,0,,,
197,4,47,0,,,
198,4,48,0,,,
199,4,49,0,,,
200,4,50,0,,,
201,5,1,0,,,
202,5,2,0,,,
203,5,3,0,,,
204,5,4,0,,,
205,5,5,0,,,
206,5,6,0,,,
207,5,7,0,,,
208,5,8,0,,,
209,5,9,0,,,
210,5,10,0,,,
211,5,11,0,,,
212,5,12,0,,,
213,5,13,0,,,
214,5,14,0,,,
215,5,15,0,,,
216,5,16,0,,,
217,5,17,0,,,
218,5,18,0,,,
219,5,19,0,,,
220,5,20,0,,,
221,5,21,0,,,
222,5,22,0,,,
223,5,23,0,,,
224,5,24,0,,,
225,5,25,0,,,
226,5,26,0,,,
227,5,27,0,,,
228,5,28,0,,,
229,5,29,0,,,
230,5,30,0,,,
231,5,31,0,,,
232,5,32,0,,,
233,5,33,0,,,
234,5,34,0,,,
235,5,35,0,,,
236,5,36,0,,,
237,5,37,0,,,
238,5,38,0,,,
239,5,39,0,,,
240,5,40,0,,,
241,5,41,0,,,
242,5,42,0,,,
243,5,43,0,,,
244,5,44,0,,,
245,5,45,0,,,
246,5,46,0,,,
247,5,47,0,,,
248,5,48,0,,,
249,5,49,0,,,
250,5,50,0,,,
251,6,1,1,Tue Mar 17 2026 00:00:00 GMT-0500 (hora de Ecuador),Tue Mar 17 2026 00:00:00 GMT-0500 (hora de Ecuador),
252,6,2,1,Tue Mar 17 2026 00:00:00 GMT-0500 (hora de Ecuador),Tue Mar 17 2026 00:00:00 GMT-0500 (hora de Ecuador),
253,6,3,1,Wed Mar 18 2026 00:00:00 GMT-0500 (hora de Ecuador),Wed Mar 18 2026 00:00:00 GMT-0500 (hora de Ecuador),
254,6,4,1,Wed Mar 18 2026 00:00:00 GMT-0500 (hora de Ecuador),Wed Mar 18 2026 00:00:00 GMT-0500 (hora de Ecuador),
255,6,5,1,Wed Mar 18 2026 00:00:00 GMT-0500 (hora de Ecuador),Wed Mar 18 2026 00:00:00 GMT-0500 (hora de Ecuador),
256,6,6,1,Thu Mar 19 2026 00:00:00 GMT-0500 (hora de Ecuador),Thu Mar 19 2026 00:00:00 GMT-0500 (hora de Ecuador),
257,6,7,1,Fri Mar 20 2026 00:00:00 GMT-0500 (hora de Ecuador),Fri Mar 20 2026 00:00:00 GMT-0500 (hora de Ecuador),
258,6,8,1,Mon Mar 23 2026 00:00:00 GMT-0500 (hora de Ecuador),Mon Mar 23 2026 00:00:00 GMT-0500 (hora de Ecuador),
259,6,9,1,Tue Mar 24 2026 00:00:00 GMT-0500 (hora de Ecuador),Tue Mar 24 2026 00:00:00 GMT-0500 (hora de Ecuador),
260,6,10,1,Wed Mar 25 2026 00:00:00 GMT-0500 (hora de Ecuador),Wed Mar 25 2026 00:00:00 GMT-0500 (hora de Ecuador),
261,6,11,1,Thu Mar 26 2026 00:00:00 GMT-0500 (hora de Ecuador),Thu Mar 26 2026 00:00:00 GMT-0500 (hora de Ecuador),
262,6,12,1,Thu Mar 26 2026 00:00:00 GMT-0500 (hora de Ecuador),Thu Mar 26 2026 00:00:00 GMT-0500 (hora de Ecuador),
263,6,13,1,Fri Mar 27 2026 00:00:00 GMT-0500 (hora de Ecuador),Fri Mar 27 2026 00:00:00 GMT-0500 (hora de Ecuador),
264,6,14,1,Mon Mar 30 2026 00:00:00 GMT-0500 (hora de Ecuador),Mon Mar 30 2026 00:00:00 GMT-0500 (hora de Ecuador),
265,6,15,1,Tue Mar 31 2026 00:00:00 GMT-0500 (hora de Ecuador),Tue Mar 31 2026 00:00:00 GMT-0500 (hora de Ecuador),
266,6,16,1,Wed Apr 01 2026 00:00:00 GMT-0500 (hora de Ecuador),Wed Apr 01 2026 00:00:00 GMT-0500 (hora de Ecuador),
267,6,17,1,Wed Apr 01 2026 00:00:00 GMT-0500 (hora de Ecuador),Wed Apr 01 2026 00:00:00 GMT-0500 (hora de Ecuador),
268,6,18,1,Thu Apr 02 2026 00:00:00 GMT-0500 (hora de Ecuador),Thu Apr 02 2026 00:00:00 GMT-0500 (hora de Ecuador),
269,6,19,1,Thu Apr 02 2026 00:00:00 GMT-0500 (hora de Ecuador),Thu Apr 02 2026 00:00:00 GMT-0500 (hora de Ecuador),
270,6,20,0,,,
271,6,21,0,,,
272,6,22,0,,,
273,6,23,0,,,
274,6,24,0,,,
275,6,25,0,,,
276,6,26,0,,,
277,6,27,0,,,
278,6,28,0,,,
279,6,29,0,,,
280,6,30,0,,,
281,6,31,0,,,
282,6,32,0,,,
283,6,33,1,Fri Apr 03 2026 00:00:00 GMT-0500 (hora de Ecuador),Fri Apr 03 2026 00:00:00 GMT-0500 (hora de Ecuador),
284,6,34,1,Mon Apr 06 2026 00:00:00 GMT-0500 (hora de Ecuador),Mon Apr 06 2026 00:00:00 GMT-0500 (hora de Ecuador),
285,6,35,1,Mon Apr 06 2026 00:00:00 GMT-0500 (hora de Ecuador),Mon Apr 06 2026 00:00:00 GMT-0500 (hora de Ecuador),
286,6,36,0,,,
287,6,37,0,,,
288,6,38,0,,,
289,6,39,1,Mon Apr 06 2026 00:00:00 GMT-0500 (hora de Ecuador),Mon Apr 06 2026 00:00:00 GMT-0500 (hora de Ecuador),
290,6,40,1,Fri Apr 10 2026 00:00:00 GMT-0500 (hora de Ecuador),Fri Apr 10 2026 00:00:00 GMT-0500 (hora de Ecuador),
291,6,41,0,,,
292,6,42,0,,,
293,6,43,0,,,
294,6,44,0,,,
295,6,45,0,,,
296,6,46,0,,,
297,6,47,0,,,
298,6,48,0,,,
299,6,49,0,,,
300,6,50,1,Fri Apr 10 2026 00:00:00 GMT-0500 (hora de Ecuador),Fri Apr 10 2026 00:00:00 GMT-0500 (hora de Ecuador),
301,7,1,0,,,
302,7,2,0,,,
303,7,3,0,,,
304,7,4,0,,,
305,7,5,0,,,
306,7,6,0,,,
307,7,7,0,,,
308,7,8,0,,,
309,7,9,0,,,
310,7,10,0,,,
311,7,11,0,,,
312,7,12,0,,,
313,7,13,0,,,
314,7,14,0,,,
315,7,15,0,,,
316,7,16,0,,,
317,7,17,0,,,
318,7,18,0,,,
319,7,19,0,,,
320,7,20,0,,,
321,7,21,0,,,
322,7,22,0,,,
323,7,23,0,,,
324,7,24,0,,,
325,7,25,0,,,
326,7,26,0,,,
327,7,27,0,,,
328,7,28,0,,,
329,7,29,0,,,
330,7,30,0,,,
331,7,31,0,,,
332,7,32,0,,,
333,7,33,0,,,
334,7,34,0,,,
335,7,35,0,,,
336,7,36,0,,,
337,7,37,0,,,
338,7,38,0,,,
339,7,39,0,,,
340,7,40,0,,,
341,7,41,0,,,
342,7,42,0,,,
343,7,43,0,,,
344,7,44,0,,,
345,7,45,0,,,
346,7,46,0,,,
347,7,47,0,,,
348,7,48,0,,,
349,7,49,0,,,
350,7,50,0,,,
351,8,1,0,,,
352,8,2,0,,,
353,8,3,0,,,
354,8,4,0,,,
355,8,5,0,,,
356,8,6,0,,,
357,8,7,0,,,
358,8,8,0,,,
359,8,9,0,,,
360,8,10,0,,,
361,8,11,0,,,
362,8,12,0,,,
363,8,13,0,,,
364,8,14,0,,,
365,8,15,0,,,
366,8,16,0,,,
367,8,17,0,,,
368,8,18,0,,,
369,8,19,0,,,
370,8,20,0,,,
371,8,21,0,,,
372,8,22,0,,,
373,8,23,0,,,
374,8,24,0,,,
375,8,25,0,,,
376,8,26,0,,,
377,8,27,0,,,
378,8,28,0,,,
379,8,29,0,,,
380,8,30,0,,,
381,8,31,0,,,
382,8,32,0,,,
383,8,33,0,,,
384,8,34,0,,,
385,8,35,0,,,
386,8,36,0,,,
387,8,37,0,,,
388,8,38,0,,,
389,8,39,0,,,
390,8,40,0,,,
391,8,41,0,,,
392,8,42,0,,,
393,8,43,0,,,
394,8,44,0,,,
395,8,45,0,,,
396,8,46,0,,,
397,8,47,0,,,
398,8,48,0,,,
399,8,49,0,,,
400,8,50,0,,,
401,9,1,0,,,
402,9,2,0,,,
403,9,3,0,,,
404,9,4,0,,,
405,9,5,0,,,
406,9,6,0,,,
407,9,7,0,,,
408,9,8,0,,,
409,9,9,0,,,
410,9,10,0,,,
411,9,11,0,,,
412,9,12,0,,,
413,9,13,0,,,
414,9,14,0,,,
415,9,15,0,,,
416,9,16,0,,,
417,9,17,0,,,
418,9,18,0,,,
419,9,19,0,,,
420,9,20,0,,,
421,9,21,0,,,
422,9,22,0,,,
423,9,23,0,,,
424,9,24,0,,,
425,9,25,0,,,
426,9,26,0,,,
427,9,27,0,,,
428,9,28,0,,,
429,9,29,0,,,
430,9,30,0,,,
431,9,31,0,,,
432,9,32,0,,,
433,9,33,0,,,
434,9,34,0,,,
435,9,35,0,,,
436,9,36,0,,,
437,9,37,0,,,
438,9,38,0,,,
439,9,39,0,,,
440,9,40,0,,,
441,9,41,0,,,
442,9,42,0,,,
443,9,43,0,,,
444,9,44,0,,,
445,9,45,0,,,
446,9,46,0,,,
447,9,47,0,,,
448,9,48,0,,,
449,9,49,0,,,
450,9,50,0,,,
451,10,1,0,,,
452,10,2,0,,,
453,10,3,0,,,
454,10,4,0,,,
455,10,5,0,,,
456,10,6,0,,,
457,10,7,0,,,
458,10,8,0,,,
459,10,9,0,,,
460,10,10,0,,,
461,10,11,0,,,
462,10,12,0,,,
463,10,13,0,,,
464,10,14,0,,,
465,10,15,0,,,
466,10,16,0,,,
467,10,17,0,,,
468,10,18,0,,,
469,10,19,0,,,
470,10,20,0,,,
471,10,21,0,,,
472,10,22,0,,,
473,10,23,0,,,
474,10,24,0,,,
475,10,25,0,,,
476,10,26,0,,,
477,10,27,0,,,
478,10,28,0,,,
479,10,29,0,,,
480,10,30,0,,,
481,10,31,0,,,
482,10,32,0,,,
483,10,33,0,,,
484,10,34,0,,,
485,10,35,0,,,
486,10,36,0,,,
487,10,37,0,,,
488,10,38,0,,,
489,10,39,0,,,
490,10,40,0,,,
491,10,41,0,,,
492,10,42,0,,,
493,10,43,0,,,
494,10,44,0,,,
495,10,45,0,,,
496,10,46,0,,,
497,10,47,0,,,
498,10,48,0,,,
499,10,49,0,,,
500,10,50,0,,,
501,11,1,1,Mon Jun 01 2026 00:00:00 GMT-0500 (hora de Ecuador),Mon Jun 01 2026 00:00:00 GMT-0500 (hora de Ecuador),
502,11,2,1,Mon Jun 01 2026 00:00:00 GMT-0500 (hora de Ecuador),Mon Jun 01 2026 00:00:00 GMT-0500 (hora de Ecuador),
503,11,3,1,Tue Jun 02 2026 00:00:00 GMT-0500 (hora de Ecuador),Tue Jun 02 2026 00:00:00 GMT-0500 (hora de Ecuador),
504,11,4,1,Tue Jun 02 2026 00:00:00 GMT-0500 (hora de Ecuador),Tue Jun 02 2026 00:00:00 GMT-0500 (hora de Ecuador),
505,11,5,1,Tue Jun 02 2026 00:00:00 GMT-0500 (hora de Ecuador),Tue Jun 02 2026 00:00:00 GMT-0500 (hora de Ecuador),
506,11,6,1,Wed Jun 03 2026 00:00:00 GMT-0500 (hora de Ecuador),Wed Jun 03 2026 00:00:00 GMT-0500 (hora de Ecuador),
507,11,7,1,Thu Jun 04 2026 00:00:00 GMT-0500 (hora de Ecuador),Thu Jun 04 2026 00:00:00 GMT-0500 (hora de Ecuador),
508,11,8,1,Fri Jun 05 2026 00:00:00 GMT-0500 (hora de Ecuador),Fri Jun 05 2026 00:00:00 GMT-0500 (hora de Ecuador),
509,11,9,1,Mon Jun 08 2026 00:00:00 GMT-0500 (hora de Ecuador),Mon Jun 08 2026 00:00:00 GMT-0500 (hora de Ecuador),
510,11,10,1,Tue Jun 09 2026 00:00:00 GMT-0500 (hora de Ecuador),Tue Jun 09 2026 00:00:00 GMT-0500 (hora de Ecuador),
511,11,11,1,Wed Jun 10 2026 00:00:00 GMT-0500 (hora de Ecuador),Wed Jun 10 2026 00:00:00 GMT-0500 (hora de Ecuador),
512,11,12,1,Wed Jun 10 2026 00:00:00 GMT-0500 (hora de Ecuador),Wed Jun 10 2026 00:00:00 GMT-0500 (hora de Ecuador),
513,11,13,1,Thu Jun 11 2026 00:00:00 GMT-0500 (hora de Ecuador),Thu Jun 11 2026 00:00:00 GMT-0500 (hora de Ecuador),
514,11,14,1,Fri Jun 12 2026 00:00:00 GMT-0500 (hora de Ecuador),Fri Jun 12 2026 00:00:00 GMT-0500 (hora de Ecuador),
515,11,15,1,Mon Jun 15 2026 00:00:00 GMT-0500 (hora de Ecuador),Mon Jun 15 2026 00:00:00 GMT-0500 (hora de Ecuador),
516,11,16,1,Tue Jun 16 2026 00:00:00 GMT-0500 (hora de Ecuador),Tue Jun 16 2026 00:00:00 GMT-0500 (hora de Ecuador),
517,11,17,1,Tue Jun 16 2026 00:00:00 GMT-0500 (hora de Ecuador),Tue Jun 16 2026 00:00:00 GMT-0500 (hora de Ecuador),
518,11,18,1,Wed Jun 17 2026 00:00:00 GMT-0500 (hora de Ecuador),Wed Jun 17 2026 00:00:00 GMT-0500 (hora de Ecuador),
519,11,19,1,Wed Jun 17 2026 00:00:00 GMT-0500 (hora de Ecuador),Wed Jun 17 2026 00:00:00 GMT-0500 (hora de Ecuador),
520,11,20,0,,,
521,11,21,0,,,
522,11,22,0,,,
523,11,23,0,,,
524,11,24,0,,,
525,11,25,0,,,
526,11,26,0,,,
527,11,27,0,,,
528,11,28,0,,,
529,11,29,0,,,
530,11,30,0,,,
531,11,31,0,,,
532,11,32,0,,,
533,11,33,1,Thu Jun 18 2026 00:00:00 GMT-0500 (hora de Ecuador),Thu Jun 18 2026 00:00:00 GMT-0500 (hora de Ecuador),
534,11,34,1,Fri Jun 19 2026 00:00:00 GMT-0500 (hora de Ecuador),Fri Jun 19 2026 00:00:00 GMT-0500 (hora de Ecuador),
535,11,35,1,Fri Jun 19 2026 00:00:00 GMT-0500 (hora de Ecuador),Fri Jun 19 2026 00:00:00 GMT-0500 (hora de Ecuador),
536,11,36,1,Mon Jun 22 2026 00:00:00 GMT-0500 (hora de Ecuador),Mon Jun 22 2026 00:00:00 GMT-0500 (hora de Ecuador),
537,11,37,1,Tue Jun 23 2026 00:00:00 GMT-0500 (hora de Ecuador),Tue Jun 23 2026 00:00:00 GMT-0500 (hora de Ecuador),
538,11,38,1,Wed Jun 24 2026 00:00:00 GMT-0500 (hora de Ecuador),Wed Jun 24 2026 00:00:00 GMT-0500 (hora de Ecuador),
539,11,39,1,Thu Jun 25 2026 00:00:00 GMT-0500 (hora de Ecuador),Thu Jun 25 2026 00:00:00 GMT-0500 (hora de Ecuador),
540,11,40,1,Thu Jun 25 2026 00:00:00 GMT-0500 (hora de Ecuador),Thu Jun 25 2026 00:00:00 GMT-0500 (hora de Ecuador),
541,11,41,1,Wed Jul 01 2026 00:00:00 GMT-0500 (hora de Ecuador),Wed Jul 01 2026 00:00:00 GMT-0500 (hora de Ecuador),
542,11,42,1,Fri Jul 03 2026 00:00:00 GMT-0500 (hora de Ecuador),Fri Jul 03 2026 00:00:00 GMT-0500 (hora de Ecuador),
543,11,43,1,Thu Jul 09 2026 00:00:00 GMT-0500 (hora de Ecuador),Thu Jul 09 2026 00:00:00 GMT-0500 (hora de Ecuador),
544,11,44,1,Fri Jul 10 2026 00:00:00 GMT-0500 (hora de Ecuador),Fri Jul 10 2026 00:00:00 GMT-0500 (hora de Ecuador),
545,11,45,1,Mon Jul 13 2026 00:00:00 GMT-0500 (hora de Ecuador),Mon Jul 13 2026 00:00:00 GMT-0500 (hora de Ecuador),
546,11,46,1,Wed Jul 15 2026 00:00:00 GMT-0500 (hora de Ecuador),Wed Jul 15 2026 00:00:00 GMT-0500 (hora de Ecuador),
547,11,47,1,Thu Jul 16 2026 00:00:00 GMT-0500 (hora de Ecuador),Thu Jul 16 2026 00:00:00 GMT-0500 (hora de Ecuador),
548,11,48,1,Thu Jul 16 2026 00:00:00 GMT-0500 (hora de Ecuador),Thu Jul 16 2026 00:00:00 GMT-0500 (hora de Ecuador),
549,11,49,1,Tue Jul 21 2026 00:00:00 GMT-0500 (hora de Ecuador),Tue Jul 21 2026 00:00:00 GMT-0500 (hora de Ecuador),
550,11,50,1,Fri Jul 24 2026 00:00:00 GMT-0500 (hora de Ecuador),Fri Jul 24 2026 00:00:00 GMT-0500 (hora de Ecuador),
551,12,1,1,Sat May 30 2026 00:00:00 GMT-0500 (hora de Ecuador),Sat May 30 2026 00:00:00 GMT-0500 (hora de Ecuador),
552,12,2,1,Sat May 30 2026 00:00:00 GMT-0500 (hora de Ecuador),Sat May 30 2026 00:00:00 GMT-0500 (hora de Ecuador),
553,12,3,1,Tue Jun 02 2026 00:00:00 GMT-0500 (hora de Ecuador),Tue Jun 02 2026 00:00:00 GMT-0500 (hora de Ecuador),
554,12,4,1,Tue Jun 02 2026 00:00:00 GMT-0500 (hora de Ecuador),Tue Jun 02 2026 00:00:00 GMT-0500 (hora de Ecuador),
555,12,5,1,Tue Jun 02 2026 00:00:00 GMT-0500 (hora de Ecuador),Tue Jun 02 2026 00:00:00 GMT-0500 (hora de Ecuador),
556,12,6,1,Wed Jun 03 2026 00:00:00 GMT-0500 (hora de Ecuador),Wed Jun 03 2026 00:00:00 GMT-0500 (hora de Ecuador),
557,12,7,1,Thu Jun 04 2026 00:00:00 GMT-0500 (hora de Ecuador),Thu Jun 04 2026 00:00:00 GMT-0500 (hora de Ecuador),
558,12,8,1,Fri Jun 05 2026 00:00:00 GMT-0500 (hora de Ecuador),Fri Jun 05 2026 00:00:00 GMT-0500 (hora de Ecuador),
559,12,9,1,Sat Jun 06 2026 00:00:00 GMT-0500 (hora de Ecuador),Sat Jun 06 2026 00:00:00 GMT-0500 (hora de Ecuador),
560,12,10,1,Tue Jun 09 2026 00:00:00 GMT-0500 (hora de Ecuador),Tue Jun 09 2026 00:00:00 GMT-0500 (hora de Ecuador),
561,12,11,1,Wed Jun 10 2026 00:00:00 GMT-0500 (hora de Ecuador),Wed Jun 10 2026 00:00:00 GMT-0500 (hora de Ecuador),
562,12,12,1,Wed Jun 10 2026 00:00:00 GMT-0500 (hora de Ecuador),Wed Jun 10 2026 00:00:00 GMT-0500 (hora de Ecuador),
563,12,13,1,Thu Jun 11 2026 00:00:00 GMT-0500 (hora de Ecuador),Thu Jun 11 2026 00:00:00 GMT-0500 (hora de Ecuador),
564,12,14,1,Fri Jun 12 2026 00:00:00 GMT-0500 (hora de Ecuador),Fri Jun 12 2026 00:00:00 GMT-0500 (hora de Ecuador),
565,12,15,1,Sat Jun 13 2026 00:00:00 GMT-0500 (hora de Ecuador),Sat Jun 13 2026 00:00:00 GMT-0500 (hora de Ecuador),
566,12,16,1,Tue Jun 16 2026 00:00:00 GMT-0500 (hora de Ecuador),Tue Jun 16 2026 00:00:00 GMT-0500 (hora de Ecuador),
567,12,17,1,Tue Jun 16 2026 00:00:00 GMT-0500 (hora de Ecuador),Tue Jun 16 2026 00:00:00 GMT-0500 (hora de Ecuador),
568,12,18,1,Wed Jun 17 2026 00:00:00 GMT-0500 (hora de Ecuador),Wed Jun 17 2026 00:00:00 GMT-0500 (hora de Ecuador),
569,12,19,1,Wed Jun 17 2026 00:00:00 GMT-0500 (hora de Ecuador),Wed Jun 17 2026 00:00:00 GMT-0500 (hora de Ecuador),
570,12,20,0,,,
571,12,21,0,,,
572,12,22,0,,,
573,12,23,0,,,
574,12,24,0,,,
575,12,25,0,,,
576,12,26,0,,,
577,12,27,0,,,
578,12,28,0,,,
579,12,29,0,,,
580,12,30,0,,,
581,12,31,0,,,
582,12,32,0,,,
583,12,33,1,Thu Jun 18 2026 00:00:00 GMT-0500 (hora de Ecuador),Thu Jun 18 2026 00:00:00 GMT-0500 (hora de Ecuador),
584,12,34,1,Fri Jun 19 2026 00:00:00 GMT-0500 (hora de Ecuador),Fri Jun 19 2026 00:00:00 GMT-0500 (hora de Ecuador),
585,12,35,1,Fri Jun 19 2026 00:00:00 GMT-0500 (hora de Ecuador),Fri Jun 19 2026 00:00:00 GMT-0500 (hora de Ecuador),
586,12,36,1,Sat Jun 20 2026 00:00:00 GMT-0500 (hora de Ecuador),Sat Jun 20 2026 00:00:00 GMT-0500 (hora de Ecuador),
587,12,37,1,Tue Jun 23 2026 00:00:00 GMT-0500 (hora de Ecuador),Tue Jun 23 2026 00:00:00 GMT-0500 (hora de Ecuador),
588,12,38,1,Wed Jun 24 2026 00:00:00 GMT-0500 (hora de Ecuador),Wed Jun 24 2026 00:00:00 GMT-0500 (hora de Ecuador),
589,12,39,1,Thu Jun 25 2026 00:00:00 GMT-0500 (hora de Ecuador),Thu Jun 25 2026 00:00:00 GMT-0500 (hora de Ecuador),
590,12,40,1,Thu Jun 25 2026 00:00:00 GMT-0500 (hora de Ecuador),Thu Jun 25 2026 00:00:00 GMT-0500 (hora de Ecuador),
591,12,41,1,Wed Jul 01 2026 00:00:00 GMT-0500 (hora de Ecuador),Wed Jul 01 2026 00:00:00 GMT-0500 (hora de Ecuador),
592,12,42,1,Fri Jul 03 2026 00:00:00 GMT-0500 (hora de Ecuador),Fri Jul 03 2026 00:00:00 GMT-0500 (hora de Ecuador),
593,12,43,1,Thu Jul 09 2026 00:00:00 GMT-0500 (hora de Ecuador),Thu Jul 09 2026 00:00:00 GMT-0500 (hora de Ecuador),
594,12,44,1,Fri Jul 10 2026 00:00:00 GMT-0500 (hora de Ecuador),Fri Jul 10 2026 00:00:00 GMT-0500 (hora de Ecuador),
595,12,45,1,Sat Jul 11 2026 00:00:00 GMT-0500 (hora de Ecuador),Sat Jul 11 2026 00:00:00 GMT-0500 (hora de Ecuador),
596,12,46,1,Wed Jul 15 2026 00:00:00 GMT-0500 (hora de Ecuador),Wed Jul 15 2026 00:00:00 GMT-0500 (hora de Ecuador),
597,12,47,1,Thu Jul 16 2026 00:00:00 GMT-0500 (hora de Ecuador),Thu Jul 16 2026 00:00:00 GMT-0500 (hora de Ecuador),
598,12,48,1,Thu Jul 16 2026 00:00:00 GMT-0500 (hora de Ecuador),Thu Jul 16 2026 00:00:00 GMT-0500 (hora de Ecuador),
599,12,49,1,Tue Jul 21 2026 00:00:00 GMT-0500 (hora de Ecuador),Tue Jul 21 2026 00:00:00 GMT-0500 (hora de Ecuador),
600,12,50,1,Fri Jul 24 2026 00:00:00 GMT-0500 (hora de Ecuador),Fri Jul 24 2026 00:00:00 GMT-0500 (hora de Ecuador),
601,13,1,1,Mon Jun 01 2026 00:00:00 GMT-0500 (hora de Ecuador),Mon Jun 01 2026 00:00:00 GMT-0500 (hora de Ecuador),
602,13,2,1,Mon Jun 01 2026 00:00:00 GMT-0500 (hora de Ecuador),Mon Jun 01 2026 00:00:00 GMT-0500 (hora de Ecuador),
603,13,3,1,Tue Jun 02 2026 00:00:00 GMT-0500 (hora de Ecuador),Tue Jun 02 2026 00:00:00 GMT-0500 (hora de Ecuador),
604,13,4,1,Tue Jun 02 2026 00:00:00 GMT-0500 (hora de Ecuador),Tue Jun 02 2026 00:00:00 GMT-0500 (hora de Ecuador),
605,13,5,1,Tue Jun 02 2026 00:00:00 GMT-0500 (hora de Ecuador),Tue Jun 02 2026 00:00:00 GMT-0500 (hora de Ecuador),
606,13,6,1,Wed Jun 03 2026 00:00:00 GMT-0500 (hora de Ecuador),Wed Jun 03 2026 00:00:00 GMT-0500 (hora de Ecuador),
607,13,7,1,Thu Jun 04 2026 00:00:00 GMT-0500 (hora de Ecuador),Thu Jun 04 2026 00:00:00 GMT-0500 (hora de Ecuador),
608,13,8,1,Fri Jun 05 2026 00:00:00 GMT-0500 (hora de Ecuador),Fri Jun 05 2026 00:00:00 GMT-0500 (hora de Ecuador),
609,13,9,1,Mon Jun 08 2026 00:00:00 GMT-0500 (hora de Ecuador),Mon Jun 08 2026 00:00:00 GMT-0500 (hora de Ecuador),
610,13,10,1,Tue Jun 09 2026 00:00:00 GMT-0500 (hora de Ecuador),Tue Jun 09 2026 00:00:00 GMT-0500 (hora de Ecuador),
611,13,11,1,Wed Jun 10 2026 00:00:00 GMT-0500 (hora de Ecuador),Wed Jun 10 2026 00:00:00 GMT-0500 (hora de Ecuador),
612,13,12,1,Wed Jun 10 2026 00:00:00 GMT-0500 (hora de Ecuador),Wed Jun 10 2026 00:00:00 GMT-0500 (hora de Ecuador),
613,13,13,1,Thu Jun 11 2026 00:00:00 GMT-0500 (hora de Ecuador),Thu Jun 11 2026 00:00:00 GMT-0500 (hora de Ecuador),
614,13,14,1,Fri Jun 12 2026 00:00:00 GMT-0500 (hora de Ecuador),Fri Jun 12 2026 00:00:00 GMT-0500 (hora de Ecuador),
615,13,15,1,Mon Jun 15 2026 00:00:00 GMT-0500 (hora de Ecuador),Mon Jun 15 2026 00:00:00 GMT-0500 (hora de Ecuador),
616,13,16,1,Tue Jun 16 2026 00:00:00 GMT-0500 (hora de Ecuador),Tue Jun 16 2026 00:00:00 GMT-0500 (hora de Ecuador),
617,13,17,1,Tue Jun 16 2026 00:00:00 GMT-0500 (hora de Ecuador),Tue Jun 16 2026 00:00:00 GMT-0500 (hora de Ecuador),
618,13,18,1,Wed Jun 17 2026 00:00:00 GMT-0500 (hora de Ecuador),Wed Jun 17 2026 00:00:00 GMT-0500 (hora de Ecuador),
619,13,19,1,Wed Jun 17 2026 00:00:00 GMT-0500 (hora de Ecuador),Wed Jun 17 2026 00:00:00 GMT-0500 (hora de Ecuador),
620,13,20,0,,,
621,13,21,0,,,
622,13,22,0,,,
623,13,23,0,,,
624,13,24,0,,,
625,13,25,0,,,
626,13,26,0,,,
627,13,27,0,,,
628,13,28,0,,,
629,13,29,0,,,
630,13,30,0,,,
631,13,31,0,,,
632,13,32,0,,,
633,13,33,1,Thu Jun 18 2026 00:00:00 GMT-0500 (hora de Ecuador),Thu Jun 18 2026 00:00:00 GMT-0500 (hora de Ecuador),
634,13,34,1,Fri Jun 19 2026 00:00:00 GMT-0500 (hora de Ecuador),Fri Jun 19 2026 00:00:00 GMT-0500 (hora de Ecuador),
635,13,35,1,Fri Jun 19 2026 00:00:00 GMT-0500 (hora de Ecuador),Fri Jun 19 2026 00:00:00 GMT-0500 (hora de Ecuador),
636,13,36,1,Mon Jun 22 2026 00:00:00 GMT-0500 (hora de Ecuador),Mon Jun 22 2026 00:00:00 GMT-0500 (hora de Ecuador),
637,13,37,1,Tue Jun 23 2026 00:00:00 GMT-0500 (hora de Ecuador),Tue Jun 23 2026 00:00:00 GMT-0500 (hora de Ecuador),
638,13,38,1,Wed Jun 24 2026 00:00:00 GMT-0500 (hora de Ecuador),Wed Jun 24 2026 00:00:00 GMT-0500 (hora de Ecuador),
639,13,39,1,Thu Jun 25 2026 00:00:00 GMT-0500 (hora de Ecuador),Thu Jun 25 2026 00:00:00 GMT-0500 (hora de Ecuador),
640,13,40,1,Thu Jun 25 2026 00:00:00 GMT-0500 (hora de Ecuador),Thu Jun 25 2026 00:00:00 GMT-0500 (hora de Ecuador),
641,13,41,1,Wed Jul 01 2026 00:00:00 GMT-0500 (hora de Ecuador),Wed Jul 01 2026 00:00:00 GMT-0500 (hora de Ecuador),
642,13,42,1,Fri Jul 03 2026 00:00:00 GMT-0500 (hora de Ecuador),Fri Jul 03 2026 00:00:00 GMT-0500 (hora de Ecuador),
643,13,43,1,Thu Jul 09 2026 00:00:00 GMT-0500 (hora de Ecuador),Thu Jul 09 2026 00:00:00 GMT-0500 (hora de Ecuador),
644,13,44,1,Fri Jul 10 2026 00:00:00 GMT-0500 (hora de Ecuador),Fri Jul 10 2026 00:00:00 GMT-0500 (hora de Ecuador),
645,13,45,1,Mon Jul 13 2026 00:00:00 GMT-0500 (hora de Ecuador),Mon Jul 13 2026 00:00:00 GMT-0500 (hora de Ecuador),
646,13,46,1,Wed Jul 15 2026 00:00:00 GMT-0500 (hora de Ecuador),Wed Jul 15 2026 00:00:00 GMT-0500 (hora de Ecuador),
647,13,47,1,Thu Jul 16 2026 00:00:00 GMT-0500 (hora de Ecuador),Thu Jul 16 2026 00:00:00 GMT-0500 (hora de Ecuador),
648,13,48,1,Thu Jul 16 2026 00:00:00 GMT-0500 (hora de Ecuador),Thu Jul 16 2026 00:00:00 GMT-0500 (hora de Ecuador),
649,13,49,1,Tue Jul 21 2026 00:00:00 GMT-0500 (hora de Ecuador),Tue Jul 21 2026 00:00:00 GMT-0500 (hora de Ecuador),
650,13,50,1,Fri Jul 24 2026 00:00:00 GMT-0500 (hora de Ecuador),Fri Jul 24 2026 00:00:00 GMT-0500 (hora de Ecuador),
651,14,1,1,Thu Mar 05 2026 00:00:00 GMT-0500 (hora de Ecuador),Thu Mar 05 2026 00:00:00 GMT-0500 (hora de Ecuador),
652,14,2,1,Thu Mar 05 2026 00:00:00 GMT-0500 (hora de Ecuador),Thu Mar 05 2026 00:00:00 GMT-0500 (hora de Ecuador),
653,14,3,1,Fri Mar 06 2026 00:00:00 GMT-0500 (hora de Ecuador),Fri Mar 06 2026 00:00:00 GMT-0500 (hora de Ecuador),
654,14,4,1,Fri Mar 06 2026 00:00:00 GMT-0500 (hora de Ecuador),Fri Mar 06 2026 00:00:00 GMT-0500 (hora de Ecuador),
655,14,5,1,Fri Mar 06 2026 00:00:00 GMT-0500 (hora de Ecuador),Fri Mar 06 2026 00:00:00 GMT-0500 (hora de Ecuador),
656,14,6,1,Mon Mar 09 2026 00:00:00 GMT-0500 (hora de Ecuador),Mon Mar 09 2026 00:00:00 GMT-0500 (hora de Ecuador),
657,14,7,1,Tue Mar 10 2026 00:00:00 GMT-0500 (hora de Ecuador),Tue Mar 10 2026 00:00:00 GMT-0500 (hora de Ecuador),
658,14,8,1,Wed Mar 11 2026 00:00:00 GMT-0500 (hora de Ecuador),Wed Mar 11 2026 00:00:00 GMT-0500 (hora de Ecuador),
659,14,9,1,Thu Mar 12 2026 00:00:00 GMT-0500 (hora de Ecuador),Thu Mar 12 2026 00:00:00 GMT-0500 (hora de Ecuador),
660,14,10,1,Fri Mar 13 2026 00:00:00 GMT-0500 (hora de Ecuador),Fri Mar 13 2026 00:00:00 GMT-0500 (hora de Ecuador),
661,14,11,1,Mon Mar 16 2026 00:00:00 GMT-0500 (hora de Ecuador),Mon Mar 16 2026 00:00:00 GMT-0500 (hora de Ecuador),
662,14,12,1,Mon Mar 16 2026 00:00:00 GMT-0500 (hora de Ecuador),Mon Mar 16 2026 00:00:00 GMT-0500 (hora de Ecuador),
663,14,13,1,Tue Mar 17 2026 00:00:00 GMT-0500 (hora de Ecuador),Tue Mar 17 2026 00:00:00 GMT-0500 (hora de Ecuador),
664,14,14,1,Wed Mar 18 2026 00:00:00 GMT-0500 (hora de Ecuador),Wed Mar 18 2026 00:00:00 GMT-0500 (hora de Ecuador),
665,14,15,1,Thu Mar 19 2026 00:00:00 GMT-0500 (hora de Ecuador),Thu Mar 19 2026 00:00:00 GMT-0500 (hora de Ecuador),
666,14,16,1,Fri Mar 20 2026 00:00:00 GMT-0500 (hora de Ecuador),Fri Mar 20 2026 00:00:00 GMT-0500 (hora de Ecuador),
667,14,17,1,Fri Mar 20 2026 00:00:00 GMT-0500 (hora de Ecuador),Fri Mar 20 2026 00:00:00 GMT-0500 (hora de Ecuador),
668,14,18,1,Mon Mar 23 2026 00:00:00 GMT-0500 (hora de Ecuador),Mon Mar 23 2026 00:00:00 GMT-0500 (hora de Ecuador),
669,14,19,1,Mon Mar 23 2026 00:00:00 GMT-0500 (hora de Ecuador),Mon Mar 23 2026 00:00:00 GMT-0500 (hora de Ecuador),
670,14,20,0,,,
671,14,21,0,,,
672,14,22,0,,,
673,14,23,0,,,
674,14,24,0,,,
675,14,25,0,,,
676,14,26,0,,,
677,14,27,0,,,
678,14,28,0,,,
679,14,29,0,,,
680,14,30,0,,,
681,14,31,0,,,
682,14,32,0,,,
683,14,33,1,Tue Mar 24 2026 00:00:00 GMT-0500 (hora de Ecuador),Tue Mar 24 2026 00:00:00 GMT-0500 (hora de Ecuador),
684,14,34,1,Wed Mar 25 2026 00:00:00 GMT-0500 (hora de Ecuador),Wed Mar 25 2026 00:00:00 GMT-0500 (hora de Ecuador),
685,14,35,1,Wed Mar 25 2026 00:00:00 GMT-0500 (hora de Ecuador),Wed Mar 25 2026 00:00:00 GMT-0500 (hora de Ecuador),
686,14,36,1,Thu Mar 26 2026 00:00:00 GMT-0500 (hora de Ecuador),Thu Mar 26 2026 00:00:00 GMT-0500 (hora de Ecuador),
687,14,37,1,Fri Mar 27 2026 00:00:00 GMT-0500 (hora de Ecuador),Fri Mar 27 2026 00:00:00 GMT-0500 (hora de Ecuador),
688,14,38,1,Mon Mar 30 2026 00:00:00 GMT-0500 (hora de Ecuador),Mon Mar 30 2026 00:00:00 GMT-0500 (hora de Ecuador),
689,14,39,1,Tue Mar 31 2026 00:00:00 GMT-0500 (hora de Ecuador),Tue Mar 31 2026 00:00:00 GMT-0500 (hora de Ecuador),
690,14,40,1,Tue Mar 31 2026 00:00:00 GMT-0500 (hora de Ecuador),Tue Mar 31 2026 00:00:00 GMT-0500 (hora de Ecuador),
691,14,41,1,Thu Apr 02 2026 00:00:00 GMT-0500 (hora de Ecuador),Thu Apr 02 2026 00:00:00 GMT-0500 (hora de Ecuador),
692,14,42,1,Mon Apr 06 2026 00:00:00 GMT-0500 (hora de Ecuador),Mon Apr 06 2026 00:00:00 GMT-0500 (hora de Ecuador),
693,14,43,1,Wed Apr 08 2026 00:00:00 GMT-0500 (hora de Ecuador),Wed Apr 08 2026 00:00:00 GMT-0500 (hora de Ecuador),
694,14,44,1,Thu Apr 09 2026 00:00:00 GMT-0500 (hora de Ecuador),Thu Apr 09 2026 00:00:00 GMT-0500 (hora de Ecuador),
695,14,45,1,Fri Apr 10 2026 00:00:00 GMT-0500 (hora de Ecuador),Fri Apr 10 2026 00:00:00 GMT-0500 (hora de Ecuador),
696,14,46,1,Tue Apr 14 2026 00:00:00 GMT-0500 (hora de Ecuador),Tue Apr 14 2026 00:00:00 GMT-0500 (hora de Ecuador),
697,14,47,1,Wed Apr 15 2026 00:00:00 GMT-0500 (hora de Ecuador),Wed Apr 15 2026 00:00:00 GMT-0500 (hora de Ecuador),
698,14,48,1,Fri Apr 17 2026 00:00:00 GMT-0500 (hora de Ecuador),Fri Apr 17 2026 00:00:00 GMT-0500 (hora de Ecuador),
699,14,49,1,Wed Apr 22 2026 00:00:00 GMT-0500 (hora de Ecuador),Wed Apr 22 2026 00:00:00 GMT-0500 (hora de Ecuador),
700,14,50,1,Mon Apr 27 2026 00:00:00 GMT-0500 (hora de Ecuador),Mon Apr 27 2026 00:00:00 GMT-0500 (hora de Ecuador),
701,15,1,0,,,
702,15,2,0,,,
703,15,3,0,,,
704,15,4,0,,,
705,15,5,0,,,
706,15,6,0,,,
707,15,7,0,,,
708,15,8,0,,,
709,15,9,0,,,
710,15,10,0,,,
711,15,11,0,,,
712,15,12,0,,,
713,15,13,0,,,
714,15,14,0,,,
715,15,15,0,,,
716,15,16,0,,,
717,15,17,0,,,
718,15,18,0,,,
719,15,19,0,,,
720,15,20,0,,,
721,15,21,0,,,
722,15,22,0,,,
723,15,23,0,,,
724,15,24,0,,,
725,15,25,0,,,
726,15,26,0,,,
727,15,27,0,,,
728,15,28,0,,,
729,15,29,0,,,
730,15,30,0,,,
731,15,31,0,,,
732,15,32,0,,,
733,15,33,0,,,
734,15,34,0,,,
735,15,35,0,,,
736,15,36,0,,,
737,15,37,0,,,
738,15,38,0,,,
739,15,39,0,,,
740,15,40,0,,,
741,15,41,0,,,
742,15,42,0,,,
743,15,43,0,,,
744,15,44,0,,,
745,15,45,0,,,
746,15,46,0,,,
747,15,47,0,,,
748,15,48,0,,,
749,15,49,0,,,
750,15,50,0,,,
751,16,1,1,Fri Jun 05 2026 00:00:00 GMT-0500 (hora de Ecuador),Fri Jun 05 2026 00:00:00 GMT-0500 (hora de Ecuador),
752,16,2,1,Fri Jun 05 2026 00:00:00 GMT-0500 (hora de Ecuador),Fri Jun 05 2026 00:00:00 GMT-0500 (hora de Ecuador),
753,16,3,1,Mon Jun 08 2026 00:00:00 GMT-0500 (hora de Ecuador),Mon Jun 08 2026 00:00:00 GMT-0500 (hora de Ecuador),
754,16,4,1,Mon Jun 08 2026 00:00:00 GMT-0500 (hora de Ecuador),Mon Jun 08 2026 00:00:00 GMT-0500 (hora de Ecuador),
755,16,5,1,Mon Jun 08 2026 00:00:00 GMT-0500 (hora de Ecuador),Mon Jun 08 2026 00:00:00 GMT-0500 (hora de Ecuador),
756,16,6,1,Tue Jun 09 2026 00:00:00 GMT-0500 (hora de Ecuador),Tue Jun 09 2026 00:00:00 GMT-0500 (hora de Ecuador),
757,16,7,1,Wed Jun 10 2026 00:00:00 GMT-0500 (hora de Ecuador),Wed Jun 10 2026 00:00:00 GMT-0500 (hora de Ecuador),
758,16,8,1,Thu Jun 11 2026 00:00:00 GMT-0500 (hora de Ecuador),Thu Jun 11 2026 00:00:00 GMT-0500 (hora de Ecuador),
759,16,9,1,Fri Jun 12 2026 00:00:00 GMT-0500 (hora de Ecuador),Fri Jun 12 2026 00:00:00 GMT-0500 (hora de Ecuador),
760,16,10,1,Mon Jun 15 2026 00:00:00 GMT-0500 (hora de Ecuador),Mon Jun 15 2026 00:00:00 GMT-0500 (hora de Ecuador),
761,16,11,1,Tue Jun 16 2026 00:00:00 GMT-0500 (hora de Ecuador),Tue Jun 16 2026 00:00:00 GMT-0500 (hora de Ecuador),
762,16,12,1,Tue Jun 16 2026 00:00:00 GMT-0500 (hora de Ecuador),Tue Jun 16 2026 00:00:00 GMT-0500 (hora de Ecuador),
763,16,13,1,Wed Jun 17 2026 00:00:00 GMT-0500 (hora de Ecuador),Wed Jun 17 2026 00:00:00 GMT-0500 (hora de Ecuador),
764,16,14,1,Thu Jun 18 2026 00:00:00 GMT-0500 (hora de Ecuador),Thu Jun 18 2026 00:00:00 GMT-0500 (hora de Ecuador),
765,16,15,1,Fri Jun 19 2026 00:00:00 GMT-0500 (hora de Ecuador),Fri Jun 19 2026 00:00:00 GMT-0500 (hora de Ecuador),
766,16,16,1,Mon Jun 22 2026 00:00:00 GMT-0500 (hora de Ecuador),Mon Jun 22 2026 00:00:00 GMT-0500 (hora de Ecuador),
767,16,17,1,Mon Jun 22 2026 00:00:00 GMT-0500 (hora de Ecuador),Mon Jun 22 2026 00:00:00 GMT-0500 (hora de Ecuador),
768,16,18,1,Tue Jun 23 2026 00:00:00 GMT-0500 (hora de Ecuador),Tue Jun 23 2026 00:00:00 GMT-0500 (hora de Ecuador),
769,16,19,1,Tue Jun 23 2026 00:00:00 GMT-0500 (hora de Ecuador),Tue Jun 23 2026 00:00:00 GMT-0500 (hora de Ecuador),
770,16,20,0,,,
771,16,21,0,,,
772,16,22,0,,,
773,16,23,0,,,
774,16,24,0,,,
775,16,25,0,,,
776,16,26,0,,,
777,16,27,0,,,
778,16,28,0,,,
779,16,29,0,,,
780,16,30,0,,,
781,16,31,0,,,
782,16,32,0,,,
783,16,33,1,Wed Jun 24 2026 00:00:00 GMT-0500 (hora de Ecuador),Wed Jun 24 2026 00:00:00 GMT-0500 (hora de Ecuador),
784,16,34,1,Thu Jun 25 2026 00:00:00 GMT-0500 (hora de Ecuador),Thu Jun 25 2026 00:00:00 GMT-0500 (hora de Ecuador),
785,16,35,1,Thu Jun 25 2026 00:00:00 GMT-0500 (hora de Ecuador),Thu Jun 25 2026 00:00:00 GMT-0500 (hora de Ecuador),
786,16,36,1,Fri Jun 26 2026 00:00:00 GMT-0500 (hora de Ecuador),Fri Jun 26 2026 00:00:00 GMT-0500 (hora de Ecuador),
787,16,37,1,Mon Jun 29 2026 00:00:00 GMT-0500 (hora de Ecuador),Mon Jun 29 2026 00:00:00 GMT-0500 (hora de Ecuador),
788,16,38,1,Tue Jun 30 2026 00:00:00 GMT-0500 (hora de Ecuador),Tue Jun 30 2026 00:00:00 GMT-0500 (hora de Ecuador),
789,16,39,1,Wed Jul 01 2026 00:00:00 GMT-0500 (hora de Ecuador),Wed Jul 01 2026 00:00:00 GMT-0500 (hora de Ecuador),
790,16,40,1,Wed Jul 01 2026 00:00:00 GMT-0500 (hora de Ecuador),Wed Jul 01 2026 00:00:00 GMT-0500 (hora de Ecuador),
791,16,41,0,,,
792,16,42,0,,,
793,16,43,0,,,
794,16,44,0,,,
795,16,45,0,,,
796,16,46,0,,,
797,16,47,0,,,
798,16,48,0,,,
799,16,49,1,Fri Jul 03 2026 00:00:00 GMT-0500 (hora de Ecuador),Fri Jul 03 2026 00:00:00 GMT-0500 (hora de Ecuador),
800,16,50,0,,,
801,17,1,0,,,
802,17,2,0,,,
803,17,3,0,,,
804,17,4,0,,,
805,17,5,0,,,
806,17,6,0,,,
807,17,7,0,,,
808,17,8,0,,,
809,17,9,0,,,
810,17,10,0,,,
811,17,11,0,,,
812,17,12,0,,,
813,17,13,0,,,
814,17,14,0,,,
815,17,15,0,,,
816,17,16,0,,,
817,17,17,0,,,
818,17,18,0,,,
819,17,19,0,,,
820,17,20,0,,,
821,17,21,0,,,
822,17,22,0,,,
823,17,23,0,,,
824,17,24,0,,,
825,17,25,0,,,
826,17,26,0,,,
827,17,27,0,,,
828,17,28,0,,,
829,17,29,0,,,
830,17,30,0,,,
831,17,31,0,,,
832,17,32,0,,,
833,17,33,0,,,
834,17,34,0,,,
835,17,35,0,,,
836,17,36,0,,,
837,17,37,0,,,
838,17,38,0,,,
839,17,39,0,,,
840,17,40,0,,,
841,17,41,0,,,
842,17,42,0,,,
843,17,43,0,,,
844,17,44,0,,,
845,17,45,0,,,
846,17,46,0,,,
847,17,47,0,,,
848,17,48,0,,,
849,17,49,0,,,
850,17,50,0,,,
851,18,1,0,,,
852,18,2,0,,,
853,18,3,0,,,
854,18,4,0,,,
855,18,5,0,,,
856,18,6,0,,,
857,18,7,0,,,
858,18,8,0,,,
859,18,9,0,,,
860,18,10,0,,,
861,18,11,0,,,
862,18,12,0,,,
863,18,13,0,,,
864,18,14,0,,,
865,18,15,0,,,
866,18,16,0,,,
867,18,17,0,,,
868,18,18,0,,,
869,18,19,0,,,
870,18,20,0,,,
871,18,21,0,,,
872,18,22,0,,,
873,18,23,0,,,
874,18,24,0,,,
875,18,25,0,,,
876,18,26,0,,,
877,18,27,0,,,
878,18,28,0,,,
879,18,29,0,,,
880,18,30,0,,,
881,18,31,0,,,
882,18,32,0,,,
883,18,33,0,,,
884,18,34,0,,,
885,18,35,0,,,
886,18,36,0,,,
887,18,37,0,,,
888,18,38,0,,,
889,18,39,0,,,
890,18,40,0,,,
891,18,41,0,,,
892,18,42,0,,,
893,18,43,0,,,
894,18,44,0,,,
895,18,45,0,,,
896,18,46,0,,,
897,18,47,0,,,
898,18,48,0,,,
899,18,49,0,,,
900,18,50,0,,,
901,19,1,0,,,
902,19,2,0,,,
903,19,3,0,,,
904,19,4,0,,,
905,19,5,0,,,
906,19,6,0,,,
907,19,7,0,,,
908,19,8,0,,,
909,19,9,0,,,
910,19,10,0,,,
911,19,11,0,,,
912,19,12,0,,,
913,19,13,0,,,
914,19,14,0,,,
915,19,15,0,,,
916,19,16,0,,,
917,19,17,0,,,
918,19,18,0,,,
919,19,19,0,,,
920,19,20,0,,,
921,19,21,0,,,
922,19,22,0,,,
923,19,23,0,,,
924,19,24,0,,,
925,19,25,0,,,
926,19,26,0,,,
927,19,27,0,,,
928,19,28,0,,,
929,19,29,0,,,
930,19,30,0,,,
931,19,31,0,,,
932,19,32,0,,,
933,19,33,0,,,
934,19,34,0,,,
935,19,35,0,,,
936,19,36,0,,,
937,19,37,0,,,
938,19,38,0,,,
939,19,39,0,,,
940,19,40,0,,,
941,19,41,0,,,
942,19,42,0,,,
943,19,43,0,,,
944,19,44,0,,,
945,19,45,0,,,
946,19,46,0,,,
947,19,47,0,,,
948,19,48,0,,,
949,19,49,0,,,
950,19,50,0,,,
951,20,1,0,,,
952,20,2,0,,,
953,20,3,0,,,
954,20,4,0,,,
955,20,5,0,,,
956,20,6,0,,,
957,20,7,0,,,
958,20,8,0,,,
959,20,9,0,,,
960,20,10,0,,,
961,20,11,0,,,
962,20,12,0,,,
963,20,13,0,,,
964,20,14,0,,,
965,20,15,0,,,
966,20,16,0,,,
967,20,17,0,,,
968,20,18,0,,,
969,20,19,0,,,
970,20,20,0,,,
971,20,21,0,,,
972,20,22,0,,,
973,20,23,0,,,
974,20,24,0,,,
975,20,25,0,,,
976,20,26,0,,,
977,20,27,0,,,
978,20,28,0,,,
979,20,29,0,,,
980,20,30,0,,,
981,20,31,0,,,
982,20,32,0,,,
983,20,33,0,,,
984,20,34,0,,,
985,20,35,0,,,
986,20,36,0,,,
987,20,37,0,,,
988,20,38,0,,,
989,20,39,0,,,
990,20,40,0,,,
991,20,41,0,,,
992,20,42,0,,,
993,20,43,0,,,
994,20,44,0,,,
995,20,45,0,,,
996,20,46,0,,,
997,20,47,0,,,
998,20,48,0,,,
999,20,49,0,,,
1000,20,50,0,,,
1001,21,1,0,,,
1002,21,2,0,,,
1003,21,3,0,,,
1004,21,4,0,,,
1005,21,5,0,,,
1006,21,6,0,,,
1007,21,7,0,,,
1008,21,8,0,,,
1009,21,9,0,,,
1010,21,10,0,,,
1011,21,11,0,,,
1012,21,12,0,,,
1013,21,13,0,,,
1014,21,14,0,,,
1015,21,15,0,,,
1016,21,16,0,,,
1017,21,17,0,,,
1018,21,18,0,,,
1019,21,19,0,,,
1020,21,20,0,,,
1021,21,21,0,,,
1022,21,22,0,,,
1023,21,23,0,,,
1024,21,24,0,,,
1025,21,25,0,,,
1026,21,26,0,,,
1027,21,27,0,,,
1028,21,28,0,,,
1029,21,29,0,,,
1030,21,30,0,,,
1031,21,31,0,,,
1032,21,32,0,,,
1033,21,33,0,,,
1034,21,34,0,,,
1035,21,35,0,,,
1036,21,36,0,,,
1037,21,37,0,,,
1038,21,38,0,,,
1039,21,39,0,,,
1040,21,40,0,,,
1041,21,41,0,,,
1042,21,42,0,,,
1043,21,43,0,,,
1044,21,44,0,,,
1045,21,45,0,,,
1046,21,46,0,,,
1047,21,47,0,,,
1048,21,48,0,,,
1049,21,49,0,,,
1050,21,50,0,,,
1051,22,1,1,Wed Aug 05 2026 00:00:00 GMT-0500 (hora de Ecuador),Wed Aug 05 2026 00:00:00 GMT-0500 (hora de Ecuador),
1052,22,2,1,Wed Aug 05 2026 00:00:00 GMT-0500 (hora de Ecuador),Wed Aug 05 2026 00:00:00 GMT-0500 (hora de Ecuador),
1053,22,3,1,Thu Aug 06 2026 00:00:00 GMT-0500 (hora de Ecuador),Thu Aug 06 2026 00:00:00 GMT-0500 (hora de Ecuador),
1054,22,4,1,Thu Aug 06 2026 00:00:00 GMT-0500 (hora de Ecuador),Thu Aug 06 2026 00:00:00 GMT-0500 (hora de Ecuador),
1055,22,5,1,Thu Aug 06 2026 00:00:00 GMT-0500 (hora de Ecuador),Thu Aug 06 2026 00:00:00 GMT-0500 (hora de Ecuador),
1056,22,6,1,Fri Aug 07 2026 00:00:00 GMT-0500 (hora de Ecuador),Fri Aug 07 2026 00:00:00 GMT-0500 (hora de Ecuador),
1057,22,7,1,Tue Aug 11 2026 00:00:00 GMT-0500 (hora de Ecuador),Tue Aug 11 2026 00:00:00 GMT-0500 (hora de Ecuador),
1058,22,8,1,Wed Aug 12 2026 00:00:00 GMT-0500 (hora de Ecuador),Wed Aug 12 2026 00:00:00 GMT-0500 (hora de Ecuador),
1059,22,9,1,Thu Aug 13 2026 00:00:00 GMT-0500 (hora de Ecuador),Thu Aug 13 2026 00:00:00 GMT-0500 (hora de Ecuador),
1060,22,10,1,Fri Aug 14 2026 00:00:00 GMT-0500 (hora de Ecuador),Fri Aug 14 2026 00:00:00 GMT-0500 (hora de Ecuador),
1061,22,11,1,Mon Aug 17 2026 00:00:00 GMT-0500 (hora de Ecuador),Mon Aug 17 2026 00:00:00 GMT-0500 (hora de Ecuador),
1062,22,12,1,Mon Aug 17 2026 00:00:00 GMT-0500 (hora de Ecuador),Mon Aug 17 2026 00:00:00 GMT-0500 (hora de Ecuador),
1063,22,13,1,Tue Aug 18 2026 00:00:00 GMT-0500 (hora de Ecuador),Tue Aug 18 2026 00:00:00 GMT-0500 (hora de Ecuador),
1064,22,14,1,Wed Aug 19 2026 00:00:00 GMT-0500 (hora de Ecuador),Wed Aug 19 2026 00:00:00 GMT-0500 (hora de Ecuador),
1065,22,15,1,Thu Aug 20 2026 00:00:00 GMT-0500 (hora de Ecuador),Thu Aug 20 2026 00:00:00 GMT-0500 (hora de Ecuador),
1066,22,16,1,Fri Aug 21 2026 00:00:00 GMT-0500 (hora de Ecuador),Fri Aug 21 2026 00:00:00 GMT-0500 (hora de Ecuador),
1067,22,17,1,Fri Aug 21 2026 00:00:00 GMT-0500 (hora de Ecuador),Fri Aug 21 2026 00:00:00 GMT-0500 (hora de Ecuador),
1068,22,18,1,Mon Aug 24 2026 00:00:00 GMT-0500 (hora de Ecuador),Mon Aug 24 2026 00:00:00 GMT-0500 (hora de Ecuador),
1069,22,19,1,Mon Aug 24 2026 00:00:00 GMT-0500 (hora de Ecuador),Mon Aug 24 2026 00:00:00 GMT-0500 (hora de Ecuador),
1070,22,20,0,,,
1071,22,21,0,,,
1072,22,22,0,,,
1073,22,23,0,,,
1074,22,24,0,,,
1075,22,25,0,,,
1076,22,26,0,,,
1077,22,27,0,,,
1078,22,28,0,,,
1079,22,29,0,,,
1080,22,30,0,,,
1081,22,31,0,,,
1082,22,32,0,,,
1083,22,33,1,Tue Aug 25 2026 00:00:00 GMT-0500 (hora de Ecuador),Tue Aug 25 2026 00:00:00 GMT-0500 (hora de Ecuador),
1084,22,34,1,Wed Aug 26 2026 00:00:00 GMT-0500 (hora de Ecuador),Wed Aug 26 2026 00:00:00 GMT-0500 (hora de Ecuador),
1085,22,35,1,Wed Aug 26 2026 00:00:00 GMT-0500 (hora de Ecuador),Wed Aug 26 2026 00:00:00 GMT-0500 (hora de Ecuador),
1086,22,36,1,Thu Aug 27 2026 00:00:00 GMT-0500 (hora de Ecuador),Thu Aug 27 2026 00:00:00 GMT-0500 (hora de Ecuador),
1087,22,37,1,Fri Aug 28 2026 00:00:00 GMT-0500 (hora de Ecuador),Fri Aug 28 2026 00:00:00 GMT-0500 (hora de Ecuador),
1088,22,38,1,Mon Aug 31 2026 00:00:00 GMT-0500 (hora de Ecuador),Mon Aug 31 2026 00:00:00 GMT-0500 (hora de Ecuador),
1089,22,39,1,Tue Sep 01 2026 00:00:00 GMT-0500 (hora de Ecuador),Tue Sep 01 2026 00:00:00 GMT-0500 (hora de Ecuador),
1090,22,40,1,Tue Sep 01 2026 00:00:00 GMT-0500 (hora de Ecuador),Tue Sep 01 2026 00:00:00 GMT-0500 (hora de Ecuador),
1091,22,41,0,,,
1092,22,42,0,,,
1093,22,43,0,,,
1094,22,44,0,,,
1095,22,45,0,,,
1096,22,46,0,,,
1097,22,47,0,,,
1098,22,48,0,,,
1099,22,49,1,Thu Sep 03 2026 00:00:00 GMT-0500 (hora de Ecuador),Thu Sep 03 2026 00:00:00 GMT-0500 (hora de Ecuador),
1100,22,50,0,,,
1101,23,1,1,Fri Mar 27 2026 00:00:00 GMT-0500 (hora de Ecuador),Fri Mar 27 2026 00:00:00 GMT-0500 (hora de Ecuador),
1102,23,2,1,Fri Mar 27 2026 00:00:00 GMT-0500 (hora de Ecuador),Fri Mar 27 2026 00:00:00 GMT-0500 (hora de Ecuador),
1103,23,3,1,Mon Apr 06 2026 00:00:00 GMT-0500 (hora de Ecuador),Mon Apr 06 2026 00:00:00 GMT-0500 (hora de Ecuador),
1104,23,4,1,Fri Apr 10 2026 00:00:00 GMT-0500 (hora de Ecuador),Fri Apr 10 2026 00:00:00 GMT-0500 (hora de Ecuador),
1105,23,5,1,Fri Apr 10 2026 00:00:00 GMT-0500 (hora de Ecuador),Fri Apr 10 2026 00:00:00 GMT-0500 (hora de Ecuador),
1106,23,6,1,Sun Apr 12 2026 00:00:00 GMT-0500 (hora de Ecuador),Sun Apr 12 2026 00:00:00 GMT-0500 (hora de Ecuador),
1107,23,7,1,Mon Apr 13 2026 00:00:00 GMT-0500 (hora de Ecuador),Mon Apr 13 2026 00:00:00 GMT-0500 (hora de Ecuador),
1108,23,8,1,Mon Apr 13 2026 00:00:00 GMT-0500 (hora de Ecuador),Mon Apr 13 2026 00:00:00 GMT-0500 (hora de Ecuador),
1109,23,9,1,Mon Apr 06 2026 00:00:00 GMT-0500 (hora de Ecuador),Mon Apr 06 2026 00:00:00 GMT-0500 (hora de Ecuador),
1110,23,10,1,Tue Apr 07 2026 00:00:00 GMT-0500 (hora de Ecuador),Tue Apr 07 2026 00:00:00 GMT-0500 (hora de Ecuador),
1111,23,11,1,Wed Apr 08 2026 00:00:00 GMT-0500 (hora de Ecuador),Wed Apr 08 2026 00:00:00 GMT-0500 (hora de Ecuador),
1112,23,12,1,Wed Apr 08 2026 00:00:00 GMT-0500 (hora de Ecuador),Wed Apr 08 2026 00:00:00 GMT-0500 (hora de Ecuador),
1113,23,13,1,Thu Apr 09 2026 00:00:00 GMT-0500 (hora de Ecuador),Thu Apr 09 2026 00:00:00 GMT-0500 (hora de Ecuador),
1114,23,14,1,Fri Apr 10 2026 00:00:00 GMT-0500 (hora de Ecuador),Fri Apr 10 2026 00:00:00 GMT-0500 (hora de Ecuador),
1115,23,15,1,Mon Apr 13 2026 00:00:00 GMT-0500 (hora de Ecuador),Mon Apr 13 2026 00:00:00 GMT-0500 (hora de Ecuador),
1116,23,16,1,Tue Apr 14 2026 00:00:00 GMT-0500 (hora de Ecuador),Tue Apr 14 2026 00:00:00 GMT-0500 (hora de Ecuador),
1117,23,17,1,Tue Apr 14 2026 00:00:00 GMT-0500 (hora de Ecuador),Tue Apr 14 2026 00:00:00 GMT-0500 (hora de Ecuador),
1118,23,18,1,Wed Apr 15 2026 00:00:00 GMT-0500 (hora de Ecuador),Wed Apr 15 2026 00:00:00 GMT-0500 (hora de Ecuador),
1119,23,19,1,Wed Apr 15 2026 00:00:00 GMT-0500 (hora de Ecuador),Wed Apr 15 2026 00:00:00 GMT-0500 (hora de Ecuador),
1120,23,20,0,,,
1121,23,21,0,,,
1122,23,22,0,,,
1123,23,23,0,,,
1124,23,24,0,,,
1125,23,25,0,,,
1126,23,26,0,,,
1127,23,27,0,,,
1128,23,28,0,,,
1129,23,29,0,,,
1130,23,30,0,,,
1131,23,31,0,,,
1132,23,32,0,,,
1133,23,33,1,Thu Apr 16 2026 00:00:00 GMT-0500 (hora de Ecuador),Thu Apr 16 2026 00:00:00 GMT-0500 (hora de Ecuador),
1134,23,34,1,Fri Apr 17 2026 00:00:00 GMT-0500 (hora de Ecuador),Fri Apr 17 2026 00:00:00 GMT-0500 (hora de Ecuador),
1135,23,35,1,Fri Apr 17 2026 00:00:00 GMT-0500 (hora de Ecuador),Fri Apr 17 2026 00:00:00 GMT-0500 (hora de Ecuador),
1136,23,36,1,Mon Apr 20 2026 00:00:00 GMT-0500 (hora de Ecuador),Mon Apr 20 2026 00:00:00 GMT-0500 (hora de Ecuador),
1137,23,37,1,Tue Apr 21 2026 00:00:00 GMT-0500 (hora de Ecuador),Tue Apr 21 2026 00:00:00 GMT-0500 (hora de Ecuador),
1138,23,38,1,Tue Apr 21 2026 00:00:00 GMT-0500 (hora de Ecuador),Tue Apr 21 2026 00:00:00 GMT-0500 (hora de Ecuador),
1139,23,39,1,Wed Apr 22 2026 00:00:00 GMT-0500 (hora de Ecuador),Wed Apr 22 2026 00:00:00 GMT-0500 (hora de Ecuador),
1140,23,40,1,Thu Apr 23 2026 00:00:00 GMT-0500 (hora de Ecuador),Thu Apr 23 2026 00:00:00 GMT-0500 (hora de Ecuador),
1141,23,41,0,,,
1142,23,42,0,,,
1143,23,43,0,,,
1144,23,44,0,,,
1145,23,45,0,,,
1146,23,46,0,,,
1147,23,47,0,,,
1148,23,48,0,,,
1149,23,49,1,Mon Apr 27 2026 00:00:00 GMT-0500 (hora de Ecuador),Mon Apr 27 2026 00:00:00 GMT-0500 (hora de Ecuador),
1150,23,50,0,,,
1151,24,1,1,Mon Jul 20 2026 00:00:00 GMT-0500 (hora de Ecuador),Mon Jul 20 2026 00:00:00 GMT-0500 (hora de Ecuador),
1152,24,2,0,,,
1153,24,3,0,,,
1154,24,4,0,,,
1155,24,5,0,,,
1156,24,6,0,,,
1157,24,7,0,,,
1158,24,8,0,,,
1159,24,9,0,,,
1160,24,10,0,,,
1161,24,11,0,,,
1162,24,12,0,,,
1163,24,13,0,,,
1164,24,14,0,,,
1165,24,15,0,,,
1166,24,16,0,,,
1167,24,17,0,,,
1168,24,18,0,,,
1169,24,19,0,,,
1170,24,20,0,,,
1171,24,21,0,,,
1172,24,22,0,,,
1173,24,23,0,,,
1174,24,24,0,,,
1175,24,25,0,,,
1176,24,26,0,,,
1177,24,27,0,,,
1178,24,28,0,,,
1179,24,29,0,,,
1180,24,30,0,,,
1181,24,31,0,,,
1182,24,32,0,,,
1183,24,33,0,,,
1184,24,34,0,,,
1185,24,35,0,,,
1186,24,36,0,,,
1187,24,37,0,,,
1188,24,38,0,,,
1189,24,39,0,,,
1190,24,40,0,,,
1191,24,41,0,,,
1192,24,42,0,,,
1193,24,43,0,,,
1194,24,44,0,,,
1195,24,45,0,,,
1196,24,46,0,,,
1197,24,47,0,,,
1198,24,48,0,,,
1199,24,49,0,,,
1200,24,50,0,,,
1201,25,1,0,,,
1202,25,2,0,,,
1203,25,3,0,,,
1204,25,4,0,,,
1205,25,5,0,,,
1206,25,6,0,,,
1207,25,7,0,,,
1208,25,8,0,,,
1209,25,9,0,,,
1210,25,10,0,,,
1211,25,11,0,,,
1212,25,12,0,,,
1213,25,13,0,,,
1214,25,14,0,,,
1215,25,15,0,,,
1216,25,16,0,,,
1217,25,17,0,,,
1218,25,18,0,,,
1219,25,19,0,,,
1220,25,20,0,,,
1221,25,21,0,,,
1222,25,22,0,,,
1223,25,23,0,,,
1224,25,24,0,,,
1225,25,25,0,,,
1226,25,26,0,,,
1227,25,27,0,,,
1228,25,28,0,,,
1229,25,29,0,,,
1230,25,30,0,,,
1231,25,31,0,,,
1232,25,32,0,,,
1233,25,33,0,,,
1234,25,34,0,,,
1235,25,35,0,,,
1236,25,36,0,,,
1237,25,37,0,,,
1238,25,38,0,,,
1239,25,39,0,,,
1240,25,40,0,,,
1241,25,41,0,,,
1242,25,42,0,,,
1243,25,43,0,,,
1244,25,44,0,,,
1245,25,45,0,,,
1246,25,46,0,,,
1247,25,47,0,,,
1248,25,48,0,,,
1249,25,49,0,,,
1250,25,50,0,,,
1251,26,1,0,,,
1252,26,2,0,,,
1253,26,3,0,,,
1254,26,4,0,,,
1255,26,5,0,,,
1256,26,6,0,,,
1257,26,7,0,,,
1258,26,8,0,,,
1259,26,9,0,,,
1260,26,10,0,,,
1261,26,11,0,,,
1262,26,12,0,,,
1263,26,13,0,,,
1264,26,14,0,,,
1265,26,15,0,,,
1266,26,16,0,,,
1267,26,17,0,,,
1268,26,18,0,,,
1269,26,19,0,,,
1270,26,20,0,,,
1271,26,21,0,,,
1272,26,22,0,,,
1273,26,23,0,,,
1274,26,24,0,,,
1275,26,25,0,,,
1276,26,26,0,,,
1277,26,27,0,,,
1278,26,28,0,,,
1279,26,29,0,,,
1280,26,30,0,,,
1281,26,31,0,,,
1282,26,32,0,,,
1283,26,33,0,,,
1284,26,34,0,,,
1285,26,35,0,,,
1286,26,36,0,,,
1287,26,37,0,,,
1288,26,38,0,,,
1289,26,39,0,,,
1290,26,40,0,,,
1291,26,41,0,,,
1292,26,42,0,,,
1293,26,43,0,,,
1294,26,44,0,,,
1295,26,45,0,,,
1296,26,46,0,,,
1297,26,47,0,,,
1298,26,48,0,,,
1299,26,49,0,,,
1300,26,50,0,,,
1301,27,1,0,,,
1302,27,2,0,,,
1303,27,3,0,,,
1304,27,4,0,,,
1305,27,5,0,,,
1306,27,6,0,,,
1307,27,7,0,,,
1308,27,8,0,,,
1309,27,9,0,,,
1310,27,10,0,,,
1311,27,11,0,,,
1312,27,12,0,,,
1313,27,13,0,,,
1314,27,14,0,,,
1315,27,15,0,,,
1316,27,16,0,,,
1317,27,17,0,,,
1318,27,18,0,,,
1319,27,19,0,,,
1320,27,20,0,,,
1321,27,21,0,,,
1322,27,22,0,,,
1323,27,23,0,,,
1324,27,24,0,,,
1325,27,25,0,,,
1326,27,26,0,,,
1327,27,27,0,,,
1328,27,28,0,,,
1329,27,29,0,,,
1330,27,30,0,,,
1331,27,31,0,,,
1332,27,32,0,,,
1333,27,33,0,,,
1334,27,34,0,,,
1335,27,35,0,,,
1336,27,36,0,,,
1337,27,37,0,,,
1338,27,38,0,,,
1339,27,39,0,,,
1340,27,40,0,,,
1341,27,41,0,,,
1342,27,42,0,,,
1343,27,43,0,,,
1344,27,44,0,,,
1345,27,45,0,,,
1346,27,46,0,,,
1347,27,47,0,,,
1348,27,48,0,,,
1349,27,49,0,,,
1350,27,50,0,,,
1351,28,1,0,,,
1352,28,2,0,,,
1353,28,3,0,,,
1354,28,4,0,,,
1355,28,5,0,,,
1356,28,6,0,,,
1357,28,7,0,,,
1358,28,8,0,,,
1359,28,9,0,,,
1360,28,10,0,,,
1361,28,11,0,,,
1362,28,12,0,,,
1363,28,13,0,,,
1364,28,14,0,,,
1365,28,15,0,,,
1366,28,16,0,,,
1367,28,17,0,,,
1368,28,18,0,,,
1369,28,19,0,,,
1370,28,20,0,,,
1371,28,21,0,,,
1372,28,22,0,,,
1373,28,23,0,,,
1374,28,24,0,,,
1375,28,25,0,,,
1376,28,26,0,,,
1377,28,27,0,,,
1378,28,28,0,,,
1379,28,29,0,,,
1380,28,30,0,,,
1381,28,31,0,,,
1382,28,32,0,,,
1383,28,33,0,,,
1384,28,34,0,,,
1385,28,35,0,,,
1386,28,36,0,,,
1387,28,37,0,,,
1388,28,38,0,,,
1389,28,39,0,,,
1390,28,40,0,,,
1391,28,41,1,Tue Jan 02 1900 00:00:00 GMT-0514 (hora de Ecuador),Tue Jan 02 1900 00:00:00 GMT-0514 (hora de Ecuador),
1392,28,42,1,Thu Jan 04 1900 00:00:00 GMT-0514 (hora de Ecuador),Thu Jan 04 1900 00:00:00 GMT-0514 (hora de Ecuador),
1393,28,43,1,Mon Jan 08 1900 00:00:00 GMT-0514 (hora de Ecuador),Mon Jan 08 1900 00:00:00 GMT-0514 (hora de Ecuador),
1394,28,44,1,Tue Jan 09 1900 00:00:00 GMT-0514 (hora de Ecuador),Tue Jan 09 1900 00:00:00 GMT-0514 (hora de Ecuador),
1395,28,45,1,Wed Jan 10 1900 00:00:00 GMT-0514 (hora de Ecuador),Wed Jan 10 1900 00:00:00 GMT-0514 (hora de Ecuador),
1396,28,46,1,Fri Jan 12 1900 00:00:00 GMT-0514 (hora de Ecuador),Fri Jan 12 1900 00:00:00 GMT-0514 (hora de Ecuador),
1397,28,47,1,Mon Jan 15 1900 00:00:00 GMT-0514 (hora de Ecuador),Mon Jan 15 1900 00:00:00 GMT-0514 (hora de Ecuador),
1398,28,48,1,Wed Jan 17 1900 00:00:00 GMT-0514 (hora de Ecuador),Wed Jan 17 1900 00:00:00 GMT-0514 (hora de Ecuador),
1399,28,49,1,Mon Jan 22 1900 00:00:00 GMT-0514 (hora de Ecuador),Mon Jan 22 1900 00:00:00 GMT-0514 (hora de Ecuador),
1400,28,50,0,,,
1401,29,1,0,,,
1402,29,2,0,,,
1403,29,3,0,,,
1404,29,4,0,,,
1405,29,5,0,,,
1406,29,6,0,,,
1407,29,7,0,,,
1408,29,8,0,,,
1409,29,9,0,,,
1410,29,10,0,,,
1411,29,11,0,,,
1412,29,12,0,,,
1413,29,13,0,,,
1414,29,14,0,,,
1415,29,15,0,,,
1416,29,16,0,,,
1417,29,17,0,,,
1418,29,18,0,,,
1419,29,19,0,,,
1420,29,20,0,,,
1421,29,21,0,,,
1422,29,22,0,,,
1423,29,23,0,,,
1424,29,24,0,,,
1425,29,25,0,,,
1426,29,26,0,,,
1427,29,27,0,,,
1428,29,28,0,,,
1429,29,29,0,,,
1430,29,30,0,,,
1431,29,31,0,,,
1432,29,32,0,,,
1433,29,33,0,,,
1434,29,34,0,,,
1435,29,35,0,,,
1436,29,36,0,,,
1437,29,37,0,,,
1438,29,38,0,,,
1439,29,39,0,,,
1440,29,40,0,,,
1441,29,41,1,Tue Jan 02 1900 00:00:00 GMT-0514 (hora de Ecuador),Tue Jan 02 1900 00:00:00 GMT-0514 (hora de Ecuador),
1442,29,42,1,Thu Jan 04 1900 00:00:00 GMT-0514 (hora de Ecuador),Thu Jan 04 1900 00:00:00 GMT-0514 (hora de Ecuador),
1443,29,43,1,Mon Jan 08 1900 00:00:00 GMT-0514 (hora de Ecuador),Mon Jan 08 1900 00:00:00 GMT-0514 (hora de Ecuador),
1444,29,44,1,Tue Jan 09 1900 00:00:00 GMT-0514 (hora de Ecuador),Tue Jan 09 1900 00:00:00 GMT-0514 (hora de Ecuador),
1445,29,45,1,Wed Jan 10 1900 00:00:00 GMT-0514 (hora de Ecuador),Wed Jan 10 1900 00:00:00 GMT-0514 (hora de Ecuador),
1446,29,46,1,Fri Jan 12 1900 00:00:00 GMT-0514 (hora de Ecuador),Fri Jan 12 1900 00:00:00 GMT-0514 (hora de Ecuador),
1447,29,47,1,Mon Jan 15 1900 00:00:00 GMT-0514 (hora de Ecuador),Mon Jan 15 1900 00:00:00 GMT-0514 (hora de Ecuador),
1448,29,48,1,Wed Jan 17 1900 00:00:00 GMT-0514 (hora de Ecuador),Wed Jan 17 1900 00:00:00 GMT-0514 (hora de Ecuador),
1449,29,49,1,Mon Jan 22 1900 00:00:00 GMT-0514 (hora de Ecuador),Mon Jan 22 1900 00:00:00 GMT-0514 (hora de Ecuador),
1450,29,50,0,,,
1451,30,1,1,Tue Mar 10 2026 00:00:00 GMT-0500 (hora de Ecuador),Tue Mar 10 2026 00:00:00 GMT-0500 (hora de Ecuador),
1452,30,2,1,Tue Mar 10 2026 00:00:00 GMT-0500 (hora de Ecuador),Tue Mar 10 2026 00:00:00 GMT-0500 (hora de Ecuador),
1453,30,3,1,Wed Mar 11 2026 00:00:00 GMT-0500 (hora de Ecuador),Wed Mar 11 2026 00:00:00 GMT-0500 (hora de Ecuador),
1454,30,4,1,Wed Mar 11 2026 00:00:00 GMT-0500 (hora de Ecuador),Wed Mar 11 2026 00:00:00 GMT-0500 (hora de Ecuador),
1455,30,5,1,Wed Mar 11 2026 00:00:00 GMT-0500 (hora de Ecuador),Wed Mar 11 2026 00:00:00 GMT-0500 (hora de Ecuador),
1456,30,6,1,Thu Mar 12 2026 00:00:00 GMT-0500 (hora de Ecuador),Thu Mar 12 2026 00:00:00 GMT-0500 (hora de Ecuador),
1457,30,7,1,Fri Mar 13 2026 00:00:00 GMT-0500 (hora de Ecuador),Fri Mar 13 2026 00:00:00 GMT-0500 (hora de Ecuador),
1458,30,8,1,Mon Mar 16 2026 00:00:00 GMT-0500 (hora de Ecuador),Mon Mar 16 2026 00:00:00 GMT-0500 (hora de Ecuador),
1459,30,9,1,Tue Mar 17 2026 00:00:00 GMT-0500 (hora de Ecuador),Tue Mar 17 2026 00:00:00 GMT-0500 (hora de Ecuador),
1460,30,10,1,Wed Mar 18 2026 00:00:00 GMT-0500 (hora de Ecuador),Wed Mar 18 2026 00:00:00 GMT-0500 (hora de Ecuador),
1461,30,11,1,Thu Mar 19 2026 00:00:00 GMT-0500 (hora de Ecuador),Thu Mar 19 2026 00:00:00 GMT-0500 (hora de Ecuador),
1462,30,12,1,Thu Mar 19 2026 00:00:00 GMT-0500 (hora de Ecuador),Thu Mar 19 2026 00:00:00 GMT-0500 (hora de Ecuador),
1463,30,13,1,Fri Mar 20 2026 00:00:00 GMT-0500 (hora de Ecuador),Fri Mar 20 2026 00:00:00 GMT-0500 (hora de Ecuador),
1464,30,14,1,Mon Mar 23 2026 00:00:00 GMT-0500 (hora de Ecuador),Mon Mar 23 2026 00:00:00 GMT-0500 (hora de Ecuador),
1465,30,15,1,Tue Mar 24 2026 00:00:00 GMT-0500 (hora de Ecuador),Tue Mar 24 2026 00:00:00 GMT-0500 (hora de Ecuador),
1466,30,16,1,Wed Mar 25 2026 00:00:00 GMT-0500 (hora de Ecuador),Wed Mar 25 2026 00:00:00 GMT-0500 (hora de Ecuador),
1467,30,17,1,Wed Mar 25 2026 00:00:00 GMT-0500 (hora de Ecuador),Wed Mar 25 2026 00:00:00 GMT-0500 (hora de Ecuador),
1468,30,18,1,Thu Mar 26 2026 00:00:00 GMT-0500 (hora de Ecuador),Thu Mar 26 2026 00:00:00 GMT-0500 (hora de Ecuador),
1469,30,19,1,Thu Mar 26 2026 00:00:00 GMT-0500 (hora de Ecuador),Thu Mar 26 2026 00:00:00 GMT-0500 (hora de Ecuador),
1470,30,20,0,,,
1471,30,21,0,,,
1472,30,22,0,,,
1473,30,23,0,,,
1474,30,24,0,,,
1475,30,25,0,,,
1476,30,26,0,,,
1477,30,27,0,,,
1478,30,28,0,,,
1479,30,29,0,,,
1480,30,30,0,,,
1481,30,31,0,,,
1482,30,32,0,,,
1483,30,33,1,Fri Mar 27 2026 00:00:00 GMT-0500 (hora de Ecuador),Fri Mar 27 2026 00:00:00 GMT-0500 (hora de Ecuador),
1484,30,34,1,Mon Mar 30 2026 00:00:00 GMT-0500 (hora de Ecuador),Mon Mar 30 2026 00:00:00 GMT-0500 (hora de Ecuador),
1485,30,35,1,Mon Mar 30 2026 00:00:00 GMT-0500 (hora de Ecuador),Mon Mar 30 2026 00:00:00 GMT-0500 (hora de Ecuador),
1486,30,36,1,Tue Mar 31 2026 00:00:00 GMT-0500 (hora de Ecuador),Tue Mar 31 2026 00:00:00 GMT-0500 (hora de Ecuador),
1487,30,37,1,Wed Apr 01 2026 00:00:00 GMT-0500 (hora de Ecuador),Wed Apr 01 2026 00:00:00 GMT-0500 (hora de Ecuador),
1488,30,38,1,Thu Apr 02 2026 00:00:00 GMT-0500 (hora de Ecuador),Thu Apr 02 2026 00:00:00 GMT-0500 (hora de Ecuador),
1489,30,39,1,Thu Apr 02 2026 00:00:00 GMT-0500 (hora de Ecuador),Thu Apr 02 2026 00:00:00 GMT-0500 (hora de Ecuador),
1490,30,40,1,Thu Apr 02 2026 00:00:00 GMT-0500 (hora de Ecuador),Thu Apr 02 2026 00:00:00 GMT-0500 (hora de Ecuador),
1491,30,41,1,Tue Apr 07 2026 00:00:00 GMT-0500 (hora de Ecuador),Tue Apr 07 2026 00:00:00 GMT-0500 (hora de Ecuador),
1492,30,42,1,Thu Apr 09 2026 00:00:00 GMT-0500 (hora de Ecuador),Thu Apr 09 2026 00:00:00 GMT-0500 (hora de Ecuador),
1493,30,43,1,Mon Apr 13 2026 00:00:00 GMT-0500 (hora de Ecuador),Mon Apr 13 2026 00:00:00 GMT-0500 (hora de Ecuador),
1494,30,44,1,Tue Apr 14 2026 00:00:00 GMT-0500 (hora de Ecuador),Tue Apr 14 2026 00:00:00 GMT-0500 (hora de Ecuador),
1495,30,45,1,Wed Apr 15 2026 00:00:00 GMT-0500 (hora de Ecuador),Wed Apr 15 2026 00:00:00 GMT-0500 (hora de Ecuador),
1496,30,46,1,Fri Apr 17 2026 00:00:00 GMT-0500 (hora de Ecuador),Fri Apr 17 2026 00:00:00 GMT-0500 (hora de Ecuador),
1497,30,47,1,Mon Apr 20 2026 00:00:00 GMT-0500 (hora de Ecuador),Mon Apr 20 2026 00:00:00 GMT-0500 (hora de Ecuador),
1498,30,48,1,Wed Apr 22 2026 00:00:00 GMT-0500 (hora de Ecuador),Wed Apr 22 2026 00:00:00 GMT-0500 (hora de Ecuador),
1499,30,49,1,Mon Apr 27 2026 00:00:00 GMT-0500 (hora de Ecuador),Mon Apr 27 2026 00:00:00 GMT-0500 (hora de Ecuador),
1500,30,50,1,Thu Apr 30 2026 00:00:00 GMT-0500 (hora de Ecuador),Thu Apr 30 2026 00:00:00 GMT-0500 (hora de Ecuador),
1501,31,1,1,Wed Jul 15 2026 00:00:00 GMT-0500 (hora de Ecuador),Wed Jul 15 2026 00:00:00 GMT-0500 (hora de Ecuador),
1502,31,2,1,Wed Jul 15 2026 00:00:00 GMT-0500 (hora de Ecuador),Wed Jul 15 2026 00:00:00 GMT-0500 (hora de Ecuador),
1503,31,3,1,Thu Jul 16 2026 00:00:00 GMT-0500 (hora de Ecuador),Thu Jul 16 2026 00:00:00 GMT-0500 (hora de Ecuador),
1504,31,4,1,Thu Jul 16 2026 00:00:00 GMT-0500 (hora de Ecuador),Thu Jul 16 2026 00:00:00 GMT-0500 (hora de Ecuador),
1505,31,5,1,Thu Jul 16 2026 00:00:00 GMT-0500 (hora de Ecuador),Thu Jul 16 2026 00:00:00 GMT-0500 (hora de Ecuador),
1506,31,6,1,Fri Jul 17 2026 00:00:00 GMT-0500 (hora de Ecuador),Fri Jul 17 2026 00:00:00 GMT-0500 (hora de Ecuador),
1507,31,7,1,Mon Jul 20 2026 00:00:00 GMT-0500 (hora de Ecuador),Mon Jul 20 2026 00:00:00 GMT-0500 (hora de Ecuador),
1508,31,8,1,Tue Jul 21 2026 00:00:00 GMT-0500 (hora de Ecuador),Tue Jul 21 2026 00:00:00 GMT-0500 (hora de Ecuador),
1509,31,9,1,Wed Jul 22 2026 00:00:00 GMT-0500 (hora de Ecuador),Wed Jul 22 2026 00:00:00 GMT-0500 (hora de Ecuador),
1510,31,10,1,Thu Jul 23 2026 00:00:00 GMT-0500 (hora de Ecuador),Thu Jul 23 2026 00:00:00 GMT-0500 (hora de Ecuador),
1511,31,11,1,Fri Jul 24 2026 00:00:00 GMT-0500 (hora de Ecuador),Fri Jul 24 2026 00:00:00 GMT-0500 (hora de Ecuador),
1512,31,12,1,Fri Jul 24 2026 00:00:00 GMT-0500 (hora de Ecuador),Fri Jul 24 2026 00:00:00 GMT-0500 (hora de Ecuador),
1513,31,13,1,Mon Jul 27 2026 00:00:00 GMT-0500 (hora de Ecuador),Mon Jul 27 2026 00:00:00 GMT-0500 (hora de Ecuador),
1514,31,14,1,Tue Jul 28 2026 00:00:00 GMT-0500 (hora de Ecuador),Tue Jul 28 2026 00:00:00 GMT-0500 (hora de Ecuador),
1515,31,15,1,Wed Jul 29 2026 00:00:00 GMT-0500 (hora de Ecuador),Wed Jul 29 2026 00:00:00 GMT-0500 (hora de Ecuador),
1516,31,16,1,Thu Jul 30 2026 00:00:00 GMT-0500 (hora de Ecuador),Thu Jul 30 2026 00:00:00 GMT-0500 (hora de Ecuador),
1517,31,17,1,Thu Jul 30 2026 00:00:00 GMT-0500 (hora de Ecuador),Thu Jul 30 2026 00:00:00 GMT-0500 (hora de Ecuador),
1518,31,18,1,Fri Jul 31 2026 00:00:00 GMT-0500 (hora de Ecuador),Fri Jul 31 2026 00:00:00 GMT-0500 (hora de Ecuador),
1519,31,19,1,Fri Jul 31 2026 00:00:00 GMT-0500 (hora de Ecuador),Fri Jul 31 2026 00:00:00 GMT-0500 (hora de Ecuador),
1520,31,20,0,,,
1521,31,21,0,,,
1522,31,22,0,,,
1523,31,23,0,,,
1524,31,24,0,,,
1525,31,25,0,,,
1526,31,26,0,,,
1527,31,27,0,,,
1528,31,28,0,,,
1529,31,29,0,,,
1530,31,30,0,,,
1531,31,31,0,,,
1532,31,32,0,,,
1533,31,33,1,Mon Aug 03 2026 00:00:00 GMT-0500 (hora de Ecuador),Mon Aug 03 2026 00:00:00 GMT-0500 (hora de Ecuador),
1534,31,34,1,Tue Aug 04 2026 00:00:00 GMT-0500 (hora de Ecuador),Tue Aug 04 2026 00:00:00 GMT-0500 (hora de Ecuador),
1535,31,35,1,Tue Aug 04 2026 00:00:00 GMT-0500 (hora de Ecuador),Tue Aug 04 2026 00:00:00 GMT-0500 (hora de Ecuador),
1536,31,36,1,Wed Aug 05 2026 00:00:00 GMT-0500 (hora de Ecuador),Wed Aug 05 2026 00:00:00 GMT-0500 (hora de Ecuador),
1537,31,37,1,Thu Aug 06 2026 00:00:00 GMT-0500 (hora de Ecuador),Thu Aug 06 2026 00:00:00 GMT-0500 (hora de Ecuador),
1538,31,38,1,Fri Aug 07 2026 00:00:00 GMT-0500 (hora de Ecuador),Fri Aug 07 2026 00:00:00 GMT-0500 (hora de Ecuador),
1539,31,39,1,Tue Aug 11 2026 00:00:00 GMT-0500 (hora de Ecuador),Tue Aug 11 2026 00:00:00 GMT-0500 (hora de Ecuador),
1540,31,40,1,Tue Aug 11 2026 00:00:00 GMT-0500 (hora de Ecuador),Tue Aug 11 2026 00:00:00 GMT-0500 (hora de Ecuador),
1541,31,41,0,,,
1542,31,42,0,,,
1543,31,43,0,,,
1544,31,44,0,,,
1545,31,45,0,,,
1546,31,46,0,,,
1547,31,47,0,,,
1548,31,48,0,,,
1549,31,49,1,Thu Aug 13 2026 00:00:00 GMT-0500 (hora de Ecuador),Thu Aug 13 2026 00:00:00 GMT-0500 (hora de Ecuador),
1550,31,50,0,,,
1551,32,1,0,,,
1552,32,2,0,,,
1553,32,3,0,,,
1554,32,4,0,,,
1555,32,5,0,,,
1556,32,6,0,,,
1557,32,7,0,,,
1558,32,8,0,,,
1559,32,9,0,,,
1560,32,10,0,,,
1561,32,11,0,,,
1562,32,12,0,,,
1563,32,13,0,,,
1564,32,14,0,,,
1565,32,15,0,,,
1566,32,16,0,,,
1567,32,17,0,,,
1568,32,18,0,,,
1569,32,19,0,,,
1570,32,20,0,,,
1571,32,21,0,,,
1572,32,22,0,,,
1573,32,23,0,,,
1574,32,24,0,,,
1575,32,25,0,,,
1576,32,26,0,,,
1577,32,27,0,,,
1578,32,28,0,,,
1579,32,29,0,,,
1580,32,30,0,,,
1581,32,31,0,,,
1582,32,32,0,,,
1583,32,33,0,,,
1584,32,34,0,,,
1585,32,35,0,,,
1586,32,36,0,,,
1587,32,37,0,,,
1588,32,38,0,,,
1589,32,39,0,,,
1590,32,40,0,,,
1591,32,41,0,,,
1592,32,42,0,,,
1593,32,43,0,,,
1594,32,44,0,,,
1595,32,45,0,,,
1596,32,46,0,,,
1597,32,47,0,,,
1598,32,48,0,,,
1599,32,49,0,,,
1600,32,50,0,,,
1601,33,1,0,,,
1602,33,2,0,,,
1603,33,3,0,,,
1604,33,4,0,,,
1605,33,5,0,,,
1606,33,6,0,,,
1607,33,7,0,,,
1608,33,8,0,,,
1609,33,9,0,,,
1610,33,10,0,,,
1611,33,11,0,,,
1612,33,12,0,,,
1613,33,13,0,,,
1614,33,14,0,,,
1615,33,15,0,,,
1616,33,16,0,,,
1617,33,17,0,,,
1618,33,18,0,,,
1619,33,19,0,,,
1620,33,20,0,,,
1621,33,21,0,,,
1622,33,22,0,,,
1623,33,23,0,,,
1624,33,24,0,,,
1625,33,25,0,,,
1626,33,26,0,,,
1627,33,27,0,,,
1628,33,28,0,,,
1629,33,29,0,,,
1630,33,30,0,,,
1631,33,31,0,,,
1632,33,32,0,,,
1633,33,33,0,,,
1634,33,34,0,,,
1635,33,35,0,,,
1636,33,36,0,,,
1637,33,37,0,,,
1638,33,38,0,,,
1639,33,39,0,,,
1640,33,40,0,,,
1641,33,41,0,,,
1642,33,42,0,,,
1643,33,43,0,,,
1644,33,44,0,,,
1645,33,45,0,,,
1646,33,46,0,,,
1647,33,47,0,,,
1648,33,48,0,,,
1649,33,49,0,,,
1650,33,50,0,,,
1651,34,1,0,,,
1652,34,2,0,,,
1653,34,3,0,,,
1654,34,4,0,,,
1655,34,5,0,,,
1656,34,6,0,,,
1657,34,7,0,,,
1658,34,8,0,,,
1659,34,9,0,,,
1660,34,10,0,,,
1661,34,11,0,,,
1662,34,12,0,,,
1663,34,13,0,,,
1664,34,14,0,,,
1665,34,15,0,,,
1666,34,16,0,,,
1667,34,17,0,,,
1668,34,18,0,,,
1669,34,19,0,,,
1670,34,20,0,,,
1671,34,21,0,,,
1672,34,22,0,,,
1673,34,23,0,,,
1674,34,24,0,,,
1675,34,25,0,,,
1676,34,26,0,,,
1677,34,27,0,,,
1678,34,28,0,,,
1679,34,29,0,,,
1680,34,30,0,,,
1681,34,31,0,,,
1682,34,32,0,,,
1683,34,33,0,,,
1684,34,34,0,,,
1685,34,35,0,,,
1686,34,36,0,,,
1687,34,37,0,,,
1688,34,38,0,,,
1689,34,39,0,,,
1690,34,40,0,,,
1691,34,41,0,,,
1692,34,42,0,,,
1693,34,43,0,,,
1694,34,44,0,,,
1695,34,45,0,,,
1696,34,46,0,,,
1697,34,47,0,,,
1698,34,48,0,,,
1699,34,49,0,,,
1700,34,50,0,,,
1701,35,1,0,,,
1702,35,2,0,,,
1703,35,3,0,,,
1704,35,4,0,,,
1705,35,5,0,,,
1706,35,6,0,,,
1707,35,7,0,,,
1708,35,8,0,,,
1709,35,9,0,,,
1710,35,10,0,,,
1711,35,11,0,,,
1712,35,12,0,,,
1713,35,13,0,,,
1714,35,14,0,,,
1715,35,15,0,,,
1716,35,16,0,,,
1717,35,17,0,,,
1718,35,18,0,,,
1719,35,19,0,,,
1720,35,20,0,,,
1721,35,21,0,,,
1722,35,22,0,,,
1723,35,23,0,,,
1724,35,24,0,,,
1725,35,25,0,,,
1726,35,26,0,,,
1727,35,27,0,,,
1728,35,28,0,,,
1729,35,29,0,,,
1730,35,30,0,,,
1731,35,31,0,,,
1732,35,32,0,,,
1733,35,33,0,,,
1734,35,34,0,,,
1735,35,35,0,,,
1736,35,36,0,,,
1737,35,37,0,,,
1738,35,38,0,,,
1739,35,39,0,,,
1740,35,40,0,,,
1741,35,41,0,,,
1742,35,42,0,,,
1743,35,43,0,,,
1744,35,44,0,,,
1745,35,45,0,,,
1746,35,46,0,,,
1747,35,47,0,,,
1748,35,48,0,,,
1749,35,49,0,,,
1750,35,50,0,,,
1751,36,1,0,,,
1752,36,2,0,,,
1753,36,3,0,,,
1754,36,4,0,,,
1755,36,5,0,,,
1756,36,6,0,,,
1757,36,7,0,,,
1758,36,8,0,,,
1759,36,9,0,,,
1760,36,10,0,,,
1761,36,11,0,,,
1762,36,12,0,,,
1763,36,13,0,,,
1764,36,14,0,,,
1765,36,15,0,,,
1766,36,16,0,,,
1767,36,17,0,,,
1768,36,18,0,,,
1769,36,19,0,,,
1770,36,20,0,,,
1771,36,21,0,,,
1772,36,22,0,,,
1773,36,23,0,,,
1774,36,24,0,,,
1775,36,25,0,,,
1776,36,26,0,,,
1777,36,27,0,,,
1778,36,28,0,,,
1779,36,29,0,,,
1780,36,30,0,,,
1781,36,31,0,,,
1782,36,32,0,,,
1783,36,33,0,,,
1784,36,34,0,,,
1785,36,35,0,,,
1786,36,36,0,,,
1787,36,37,0,,,
1788,36,38,0,,,
1789,36,39,0,,,
1790,36,40,0,,,
1791,36,41,0,,,
1792,36,42,0,,,
1793,36,43,0,,,
1794,36,44,0,,,
1795,36,45,0,,,
1796,36,46,0,,,
1797,36,47,0,,,
1798,36,48,0,,,
1799,36,49,0,,,
1800,36,50,0,,,
1801,37,1,0,,,
1802,37,2,0,,,
1803,37,3,0,,,
1804,37,4,0,,,
1805,37,5,0,,,
1806,37,6,0,,,
1807,37,7,0,,,
1808,37,8,0,,,
1809,37,9,0,,,
1810,37,10,0,,,
1811,37,11,0,,,
1812,37,12,0,,,
1813,37,13,0,,,
1814,37,14,0,,,
1815,37,15,0,,,
1816,37,16,0,,,
1817,37,17,0,,,
1818,37,18,0,,,
1819,37,19,0,,,
1820,37,20,0,,,
1821,37,21,0,,,
1822,37,22,0,,,
1823,37,23,0,,,
1824,37,24,0,,,
1825,37,25,0,,,
1826,37,26,0,,,
1827,37,27,0,,,
1828,37,28,0,,,
1829,37,29,0,,,
1830,37,30,0,,,
1831,37,31,0,,,
1832,37,32,0,,,
1833,37,33,0,,,
1834,37,34,0,,,
1835,37,35,0,,,
1836,37,36,0,,,
1837,37,37,0,,,
1838,37,38,0,,,
1839,37,39,0,,,
1840,37,40,0,,,
1841,37,41,0,,,
1842,37,42,0,,,
1843,37,43,0,,,
1844,37,44,0,,,
1845,37,45,0,,,
1846,37,46,0,,,
1847,37,47,0,,,
1848,37,48,0,,,
1849,37,49,0,,,
1850,37,50,0,,,
1851,38,1,0,,,
1852,38,2,0,,,
1853,38,3,0,,,
1854,38,4,0,,,
1855,38,5,0,,,
1856,38,6,0,,,
1857,38,7,0,,,
1858,38,8,0,,,
1859,38,9,0,,,
1860,38,10,0,,,
1861,38,11,0,,,
1862,38,12,0,,,
1863,38,13,0,,,
1864,38,14,0,,,
1865,38,15,0,,,
1866,38,16,0,,,
1867,38,17,0,,,
1868,38,18,0,,,
1869,38,19,0,,,
1870,38,20,0,,,
1871,38,21,0,,,
1872,38,22,0,,,
1873,38,23,0,,,
1874,38,24,0,,,
1875,38,25,0,,,
1876,38,26,0,,,
1877,38,27,0,,,
1878,38,28,0,,,
1879,38,29,0,,,
1880,38,30,0,,,
1881,38,31,0,,,
1882,38,32,0,,,
1883,38,33,0,,,
1884,38,34,0,,,
1885,38,35,0,,,
1886,38,36,0,,,
1887,38,37,0,,,
1888,38,38,0,,,
1889,38,39,0,,,
1890,38,40,0,,,
1891,38,41,0,,,
1892,38,42,0,,,
1893,38,43,0,,,
1894,38,44,0,,,
1895,38,45,0,,,
1896,38,46,0,,,
1897,38,47,0,,,
1898,38,48,0,,,
1899,38,49,0,,,
1900,38,50,0,,,
1901,39,1,0,,,
1902,39,2,0,,,
1903,39,3,0,,,
1904,39,4,0,,,
1905,39,5,0,,,
1906,39,6,0,,,
1907,39,7,0,,,
1908,39,8,0,,,
1909,39,9,0,,,
1910,39,10,0,,,
1911,39,11,0,,,
1912,39,12,0,,,
1913,39,13,0,,,
1914,39,14,0,,,
1915,39,15,0,,,
1916,39,16,0,,,
1917,39,17,0,,,
1918,39,18,0,,,
1919,39,19,0,,,
1920,39,20,0,,,
1921,39,21,0,,,
1922,39,22,0,,,
1923,39,23,0,,,
1924,39,24,0,,,
1925,39,25,0,,,
1926,39,26,0,,,
1927,39,27,0,,,
1928,39,28,0,,,
1929,39,29,0,,,
1930,39,30,0,,,
1931,39,31,0,,,
1932,39,32,0,,,
1933,39,33,0,,,
1934,39,34,0,,,
1935,39,35,0,,,
1936,39,36,0,,,
1937,39,37,0,,,
1938,39,38,0,,,
1939,39,39,0,,,
1940,39,40,0,,,
1941,39,41,0,,,
1942,39,42,0,,,
1943,39,43,0,,,
1944,39,44,0,,,
1945,39,45,0,,,
1946,39,46,0,,,
1947,39,47,0,,,
1948,39,48,0,,,
1949,39,49,0,,,
1950,39,50,0,,,
1951,40,1,0,,,
1952,40,2,0,,,
1953,40,3,0,,,
1954,40,4,0,,,
1955,40,5,0,,,
1956,40,6,0,,,
1957,40,7,0,,,
1958,40,8,0,,,
1959,40,9,0,,,
1960,40,10,0,,,
1961,40,11,0,,,
1962,40,12,0,,,
1963,40,13,0,,,
1964,40,14,0,,,
1965,40,15,0,,,
1966,40,16,0,,,
1967,40,17,0,,,
1968,40,18,0,,,
1969,40,19,0,,,
1970,40,20,0,,,
1971,40,21,0,,,
1972,40,22,0,,,
1973,40,23,0,,,
1974,40,24,0,,,
1975,40,25,0,,,
1976,40,26,0,,,
1977,40,27,0,,,
1978,40,28,0,,,
1979,40,29,0,,,
1980,40,30,0,,,
1981,40,31,0,,,
1982,40,32,0,,,
1983,40,33,0,,,
1984,40,34,0,,,
1985,40,35,0,,,
1986,40,36,0,,,
1987,40,37,0,,,
1988,40,38,0,,,
1989,40,39,0,,,
1990,40,40,0,,,
1991,40,41,0,,,
1992,40,42,0,,,
1993,40,43,0,,,
1994,40,44,0,,,
1995,40,45,0,,,
1996,40,46,0,,,
1997,40,47,0,,,
1998,40,48,0,,,
1999,40,49,0,,,
2000,40,50,0,,,
2001,41,1,0,,,
2002,41,2,0,,,
2003,41,3,0,,,
2004,41,4,0,,,
2005,41,5,0,,,
2006,41,6,0,,,
2007,41,7,0,,,
2008,41,8,0,,,
2009,41,9,0,,,
2010,41,10,0,,,
2011,41,11,0,,,
2012,41,12,0,,,
2013,41,13,0,,,
2014,41,14,0,,,
2015,41,15,0,,,
2016,41,16,0,,,
2017,41,17,0,,,
2018,41,18,0,,,
2019,41,19,0,,,
2020,41,20,0,,,
2021,41,21,0,,,
2022,41,22,0,,,
2023,41,23,0,,,
2024,41,24,0,,,
2025,41,25,0,,,
2026,41,26,0,,,
2027,41,27,0,,,
2028,41,28,0,,,
2029,41,29,0,,,
2030,41,30,0,,,
2031,41,31,0,,,
2032,41,32,0,,,
2033,41,33,0,,,
2034,41,34,0,,,
2035,41,35,0,,,
2036,41,36,0,,,
2037,41,37,0,,,
2038,41,38,0,,,
2039,41,39,0,,,
2040,41,40,0,,,
2041,41,41,0,,,
2042,41,42,0,,,
2043,41,43,0,,,
2044,41,44,0,,,
2045,41,45,0,,,
2046,41,46,0,,,
2047,41,47,0,,,
2048,41,48,0,,,
2049,41,49,0,,,
2050,41,50,0,,,
2051,42,1,0,,,
2052,42,2,0,,,
2053,42,3,0,,,
2054,42,4,0,,,
2055,42,5,0,,,
2056,42,6,0,,,
2057,42,7,0,,,
2058,42,8,0,,,
2059,42,9,0,,,
2060,42,10,0,,,
2061,42,11,0,,,
2062,42,12,0,,,
2063,42,13,0,,,
2064,42,14,0,,,
2065,42,15,0,,,
2066,42,16,0,,,
2067,42,17,0,,,
2068,42,18,0,,,
2069,42,19,0,,,
2070,42,20,0,,,
2071,42,21,0,,,
2072,42,22,0,,,
2073,42,23,0,,,
2074,42,24,0,,,
2075,42,25,0,,,
2076,42,26,0,,,
2077,42,27,0,,,
2078,42,28,0,,,
2079,42,29,0,,,
2080,42,30,0,,,
2081,42,31,0,,,
2082,42,32,0,,,
2083,42,33,0,,,
2084,42,34,0,,,
2085,42,35,0,,,
2086,42,36,0,,,
2087,42,37,0,,,
2088,42,38,0,,,
2089,42,39,0,,,
2090,42,40,0,,,
2091,42,41,0,,,
2092,42,42,0,,,
2093,42,43,0,,,
2094,42,44,0,,,
2095,42,45,0,,,
2096,42,46,0,,,
2097,42,47,0,,,
2098,42,48,0,,,
2099,42,49,0,,,
2100,42,50,0,,,
2101,43,1,0,,,
2102,43,2,0,,,
2103,43,3,0,,,
2104,43,4,0,,,
2105,43,5,0,,,
2106,43,6,0,,,
2107,43,7,0,,,
2108,43,8,0,,,
2109,43,9,0,,,
2110,43,10,0,,,
2111,43,11,0,,,
2112,43,12,0,,,
2113,43,13,0,,,
2114,43,14,0,,,
2115,43,15,0,,,
2116,43,16,0,,,
2117,43,17,0,,,
2118,43,18,0,,,
2119,43,19,0,,,
2120,43,20,0,,,
2121,43,21,0,,,
2122,43,22,0,,,
2123,43,23,0,,,
2124,43,24,0,,,
2125,43,25,0,,,
2126,43,26,0,,,
2127,43,27,0,,,
2128,43,28,0,,,
2129,43,29,0,,,
2130,43,30,0,,,
2131,43,31,0,,,
2132,43,32,0,,,
2133,43,33,0,,,
2134,43,34,0,,,
2135,43,35,0,,,
2136,43,36,0,,,
2137,43,37,0,,,
2138,43,38,0,,,
2139,43,39,0,,,
2140,43,40,0,,,
2141,43,41,0,,,
2142,43,42,0,,,
2143,43,43,0,,,
2144,43,44,0,,,
2145,43,45,0,,,
2146,43,46,0,,,
2147,43,47,0,,,
2148,43,48,0,,,
2149,43,49,0,,,
2150,43,50,0,,,
2151,44,1,0,,,
2152,44,2,0,,,
2153,44,3,0,,,
2154,44,4,0,,,
2155,44,5,0,,,
2156,44,6,0,,,
2157,44,7,0,,,
2158,44,8,0,,,
2159,44,9,0,,,
2160,44,10,0,,,
2161,44,11,0,,,
2162,44,12,0,,,
2163,44,13,0,,,
2164,44,14,0,,,
2165,44,15,0,,,
2166,44,16,0,,,
2167,44,17,0,,,
2168,44,18,0,,,
2169,44,19,0,,,
2170,44,20,0,,,
2171,44,21,0,,,
2172,44,22,0,,,
2173,44,23,0,,,
2174,44,24,0,,,
2175,44,25,0,,,
2176,44,26,0,,,
2177,44,27,0,,,
2178,44,28,0,,,
2179,44,29,0,,,
2180,44,30,0,,,
2181,44,31,0,,,
2182,44,32,0,,,
2183,44,33,0,,,
2184,44,34,0,,,
2185,44,35,0,,,
2186,44,36,0,,,
2187,44,37,0,,,
2188,44,38,0,,,
2189,44,39,0,,,
2190,44,40,0,,,
2191,44,41,0,,,
2192,44,42,0,,,
2193,44,43,0,,,
2194,44,44,0,,,
2195,44,45,0,,,
2196,44,46,0,,,
2197,44,47,0,,,
2198,44,48,0,,,
2199,44,49,0,,,
2200,44,50,0,,,
2201,45,1,0,,,
2202,45,2,0,,,
2203,45,3,0,,,
2204,45,4,0,,,
2205,45,5,0,,,
2206,45,6,0,,,
2207,45,7,0,,,
2208,45,8,0,,,
2209,45,9,0,,,
2210,45,10,0,,,
2211,45,11,0,,,
2212,45,12,0,,,
2213,45,13,0,,,
2214,45,14,0,,,
2215,45,15,0,,,
2216,45,16,0,,,
2217,45,17,0,,,
2218,45,18,0,,,
2219,45,19,0,,,
2220,45,20,0,,,
2221,45,21,0,,,
2222,45,22,0,,,
2223,45,23,0,,,
2224,45,24,0,,,
2225,45,25,0,,,
2226,45,26,0,,,
2227,45,27,0,,,
2228,45,28,0,,,
2229,45,29,0,,,
2230,45,30,0,,,
2231,45,31,0,,,
2232,45,32,0,,,
2233,45,33,0,,,
2234,45,34,0,,,
2235,45,35,0,,,
2236,45,36,0,,,
2237,45,37,0,,,
2238,45,38,0,,,
2239,45,39,0,,,
2240,45,40,0,,,
2241,45,41,0,,,
2242,45,42,0,,,
2243,45,43,0,,,
2244,45,44,0,,,
2245,45,45,0,,,
2246,45,46,0,,,
2247,45,47,0,,,
2248,45,48,0,,,
2249,45,49,0,,,
2250,45,50,0,,,
2251,46,1,0,,,
2252,46,2,0,,,
2253,46,3,0,,,
2254,46,4,0,,,
2255,46,5,0,,,
2256,46,6,0,,,
2257,46,7,0,,,
2258,46,8,0,,,
2259,46,9,0,,,
2260,46,10,0,,,
2261,46,11,0,,,
2262,46,12,0,,,
2263,46,13,0,,,
2264,46,14,0,,,
2265,46,15,0,,,
2266,46,16,0,,,
2267,46,17,0,,,
2268,46,18,0,,,
2269,46,19,0,,,
2270,46,20,0,,,
2271,46,21,0,,,
2272,46,22,0,,,
2273,46,23,0,,,
2274,46,24,0,,,
2275,46,25,0,,,
2276,46,26,0,,,
2277,46,27,0,,,
2278,46,28,0,,,
2279,46,29,0,,,
2280,46,30,0,,,
2281,46,31,0,,,
2282,46,32,0,,,
2283,46,33,0,,,
2284,46,34,0,,,
2285,46,35,0,,,
2286,46,36,0,,,
2287,46,37,0,,,
2288,46,38,0,,,
2289,46,39,0,,,
2290,46,40,0,,,
2291,46,41,0,,,
2292,46,42,0,,,
2293,46,43,0,,,
2294,46,44,0,,,
2295,46,45,0,,,
2296,46,46,0,,,
2297,46,47,0,,,
2298,46,48,0,,,
2299,46,49,0,,,
2300,46,50,0,,,
2301,47,1,0,,,
2302,47,2,0,,,
2303,47,3,0,,,
2304,47,4,0,,,
2305,47,5,0,,,
2306,47,6,0,,,
2307,47,7,0,,,
2308,47,8,0,,,
2309,47,9,0,,,
2310,47,10,0,,,
2311,47,11,0,,,
2312,47,12,0,,,
2313,47,13,0,,,
2314,47,14,0,,,
2315,47,15,0,,,
2316,47,16,0,,,
2317,47,17,0,,,
2318,47,18,0,,,
2319,47,19,0,,,
2320,47,20,0,,,
2321,47,21,0,,,
2322,47,22,0,,,
2323,47,23,0,,,
2324,47,24,0,,,
2325,47,25,0,,,
2326,47,26,0,,,
2327,47,27,0,,,
2328,47,28,0,,,
2329,47,29,0,,,
2330,47,30,0,,,
2331,47,31,0,,,
2332,47,32,0,,,
2333,47,33,0,,,
2334,47,34,0,,,
2335,47,35,0,,,
2336,47,36,0,,,
2337,47,37,0,,,
2338,47,38,0,,,
2339,47,39,0,,,
2340,47,40,0,,,
2341,47,41,0,,,
2342,47,42,0,,,
2343,47,43,0,,,
2344,47,44,0,,,
2345,47,45,0,,,
2346,47,46,0,,,
2347,47,47,0,,,
2348,47,48,0,,,
2349,47,49,0,,,
2350,47,50,0,,,
2351,48,1,1,Wed Apr 08 2026 00:00:00 GMT-0500 (hora de Ecuador),Wed Apr 29 2026 00:00:00 GMT-0500 (hora de Ecuador),
2352,48,2,1,Wed Apr 08 2026 00:00:00 GMT-0500 (hora de Ecuador),Wed Apr 08 2026 00:00:00 GMT-0500 (hora de Ecuador),
2353,48,3,1,Thu Apr 09 2026 00:00:00 GMT-0500 (hora de Ecuador),Thu Apr 09 2026 00:00:00 GMT-0500 (hora de Ecuador),
2354,48,4,1,Thu Apr 09 2026 00:00:00 GMT-0500 (hora de Ecuador),Thu Apr 09 2026 00:00:00 GMT-0500 (hora de Ecuador),
2355,48,5,1,Thu Apr 09 2026 00:00:00 GMT-0500 (hora de Ecuador),Thu Apr 09 2026 00:00:00 GMT-0500 (hora de Ecuador),
2356,48,6,1,Fri Apr 10 2026 00:00:00 GMT-0500 (hora de Ecuador),Fri Apr 10 2026 00:00:00 GMT-0500 (hora de Ecuador),
2357,48,7,1,Mon Apr 13 2026 00:00:00 GMT-0500 (hora de Ecuador),Mon Apr 13 2026 00:00:00 GMT-0500 (hora de Ecuador),
2358,48,8,1,Tue Apr 14 2026 00:00:00 GMT-0500 (hora de Ecuador),Tue Apr 14 2026 00:00:00 GMT-0500 (hora de Ecuador),
2359,48,9,1,Wed Apr 15 2026 00:00:00 GMT-0500 (hora de Ecuador),Wed Apr 15 2026 00:00:00 GMT-0500 (hora de Ecuador),
2360,48,10,1,Thu Apr 16 2026 00:00:00 GMT-0500 (hora de Ecuador),Thu Apr 16 2026 00:00:00 GMT-0500 (hora de Ecuador),
2361,48,11,1,Fri Apr 17 2026 00:00:00 GMT-0500 (hora de Ecuador),Fri Apr 17 2026 00:00:00 GMT-0500 (hora de Ecuador),
2362,48,12,1,Fri Apr 17 2026 00:00:00 GMT-0500 (hora de Ecuador),Fri Apr 17 2026 00:00:00 GMT-0500 (hora de Ecuador),
2363,48,13,1,Mon Apr 20 2026 00:00:00 GMT-0500 (hora de Ecuador),Mon Apr 20 2026 00:00:00 GMT-0500 (hora de Ecuador),
2364,48,14,1,Tue Apr 21 2026 00:00:00 GMT-0500 (hora de Ecuador),Tue Apr 21 2026 00:00:00 GMT-0500 (hora de Ecuador),
2365,48,15,1,Wed Apr 22 2026 00:00:00 GMT-0500 (hora de Ecuador),Wed Apr 22 2026 00:00:00 GMT-0500 (hora de Ecuador),
2366,48,16,1,Thu Apr 23 2026 00:00:00 GMT-0500 (hora de Ecuador),Thu Apr 23 2026 00:00:00 GMT-0500 (hora de Ecuador),
2367,48,17,1,Thu Apr 23 2026 00:00:00 GMT-0500 (hora de Ecuador),Thu Apr 23 2026 00:00:00 GMT-0500 (hora de Ecuador),
2368,48,18,1,Fri Apr 24 2026 00:00:00 GMT-0500 (hora de Ecuador),Fri Apr 24 2026 00:00:00 GMT-0500 (hora de Ecuador),
2369,48,19,1,Fri Apr 24 2026 00:00:00 GMT-0500 (hora de Ecuador),Fri Apr 24 2026 00:00:00 GMT-0500 (hora de Ecuador),
2370,48,20,0,,,
2371,48,21,0,,,
2372,48,22,0,,,
2373,48,23,0,,,
2374,48,24,0,,,
2375,48,25,0,,,
2376,48,26,0,,,
2377,48,27,0,,,
2378,48,28,0,,,
2379,48,29,0,,,
2380,48,30,0,,,
2381,48,31,0,,,
2382,48,32,0,,,
2383,48,33,1,Mon Apr 27 2026 00:00:00 GMT-0500 (hora de Ecuador),Mon Apr 27 2026 00:00:00 GMT-0500 (hora de Ecuador),
2384,48,34,1,Tue Apr 28 2026 00:00:00 GMT-0500 (hora de Ecuador),Tue Apr 28 2026 00:00:00 GMT-0500 (hora de Ecuador),
2385,48,35,1,Tue Apr 28 2026 00:00:00 GMT-0500 (hora de Ecuador),Tue Apr 28 2026 00:00:00 GMT-0500 (hora de Ecuador),
2386,48,36,0,,,
2387,48,37,0,,,
2388,48,38,0,,,
2389,48,39,1,Tue Apr 28 2026 00:00:00 GMT-0500 (hora de Ecuador),Tue Apr 28 2026 00:00:00 GMT-0500 (hora de Ecuador),
2390,48,40,1,Mon May 04 2026 00:00:00 GMT-0500 (hora de Ecuador),Mon May 04 2026 00:00:00 GMT-0500 (hora de Ecuador),
2391,48,41,0,,,
2392,48,42,0,,,
2393,48,43,0,,,
2394,48,44,0,,,
2395,48,45,0,,,
2396,48,46,0,,,
2397,48,47,0,,,
2398,48,48,0,,,
2399,48,49,0,,,
2400,48,50,1,Mon May 04 2026 00:00:00 GMT-0500 (hora de Ecuador),Mon May 04 2026 00:00:00 GMT-0500 (hora de Ecuador),
2401,49,1,1,Mon Mar 09 2026 00:00:00 GMT-0500 (hora de Ecuador),Mon Mar 09 2026 00:00:00 GMT-0500 (hora de Ecuador),
2402,49,2,1,Mon Mar 09 2026 00:00:00 GMT-0500 (hora de Ecuador),Mon Mar 09 2026 00:00:00 GMT-0500 (hora de Ecuador),
2403,49,3,1,Tue Mar 10 2026 00:00:00 GMT-0500 (hora de Ecuador),Tue Mar 10 2026 00:00:00 GMT-0500 (hora de Ecuador),
2404,49,4,1,Tue Mar 10 2026 00:00:00 GMT-0500 (hora de Ecuador),Tue Mar 10 2026 00:00:00 GMT-0500 (hora de Ecuador),
2405,49,5,1,Tue Mar 10 2026 00:00:00 GMT-0500 (hora de Ecuador),Tue Mar 10 2026 00:00:00 GMT-0500 (hora de Ecuador),
2406,49,6,1,Wed Mar 11 2026 00:00:00 GMT-0500 (hora de Ecuador),Wed Mar 11 2026 00:00:00 GMT-0500 (hora de Ecuador),
2407,49,7,1,Thu Mar 12 2026 00:00:00 GMT-0500 (hora de Ecuador),Thu Mar 12 2026 00:00:00 GMT-0500 (hora de Ecuador),
2408,49,8,1,Fri Mar 13 2026 00:00:00 GMT-0500 (hora de Ecuador),Fri Mar 13 2026 00:00:00 GMT-0500 (hora de Ecuador),
2409,49,9,1,Mon Mar 16 2026 00:00:00 GMT-0500 (hora de Ecuador),Mon Mar 16 2026 00:00:00 GMT-0500 (hora de Ecuador),
2410,49,10,1,Tue Mar 17 2026 00:00:00 GMT-0500 (hora de Ecuador),Tue Mar 17 2026 00:00:00 GMT-0500 (hora de Ecuador),
2411,49,11,1,Wed Mar 18 2026 00:00:00 GMT-0500 (hora de Ecuador),Wed Mar 18 2026 00:00:00 GMT-0500 (hora de Ecuador),
2412,49,12,1,Wed Mar 18 2026 00:00:00 GMT-0500 (hora de Ecuador),Wed Mar 18 2026 00:00:00 GMT-0500 (hora de Ecuador),
2413,49,13,1,Thu Mar 19 2026 00:00:00 GMT-0500 (hora de Ecuador),Thu Mar 19 2026 00:00:00 GMT-0500 (hora de Ecuador),
2414,49,14,1,Fri Mar 20 2026 00:00:00 GMT-0500 (hora de Ecuador),Fri Mar 20 2026 00:00:00 GMT-0500 (hora de Ecuador),
2415,49,15,1,Mon Mar 23 2026 00:00:00 GMT-0500 (hora de Ecuador),Mon Mar 23 2026 00:00:00 GMT-0500 (hora de Ecuador),
2416,49,16,1,Tue Mar 24 2026 00:00:00 GMT-0500 (hora de Ecuador),Tue Mar 24 2026 00:00:00 GMT-0500 (hora de Ecuador),
2417,49,17,1,Tue Mar 24 2026 00:00:00 GMT-0500 (hora de Ecuador),Tue Mar 24 2026 00:00:00 GMT-0500 (hora de Ecuador),
2418,49,18,1,Wed Mar 25 2026 00:00:00 GMT-0500 (hora de Ecuador),Wed Mar 25 2026 00:00:00 GMT-0500 (hora de Ecuador),
2419,49,19,1,Wed Mar 25 2026 00:00:00 GMT-0500 (hora de Ecuador),Wed Mar 25 2026 00:00:00 GMT-0500 (hora de Ecuador),
2420,49,20,0,,,
2421,49,21,0,,,
2422,49,22,0,,,
2423,49,23,0,,,
2424,49,24,0,,,
2425,49,25,0,,,
2426,49,26,0,,,
2427,49,27,0,,,
2428,49,28,0,,,
2429,49,29,0,,,
2430,49,30,0,,,
2431,49,31,0,,,
2432,49,32,0,,,
2433,49,33,1,Thu Mar 26 2026 00:00:00 GMT-0500 (hora de Ecuador),Thu Mar 26 2026 00:00:00 GMT-0500 (hora de Ecuador),
2434,49,34,1,Fri Mar 27 2026 00:00:00 GMT-0500 (hora de Ecuador),Fri Mar 27 2026 00:00:00 GMT-0500 (hora de Ecuador),
2435,49,35,1,Fri Mar 27 2026 00:00:00 GMT-0500 (hora de Ecuador),Fri Mar 27 2026 00:00:00 GMT-0500 (hora de Ecuador),
2436,49,36,1,Mon Mar 30 2026 00:00:00 GMT-0500 (hora de Ecuador),Mon Mar 30 2026 00:00:00 GMT-0500 (hora de Ecuador),
2437,49,37,1,Tue Mar 31 2026 00:00:00 GMT-0500 (hora de Ecuador),Tue Mar 31 2026 00:00:00 GMT-0500 (hora de Ecuador),
2438,49,38,1,Wed Apr 01 2026 00:00:00 GMT-0500 (hora de Ecuador),Wed Apr 01 2026 00:00:00 GMT-0500 (hora de Ecuador),
2439,49,39,1,Thu Apr 02 2026 00:00:00 GMT-0500 (hora de Ecuador),Thu Apr 02 2026 00:00:00 GMT-0500 (hora de Ecuador),
2440,49,40,1,Thu Apr 02 2026 00:00:00 GMT-0500 (hora de Ecuador),Thu Apr 02 2026 00:00:00 GMT-0500 (hora de Ecuador),
2441,49,41,1,Mon Apr 06 2026 00:00:00 GMT-0500 (hora de Ecuador),Mon Apr 06 2026 00:00:00 GMT-0500 (hora de Ecuador),
2442,49,42,1,Wed Apr 08 2026 00:00:00 GMT-0500 (hora de Ecuador),Wed Apr 08 2026 00:00:00 GMT-0500 (hora de Ecuador),
2443,49,43,1,Fri Apr 10 2026 00:00:00 GMT-0500 (hora de Ecuador),Fri Apr 10 2026 00:00:00 GMT-0500 (hora de Ecuador),
2444,49,44,1,Mon Apr 13 2026 00:00:00 GMT-0500 (hora de Ecuador),Mon Apr 13 2026 00:00:00 GMT-0500 (hora de Ecuador),
2445,49,45,1,Tue Apr 14 2026 00:00:00 GMT-0500 (hora de Ecuador),Tue Apr 14 2026 00:00:00 GMT-0500 (hora de Ecuador),
2446,49,46,1,Thu Apr 16 2026 00:00:00 GMT-0500 (hora de Ecuador),Thu Apr 16 2026 00:00:00 GMT-0500 (hora de Ecuador),
2447,49,47,1,Fri Apr 17 2026 00:00:00 GMT-0500 (hora de Ecuador),Fri Apr 17 2026 00:00:00 GMT-0500 (hora de Ecuador),
2448,49,48,1,Fri Apr 17 2026 00:00:00 GMT-0500 (hora de Ecuador),Fri Apr 17 2026 00:00:00 GMT-0500 (hora de Ecuador),
2449,49,49,1,Wed Apr 22 2026 00:00:00 GMT-0500 (hora de Ecuador),Wed Apr 22 2026 00:00:00 GMT-0500 (hora de Ecuador),
2450,49,50,1,Mon Apr 27 2026 00:00:00 GMT-0500 (hora de Ecuador),Mon Apr 27 2026 00:00:00 GMT-0500 (hora de Ecuador),
2451,50,1,0,,,
2452,50,2,0,,,
2453,50,3,0,,,
2454,50,4,0,,,
2455,50,5,0,,,
2456,50,6,0,,,
2457,50,7,0,,,
2458,50,8,0,,,
2459,50,9,0,,,
2460,50,10,0,,,
2461,50,11,0,,,
2462,50,12,0,,,
2463,50,13,0,,,
2464,50,14,0,,,
2465,50,15,0,,,
2466,50,16,0,,,
2467,50,17,0,,,
2468,50,18,0,,,
2469,50,19,0,,,
2470,50,20,0,,,
2471,50,21,0,,,
2472,50,22,0,,,
2473,50,23,0,,,
2474,50,24,0,,,
2475,50,25,0,,,
2476,50,26,0,,,
2477,50,27,0,,,
2478,50,28,0,,,
2479,50,29,0,,,
2480,50,30,0,,,
2481,50,31,0,,,
2482,50,32,0,,,
2483,50,33,0,,,
2484,50,34,0,,,
2485,50,35,0,,,
2486,50,36,0,,,
2487,50,37,0,,,
2488,50,38,0,,,
2489,50,39,0,,,
2490,50,40,0,,,
2491,50,41,1,Thu Jan 04 1900 00:00:00 GMT-0514 (hora de Ecuador),Thu Jan 04 1900 00:00:00 GMT-0514 (hora de Ecuador),
2492,50,42,1,Mon Jan 08 1900 00:00:00 GMT-0514 (hora de Ecuador),Mon Jan 08 1900 00:00:00 GMT-0514 (hora de Ecuador),
2493,50,43,1,Fri Jan 12 1900 00:00:00 GMT-0514 (hora de Ecuador),Fri Jan 12 1900 00:00:00 GMT-0514 (hora de Ecuador),
2494,50,44,1,Mon Jan 15 1900 00:00:00 GMT-0514 (hora de Ecuador),Mon Jan 15 1900 00:00:00 GMT-0514 (hora de Ecuador),
2495,50,45,1,Tue Jan 16 1900 00:00:00 GMT-0514 (hora de Ecuador),Tue Jan 16 1900 00:00:00 GMT-0514 (hora de Ecuador),
2496,50,46,1,Thu Jan 18 1900 00:00:00 GMT-0514 (hora de Ecuador),Thu Jan 18 1900 00:00:00 GMT-0514 (hora de Ecuador),
2497,50,47,1,Fri Jan 19 1900 00:00:00 GMT-0514 (hora de Ecuador),Fri Jan 19 1900 00:00:00 GMT-0514 (hora de Ecuador),
2498,50,48,1,Fri Jan 19 1900 00:00:00 GMT-0514 (hora de Ecuador),Fri Jan 19 1900 00:00:00 GMT-0514 (hora de Ecuador),
2499,50,49,1,Wed Jan 24 1900 00:00:00 GMT-0514 (hora de Ecuador),Wed Jan 24 1900 00:00:00 GMT-0514 (hora de Ecuador),
2500,50,50,0,,,
2501,51,1,0,,,
2502,51,2,0,,,
2503,51,3,0,,,
2504,51,4,0,,,
2505,51,5,0,,,
2506,51,6,0,,,
2507,51,7,0,,,
2508,51,8,0,,,
2509,51,9,0,,,
2510,51,10,0,,,
2511,51,11,0,,,
2512,51,12,0,,,
2513,51,13,0,,,
2514,51,14,0,,,
2515,51,15,0,,,
2516,51,16,0,,,
2517,51,17,0,,,
2518,51,18,0,,,
2519,51,19,0,,,
2520,51,20,0,,,
2521,51,21,0,,,
2522,51,22,0,,,
2523,51,23,0,,,
2524,51,24,0,,,
2525,51,25,0,,,
2526,51,26,0,,,
2527,51,27,0,,,
2528,51,28,0,,,
2529,51,29,0,,,
2530,51,30,0,,,
2531,51,31,0,,,
2532,51,32,0,,,
2533,51,33,0,,,
2534,51,34,0,,,
2535,51,35,0,,,
2536,51,36,0,,,
2537,51,37,0,,,
2538,51,38,0,,,
2539,51,39,0,,,
2540,51,40,0,,,
2541,51,41,0,,,
2542,51,42,0,,,
2543,51,43,0,,,
2544,51,44,0,,,
2545,51,45,0,,,
2546,51,46,0,,,
2547,51,47,0,,,
2548,51,48,0,,,
2549,51,49,0,,,
2550,51,50,0,,,
2551,52,1,1,Wed Mar 04 2026 00:00:00 GMT-0500 (hora de Ecuador),Sun Mar 01 2026 00:00:00 GMT-0500 (hora de Ecuador),
2552,52,2,1,Wed Mar 04 2026 00:00:00 GMT-0500 (hora de Ecuador),Wed Mar 04 2026 00:00:00 GMT-0500 (hora de Ecuador),
2553,52,3,1,Thu Mar 12 2026 00:00:00 GMT-0500 (hora de Ecuador),Thu Mar 12 2026 00:00:00 GMT-0500 (hora de Ecuador),
2554,52,4,1,Thu Mar 12 2026 00:00:00 GMT-0500 (hora de Ecuador),Thu Mar 12 2026 00:00:00 GMT-0500 (hora de Ecuador),
2555,52,5,1,Thu Mar 12 2026 00:00:00 GMT-0500 (hora de Ecuador),Thu Mar 12 2026 00:00:00 GMT-0500 (hora de Ecuador),
2556,52,6,1,Thu Mar 12 2026 00:00:00 GMT-0500 (hora de Ecuador),Thu Mar 12 2026 00:00:00 GMT-0500 (hora de Ecuador),
2557,52,7,1,Thu Mar 12 2026 00:00:00 GMT-0500 (hora de Ecuador),Thu Mar 12 2026 00:00:00 GMT-0500 (hora de Ecuador),
2558,52,8,1,Thu Mar 12 2026 00:00:00 GMT-0500 (hora de Ecuador),Thu Mar 12 2026 00:00:00 GMT-0500 (hora de Ecuador),
2559,52,9,1,Thu Mar 12 2026 00:00:00 GMT-0500 (hora de Ecuador),Thu Mar 12 2026 00:00:00 GMT-0500 (hora de Ecuador),
2560,52,10,1,Thu Mar 12 2026 00:00:00 GMT-0500 (hora de Ecuador),Thu Mar 12 2026 00:00:00 GMT-0500 (hora de Ecuador),
2561,52,11,1,Thu Mar 12 2026 00:00:00 GMT-0500 (hora de Ecuador),Tue Mar 10 2026 00:00:00 GMT-0500 (hora de Ecuador),
2562,52,12,1,Fri Mar 13 2026 00:00:00 GMT-0500 (hora de Ecuador),Fri Mar 13 2026 00:00:00 GMT-0500 (hora de Ecuador),
2563,52,13,1,Fri Mar 13 2026 00:00:00 GMT-0500 (hora de Ecuador),Fri Mar 13 2026 00:00:00 GMT-0500 (hora de Ecuador),
2564,52,14,1,Wed Mar 18 2026 00:00:00 GMT-0500 (hora de Ecuador),Wed Mar 18 2026 00:00:00 GMT-0500 (hora de Ecuador),
2565,52,15,1,Thu Mar 19 2026 00:00:00 GMT-0500 (hora de Ecuador),Thu Mar 19 2026 00:00:00 GMT-0500 (hora de Ecuador),
2566,52,16,1,Thu Mar 19 2026 00:00:00 GMT-0500 (hora de Ecuador),Thu Mar 19 2026 00:00:00 GMT-0500 (hora de Ecuador),
2567,52,17,1,Fri Mar 20 2026 00:00:00 GMT-0500 (hora de Ecuador),Fri Mar 20 2026 00:00:00 GMT-0500 (hora de Ecuador),
2568,52,18,1,Mon Mar 23 2026 00:00:00 GMT-0500 (hora de Ecuador),Mon Mar 23 2026 00:00:00 GMT-0500 (hora de Ecuador),
2569,52,19,1,Mon Mar 23 2026 00:00:00 GMT-0500 (hora de Ecuador),Mon Mar 23 2026 00:00:00 GMT-0500 (hora de Ecuador),
2570,52,20,0,,,
2571,52,21,0,,,
2572,52,22,0,,,
2573,52,23,0,,,
2574,52,24,0,,,
2575,52,25,0,,,
2576,52,26,0,,,
2577,52,27,0,,,
2578,52,28,0,,,
2579,52,29,0,,,
2580,52,30,0,,,
2581,52,31,0,,,
2582,52,32,0,,,
2583,52,33,1,Tue Mar 24 2026 00:00:00 GMT-0500 (hora de Ecuador),Tue Mar 24 2026 00:00:00 GMT-0500 (hora de Ecuador),
2584,52,34,1,Wed Mar 25 2026 00:00:00 GMT-0500 (hora de Ecuador),Wed Mar 25 2026 00:00:00 GMT-0500 (hora de Ecuador),
2585,52,35,1,Thu Mar 26 2026 00:00:00 GMT-0500 (hora de Ecuador),Thu Mar 26 2026 00:00:00 GMT-0500 (hora de Ecuador),
2586,52,36,1,Fri Mar 27 2026 00:00:00 GMT-0500 (hora de Ecuador),Fri Mar 27 2026 00:00:00 GMT-0500 (hora de Ecuador),
2587,52,37,1,Fri Mar 27 2026 00:00:00 GMT-0500 (hora de Ecuador),Fri Mar 27 2026 00:00:00 GMT-0500 (hora de Ecuador),
2588,52,38,1,Mon Mar 30 2026 00:00:00 GMT-0500 (hora de Ecuador),Mon Mar 30 2026 00:00:00 GMT-0500 (hora de Ecuador),
2589,52,39,1,Mon Mar 30 2026 00:00:00 GMT-0500 (hora de Ecuador),Mon Mar 30 2026 00:00:00 GMT-0500 (hora de Ecuador),
2590,52,40,1,Wed Apr 01 2026 00:00:00 GMT-0500 (hora de Ecuador),Wed Apr 01 2026 00:00:00 GMT-0500 (hora de Ecuador),
2591,52,41,1,Mon Apr 06 2026 00:00:00 GMT-0500 (hora de Ecuador),Mon Apr 06 2026 00:00:00 GMT-0500 (hora de Ecuador),
2592,52,42,1,Wed Apr 08 2026 00:00:00 GMT-0500 (hora de Ecuador),Wed Apr 08 2026 00:00:00 GMT-0500 (hora de Ecuador),
2593,52,43,1,Fri Apr 10 2026 00:00:00 GMT-0500 (hora de Ecuador),Fri Apr 10 2026 00:00:00 GMT-0500 (hora de Ecuador),
2594,52,44,1,Tue Apr 14 2026 00:00:00 GMT-0500 (hora de Ecuador),Tue Apr 14 2026 00:00:00 GMT-0500 (hora de Ecuador),
2595,52,45,1,Wed Apr 15 2026 00:00:00 GMT-0500 (hora de Ecuador),Wed Apr 15 2026 00:00:00 GMT-0500 (hora de Ecuador),
2596,52,46,1,Fri Apr 17 2026 00:00:00 GMT-0500 (hora de Ecuador),Fri Apr 17 2026 00:00:00 GMT-0500 (hora de Ecuador),
2597,52,47,1,Mon Apr 20 2026 00:00:00 GMT-0500 (hora de Ecuador),Mon Apr 20 2026 00:00:00 GMT-0500 (hora de Ecuador),
2598,52,48,1,Mon Apr 20 2026 00:00:00 GMT-0500 (hora de Ecuador),Mon Apr 20 2026 00:00:00 GMT-0500 (hora de Ecuador),
2599,52,49,1,Thu Apr 23 2026 00:00:00 GMT-0500 (hora de Ecuador),Thu Apr 23 2026 00:00:00 GMT-0500 (hora de Ecuador),
2600,52,50,1,Tue Apr 28 2026 00:00:00 GMT-0500 (hora de Ecuador),Tue Apr 28 2026 00:00:00 GMT-0500 (hora de Ecuador),
2601,53,1,0,,,
2602,53,2,0,,,
2603,53,3,0,,,
2604,53,4,0,,,
2605,53,5,0,,,
2606,53,6,0,,,
2607,53,7,0,,,
2608,53,8,0,,,
2609,53,9,0,,,
2610,53,10,0,,,
2611,53,11,0,,,
2612,53,12,0,,,
2613,53,13,0,,,
2614,53,14,0,,,
2615,53,15,0,,,
2616,53,16,0,,,
2617,53,17,0,,,
2618,53,18,0,,,
2619,53,19,0,,,
2620,53,20,0,,,
2621,53,21,0,,,
2622,53,22,0,,,
2623,53,23,0,,,
2624,53,24,0,,,
2625,53,25,0,,,
2626,53,26,0,,,
2627,53,27,0,,,
2628,53,28,0,,,
2629,53,29,0,,,
2630,53,30,0,,,
2631,53,31,0,,,
2632,53,32,0,,,
2633,53,33,0,,,
2634,53,34,0,,,
2635,53,35,0,,,
2636,53,36,0,,,
2637,53,37,0,,,
2638,53,38,0,,,
2639,53,39,0,,,
2640,53,40,0,,,
2641,53,41,0,,,
2642,53,42,0,,,
2643,53,43,0,,,
2644,53,44,0,,,
2645,53,45,0,,,
2646,53,46,0,,,
2647,53,47,0,,,
2648,53,48,0,,,
2649,53,49,0,,,
2650,53,50,0,,,
2651,54,1,0,,,
2652,54,2,0,,,
2653,54,3,0,,,
2654,54,4,0,,,
2655,54,5,0,,,
2656,54,6,0,,,
2657,54,7,0,,,
2658,54,8,0,,,
2659,54,9,0,,,
2660,54,10,0,,,
2661,54,11,0,,,
2662,54,12,0,,,
2663,54,13,0,,,
2664,54,14,0,,,
2665,54,15,0,,,
2666,54,16,0,,,
2667,54,17,0,,,
2668,54,18,0,,,
2669,54,19,0,,,
2670,54,20,0,,,
2671,54,21,0,,,
2672,54,22,0,,,
2673,54,23,0,,,
2674,54,24,0,,,
2675,54,25,0,,,
2676,54,26,0,,,
2677,54,27,0,,,
2678,54,28,0,,,
2679,54,29,0,,,
2680,54,30,0,,,
2681,54,31,0,,,
2682,54,32,0,,,
2683,54,33,0,,,
2684,54,34,0,,,
2685,54,35,0,,,
2686,54,36,0,,,
2687,54,37,0,,,
2688,54,38,0,,,
2689,54,39,0,,,
2690,54,40,0,,,
2691,54,41,0,,,
2692,54,42,0,,,
2693,54,43,0,,,
2694,54,44,0,,,
2695,54,45,0,,,
2696,54,46,0,,,
2697,54,47,0,,,
2698,54,48,0,,,
2699,54,49,0,,,
2700,54,50,0,,,
2701,55,1,0,,,
2702,55,2,0,,,
2703,55,3,0,,,
2704,55,4,0,,,
2705,55,5,0,,,
2706,55,6,0,,,
2707,55,7,0,,,
2708,55,8,0,,,
2709,55,9,0,,,
2710,55,10,0,,,
2711,55,11,0,,,
2712,55,12,0,,,
2713,55,13,0,,,
2714,55,14,0,,,
2715,55,15,0,,,
2716,55,16,0,,,
2717,55,17,0,,,
2718,55,18,0,,,
2719,55,19,0,,,
2720,55,20,0,,,
2721,55,21,0,,,
2722,55,22,0,,,
2723,55,23,0,,,
2724,55,24,0,,,
2725,55,25,0,,,
2726,55,26,0,,,
2727,55,27,0,,,
2728,55,28,0,,,
2729,55,29,0,,,
2730,55,30,0,,,
2731,55,31,0,,,
2732,55,32,0,,,
2733,55,33,0,,,
2734,55,34,0,,,
2735,55,35,0,,,
2736,55,36,0,,,
2737,55,37,0,,,
2738,55,38,0,,,
2739,55,39,0,,,
2740,55,40,0,,,
2741,55,41,0,,,
2742,55,42,0,,,
2743,55,43,0,,,
2744,55,44,0,,,
2745,55,45,0,,,
2746,55,46,0,,,
2747,55,47,0,,,
2748,55,48,0,,,
2749,55,49,0,,,
2750,55,50,0,,,
2751,56,1,0,,,
2752,56,2,0,,,
2753,56,3,0,,,
2754,56,4,0,,,
2755,56,5,0,,,
2756,56,6,0,,,
2757,56,7,0,,,
2758,56,8,0,,,
2759,56,9,0,,,
2760,56,10,0,,,
2761,56,11,0,,,
2762,56,12,0,,,
2763,56,13,0,,,
2764,56,14,0,,,
2765,56,15,0,,,
2766,56,16,0,,,
2767,56,17,0,,,
2768,56,18,0,,,
2769,56,19,0,,,
2770,56,20,0,,,
2771,56,21,0,,,
2772,56,22,0,,,
2773,56,23,0,,,
2774,56,24,0,,,
2775,56,25,0,,,
2776,56,26,0,,,
2777,56,27,0,,,
2778,56,28,0,,,
2779,56,29,0,,,
2780,56,30,0,,,
2781,56,31,0,,,
2782,56,32,0,,,
2783,56,33,0,,,
2784,56,34,0,,,
2785,56,35,0,,,
2786,56,36,0,,,
2787,56,37,0,,,
2788,56,38,0,,,
2789,56,39,0,,,
2790,56,40,0,,,
2791,56,41,0,,,
2792,56,42,0,,,
2793,56,43,0,,,
2794,56,44,0,,,
2795,56,45,0,,,
2796,56,46,0,,,
2797,56,47,0,,,
2798,56,48,0,,,
2799,56,49,0,,,
2800,56,50,0,,,
2801,57,1,0,,,
2802,57,2,0,,,
2803,57,3,0,,,
2804,57,4,0,,,
2805,57,5,0,,,
2806,57,6,0,,,
2807,57,7,0,,,
2808,57,8,0,,,
2809,57,9,0,,,
2810,57,10,0,,,
2811,57,11,0,,,
2812,57,12,0,,,
2813,57,13,0,,,
2814,57,14,0,,,
2815,57,15,0,,,
2816,57,16,0,,,
2817,57,17,0,,,
2818,57,18,0,,,
2819,57,19,0,,,
2820,57,20,0,,,
2821,57,21,0,,,
2822,57,22,0,,,
2823,57,23,0,,,
2824,57,24,0,,,
2825,57,25,0,,,
2826,57,26,0,,,
2827,57,27,0,,,
2828,57,28,0,,,
2829,57,29,0,,,
2830,57,30,0,,,
2831,57,31,0,,,
2832,57,32,0,,,
2833,57,33,0,,,
2834,57,34,0,,,
2835,57,35,0,,,
2836,57,36,0,,,
2837,57,37,0,,,
2838,57,38,0,,,
2839,57,39,0,,,
2840,57,40,0,,,
2841,57,41,0,,,
2842,57,42,0,,,
2843,57,43,0,,,
2844,57,44,0,,,
2845,57,45,0,,,
2846,57,46,0,,,
2847,57,47,0,,,
2848,57,48,0,,,
2849,57,49,0,,,
2850,57,50,0,,,
2851,58,1,0,,,
2852,58,2,0,,,
2853,58,3,0,,,
2854,58,4,0,,,
2855,58,5,0,,,
2856,58,6,0,,,
2857,58,7,0,,,
2858,58,8,0,,,
2859,58,9,0,,,
2860,58,10,0,,,
2861,58,11,0,,,
2862,58,12,0,,,
2863,58,13,0,,,
2864,58,14,0,,,
2865,58,15,0,,,
2866,58,16,0,,,
2867,58,17,0,,,
2868,58,18,0,,,
2869,58,19,0,,,
2870,58,20,0,,,
2871,58,21,0,,,
2872,58,22,0,,,
2873,58,23,0,,,
2874,58,24,0,,,
2875,58,25,0,,,
2876,58,26,0,,,
2877,58,27,0,,,
2878,58,28,0,,,
2879,58,29,0,,,
2880,58,30,0,,,
2881,58,31,0,,,
2882,58,32,0,,,
2883,58,33,0,,,
2884,58,34,0,,,
2885,58,35,0,,,
2886,58,36,0,,,
2887,58,37,0,,,
2888,58,38,0,,,
2889,58,39,0,,,
2890,58,40,0,,,
2891,58,41,0,,,
2892,58,42,0,,,
2893,58,43,0,,,
2894,58,44,0,,,
2895,58,45,0,,,
2896,58,46,0,,,
2897,58,47,0,,,
2898,58,48,0,,,
2899,58,49,0,,,
2900,58,50,0,,,
2901,59,1,1,Wed Feb 25 2026 00:00:00 GMT-0500 (hora de Ecuador),Wed Feb 25 2026 00:00:00 GMT-0500 (hora de Ecuador),
2902,59,2,1,Thu Feb 26 2026 00:00:00 GMT-0500 (hora de Ecuador),Thu Feb 26 2026 00:00:00 GMT-0500 (hora de Ecuador),
2903,59,3,1,Thu Mar 05 2026 00:00:00 GMT-0500 (hora de Ecuador),Thu Mar 05 2026 00:00:00 GMT-0500 (hora de Ecuador),
2904,59,4,1,Thu Mar 05 2026 00:00:00 GMT-0500 (hora de Ecuador),Thu Mar 05 2026 00:00:00 GMT-0500 (hora de Ecuador),
2905,59,5,1,Thu Mar 05 2026 00:00:00 GMT-0500 (hora de Ecuador),Thu Mar 05 2026 00:00:00 GMT-0500 (hora de Ecuador),
2906,59,6,1,Thu Mar 05 2026 00:00:00 GMT-0500 (hora de Ecuador),Thu Mar 05 2026 00:00:00 GMT-0500 (hora de Ecuador),
2907,59,7,1,Thu Mar 05 2026 00:00:00 GMT-0500 (hora de Ecuador),Thu Mar 05 2026 00:00:00 GMT-0500 (hora de Ecuador),
2908,59,8,1,Fri Mar 06 2026 00:00:00 GMT-0500 (hora de Ecuador),Fri Mar 06 2026 00:00:00 GMT-0500 (hora de Ecuador),
2909,59,9,1,Fri Mar 06 2026 00:00:00 GMT-0500 (hora de Ecuador),Fri Mar 06 2026 00:00:00 GMT-0500 (hora de Ecuador),
2910,59,10,1,Fri Mar 06 2026 00:00:00 GMT-0500 (hora de Ecuador),Fri Mar 06 2026 00:00:00 GMT-0500 (hora de Ecuador),
2911,59,11,1,Fri Mar 06 2026 00:00:00 GMT-0500 (hora de Ecuador),Fri Mar 06 2026 00:00:00 GMT-0500 (hora de Ecuador),
2912,59,12,1,Mon Mar 09 2026 00:00:00 GMT-0500 (hora de Ecuador),Mon Mar 09 2026 00:00:00 GMT-0500 (hora de Ecuador),
2913,59,13,1,Mon Mar 09 2026 00:00:00 GMT-0500 (hora de Ecuador),Mon Mar 09 2026 00:00:00 GMT-0500 (hora de Ecuador),
2914,59,14,1,Wed Mar 11 2026 00:00:00 GMT-0500 (hora de Ecuador),Wed Mar 11 2026 00:00:00 GMT-0500 (hora de Ecuador),
2915,59,15,1,Thu Mar 12 2026 00:00:00 GMT-0500 (hora de Ecuador),Thu Mar 12 2026 00:00:00 GMT-0500 (hora de Ecuador),
2916,59,16,1,Thu Mar 12 2026 00:00:00 GMT-0500 (hora de Ecuador),Thu Mar 12 2026 00:00:00 GMT-0500 (hora de Ecuador),
2917,59,17,1,Fri Mar 13 2026 00:00:00 GMT-0500 (hora de Ecuador),Fri Mar 13 2026 00:00:00 GMT-0500 (hora de Ecuador),
2918,59,18,1,Mon Mar 16 2026 00:00:00 GMT-0500 (hora de Ecuador),Mon Mar 16 2026 00:00:00 GMT-0500 (hora de Ecuador),
2919,59,19,1,Mon Mar 16 2026 00:00:00 GMT-0500 (hora de Ecuador),Mon Mar 16 2026 00:00:00 GMT-0500 (hora de Ecuador),
2920,59,20,0,,,
2921,59,21,0,,,
2922,59,22,0,,,
2923,59,23,0,,,
2924,59,24,0,,,
2925,59,25,0,,,
2926,59,26,0,,,
2927,59,27,0,,,
2928,59,28,0,,,
2929,59,29,0,,,
2930,59,30,0,,,
2931,59,31,0,,,
2932,59,32,0,,,
2933,59,33,1,Wed Mar 18 2026 00:00:00 GMT-0500 (hora de Ecuador),Wed Mar 18 2026 00:00:00 GMT-0500 (hora de Ecuador),
2934,59,34,1,Wed Mar 18 2026 00:00:00 GMT-0500 (hora de Ecuador),Wed Mar 18 2026 00:00:00 GMT-0500 (hora de Ecuador),
2935,59,35,1,Thu Mar 19 2026 00:00:00 GMT-0500 (hora de Ecuador),Thu Mar 19 2026 00:00:00 GMT-0500 (hora de Ecuador),
2936,59,36,1,Fri Mar 20 2026 00:00:00 GMT-0500 (hora de Ecuador),Fri Mar 20 2026 00:00:00 GMT-0500 (hora de Ecuador),
2937,59,37,1,Fri Mar 20 2026 00:00:00 GMT-0500 (hora de Ecuador),Fri Mar 20 2026 00:00:00 GMT-0500 (hora de Ecuador),
2938,59,38,1,Mon Mar 23 2026 00:00:00 GMT-0500 (hora de Ecuador),Mon Mar 23 2026 00:00:00 GMT-0500 (hora de Ecuador),
2939,59,39,1,Mon Mar 23 2026 00:00:00 GMT-0500 (hora de Ecuador),Mon Mar 23 2026 00:00:00 GMT-0500 (hora de Ecuador),
2940,59,40,1,Tue Mar 24 2026 00:00:00 GMT-0500 (hora de Ecuador),Tue Mar 24 2026 00:00:00 GMT-0500 (hora de Ecuador),
2941,59,41,1,Thu Mar 26 2026 00:00:00 GMT-0500 (hora de Ecuador),Thu Mar 26 2026 00:00:00 GMT-0500 (hora de Ecuador),
2942,59,42,1,Mon Mar 30 2026 00:00:00 GMT-0500 (hora de Ecuador),Mon Mar 30 2026 00:00:00 GMT-0500 (hora de Ecuador),
2943,59,43,1,Thu Apr 02 2026 00:00:00 GMT-0500 (hora de Ecuador),Thu Apr 02 2026 00:00:00 GMT-0500 (hora de Ecuador),
2944,59,44,1,Mon Apr 06 2026 00:00:00 GMT-0500 (hora de Ecuador),Mon Apr 06 2026 00:00:00 GMT-0500 (hora de Ecuador),
2945,59,45,1,Tue Apr 07 2026 00:00:00 GMT-0500 (hora de Ecuador),Tue Apr 07 2026 00:00:00 GMT-0500 (hora de Ecuador),
2946,59,46,1,Thu Apr 09 2026 00:00:00 GMT-0500 (hora de Ecuador),Thu Apr 09 2026 00:00:00 GMT-0500 (hora de Ecuador),
2947,59,47,1,Fri Apr 10 2026 00:00:00 GMT-0500 (hora de Ecuador),Fri Apr 10 2026 00:00:00 GMT-0500 (hora de Ecuador),
2948,59,48,1,Fri Apr 10 2026 00:00:00 GMT-0500 (hora de Ecuador),Fri Apr 10 2026 00:00:00 GMT-0500 (hora de Ecuador),
2949,59,49,1,Wed Apr 15 2026 00:00:00 GMT-0500 (hora de Ecuador),Wed Apr 15 2026 00:00:00 GMT-0500 (hora de Ecuador),
2950,59,50,1,Mon Apr 20 2026 00:00:00 GMT-0500 (hora de Ecuador),Mon Apr 20 2026 00:00:00 GMT-0500 (hora de Ecuador),
2951,60,1,1,Wed Feb 25 2026 00:00:00 GMT-0500 (hora de Ecuador),Wed Feb 25 2026 00:00:00 GMT-0500 (hora de Ecuador),
2952,60,2,1,Thu Feb 26 2026 00:00:00 GMT-0500 (hora de Ecuador),Thu Feb 26 2026 00:00:00 GMT-0500 (hora de Ecuador),
2953,60,3,1,Thu Mar 05 2026 00:00:00 GMT-0500 (hora de Ecuador),Thu Mar 05 2026 00:00:00 GMT-0500 (hora de Ecuador),
2954,60,4,1,Thu Mar 05 2026 00:00:00 GMT-0500 (hora de Ecuador),Thu Mar 05 2026 00:00:00 GMT-0500 (hora de Ecuador),
2955,60,5,1,Thu Mar 05 2026 00:00:00 GMT-0500 (hora de Ecuador),Thu Mar 05 2026 00:00:00 GMT-0500 (hora de Ecuador),
2956,60,6,1,Thu Mar 05 2026 00:00:00 GMT-0500 (hora de Ecuador),Thu Mar 05 2026 00:00:00 GMT-0500 (hora de Ecuador),
2957,60,7,1,Thu Mar 05 2026 00:00:00 GMT-0500 (hora de Ecuador),Thu Mar 05 2026 00:00:00 GMT-0500 (hora de Ecuador),
2958,60,8,1,Fri Mar 06 2026 00:00:00 GMT-0500 (hora de Ecuador),Fri Mar 06 2026 00:00:00 GMT-0500 (hora de Ecuador),
2959,60,9,1,Fri Mar 06 2026 00:00:00 GMT-0500 (hora de Ecuador),Fri Mar 06 2026 00:00:00 GMT-0500 (hora de Ecuador),
2960,60,10,1,Fri Mar 06 2026 00:00:00 GMT-0500 (hora de Ecuador),Fri Mar 06 2026 00:00:00 GMT-0500 (hora de Ecuador),
2961,60,11,1,Fri Mar 06 2026 00:00:00 GMT-0500 (hora de Ecuador),Fri Mar 06 2026 00:00:00 GMT-0500 (hora de Ecuador),
2962,60,12,1,Mon Mar 09 2026 00:00:00 GMT-0500 (hora de Ecuador),Mon Mar 09 2026 00:00:00 GMT-0500 (hora de Ecuador),
2963,60,13,1,Mon Mar 09 2026 00:00:00 GMT-0500 (hora de Ecuador),Mon Mar 09 2026 00:00:00 GMT-0500 (hora de Ecuador),
2964,60,14,1,Wed Mar 11 2026 00:00:00 GMT-0500 (hora de Ecuador),Wed Mar 11 2026 00:00:00 GMT-0500 (hora de Ecuador),
2965,60,15,1,Thu Mar 12 2026 00:00:00 GMT-0500 (hora de Ecuador),Thu Mar 12 2026 00:00:00 GMT-0500 (hora de Ecuador),
2966,60,16,1,Thu Mar 12 2026 00:00:00 GMT-0500 (hora de Ecuador),Thu Mar 12 2026 00:00:00 GMT-0500 (hora de Ecuador),
2967,60,17,1,Fri Mar 13 2026 00:00:00 GMT-0500 (hora de Ecuador),Fri Mar 13 2026 00:00:00 GMT-0500 (hora de Ecuador),
2968,60,18,1,Mon Mar 16 2026 00:00:00 GMT-0500 (hora de Ecuador),Mon Mar 16 2026 00:00:00 GMT-0500 (hora de Ecuador),
2969,60,19,1,Mon Mar 16 2026 00:00:00 GMT-0500 (hora de Ecuador),Mon Mar 16 2026 00:00:00 GMT-0500 (hora de Ecuador),
2970,60,20,0,,,
2971,60,21,0,,,
2972,60,22,0,,,
2973,60,23,0,,,
2974,60,24,0,,,
2975,60,25,0,,,
2976,60,26,0,,,
2977,60,27,0,,,
2978,60,28,0,,,
2979,60,29,0,,,
2980,60,30,0,,,
2981,60,31,0,,,
2982,60,32,0,,,
2983,60,33,1,Wed Mar 18 2026 00:00:00 GMT-0500 (hora de Ecuador),Wed Mar 18 2026 00:00:00 GMT-0500 (hora de Ecuador),
2984,60,34,1,Wed Mar 18 2026 00:00:00 GMT-0500 (hora de Ecuador),Wed Mar 18 2026 00:00:00 GMT-0500 (hora de Ecuador),
2985,60,35,1,Thu Mar 19 2026 00:00:00 GMT-0500 (hora de Ecuador),Thu Mar 19 2026 00:00:00 GMT-0500 (hora de Ecuador),
2986,60,36,1,Fri Mar 20 2026 00:00:00 GMT-0500 (hora de Ecuador),Fri Mar 20 2026 00:00:00 GMT-0500 (hora de Ecuador),
2987,60,37,1,Fri Mar 20 2026 00:00:00 GMT-0500 (hora de Ecuador),Fri Mar 20 2026 00:00:00 GMT-0500 (hora de Ecuador),
2988,60,38,1,Mon Mar 23 2026 00:00:00 GMT-0500 (hora de Ecuador),Mon Mar 23 2026 00:00:00 GMT-0500 (hora de Ecuador),
2989,60,39,1,Mon Mar 23 2026 00:00:00 GMT-0500 (hora de Ecuador),Mon Mar 23 2026 00:00:00 GMT-0500 (hora de Ecuador),
2990,60,40,1,Tue Mar 24 2026 00:00:00 GMT-0500 (hora de Ecuador),Tue Mar 24 2026 00:00:00 GMT-0500 (hora de Ecuador),
2991,60,41,1,Thu Mar 26 2026 00:00:00 GMT-0500 (hora de Ecuador),Thu Mar 26 2026 00:00:00 GMT-0500 (hora de Ecuador),
2992,60,42,1,Mon Mar 30 2026 00:00:00 GMT-0500 (hora de Ecuador),Mon Mar 30 2026 00:00:00 GMT-0500 (hora de Ecuador),
2993,60,43,1,Thu Apr 02 2026 00:00:00 GMT-0500 (hora de Ecuador),Thu Apr 02 2026 00:00:00 GMT-0500 (hora de Ecuador),
2994,60,44,1,Mon Apr 06 2026 00:00:00 GMT-0500 (hora de Ecuador),Mon Apr 06 2026 00:00:00 GMT-0500 (hora de Ecuador),
2995,60,45,1,Tue Apr 07 2026 00:00:00 GMT-0500 (hora de Ecuador),Tue Apr 07 2026 00:00:00 GMT-0500 (hora de Ecuador),
2996,60,46,1,Thu Apr 09 2026 00:00:00 GMT-0500 (hora de Ecuador),Thu Apr 09 2026 00:00:00 GMT-0500 (hora de Ecuador),
2997,60,47,1,Fri Apr 10 2026 00:00:00 GMT-0500 (hora de Ecuador),Fri Apr 10 2026 00:00:00 GMT-0500 (hora de Ecuador),
2998,60,48,1,Fri Apr 10 2026 00:00:00 GMT-0500 (hora de Ecuador),Fri Apr 10 2026 00:00:00 GMT-0500 (hora de Ecuador),
2999,60,49,1,Wed Apr 15 2026 00:00:00 GMT-0500 (hora de Ecuador),Wed Apr 15 2026 00:00:00 GMT-0500 (hora de Ecuador),
3000,60,50,1,Mon Apr 20 2026 00:00:00 GMT-0500 (hora de Ecuador),Mon Apr 20 2026 00:00:00 GMT-0500 (hora de Ecuador),
3001,61,1,0,,,
3002,61,2,0,,,
3003,61,3,0,,,
3004,61,4,0,,,
3005,61,5,0,,,
3006,61,6,0,,,
3007,61,7,0,,,
3008,61,8,0,,,
3009,61,9,0,,,
3010,61,10,0,,,
3011,61,11,0,,,
3012,61,12,0,,,
3013,61,13,0,,,
3014,61,14,0,,,
3015,61,15,0,,,
3016,61,16,0,,,
3017,61,17,0,,,
3018,61,18,0,,,
3019,61,19,0,,,
3020,61,20,0,,,
3021,61,21,0,,,
3022,61,22,0,,,
3023,61,23,0,,,
3024,61,24,0,,,
3025,61,25,0,,,
3026,61,26,0,,,
3027,61,27,0,,,
3028,61,28,0,,,
3029,61,29,0,,,
3030,61,30,0,,,
3031,61,31,0,,,
3032,61,32,0,,,
3033,61,33,0,,,
3034,61,34,0,,,
3035,61,35,0,,,
3036,61,36,0,,,
3037,61,37,0,,,
3038,61,38,0,,,
3039,61,39,0,,,
3040,61,40,0,,,
3041,61,41,0,,,
3042,61,42,0,,,
3043,61,43,0,,,
3044,61,44,0,,,
3045,61,45,0,,,
3046,61,46,0,,,
3047,61,47,0,,,
3048,61,48,0,,,
3049,61,49,0,,,
3050,61,50,0,,,
3051,62,1,1,Wed Feb 25 2026 00:00:00 GMT-0500 (hora de Ecuador),Wed Feb 25 2026 00:00:00 GMT-0500 (hora de Ecuador),
3052,62,2,1,Thu Feb 26 2026 00:00:00 GMT-0500 (hora de Ecuador),Thu Feb 26 2026 00:00:00 GMT-0500 (hora de Ecuador),
3053,62,3,1,Mon Mar 09 2026 00:00:00 GMT-0500 (hora de Ecuador),Mon Mar 09 2026 00:00:00 GMT-0500 (hora de Ecuador),
3054,62,4,1,Mon Mar 09 2026 00:00:00 GMT-0500 (hora de Ecuador),Mon Mar 09 2026 00:00:00 GMT-0500 (hora de Ecuador),
3055,62,5,1,Mon Mar 09 2026 00:00:00 GMT-0500 (hora de Ecuador),Mon Mar 09 2026 00:00:00 GMT-0500 (hora de Ecuador),
3056,62,6,1,Mon Mar 09 2026 00:00:00 GMT-0500 (hora de Ecuador),Mon Mar 09 2026 00:00:00 GMT-0500 (hora de Ecuador),
3057,62,7,1,Mon Mar 09 2026 00:00:00 GMT-0500 (hora de Ecuador),Mon Mar 09 2026 00:00:00 GMT-0500 (hora de Ecuador),
3058,62,8,1,Tue Mar 10 2026 00:00:00 GMT-0500 (hora de Ecuador),Tue Mar 10 2026 00:00:00 GMT-0500 (hora de Ecuador),
3059,62,9,1,Wed Mar 11 2026 00:00:00 GMT-0500 (hora de Ecuador),Wed Mar 11 2026 00:00:00 GMT-0500 (hora de Ecuador),
3060,62,10,1,Wed Mar 11 2026 00:00:00 GMT-0500 (hora de Ecuador),Wed Mar 11 2026 00:00:00 GMT-0500 (hora de Ecuador),
3061,62,11,1,Wed Mar 11 2026 00:00:00 GMT-0500 (hora de Ecuador),Wed Mar 11 2026 00:00:00 GMT-0500 (hora de Ecuador),
3062,62,12,1,Thu Mar 12 2026 00:00:00 GMT-0500 (hora de Ecuador),Thu Mar 12 2026 00:00:00 GMT-0500 (hora de Ecuador),
3063,62,13,1,Fri Mar 13 2026 00:00:00 GMT-0500 (hora de Ecuador),Fri Mar 13 2026 00:00:00 GMT-0500 (hora de Ecuador),
3064,62,14,1,Mon Mar 16 2026 00:00:00 GMT-0500 (hora de Ecuador),Mon Mar 16 2026 00:00:00 GMT-0500 (hora de Ecuador),
3065,62,15,1,Tue Mar 17 2026 00:00:00 GMT-0500 (hora de Ecuador),Tue Mar 17 2026 00:00:00 GMT-0500 (hora de Ecuador),
3066,62,16,1,Tue Mar 17 2026 00:00:00 GMT-0500 (hora de Ecuador),Tue Mar 17 2026 00:00:00 GMT-0500 (hora de Ecuador),
3067,62,17,1,Wed Mar 18 2026 00:00:00 GMT-0500 (hora de Ecuador),Wed Mar 18 2026 00:00:00 GMT-0500 (hora de Ecuador),
3068,62,18,1,Thu Mar 19 2026 00:00:00 GMT-0500 (hora de Ecuador),Thu Mar 19 2026 00:00:00 GMT-0500 (hora de Ecuador),
3069,62,19,1,Thu Mar 19 2026 00:00:00 GMT-0500 (hora de Ecuador),Thu Mar 19 2026 00:00:00 GMT-0500 (hora de Ecuador),
3070,62,20,0,,,
3071,62,21,0,,,
3072,62,22,0,,,
3073,62,23,0,,,
3074,62,24,0,,,
3075,62,25,0,,,
3076,62,26,0,,,
3077,62,27,0,,,
3078,62,28,0,,,
3079,62,29,0,,,
3080,62,30,0,,,
3081,62,31,0,,,
3082,62,32,0,,,
3083,62,33,1,Fri Mar 20 2026 00:00:00 GMT-0500 (hora de Ecuador),Fri Mar 20 2026 00:00:00 GMT-0500 (hora de Ecuador),
3084,62,34,1,Fri Mar 20 2026 00:00:00 GMT-0500 (hora de Ecuador),Fri Mar 20 2026 00:00:00 GMT-0500 (hora de Ecuador),
3085,62,35,1,Mon Mar 23 2026 00:00:00 GMT-0500 (hora de Ecuador),Mon Mar 23 2026 00:00:00 GMT-0500 (hora de Ecuador),
3086,62,36,0,,,
3087,62,37,0,,,
3088,62,38,0,,,
3089,62,39,0,,,
3090,62,40,0,,,
3091,62,41,0,,,
3092,62,42,0,,,
3093,62,43,0,,,
3094,62,44,0,,,
3095,62,45,0,,,
3096,62,46,0,,,
3097,62,47,0,,,
3098,62,48,0,,,
3099,62,49,0,,,
3100,62,50,1,Thu Mar 19 2026 00:00:00 GMT-0500 (hora de Ecuador),Thu Mar 19 2026 00:00:00 GMT-0500 (hora de Ecuador),
3101,63,1,0,,,
3102,63,2,0,,,
3103,63,3,0,,,
3104,63,4,0,,,
3105,63,5,0,,,
3106,63,6,0,,,
3107,63,7,0,,,
3108,63,8,0,,,
3109,63,9,0,,,
3110,63,10,0,,,
3111,63,11,0,,,
3112,63,12,0,,,
3113,63,13,0,,,
3114,63,14,0,,,
3115,63,15,0,,,
3116,63,16,0,,,
3117,63,17,0,,,
3118,63,18,0,,,
3119,63,19,0,,,
3120,63,20,0,,,
3121,63,21,0,,,
3122,63,22,0,,,
3123,63,23,0,,,
3124,63,24,0,,,
3125,63,25,0,,,
3126,63,26,0,,,
3127,63,27,0,,,
3128,63,28,0,,,
3129,63,29,0,,,
3130,63,30,0,,,
3131,63,31,0,,,
3132,63,32,0,,,
3133,63,33,0,,,
3134,63,34,0,,,
3135,63,35,0,,,
3136,63,36,0,,,
3137,63,37,0,,,
3138,63,38,0,,,
3139,63,39,0,,,
3140,63,40,0,,,
3141,63,41,0,,,
3142,63,42,0,,,
3143,63,43,0,,,
3144,63,44,0,,,
3145,63,45,0,,,
3146,63,46,0,,,
3147,63,47,0,,,
3148,63,48,0,,,
3149,63,49,0,,,
3150,63,50,0,,,
3151,64,1,0,,,
3152,64,2,0,,,
3153,64,3,0,,,
3154,64,4,0,,,
3155,64,5,0,,,
3156,64,6,0,,,
3157,64,7,0,,,
3158,64,8,0,,,
3159,64,9,0,,,
3160,64,10,0,,,
3161,64,11,0,,,
3162,64,12,0,,,
3163,64,13,0,,,
3164,64,14,0,,,
3165,64,15,0,,,
3166,64,16,0,,,
3167,64,17,0,,,
3168,64,18,0,,,
3169,64,19,0,,,
3170,64,20,0,,,
3171,64,21,0,,,
3172,64,22,0,,,
3173,64,23,0,,,
3174,64,24,0,,,
3175,64,25,0,,,
3176,64,26,0,,,
3177,64,27,0,,,
3178,64,28,0,,,
3179,64,29,0,,,
3180,64,30,0,,,
3181,64,31,0,,,
3182,64,32,0,,,
3183,64,33,0,,,
3184,64,34,0,,,
3185,64,35,0,,,
3186,64,36,0,,,
3187,64,37,0,,,
3188,64,38,0,,,
3189,64,39,0,,,
3190,64,40,0,,,
3191,64,41,0,,,
3192,64,42,0,,,
3193,64,43,0,,,
3194,64,44,0,,,
3195,64,45,0,,,
3196,64,46,0,,,
3197,64,47,0,,,
3198,64,48,0,,,
3199,64,49,0,,,
3200,64,50,0,,,
3201,65,1,0,,,
3202,65,2,0,,,
3203,65,3,0,,,
3204,65,4,0,,,
3205,65,5,0,,,
3206,65,6,0,,,
3207,65,7,0,,,
3208,65,8,0,,,
3209,65,9,0,,,
3210,65,10,0,,,
3211,65,11,0,,,
3212,65,12,0,,,
3213,65,13,0,,,
3214,65,14,0,,,
3215,65,15,0,,,
3216,65,16,0,,,
3217,65,17,0,,,
3218,65,18,0,,,
3219,65,19,0,,,
3220,65,20,0,,,
3221,65,21,0,,,
3222,65,22,0,,,
3223,65,23,0,,,
3224,65,24,0,,,
3225,65,25,0,,,
3226,65,26,0,,,
3227,65,27,0,,,
3228,65,28,0,,,
3229,65,29,0,,,
3230,65,30,0,,,
3231,65,31,0,,,
3232,65,32,0,,,
3233,65,33,0,,,
3234,65,34,0,,,
3235,65,35,0,,,
3236,65,36,0,,,
3237,65,37,0,,,
3238,65,38,0,,,
3239,65,39,0,,,
3240,65,40,0,,,
3241,65,41,0,,,
3242,65,42,0,,,
3243,65,43,0,,,
3244,65,44,0,,,
3245,65,45,0,,,
3246,65,46,0,,,
3247,65,47,0,,,
3248,65,48,0,,,
3249,65,49,0,,,
3250,65,50,0,,,
3251,66,1,0,,,
3252,66,2,0,,,
3253,66,3,0,,,
3254,66,4,0,,,
3255,66,5,0,,,
3256,66,6,0,,,
3257,66,7,0,,,
3258,66,8,0,,,
3259,66,9,0,,,
3260,66,10,0,,,
3261,66,11,0,,,
3262,66,12,0,,,
3263,66,13,0,,,
3264,66,14,0,,,
3265,66,15,0,,,
3266,66,16,0,,,
3267,66,17,0,,,
3268,66,18,0,,,
3269,66,19,0,,,
3270,66,20,0,,,
3271,66,21,0,,,
3272,66,22,0,,,
3273,66,23,0,,,
3274,66,24,0,,,
3275,66,25,0,,,
3276,66,26,0,,,
3277,66,27,0,,,
3278,66,28,0,,,
3279,66,29,0,,,
3280,66,30,0,,,
3281,66,31,0,,,
3282,66,32,0,,,
3283,66,33,0,,,
3284,66,34,0,,,
3285,66,35,0,,,
3286,66,36,0,,,
3287,66,37,0,,,
3288,66,38,0,,,
3289,66,39,0,,,
3290,66,40,0,,,
3291,66,41,0,,,
3292,66,42,0,,,
3293,66,43,0,,,
3294,66,44,0,,,
3295,66,45,0,,,
3296,66,46,0,,,
3297,66,47,0,,,
3298,66,48,0,,,
3299,66,49,0,,,
3300,66,50,0,,,
3301,67,1,0,,,
3302,67,2,0,,,
3303,67,3,0,,,
3304,67,4,0,,,
3305,67,5,0,,,
3306,67,6,0,,,
3307,67,7,0,,,
3308,67,8,0,,,
3309,67,9,0,,,
3310,67,10,0,,,
3311,67,11,0,,,
3312,67,12,0,,,
3313,67,13,0,,,
3314,67,14,0,,,
3315,67,15,0,,,
3316,67,16,0,,,
3317,67,17,0,,,
3318,67,18,0,,,
3319,67,19,0,,,
3320,67,20,0,,,
3321,67,21,0,,,
3322,67,22,0,,,
3323,67,23,0,,,
3324,67,24,0,,,
3325,67,25,0,,,
3326,67,26,0,,,
3327,67,27,0,,,
3328,67,28,0,,,
3329,67,29,0,,,
3330,67,30,0,,,
3331,67,31,0,,,
3332,67,32,0,,,
3333,67,33,0,,,
3334,67,34,0,,,
3335,67,35,0,,,
3336,67,36,0,,,
3337,67,37,0,,,
3338,67,38,0,,,
3339,67,39,0,,,
3340,67,40,0,,,
3341,67,41,0,,,
3342,67,42,0,,,
3343,67,43,0,,,
3344,67,44,0,,,
3345,67,45,0,,,
3346,67,46,0,,,
3347,67,47,0,,,
3348,67,48,0,,,
3349,67,49,0,,,
3350,67,50,0,,,
3351,68,1,0,,,
3352,68,2,0,,,
3353,68,3,0,,,
3354,68,4,0,,,
3355,68,5,0,,,
3356,68,6,0,,,
3357,68,7,0,,,
3358,68,8,0,,,
3359,68,9,0,,,
3360,68,10,0,,,
3361,68,11,0,,,
3362,68,12,0,,,
3363,68,13,0,,,
3364,68,14,0,,,
3365,68,15,0,,,
3366,68,16,0,,,
3367,68,17,0,,,
3368,68,18,0,,,
3369,68,19,0,,,
3370,68,20,0,,,
3371,68,21,0,,,
3372,68,22,0,,,
3373,68,23,0,,,
3374,68,24,0,,,
3375,68,25,0,,,
3376,68,26,0,,,
3377,68,27,0,,,
3378,68,28,0,,,
3379,68,29,0,,,
3380,68,30,0,,,
3381,68,31,0,,,
3382,68,32,0,,,
3383,68,33,0,,,
3384,68,34,0,,,
3385,68,35,0,,,
3386,68,36,0,,,
3387,68,37,0,,,
3388,68,38,0,,,
3389,68,39,0,,,
3390,68,40,0,,,
3391,68,41,0,,,
3392,68,42,0,,,
3393,68,43,0,,,
3394,68,44,0,,,
3395,68,45,0,,,
3396,68,46,0,,,
3397,68,47,0,,,
3398,68,48,0,,,
3399,68,49,0,,,
3400,68,50,0,,,
3401,69,1,0,,,
3402,69,2,0,,,
3403,69,3,0,,,
3404,69,4,0,,,
3405,69,5,0,,,
3406,69,6,0,,,
3407,69,7,0,,,
3408,69,8,0,,,
3409,69,9,0,,,
3410,69,10,0,,,
3411,69,11,0,,,
3412,69,12,0,,,
3413,69,13,0,,,
3414,69,14,0,,,
3415,69,15,0,,,
3416,69,16,0,,,
3417,69,17,0,,,
3418,69,18,0,,,
3419,69,19,0,,,
3420,69,20,0,,,
3421,69,21,0,,,
3422,69,22,0,,,
3423,69,23,0,,,
3424,69,24,0,,,
3425,69,25,0,,,
3426,69,26,0,,,
3427,69,27,0,,,
3428,69,28,0,,,
3429,69,29,0,,,
3430,69,30,0,,,
3431,69,31,0,,,
3432,69,32,0,,,
3433,69,33,0,,,
3434,69,34,0,,,
3435,69,35,0,,,
3436,69,36,0,,,
3437,69,37,0,,,
3438,69,38,0,,,
3439,69,39,0,,,
3440,69,40,0,,,
3441,69,41,0,,,
3442,69,42,0,,,
3443,69,43,0,,,
3444,69,44,0,,,
3445,69,45,0,,,
3446,69,46,0,,,
3447,69,47,0,,,
3448,69,48,0,,,
3449,69,49,0,,,
3450,69,50,0,,,
3451,70,1,1,Mon Apr 06 2026 00:00:00 GMT-0500 (hora de Ecuador),Mon Apr 06 2026 00:00:00 GMT-0500 (hora de Ecuador),
3452,70,2,1,Tue Apr 07 2026 00:00:00 GMT-0500 (hora de Ecuador),Tue Apr 07 2026 00:00:00 GMT-0500 (hora de Ecuador),
3453,70,3,1,Mon Apr 13 2026 00:00:00 GMT-0500 (hora de Ecuador),Mon Apr 13 2026 00:00:00 GMT-0500 (hora de Ecuador),
3454,70,4,1,Mon Apr 13 2026 00:00:00 GMT-0500 (hora de Ecuador),Mon Apr 13 2026 00:00:00 GMT-0500 (hora de Ecuador),
3455,70,5,1,Mon Apr 13 2026 00:00:00 GMT-0500 (hora de Ecuador),Mon Apr 13 2026 00:00:00 GMT-0500 (hora de Ecuador),
3456,70,6,1,Tue Apr 14 2026 00:00:00 GMT-0500 (hora de Ecuador),Tue Apr 14 2026 00:00:00 GMT-0500 (hora de Ecuador),
3457,70,7,1,Wed Apr 15 2026 00:00:00 GMT-0500 (hora de Ecuador),Wed Apr 15 2026 00:00:00 GMT-0500 (hora de Ecuador),
3458,70,8,1,Wed Apr 15 2026 00:00:00 GMT-0500 (hora de Ecuador),Wed Apr 15 2026 00:00:00 GMT-0500 (hora de Ecuador),
3459,70,9,1,Thu Apr 16 2026 00:00:00 GMT-0500 (hora de Ecuador),Thu Apr 16 2026 00:00:00 GMT-0500 (hora de Ecuador),
3460,70,10,1,Tue Jun 16 2026 00:00:00 GMT-0500 (hora de Ecuador),Tue Jun 16 2026 00:00:00 GMT-0500 (hora de Ecuador),
3461,70,11,1,Thu Apr 16 2026 00:00:00 GMT-0500 (hora de Ecuador),Thu Apr 16 2026 00:00:00 GMT-0500 (hora de Ecuador),
3462,70,12,1,Fri Apr 17 2026 00:00:00 GMT-0500 (hora de Ecuador),Fri Apr 17 2026 00:00:00 GMT-0500 (hora de Ecuador),
3463,70,13,1,Tue Apr 21 2026 00:00:00 GMT-0500 (hora de Ecuador),Tue Apr 21 2026 00:00:00 GMT-0500 (hora de Ecuador),
3464,70,14,1,Wed Apr 22 2026 00:00:00 GMT-0500 (hora de Ecuador),Wed Apr 22 2026 00:00:00 GMT-0500 (hora de Ecuador),
3465,70,15,1,Thu Apr 23 2026 00:00:00 GMT-0500 (hora de Ecuador),Thu Apr 23 2026 00:00:00 GMT-0500 (hora de Ecuador),
3466,70,16,1,Thu Apr 23 2026 00:00:00 GMT-0500 (hora de Ecuador),Thu Apr 23 2026 00:00:00 GMT-0500 (hora de Ecuador),
3467,70,17,1,Fri Apr 24 2026 00:00:00 GMT-0500 (hora de Ecuador),Fri Apr 24 2026 00:00:00 GMT-0500 (hora de Ecuador),
3468,70,18,1,Mon Apr 27 2026 00:00:00 GMT-0500 (hora de Ecuador),Mon Apr 27 2026 00:00:00 GMT-0500 (hora de Ecuador),
3469,70,19,1,Mon Apr 27 2026 00:00:00 GMT-0500 (hora de Ecuador),Mon Apr 27 2026 00:00:00 GMT-0500 (hora de Ecuador),
3470,70,20,0,,,
3471,70,21,0,,,
3472,70,22,0,,,
3473,70,23,0,,,
3474,70,24,0,,,
3475,70,25,0,,,
3476,70,26,0,,,
3477,70,27,0,,,
3478,70,28,0,,,
3479,70,29,0,,,
3480,70,30,0,,,
3481,70,31,0,,,
3482,70,32,0,,,
3483,70,33,1,Mon Apr 27 2026 00:00:00 GMT-0500 (hora de Ecuador),Mon Apr 27 2026 00:00:00 GMT-0500 (hora de Ecuador),
3484,70,34,1,Mon Apr 27 2026 00:00:00 GMT-0500 (hora de Ecuador),Mon Apr 27 2026 00:00:00 GMT-0500 (hora de Ecuador),
3485,70,35,1,Mon Apr 27 2026 00:00:00 GMT-0500 (hora de Ecuador),Mon Apr 27 2026 00:00:00 GMT-0500 (hora de Ecuador),
3486,70,36,0,,,
3487,70,37,0,,,
3488,70,38,0,,,
3489,70,39,1,Thu Apr 30 2026 00:00:00 GMT-0500 (hora de Ecuador),Thu Apr 30 2026 00:00:00 GMT-0500 (hora de Ecuador),
3490,70,40,1,Fri Apr 10 2026 00:00:00 GMT-0500 (hora de Ecuador),Fri Apr 10 2026 00:00:00 GMT-0500 (hora de Ecuador),
3491,70,41,0,,,
3492,70,42,0,,,
3493,70,43,0,,,
3494,70,44,0,,,
3495,70,45,0,,,
3496,70,46,0,,,
3497,70,47,0,,,
3498,70,48,0,,,
3499,70,49,0,,,
3500,70,50,1,Fri Apr 10 2026 00:00:00 GMT-0500 (hora de Ecuador),Fri Apr 10 2026 00:00:00 GMT-0500 (hora de Ecuador),
3501,71,1,1,Mon Jul 20 2026 00:00:00 GMT-0500 (hora de Ecuador),Mon Jul 20 2026 00:00:00 GMT-0500 (hora de Ecuador),
3502,71,2,0,,,
3503,71,3,0,,,
3504,71,4,0,,,
3505,71,5,0,,,
3506,71,6,0,,,
3507,71,7,0,,,
3508,71,8,0,,,
3509,71,9,0,,,
3510,71,10,0,,,
3511,71,11,0,,,
3512,71,12,0,,,
3513,71,13,0,,,
3514,71,14,0,,,
3515,71,15,0,,,
3516,71,16,0,,,
3517,71,17,0,,,
3518,71,18,0,,,
3519,71,19,0,,,
3520,71,20,0,,,
3521,71,21,0,,,
3522,71,22,0,,,
3523,71,23,0,,,
3524,71,24,0,,,
3525,71,25,0,,,
3526,71,26,0,,,
3527,71,27,0,,,
3528,71,28,0,,,
3529,71,29,0,,,
3530,71,30,0,,,
3531,71,31,0,,,
3532,71,32,0,,,
3533,71,33,0,,,
3534,71,34,0,,,
3535,71,35,0,,,
3536,71,36,0,,,
3537,71,37,0,,,
3538,71,38,0,,,
3539,71,39,0,,,
3540,71,40,0,,,
3541,71,41,0,,,
3542,71,42,0,,,
3543,71,43,0,,,
3544,71,44,0,,,
3545,71,45,0,,,
3546,71,46,0,,,
3547,71,47,0,,,
3548,71,48,0,,,
3549,71,49,0,,,
3550,71,50,0,,,
3551,72,1,1,Mon Apr 06 2026 00:00:00 GMT-0500 (hora de Ecuador),Mon Apr 06 2026 00:00:00 GMT-0500 (hora de Ecuador),
3552,72,2,1,Tue Apr 07 2026 00:00:00 GMT-0500 (hora de Ecuador),Tue Apr 07 2026 00:00:00 GMT-0500 (hora de Ecuador),
3553,72,3,1,Mon Apr 13 2026 00:00:00 GMT-0500 (hora de Ecuador),Mon Apr 13 2026 00:00:00 GMT-0500 (hora de Ecuador),
3554,72,4,1,Mon Apr 13 2026 00:00:00 GMT-0500 (hora de Ecuador),Mon Apr 13 2026 00:00:00 GMT-0500 (hora de Ecuador),
3555,72,5,1,Mon Apr 13 2026 00:00:00 GMT-0500 (hora de Ecuador),Mon Apr 13 2026 00:00:00 GMT-0500 (hora de Ecuador),
3556,72,6,1,Tue Apr 14 2026 00:00:00 GMT-0500 (hora de Ecuador),Tue Apr 14 2026 00:00:00 GMT-0500 (hora de Ecuador),
3557,72,7,1,Wed Apr 15 2026 00:00:00 GMT-0500 (hora de Ecuador),Wed Apr 15 2026 00:00:00 GMT-0500 (hora de Ecuador),
3558,72,8,1,Wed Apr 15 2026 00:00:00 GMT-0500 (hora de Ecuador),Wed Apr 15 2026 00:00:00 GMT-0500 (hora de Ecuador),
3559,72,9,1,Thu Apr 16 2026 00:00:00 GMT-0500 (hora de Ecuador),Thu Apr 16 2026 00:00:00 GMT-0500 (hora de Ecuador),
3560,72,10,1,Tue Jun 16 2026 00:00:00 GMT-0500 (hora de Ecuador),Tue Jun 16 2026 00:00:00 GMT-0500 (hora de Ecuador),
3561,72,11,1,Thu Apr 16 2026 00:00:00 GMT-0500 (hora de Ecuador),Thu Apr 16 2026 00:00:00 GMT-0500 (hora de Ecuador),
3562,72,12,1,Fri Apr 17 2026 00:00:00 GMT-0500 (hora de Ecuador),Fri Apr 17 2026 00:00:00 GMT-0500 (hora de Ecuador),
3563,72,13,1,Tue Apr 21 2026 00:00:00 GMT-0500 (hora de Ecuador),Tue Apr 21 2026 00:00:00 GMT-0500 (hora de Ecuador),
3564,72,14,1,Wed Apr 22 2026 00:00:00 GMT-0500 (hora de Ecuador),Wed Apr 22 2026 00:00:00 GMT-0500 (hora de Ecuador),
3565,72,15,1,Thu Apr 23 2026 00:00:00 GMT-0500 (hora de Ecuador),Thu Apr 23 2026 00:00:00 GMT-0500 (hora de Ecuador),
3566,72,16,1,Thu Apr 23 2026 00:00:00 GMT-0500 (hora de Ecuador),Thu Apr 23 2026 00:00:00 GMT-0500 (hora de Ecuador),
3567,72,17,1,Fri Apr 24 2026 00:00:00 GMT-0500 (hora de Ecuador),Fri Apr 24 2026 00:00:00 GMT-0500 (hora de Ecuador),
3568,72,18,1,Mon Apr 27 2026 00:00:00 GMT-0500 (hora de Ecuador),Mon Apr 27 2026 00:00:00 GMT-0500 (hora de Ecuador),
3569,72,19,1,Mon Apr 27 2026 00:00:00 GMT-0500 (hora de Ecuador),Mon Apr 27 2026 00:00:00 GMT-0500 (hora de Ecuador),
3570,72,20,0,,,
3571,72,21,0,,,
3572,72,22,0,,,
3573,72,23,0,,,
3574,72,24,0,,,
3575,72,25,0,,,
3576,72,26,0,,,
3577,72,27,0,,,
3578,72,28,0,,,
3579,72,29,0,,,
3580,72,30,0,,,
3581,72,31,0,,,
3582,72,32,0,,,
3583,72,33,1,Mon Apr 27 2026 00:00:00 GMT-0500 (hora de Ecuador),Mon Apr 27 2026 00:00:00 GMT-0500 (hora de Ecuador),
3584,72,34,1,Mon Apr 27 2026 00:00:00 GMT-0500 (hora de Ecuador),Mon Apr 27 2026 00:00:00 GMT-0500 (hora de Ecuador),
3585,72,35,1,Mon Apr 27 2026 00:00:00 GMT-0500 (hora de Ecuador),Mon Apr 27 2026 00:00:00 GMT-0500 (hora de Ecuador),
3586,72,36,0,,,
3587,72,37,0,,,
3588,72,38,0,,,
3589,72,39,1,Thu Apr 30 2026 00:00:00 GMT-0500 (hora de Ecuador),Thu Apr 30 2026 00:00:00 GMT-0500 (hora de Ecuador),
3590,72,40,1,Fri Apr 10 2026 00:00:00 GMT-0500 (hora de Ecuador),Fri Apr 10 2026 00:00:00 GMT-0500 (hora de Ecuador),
3591,72,41,0,,,
3592,72,42,0,,,
3593,72,43,0,,,
3594,72,44,0,,,
3595,72,45,0,,,
3596,72,46,0,,,
3597,72,47,0,,,
3598,72,48,0,,,
3599,72,49,0,,,
3600,72,50,1,Mon Mar 09 2026 00:00:00 GMT-0500 (hora de Ecuador),Mon Mar 09 2026 00:00:00 GMT-0500 (hora de Ecuador),
3601,73,1,0,,,
3602,73,2,0,,,
3603,73,3,0,,,
3604,73,4,0,,,
3605,73,5,0,,,
3606,73,6,0,,,
3607,73,7,0,,,
3608,73,8,0,,,
3609,73,9,0,,,
3610,73,10,0,,,
3611,73,11,0,,,
3612,73,12,0,,,
3613,73,13,0,,,
3614,73,14,0,,,
3615,73,15,0,,,
3616,73,16,0,,,
3617,73,17,0,,,
3618,73,18,0,,,
3619,73,19,0,,,
3620,73,20,0,,,
3621,73,21,0,,,
3622,73,22,0,,,
3623,73,23,0,,,
3624,73,24,0,,,
3625,73,25,0,,,
3626,73,26,0,,,
3627,73,27,0,,,
3628,73,28,0,,,
3629,73,29,0,,,
3630,73,30,0,,,
3631,73,31,0,,,
3632,73,32,0,,,
3633,73,33,0,,,
3634,73,34,0,,,
3635,73,35,0,,,
3636,73,36,0,,,
3637,73,37,0,,,
3638,73,38,0,,,
3639,73,39,0,,,
3640,73,40,0,,,
3641,73,41,0,,,
3642,73,42,0,,,
3643,73,43,0,,,
3644,73,44,0,,,
3645,73,45,0,,,
3646,73,46,0,,,
3647,73,47,0,,,
3648,73,48,0,,,
3649,73,49,0,,,
3650,73,50,0,,,
3651,74,1,0,,,
3652,74,2,0,,,
3653,74,3,0,,,
3654,74,4,0,,,
3655,74,5,0,,,
3656,74,6,0,,,
3657,74,7,0,,,
3658,74,8,0,,,
3659,74,9,0,,,
3660,74,10,0,,,
3661,74,11,0,,,
3662,74,12,0,,,
3663,74,13,0,,,
3664,74,14,0,,,
3665,74,15,0,,,
3666,74,16,0,,,
3667,74,17,0,,,
3668,74,18,0,,,
3669,74,19,0,,,
3670,74,20,0,,,
3671,74,21,0,,,
3672,74,22,0,,,
3673,74,23,0,,,
3674,74,24,0,,,
3675,74,25,0,,,
3676,74,26,0,,,
3677,74,27,0,,,
3678,74,28,0,,,
3679,74,29,0,,,
3680,74,30,0,,,
3681,74,31,0,,,
3682,74,32,0,,,
3683,74,33,0,,,
3684,74,34,0,,,
3685,74,35,0,,,
3686,74,36,0,,,
3687,74,37,0,,,
3688,74,38,0,,,
3689,74,39,0,,,
3690,74,40,0,,,
3691,74,41,0,,,
3692,74,42,0,,,
3693,74,43,0,,,
3694,74,44,0,,,
3695,74,45,0,,,
3696,74,46,0,,,
3697,74,47,0,,,
3698,74,48,0,,,
3699,74,49,0,,,
3700,74,50,0,,,
3701,75,1,1,Mon Feb 02 2026 00:00:00 GMT-0500 (hora de Ecuador),Mon Feb 02 2026 00:00:00 GMT-0500 (hora de Ecuador),
3702,75,2,1,Mon Feb 02 2026 00:00:00 GMT-0500 (hora de Ecuador),Mon Feb 02 2026 00:00:00 GMT-0500 (hora de Ecuador),
3703,75,3,1,Thu Feb 26 2026 00:00:00 GMT-0500 (hora de Ecuador),Thu Feb 26 2026 00:00:00 GMT-0500 (hora de Ecuador),
3704,75,4,1,Thu Feb 26 2026 00:00:00 GMT-0500 (hora de Ecuador),Thu Feb 26 2026 00:00:00 GMT-0500 (hora de Ecuador),
3705,75,5,1,Thu Mar 05 2026 00:00:00 GMT-0500 (hora de Ecuador),Thu Mar 05 2026 00:00:00 GMT-0500 (hora de Ecuador),
3706,75,6,1,Fri Mar 06 2026 00:00:00 GMT-0500 (hora de Ecuador),Fri Mar 06 2026 00:00:00 GMT-0500 (hora de Ecuador),
3707,75,7,1,Mon Mar 09 2026 00:00:00 GMT-0500 (hora de Ecuador),Mon Mar 09 2026 00:00:00 GMT-0500 (hora de Ecuador),
3708,75,8,1,Tue Mar 10 2026 00:00:00 GMT-0500 (hora de Ecuador),Tue Mar 10 2026 00:00:00 GMT-0500 (hora de Ecuador),
3709,75,9,1,Wed Mar 11 2026 00:00:00 GMT-0500 (hora de Ecuador),Wed Mar 11 2026 00:00:00 GMT-0500 (hora de Ecuador),
3710,75,10,1,Wed Mar 11 2026 00:00:00 GMT-0500 (hora de Ecuador),Wed Mar 11 2026 00:00:00 GMT-0500 (hora de Ecuador),
3711,75,11,1,Wed Mar 11 2026 00:00:00 GMT-0500 (hora de Ecuador),Wed Mar 11 2026 00:00:00 GMT-0500 (hora de Ecuador),
3712,75,12,1,Thu Mar 12 2026 00:00:00 GMT-0500 (hora de Ecuador),Thu Mar 12 2026 00:00:00 GMT-0500 (hora de Ecuador),
3713,75,13,1,Fri Mar 13 2026 00:00:00 GMT-0500 (hora de Ecuador),Fri Mar 13 2026 00:00:00 GMT-0500 (hora de Ecuador),
3714,75,14,1,Mon Mar 16 2026 00:00:00 GMT-0500 (hora de Ecuador),Mon Mar 16 2026 00:00:00 GMT-0500 (hora de Ecuador),
3715,75,15,1,Mon Mar 16 2026 00:00:00 GMT-0500 (hora de Ecuador),Mon Mar 16 2026 00:00:00 GMT-0500 (hora de Ecuador),
3716,75,16,1,Mon Mar 16 2026 00:00:00 GMT-0500 (hora de Ecuador),Mon Mar 16 2026 00:00:00 GMT-0500 (hora de Ecuador),
3717,75,17,1,Tue Mar 17 2026 00:00:00 GMT-0500 (hora de Ecuador),Tue Mar 17 2026 00:00:00 GMT-0500 (hora de Ecuador),
3718,75,18,1,Tue Mar 17 2026 00:00:00 GMT-0500 (hora de Ecuador),Tue Mar 17 2026 00:00:00 GMT-0500 (hora de Ecuador),
3719,75,19,1,Tue Mar 17 2026 00:00:00 GMT-0500 (hora de Ecuador),Tue Mar 17 2026 00:00:00 GMT-0500 (hora de Ecuador),
3720,75,20,0,,,
3721,75,21,0,,,
3722,75,22,0,,,
3723,75,23,0,,,
3724,75,24,0,,,
3725,75,25,0,,,
3726,75,26,0,,,
3727,75,27,0,,,
3728,75,28,0,,,
3729,75,29,0,,,
3730,75,30,0,,,
3731,75,31,0,,,
3732,75,32,0,,,
3733,75,33,1,Tue Mar 17 2026 00:00:00 GMT-0500 (hora de Ecuador),Tue Mar 17 2026 00:00:00 GMT-0500 (hora de Ecuador),
3734,75,34,1,Tue Mar 17 2026 00:00:00 GMT-0500 (hora de Ecuador),Tue Mar 17 2026 00:00:00 GMT-0500 (hora de Ecuador),
3735,75,35,1,Wed Mar 18 2026 00:00:00 GMT-0500 (hora de Ecuador),Wed Mar 18 2026 00:00:00 GMT-0500 (hora de Ecuador),
3736,75,36,1,Thu Mar 19 2026 00:00:00 GMT-0500 (hora de Ecuador),Thu Mar 19 2026 00:00:00 GMT-0500 (hora de Ecuador),
3737,75,37,1,Thu Mar 19 2026 00:00:00 GMT-0500 (hora de Ecuador),Thu Mar 19 2026 00:00:00 GMT-0500 (hora de Ecuador),
3738,75,38,1,Fri Mar 20 2026 00:00:00 GMT-0500 (hora de Ecuador),Fri Mar 20 2026 00:00:00 GMT-0500 (hora de Ecuador),
3739,75,39,1,Fri Mar 20 2026 00:00:00 GMT-0500 (hora de Ecuador),Fri Mar 20 2026 00:00:00 GMT-0500 (hora de Ecuador),
3740,75,40,1,Tue Mar 24 2026 00:00:00 GMT-0500 (hora de Ecuador),Tue Mar 24 2026 00:00:00 GMT-0500 (hora de Ecuador),
3741,75,41,1,Thu Mar 26 2026 00:00:00 GMT-0500 (hora de Ecuador),Thu Mar 26 2026 00:00:00 GMT-0500 (hora de Ecuador),
3742,75,42,1,Mon Mar 30 2026 00:00:00 GMT-0500 (hora de Ecuador),Mon Mar 30 2026 00:00:00 GMT-0500 (hora de Ecuador),
3743,75,43,1,Thu Apr 02 2026 00:00:00 GMT-0500 (hora de Ecuador),Thu Apr 02 2026 00:00:00 GMT-0500 (hora de Ecuador),
3744,75,44,1,Mon Apr 06 2026 00:00:00 GMT-0500 (hora de Ecuador),Mon Apr 06 2026 00:00:00 GMT-0500 (hora de Ecuador),
3745,75,45,1,Fri Apr 10 2026 00:00:00 GMT-0500 (hora de Ecuador),Fri Apr 10 2026 00:00:00 GMT-0500 (hora de Ecuador),
3746,75,46,1,Mon Apr 13 2026 00:00:00 GMT-0500 (hora de Ecuador),Mon Apr 13 2026 00:00:00 GMT-0500 (hora de Ecuador),
3747,75,47,1,Tue Apr 14 2026 00:00:00 GMT-0500 (hora de Ecuador),Thu Apr 16 2026 00:00:00 GMT-0500 (hora de Ecuador),
3748,75,48,1,Tue Apr 14 2026 00:00:00 GMT-0500 (hora de Ecuador),Tue Apr 14 2026 00:00:00 GMT-0500 (hora de Ecuador),
3749,75,49,1,Fri Apr 17 2026 00:00:00 GMT-0500 (hora de Ecuador),Fri Apr 17 2026 00:00:00 GMT-0500 (hora de Ecuador),
3750,75,50,1,Wed Apr 22 2026 00:00:00 GMT-0500 (hora de Ecuador),Wed Apr 22 2026 00:00:00 GMT-0500 (hora de Ecuador),
3751,76,1,1,Mon Feb 02 2026 00:00:00 GMT-0500 (hora de Ecuador),Mon Feb 02 2026 00:00:00 GMT-0500 (hora de Ecuador),
3752,76,2,1,Mon Feb 02 2026 00:00:00 GMT-0500 (hora de Ecuador),Mon Feb 02 2026 00:00:00 GMT-0500 (hora de Ecuador),
3753,76,3,1,Tue Feb 03 2026 00:00:00 GMT-0500 (hora de Ecuador),Tue Feb 03 2026 00:00:00 GMT-0500 (hora de Ecuador),
3754,76,4,1,Tue Feb 03 2026 00:00:00 GMT-0500 (hora de Ecuador),Tue Feb 03 2026 00:00:00 GMT-0500 (hora de Ecuador),
3755,76,5,1,Tue Feb 03 2026 00:00:00 GMT-0500 (hora de Ecuador),Tue Feb 03 2026 00:00:00 GMT-0500 (hora de Ecuador),
3756,76,6,1,Wed Feb 04 2026 00:00:00 GMT-0500 (hora de Ecuador),Wed Feb 04 2026 00:00:00 GMT-0500 (hora de Ecuador),
3757,76,7,1,Thu Feb 05 2026 00:00:00 GMT-0500 (hora de Ecuador),Thu Feb 05 2026 00:00:00 GMT-0500 (hora de Ecuador),
3758,76,8,1,Fri Feb 06 2026 00:00:00 GMT-0500 (hora de Ecuador),Fri Feb 06 2026 00:00:00 GMT-0500 (hora de Ecuador),
3759,76,9,1,Mon Feb 09 2026 00:00:00 GMT-0500 (hora de Ecuador),Mon Feb 09 2026 00:00:00 GMT-0500 (hora de Ecuador),
3760,76,10,1,Tue Feb 10 2026 00:00:00 GMT-0500 (hora de Ecuador),Tue Feb 10 2026 00:00:00 GMT-0500 (hora de Ecuador),
3761,76,11,1,Wed Feb 11 2026 00:00:00 GMT-0500 (hora de Ecuador),Wed Feb 11 2026 00:00:00 GMT-0500 (hora de Ecuador),
3762,76,12,1,Wed Feb 11 2026 00:00:00 GMT-0500 (hora de Ecuador),Wed Feb 11 2026 00:00:00 GMT-0500 (hora de Ecuador),
3763,76,13,1,Thu Feb 12 2026 00:00:00 GMT-0500 (hora de Ecuador),Thu Feb 12 2026 00:00:00 GMT-0500 (hora de Ecuador),
3764,76,14,1,Fri Feb 13 2026 00:00:00 GMT-0500 (hora de Ecuador),Fri Feb 13 2026 00:00:00 GMT-0500 (hora de Ecuador),
3765,76,15,1,Mon Feb 16 2026 00:00:00 GMT-0500 (hora de Ecuador),Mon Feb 16 2026 00:00:00 GMT-0500 (hora de Ecuador),
3766,76,16,1,Tue Feb 17 2026 00:00:00 GMT-0500 (hora de Ecuador),Tue Feb 17 2026 00:00:00 GMT-0500 (hora de Ecuador),
3767,76,17,1,Tue Feb 17 2026 00:00:00 GMT-0500 (hora de Ecuador),Tue Feb 17 2026 00:00:00 GMT-0500 (hora de Ecuador),
3768,76,18,1,Wed Feb 18 2026 00:00:00 GMT-0500 (hora de Ecuador),Wed Feb 18 2026 00:00:00 GMT-0500 (hora de Ecuador),
3769,76,19,1,Wed Feb 18 2026 00:00:00 GMT-0500 (hora de Ecuador),Wed Feb 18 2026 00:00:00 GMT-0500 (hora de Ecuador),
3770,76,20,0,,,
3771,76,21,0,,,
3772,76,22,0,,,
3773,76,23,0,,,
3774,76,24,0,,,
3775,76,25,0,,,
3776,76,26,0,,,
3777,76,27,0,,,
3778,76,28,0,,,
3779,76,29,0,,,
3780,76,30,0,,,
3781,76,31,0,,,
3782,76,32,0,,,
3783,76,33,1,Thu Feb 19 2026 00:00:00 GMT-0500 (hora de Ecuador),Thu Feb 19 2026 00:00:00 GMT-0500 (hora de Ecuador),
3784,76,34,1,Fri Feb 20 2026 00:00:00 GMT-0500 (hora de Ecuador),Fri Feb 20 2026 00:00:00 GMT-0500 (hora de Ecuador),
3785,76,35,1,Fri Feb 20 2026 00:00:00 GMT-0500 (hora de Ecuador),Fri Feb 20 2026 00:00:00 GMT-0500 (hora de Ecuador),
3786,76,36,0,,,
3787,76,37,0,,,
3788,76,38,0,,,
3789,76,39,1,Fri Feb 20 2026 00:00:00 GMT-0500 (hora de Ecuador),Fri Feb 20 2026 00:00:00 GMT-0500 (hora de Ecuador),
3790,76,40,1,Thu Feb 26 2026 00:00:00 GMT-0500 (hora de Ecuador),Thu Feb 26 2026 00:00:00 GMT-0500 (hora de Ecuador),
3791,76,41,0,,,
3792,76,42,0,,,
3793,76,43,0,,,
3794,76,44,0,,,
3795,76,45,0,,,
3796,76,46,0,,,
3797,76,47,0,,,
3798,76,48,0,,,
3799,76,49,0,,,
3800,76,50,1,Thu Feb 26 2026 00:00:00 GMT-0500 (hora de Ecuador),Thu Feb 26 2026 00:00:00 GMT-0500 (hora de Ecuador),
3801,77,1,1,Tue Jan 13 2026 00:00:00 GMT-0500 (hora de Ecuador),Tue Jan 13 2026 00:00:00 GMT-0500 (hora de Ecuador),
3802,77,2,1,Thu Jan 15 2026 00:00:00 GMT-0500 (hora de Ecuador),Thu Jan 15 2026 00:00:00 GMT-0500 (hora de Ecuador),
3803,77,3,1,Tue Feb 03 2026 00:00:00 GMT-0500 (hora de Ecuador),Tue Feb 03 2026 00:00:00 GMT-0500 (hora de Ecuador),
3804,77,4,1,Tue Feb 03 2026 00:00:00 GMT-0500 (hora de Ecuador),Tue Feb 03 2026 00:00:00 GMT-0500 (hora de Ecuador),
3805,77,5,1,Tue Feb 03 2026 00:00:00 GMT-0500 (hora de Ecuador),Tue Feb 03 2026 00:00:00 GMT-0500 (hora de Ecuador),
3806,77,6,1,Wed Feb 04 2026 00:00:00 GMT-0500 (hora de Ecuador),Wed Feb 04 2026 00:00:00 GMT-0500 (hora de Ecuador),
3807,77,7,1,Thu Feb 05 2026 00:00:00 GMT-0500 (hora de Ecuador),Thu Feb 05 2026 00:00:00 GMT-0500 (hora de Ecuador),
3808,77,8,1,Fri Feb 06 2026 00:00:00 GMT-0500 (hora de Ecuador),Fri Feb 06 2026 00:00:00 GMT-0500 (hora de Ecuador),
3809,77,9,1,Mon Feb 09 2026 00:00:00 GMT-0500 (hora de Ecuador),Mon Feb 09 2026 00:00:00 GMT-0500 (hora de Ecuador),
3810,77,10,1,Tue Feb 10 2026 00:00:00 GMT-0500 (hora de Ecuador),Tue Feb 10 2026 00:00:00 GMT-0500 (hora de Ecuador),
3811,77,11,1,Wed Feb 11 2026 00:00:00 GMT-0500 (hora de Ecuador),Wed Feb 11 2026 00:00:00 GMT-0500 (hora de Ecuador),
3812,77,12,1,Wed Feb 11 2026 00:00:00 GMT-0500 (hora de Ecuador),Wed Feb 11 2026 00:00:00 GMT-0500 (hora de Ecuador),
3813,77,13,1,Thu Feb 12 2026 00:00:00 GMT-0500 (hora de Ecuador),Thu Feb 12 2026 00:00:00 GMT-0500 (hora de Ecuador),
3814,77,14,1,Fri Feb 13 2026 00:00:00 GMT-0500 (hora de Ecuador),Fri Feb 13 2026 00:00:00 GMT-0500 (hora de Ecuador),
3815,77,15,1,Mon Feb 16 2026 00:00:00 GMT-0500 (hora de Ecuador),Mon Feb 16 2026 00:00:00 GMT-0500 (hora de Ecuador),
3816,77,16,1,Tue Feb 17 2026 00:00:00 GMT-0500 (hora de Ecuador),Tue Feb 17 2026 00:00:00 GMT-0500 (hora de Ecuador),
3817,77,17,1,Tue Feb 17 2026 00:00:00 GMT-0500 (hora de Ecuador),Tue Feb 17 2026 00:00:00 GMT-0500 (hora de Ecuador),
3818,77,18,1,Wed Feb 18 2026 00:00:00 GMT-0500 (hora de Ecuador),Wed Feb 18 2026 00:00:00 GMT-0500 (hora de Ecuador),
3819,77,19,1,Wed Feb 18 2026 00:00:00 GMT-0500 (hora de Ecuador),Wed Feb 18 2026 00:00:00 GMT-0500 (hora de Ecuador),
3820,77,20,0,,,
3821,77,21,0,,,
3822,77,22,0,,,
3823,77,23,0,,,
3824,77,24,0,,,
3825,77,25,0,,,
3826,77,26,0,,,
3827,77,27,0,,,
3828,77,28,0,,,
3829,77,29,0,,,
3830,77,30,0,,,
3831,77,31,0,,,
3832,77,32,0,,,
3833,77,33,1,Thu Feb 19 2026 00:00:00 GMT-0500 (hora de Ecuador),Thu Feb 19 2026 00:00:00 GMT-0500 (hora de Ecuador),
3834,77,34,1,Wed Mar 11 2026 00:00:00 GMT-0500 (hora de Ecuador),Wed Mar 11 2026 00:00:00 GMT-0500 (hora de Ecuador),
3835,77,35,1,Wed Mar 11 2026 00:00:00 GMT-0500 (hora de Ecuador),Wed Mar 11 2026 00:00:00 GMT-0500 (hora de Ecuador),
3836,77,36,0,,,
3837,77,37,0,,,
3838,77,38,0,,,
3839,77,39,1,Fri Mar 20 2026 00:00:00 GMT-0500 (hora de Ecuador),Fri Mar 20 2026 00:00:00 GMT-0500 (hora de Ecuador),
3840,77,40,1,Thu Feb 26 2026 00:00:00 GMT-0500 (hora de Ecuador),Thu Feb 26 2026 00:00:00 GMT-0500 (hora de Ecuador),
3841,77,41,0,,,
3842,77,42,0,,,
3843,77,43,0,,,
3844,77,44,0,,,
3845,77,45,0,,,
3846,77,46,0,,,
3847,77,47,0,,,
3848,77,48,0,,,
3849,77,49,0,,,
3850,77,50,1,Thu Feb 26 2026 00:00:00 GMT-0500 (hora de Ecuador),Thu Feb 26 2026 00:00:00 GMT-0500 (hora de Ecuador),
3851,78,1,1,Tue May 05 2026 00:00:00 GMT-0500 (hora de Ecuador),Tue May 05 2026 00:00:00 GMT-0500 (hora de Ecuador),
3852,78,2,1,Tue May 05 2026 00:00:00 GMT-0500 (hora de Ecuador),Tue May 05 2026 00:00:00 GMT-0500 (hora de Ecuador),
3853,78,3,1,Wed May 06 2026 00:00:00 GMT-0500 (hora de Ecuador),Wed May 06 2026 00:00:00 GMT-0500 (hora de Ecuador),
3854,78,4,1,Wed May 06 2026 00:00:00 GMT-0500 (hora de Ecuador),Wed May 06 2026 00:00:00 GMT-0500 (hora de Ecuador),
3855,78,5,1,Wed May 06 2026 00:00:00 GMT-0500 (hora de Ecuador),Wed May 06 2026 00:00:00 GMT-0500 (hora de Ecuador),
3856,78,6,1,Thu May 07 2026 00:00:00 GMT-0500 (hora de Ecuador),Thu May 07 2026 00:00:00 GMT-0500 (hora de Ecuador),
3857,78,7,1,Fri May 08 2026 00:00:00 GMT-0500 (hora de Ecuador),Fri May 08 2026 00:00:00 GMT-0500 (hora de Ecuador),
3858,78,8,1,Mon May 11 2026 00:00:00 GMT-0500 (hora de Ecuador),Mon May 11 2026 00:00:00 GMT-0500 (hora de Ecuador),
3859,78,9,1,Tue May 12 2026 00:00:00 GMT-0500 (hora de Ecuador),Tue May 12 2026 00:00:00 GMT-0500 (hora de Ecuador),
3860,78,10,1,Wed May 13 2026 00:00:00 GMT-0500 (hora de Ecuador),Wed May 13 2026 00:00:00 GMT-0500 (hora de Ecuador),
3861,78,11,1,Thu May 14 2026 00:00:00 GMT-0500 (hora de Ecuador),Thu May 14 2026 00:00:00 GMT-0500 (hora de Ecuador),
3862,78,12,1,Thu May 14 2026 00:00:00 GMT-0500 (hora de Ecuador),Thu May 14 2026 00:00:00 GMT-0500 (hora de Ecuador),
3863,78,13,1,Fri May 15 2026 00:00:00 GMT-0500 (hora de Ecuador),Fri May 15 2026 00:00:00 GMT-0500 (hora de Ecuador),
3864,78,14,1,Mon May 18 2026 00:00:00 GMT-0500 (hora de Ecuador),Mon May 18 2026 00:00:00 GMT-0500 (hora de Ecuador),
3865,78,15,1,Tue May 19 2026 00:00:00 GMT-0500 (hora de Ecuador),Tue May 19 2026 00:00:00 GMT-0500 (hora de Ecuador),
3866,78,16,1,Wed May 20 2026 00:00:00 GMT-0500 (hora de Ecuador),Wed May 20 2026 00:00:00 GMT-0500 (hora de Ecuador),
3867,78,17,1,Wed May 20 2026 00:00:00 GMT-0500 (hora de Ecuador),Wed May 20 2026 00:00:00 GMT-0500 (hora de Ecuador),
3868,78,18,1,Thu May 21 2026 00:00:00 GMT-0500 (hora de Ecuador),Thu May 21 2026 00:00:00 GMT-0500 (hora de Ecuador),
3869,78,19,1,Thu May 21 2026 00:00:00 GMT-0500 (hora de Ecuador),Thu May 21 2026 00:00:00 GMT-0500 (hora de Ecuador),
3870,78,20,0,,,
3871,78,21,0,,,
3872,78,22,0,,,
3873,78,23,0,,,
3874,78,24,0,,,
3875,78,25,0,,,
3876,78,26,0,,,
3877,78,27,0,,,
3878,78,28,0,,,
3879,78,29,0,,,
3880,78,30,0,,,
3881,78,31,0,,,
3882,78,32,0,,,
3883,78,33,1,Fri May 22 2026 00:00:00 GMT-0500 (hora de Ecuador),Fri May 22 2026 00:00:00 GMT-0500 (hora de Ecuador),
3884,78,34,1,Mon May 25 2026 00:00:00 GMT-0500 (hora de Ecuador),Mon May 25 2026 00:00:00 GMT-0500 (hora de Ecuador),
3885,78,35,1,Mon May 25 2026 00:00:00 GMT-0500 (hora de Ecuador),Mon May 25 2026 00:00:00 GMT-0500 (hora de Ecuador),
3886,78,36,1,Tue May 26 2026 00:00:00 GMT-0500 (hora de Ecuador),Tue May 26 2026 00:00:00 GMT-0500 (hora de Ecuador),
3887,78,37,1,Wed May 27 2026 00:00:00 GMT-0500 (hora de Ecuador),Wed May 27 2026 00:00:00 GMT-0500 (hora de Ecuador),
3888,78,38,1,Thu May 28 2026 00:00:00 GMT-0500 (hora de Ecuador),Thu May 28 2026 00:00:00 GMT-0500 (hora de Ecuador),
3889,78,39,1,Fri May 29 2026 00:00:00 GMT-0500 (hora de Ecuador),Fri May 29 2026 00:00:00 GMT-0500 (hora de Ecuador),
3890,78,40,1,Fri May 29 2026 00:00:00 GMT-0500 (hora de Ecuador),Fri May 29 2026 00:00:00 GMT-0500 (hora de Ecuador),
3891,78,41,1,Tue Jun 02 2026 00:00:00 GMT-0500 (hora de Ecuador),Tue Jun 02 2026 00:00:00 GMT-0500 (hora de Ecuador),
3892,78,42,1,Thu Jun 04 2026 00:00:00 GMT-0500 (hora de Ecuador),Thu Jun 04 2026 00:00:00 GMT-0500 (hora de Ecuador),
3893,78,43,1,Mon Jun 08 2026 00:00:00 GMT-0500 (hora de Ecuador),Mon Jun 08 2026 00:00:00 GMT-0500 (hora de Ecuador),
3894,78,44,1,Tue Jun 09 2026 00:00:00 GMT-0500 (hora de Ecuador),Tue Jun 09 2026 00:00:00 GMT-0500 (hora de Ecuador),
3895,78,45,1,Wed Jun 10 2026 00:00:00 GMT-0500 (hora de Ecuador),Wed Jun 10 2026 00:00:00 GMT-0500 (hora de Ecuador),
3896,78,46,1,Fri Jun 12 2026 00:00:00 GMT-0500 (hora de Ecuador),Fri Jun 12 2026 00:00:00 GMT-0500 (hora de Ecuador),
3897,78,47,1,Mon Jun 15 2026 00:00:00 GMT-0500 (hora de Ecuador),Mon Jun 15 2026 00:00:00 GMT-0500 (hora de Ecuador),
3898,78,48,1,Mon Jun 15 2026 00:00:00 GMT-0500 (hora de Ecuador),Mon Jun 15 2026 00:00:00 GMT-0500 (hora de Ecuador),
3899,78,49,1,Thu Jun 18 2026 00:00:00 GMT-0500 (hora de Ecuador),Thu Jun 18 2026 00:00:00 GMT-0500 (hora de Ecuador),
3900,78,50,1,Tue Jun 23 2026 00:00:00 GMT-0500 (hora de Ecuador),Tue Jun 23 2026 00:00:00 GMT-0500 (hora de Ecuador),
3901,79,1,0,,,
3902,79,2,0,,,
3903,79,3,0,,,
3904,79,4,0,,,
3905,79,5,0,,,
3906,79,6,0,,,
3907,79,7,0,,,
3908,79,8,0,,,
3909,79,9,0,,,
3910,79,10,0,,,
3911,79,11,0,,,
3912,79,12,0,,,
3913,79,13,0,,,
3914,79,14,0,,,
3915,79,15,0,,,
3916,79,16,0,,,
3917,79,17,0,,,
3918,79,18,0,,,
3919,79,19,0,,,
3920,79,20,0,,,
3921,79,21,0,,,
3922,79,22,0,,,
3923,79,23,0,,,
3924,79,24,0,,,
3925,79,25,0,,,
3926,79,26,0,,,
3927,79,27,0,,,
3928,79,28,0,,,
3929,79,29,0,,,
3930,79,30,0,,,
3931,79,31,0,,,
3932,79,32,0,,,
3933,79,33,0,,,
3934,79,34,0,,,
3935,79,35,0,,,
3936,79,36,0,,,
3937,79,37,0,,,
3938,79,38,0,,,
3939,79,39,0,,,
3940,79,40,0,,,
3941,79,41,0,,,
3942,79,42,0,,,
3943,79,43,0,,,
3944,79,44,0,,,
3945,79,45,0,,,
3946,79,46,0,,,
3947,79,47,0,,,
3948,79,48,0,,,
3949,79,49,0,,,
3950,79,50,0,,,
3951,80,1,0,,,
3952,80,2,0,,,
3953,80,3,0,,,
3954,80,4,0,,,
3955,80,5,0,,,
3956,80,6,0,,,
3957,80,7,0,,,
3958,80,8,0,,,
3959,80,9,0,,,
3960,80,10,0,,,
3961,80,11,0,,,
3962,80,12,0,,,
3963,80,13,0,,,
3964,80,14,0,,,
3965,80,15,0,,,
3966,80,16,0,,,
3967,80,17,0,,,
3968,80,18,0,,,
3969,80,19,0,,,
3970,80,20,0,,,
3971,80,21,0,,,
3972,80,22,0,,,
3973,80,23,0,,,
3974,80,24,0,,,
3975,80,25,0,,,
3976,80,26,0,,,
3977,80,27,0,,,
3978,80,28,0,,,
3979,80,29,0,,,
3980,80,30,0,,,
3981,80,31,0,,,
3982,80,32,0,,,
3983,80,33,0,,,
3984,80,34,0,,,
3985,80,35,0,,,
3986,80,36,0,,,
3987,80,37,0,,,
3988,80,38,0,,,
3989,80,39,0,,,
3990,80,40,0,,,
3991,80,41,1,Tue Jan 02 1900 00:00:00 GMT-0514 (hora de Ecuador),Tue Jan 02 1900 00:00:00 GMT-0514 (hora de Ecuador),
3992,80,42,1,Thu Jan 04 1900 00:00:00 GMT-0514 (hora de Ecuador),Thu Jan 04 1900 00:00:00 GMT-0514 (hora de Ecuador),
3993,80,43,1,Mon Jan 08 1900 00:00:00 GMT-0514 (hora de Ecuador),Mon Jan 08 1900 00:00:00 GMT-0514 (hora de Ecuador),
3994,80,44,1,Tue Jan 09 1900 00:00:00 GMT-0514 (hora de Ecuador),Tue Jan 09 1900 00:00:00 GMT-0514 (hora de Ecuador),
3995,80,45,1,Wed Jan 10 1900 00:00:00 GMT-0514 (hora de Ecuador),Wed Jan 10 1900 00:00:00 GMT-0514 (hora de Ecuador),
3996,80,46,1,Fri Jan 12 1900 00:00:00 GMT-0514 (hora de Ecuador),Fri Jan 12 1900 00:00:00 GMT-0514 (hora de Ecuador),
3997,80,47,1,Mon Jan 15 1900 00:00:00 GMT-0514 (hora de Ecuador),Mon Jan 15 1900 00:00:00 GMT-0514 (hora de Ecuador),
3998,80,48,1,Mon Jan 15 1900 00:00:00 GMT-0514 (hora de Ecuador),Mon Jan 15 1900 00:00:00 GMT-0514 (hora de Ecuador),
3999,80,49,1,Thu Jan 18 1900 00:00:00 GMT-0514 (hora de Ecuador),Thu Jan 18 1900 00:00:00 GMT-0514 (hora de Ecuador),
4000,80,50,0,,,
4001,81,1,0,,,
4002,81,2,0,,,
4003,81,3,0,,,
4004,81,4,0,,,
4005,81,5,0,,,
4006,81,6,0,,,
4007,81,7,0,,,
4008,81,8,0,,,
4009,81,9,0,,,
4010,81,10,0,,,
4011,81,11,0,,,
4012,81,12,0,,,
4013,81,13,0,,,
4014,81,14,0,,,
4015,81,15,0,,,
4016,81,16,0,,,
4017,81,17,0,,,
4018,81,18,0,,,
4019,81,19,0,,,
4020,81,20,0,,,
4021,81,21,0,,,
4022,81,22,0,,,
4023,81,23,0,,,
4024,81,24,0,,,
4025,81,25,0,,,
4026,81,26,0,,,
4027,81,27,0,,,
4028,81,28,0,,,
4029,81,29,0,,,
4030,81,30,0,,,
4031,81,31,0,,,
4032,81,32,0,,,
4033,81,33,0,,,
4034,81,34,0,,,
4035,81,35,0,,,
4036,81,36,0,,,
4037,81,37,0,,,
4038,81,38,0,,,
4039,81,39,0,,,
4040,81,40,0,,,
4041,81,41,0,,,
4042,81,42,0,,,
4043,81,43,0,,,
4044,81,44,0,,,
4045,81,45,0,,,
4046,81,46,0,,,
4047,81,47,0,,,
4048,81,48,0,,,
4049,81,49,0,,,
4050,81,50,0,,,
4051,82,1,0,,,
4052,82,2,0,,,
4053,82,3,0,,,
4054,82,4,0,,,
4055,82,5,0,,,
4056,82,6,0,,,
4057,82,7,0,,,
4058,82,8,0,,,
4059,82,9,0,,,
4060,82,10,0,,,
4061,82,11,0,,,
4062,82,12,0,,,
4063,82,13,0,,,
4064,82,14,0,,,
4065,82,15,0,,,
4066,82,16,0,,,
4067,82,17,0,,,
4068,82,18,0,,,
4069,82,19,0,,,
4070,82,20,0,,,
4071,82,21,0,,,
4072,82,22,0,,,
4073,82,23,0,,,
4074,82,24,0,,,
4075,82,25,0,,,
4076,82,26,0,,,
4077,82,27,0,,,
4078,82,28,0,,,
4079,82,29,0,,,
4080,82,30,0,,,
4081,82,31,0,,,
4082,82,32,0,,,
4083,82,33,0,,,
4084,82,34,0,,,
4085,82,35,0,,,
4086,82,36,0,,,
4087,82,37,0,,,
4088,82,38,0,,,
4089,82,39,0,,,
4090,82,40,0,,,
4091,82,41,0,,,
4092,82,42,0,,,
4093,82,43,0,,,
4094,82,44,0,,,
4095,82,45,0,,,
4096,82,46,0,,,
4097,82,47,0,,,
4098,82,48,0,,,
4099,82,49,0,,,
4100,82,50,0,,,
4101,83,1,0,,,
4102,83,2,0,,,
4103,83,3,0,,,
4104,83,4,0,,,
4105,83,5,0,,,
4106,83,6,0,,,
4107,83,7,0,,,
4108,83,8,0,,,
4109,83,9,0,,,
4110,83,10,0,,,
4111,83,11,0,,,
4112,83,12,0,,,
4113,83,13,0,,,
4114,83,14,0,,,
4115,83,15,0,,,
4116,83,16,0,,,
4117,83,17,0,,,
4118,83,18,0,,,
4119,83,19,0,,,
4120,83,20,0,,,
4121,83,21,0,,,
4122,83,22,0,,,
4123,83,23,0,,,
4124,83,24,0,,,
4125,83,25,0,,,
4126,83,26,0,,,
4127,83,27,0,,,
4128,83,28,0,,,
4129,83,29,0,,,
4130,83,30,0,,,
4131,83,31,0,,,
4132,83,32,0,,,
4133,83,33,0,,,
4134,83,34,0,,,
4135,83,35,0,,,
4136,83,36,0,,,
4137,83,37,0,,,
4138,83,38,0,,,
4139,83,39,0,,,
4140,83,40,0,,,
4141,83,41,0,,,
4142,83,42,0,,,
4143,83,43,0,,,
4144,83,44,0,,,
4145,83,45,0,,,
4146,83,46,0,,,
4147,83,47,0,,,
4148,83,48,0,,,
4149,83,49,0,,,
4150,83,50,0,,,
4151,84,1,0,,,
4152,84,2,0,,,
4153,84,3,0,,,
4154,84,4,0,,,
4155,84,5,0,,,
4156,84,6,0,,,
4157,84,7,0,,,
4158,84,8,0,,,
4159,84,9,0,,,
4160,84,10,0,,,
4161,84,11,0,,,
4162,84,12,0,,,
4163,84,13,0,,,
4164,84,14,0,,,
4165,84,15,0,,,
4166,84,16,0,,,
4167,84,17,0,,,
4168,84,18,0,,,
4169,84,19,0,,,
4170,84,20,0,,,
4171,84,21,0,,,
4172,84,22,0,,,
4173,84,23,0,,,
4174,84,24,0,,,
4175,84,25,0,,,
4176,84,26,0,,,
4177,84,27,0,,,
4178,84,28,0,,,
4179,84,29,0,,,
4180,84,30,0,,,
4181,84,31,0,,,
4182,84,32,0,,,
4183,84,33,0,,,
4184,84,34,0,,,
4185,84,35,0,,,
4186,84,36,0,,,
4187,84,37,0,,,
4188,84,38,0,,,
4189,84,39,0,,,
4190,84,40,0,,,
4191,84,41,0,,,
4192,84,42,0,,,
4193,84,43,0,,,
4194,84,44,0,,,
4195,84,45,0,,,
4196,84,46,0,,,
4197,84,47,0,,,
4198,84,48,0,,,
4199,84,49,0,,,
4200,84,50,0,,,
4201,85,1,0,,,
4202,85,2,0,,,
4203,85,3,0,,,
4204,85,4,0,,,
4205,85,5,0,,,
4206,85,6,0,,,
4207,85,7,0,,,
4208,85,8,0,,,
4209,85,9,0,,,
4210,85,10,0,,,
4211,85,11,0,,,
4212,85,12,0,,,
4213,85,13,0,,,
4214,85,14,0,,,
4215,85,15,0,,,
4216,85,16,0,,,
4217,85,17,0,,,
4218,85,18,0,,,
4219,85,19,0,,,
4220,85,20,0,,,
4221,85,21,0,,,
4222,85,22,0,,,
4223,85,23,0,,,
4224,85,24,0,,,
4225,85,25,0,,,
4226,85,26,0,,,
4227,85,27,0,,,
4228,85,28,0,,,
4229,85,29,0,,,
4230,85,30,0,,,
4231,85,31,0,,,
4232,85,32,0,,,
4233,85,33,0,,,
4234,85,34,0,,,
4235,85,35,0,,,
4236,85,36,0,,,
4237,85,37,0,,,
4238,85,38,0,,,
4239,85,39,0,,,
4240,85,40,0,,,
4241,85,41,0,,,
4242,85,42,0,,,
4243,85,43,0,,,
4244,85,44,0,,,
4245,85,45,0,,,
4246,85,46,0,,,
4247,85,47,0,,,
4248,85,48,0,,,
4249,85,49,0,,,
4250,85,50,0,,,
4251,86,1,0,,,
4252,86,2,0,,,
4253,86,3,0,,,
4254,86,4,0,,,
4255,86,5,0,,,
4256,86,6,0,,,
4257,86,7,0,,,
4258,86,8,0,,,
4259,86,9,0,,,
4260,86,10,0,,,
4261,86,11,0,,,
4262,86,12,0,,,
4263,86,13,0,,,
4264,86,14,0,,,
4265,86,15,0,,,
4266,86,16,0,,,
4267,86,17,0,,,
4268,86,18,0,,,
4269,86,19,0,,,
4270,86,20,0,,,
4271,86,21,0,,,
4272,86,22,0,,,
4273,86,23,0,,,
4274,86,24,0,,,
4275,86,25,0,,,
4276,86,26,0,,,
4277,86,27,0,,,
4278,86,28,0,,,
4279,86,29,0,,,
4280,86,30,0,,,
4281,86,31,0,,,
4282,86,32,0,,,
4283,86,33,0,,,
4284,86,34,0,,,
4285,86,35,0,,,
4286,86,36,0,,,
4287,86,37,0,,,
4288,86,38,0,,,
4289,86,39,0,,,
4290,86,40,0,,,
4291,86,41,0,,,
4292,86,42,0,,,
4293,86,43,0,,,
4294,86,44,0,,,
4295,86,45,0,,,
4296,86,46,0,,,
4297,86,47,0,,,
4298,86,48,0,,,
4299,86,49,0,,,
4300,86,50,0,,,
4301,87,1,0,,,
4302,87,2,0,,,
4303,87,3,0,,,
4304,87,4,0,,,
4305,87,5,0,,,
4306,87,6,0,,,
4307,87,7,0,,,
4308,87,8,0,,,
4309,87,9,0,,,
4310,87,10,0,,,
4311,87,11,0,,,
4312,87,12,0,,,
4313,87,13,0,,,
4314,87,14,0,,,
4315,87,15,0,,,
4316,87,16,0,,,
4317,87,17,0,,,
4318,87,18,0,,,
4319,87,19,0,,,
4320,87,20,0,,,
4321,87,21,0,,,
4322,87,22,0,,,
4323,87,23,0,,,
4324,87,24,0,,,
4325,87,25,0,,,
4326,87,26,0,,,
4327,87,27,0,,,
4328,87,28,0,,,
4329,87,29,0,,,
4330,87,30,0,,,
4331,87,31,0,,,
4332,87,32,0,,,
4333,87,33,0,,,
4334,87,34,0,,,
4335,87,35,0,,,
4336,87,36,0,,,
4337,87,37,0,,,
4338,87,38,0,,,
4339,87,39,0,,,
4340,87,40,0,,,
4341,87,41,0,,,
4342,87,42,0,,,
4343,87,43,0,,,
4344,87,44,0,,,
4345,87,45,0,,,
4346,87,46,0,,,
4347,87,47,0,,,
4348,87,48,0,,,
4349,87,49,0,,,
4350,87,50,0,,,
4351,88,1,0,,,
4352,88,2,0,,,
4353,88,3,0,,,
4354,88,4,0,,,
4355,88,5,0,,,
4356,88,6,0,,,
4357,88,7,0,,,
4358,88,8,0,,,
4359,88,9,0,,,
4360,88,10,0,,,
4361,88,11,0,,,
4362,88,12,0,,,
4363,88,13,0,,,
4364,88,14,0,,,
4365,88,15,0,,,
4366,88,16,0,,,
4367,88,17,0,,,
4368,88,18,0,,,
4369,88,19,0,,,
4370,88,20,0,,,
4371,88,21,0,,,
4372,88,22,0,,,
4373,88,23,0,,,
4374,88,24,0,,,
4375,88,25,0,,,
4376,88,26,0,,,
4377,88,27,0,,,
4378,88,28,0,,,
4379,88,29,0,,,
4380,88,30,0,,,
4381,88,31,0,,,
4382,88,32,0,,,
4383,88,33,0,,,
4384,88,34,0,,,
4385,88,35,0,,,
4386,88,36,0,,,
4387,88,37,0,,,
4388,88,38,0,,,
4389,88,39,0,,,
4390,88,40,0,,,
4391,88,41,0,,,
4392,88,42,0,,,
4393,88,43,0,,,
4394,88,44,0,,,
4395,88,45,0,,,
4396,88,46,0,,,
4397,88,47,0,,,
4398,88,48,0,,,
4399,88,49,0,,,
4400,88,50,0,,,
4401,89,1,0,,,
4402,89,2,0,,,
4403,89,3,0,,,
4404,89,4,0,,,
4405,89,5,0,,,
4406,89,6,0,,,
4407,89,7,0,,,
4408,89,8,0,,,
4409,89,9,0,,,
4410,89,10,0,,,
4411,89,11,0,,,
4412,89,12,0,,,
4413,89,13,0,,,
4414,89,14,0,,,
4415,89,15,0,,,
4416,89,16,0,,,
4417,89,17,0,,,
4418,89,18,0,,,
4419,89,19,0,,,
4420,89,20,0,,,
4421,89,21,0,,,
4422,89,22,0,,,
4423,89,23,0,,,
4424,89,24,0,,,
4425,89,25,0,,,
4426,89,26,0,,,
4427,89,27,0,,,
4428,89,28,0,,,
4429,89,29,0,,,
4430,89,30,0,,,
4431,89,31,0,,,
4432,89,32,0,,,
4433,89,33,0,,,
4434,89,34,0,,,
4435,89,35,0,,,
4436,89,36,0,,,
4437,89,37,0,,,
4438,89,38,0,,,
4439,89,39,0,,,
4440,89,40,0,,,
4441,89,41,0,,,
4442,89,42,0,,,
4443,89,43,0,,,
4444,89,44,0,,,
4445,89,45,0,,,
4446,89,46,0,,,
4447,89,47,0,,,
4448,89,48,0,,,
4449,89,49,0,,,
4450,89,50,0,,,
4451,90,1,0,,,
4452,90,2,0,,,
4453,90,3,0,,,
4454,90,4,0,,,
4455,90,5,0,,,
4456,90,6,0,,,
4457,90,7,0,,,
4458,90,8,0,,,
4459,90,9,0,,,
4460,90,10,0,,,
4461,90,11,0,,,
4462,90,12,0,,,
4463,90,13,0,,,
4464,90,14,0,,,
4465,90,15,0,,,
4466,90,16,0,,,
4467,90,17,0,,,
4468,90,18,0,,,
4469,90,19,0,,,
4470,90,20,0,,,
4471,90,21,0,,,
4472,90,22,0,,,
4473,90,23,0,,,
4474,90,24,0,,,
4475,90,25,0,,,
4476,90,26,0,,,
4477,90,27,0,,,
4478,90,28,0,,,
4479,90,29,0,,,
4480,90,30,0,,,
4481,90,31,0,,,
4482,90,32,0,,,
4483,90,33,0,,,
4484,90,34,0,,,
4485,90,35,0,,,
4486,90,36,0,,,
4487,90,37,0,,,
4488,90,38,0,,,
4489,90,39,0,,,
4490,90,40,0,,,
4491,90,41,0,,,
4492,90,42,0,,,
4493,90,43,0,,,
4494,90,44,0,,,
4495,90,45,0,,,
4496,90,46,0,,,
4497,90,47,0,,,
4498,90,48,0,,,
4499,90,49,0,,,
4500,90,50,0,,,
4501,91,1,0,,,
4502,91,2,0,,,
4503,91,3,0,,,
4504,91,4,0,,,
4505,91,5,0,,,
4506,91,6,0,,,
4507,91,7,0,,,
4508,91,8,0,,,
4509,91,9,0,,,
4510,91,10,0,,,
4511,91,11,0,,,
4512,91,12,0,,,
4513,91,13,0,,,
4514,91,14,0,,,
4515,91,15,0,,,
4516,91,16,0,,,
4517,91,17,0,,,
4518,91,18,0,,,
4519,91,19,0,,,
4520,91,20,0,,,
4521,91,21,0,,,
4522,91,22,0,,,
4523,91,23,0,,,
4524,91,24,0,,,
4525,91,25,0,,,
4526,91,26,0,,,
4527,91,27,0,,,
4528,91,28,0,,,
4529,91,29,0,,,
4530,91,30,0,,,
4531,91,31,0,,,
4532,91,32,0,,,
4533,91,33,0,,,
4534,91,34,0,,,
4535,91,35,0,,,
4536,91,36,0,,,
4537,91,37,0,,,
4538,91,38,0,,,
4539,91,39,0,,,
4540,91,40,0,,,
4541,91,41,0,,,
4542,91,42,0,,,
4543,91,43,0,,,
4544,91,44,0,,,
4545,91,45,0,,,
4546,91,46,0,,,
4547,91,47,0,,,
4548,91,48,0,,,
4549,91,49,0,,,
4550,91,50,0,,,
4551,92,1,0,,,
4552,92,2,0,,,
4553,92,3,0,,,
4554,92,4,0,,,
4555,92,5,0,,,
4556,92,6,0,,,
4557,92,7,0,,,
4558,92,8,0,,,
4559,92,9,0,,,
4560,92,10,0,,,
4561,92,11,0,,,
4562,92,12,0,,,
4563,92,13,0,,,
4564,92,14,0,,,
4565,92,15,0,,,
4566,92,16,0,,,
4567,92,17,0,,,
4568,92,18,0,,,
4569,92,19,0,,,
4570,92,20,0,,,
4571,92,21,0,,,
4572,92,22,0,,,
4573,92,23,0,,,
4574,92,24,0,,,
4575,92,25,0,,,
4576,92,26,0,,,
4577,92,27,0,,,
4578,92,28,0,,,
4579,92,29,0,,,
4580,92,30,0,,,
4581,92,31,0,,,
4582,92,32,0,,,
4583,92,33,0,,,
4584,92,34,0,,,
4585,92,35,0,,,
4586,92,36,0,,,
4587,92,37,0,,,
4588,92,38,0,,,
4589,92,39,0,,,
4590,92,40,0,,,
4591,92,41,0,,,
4592,92,42,0,,,
4593,92,43,0,,,
4594,92,44,0,,,
4595,92,45,0,,,
4596,92,46,0,,,
4597,92,47,0,,,
4598,92,48,0,,,
4599,92,49,0,,,
4600,92,50,0,,,
4601,93,1,0,,,
4602,93,2,0,,,
4603,93,3,0,,,
4604,93,4,0,,,
4605,93,5,0,,,
4606,93,6,0,,,
4607,93,7,0,,,
4608,93,8,0,,,
4609,93,9,0,,,
4610,93,10,0,,,
4611,93,11,0,,,
4612,93,12,0,,,
4613,93,13,0,,,
4614,93,14,0,,,
4615,93,15,0,,,
4616,93,16,0,,,
4617,93,17,0,,,
4618,93,18,0,,,
4619,93,19,0,,,
4620,93,20,0,,,
4621,93,21,0,,,
4622,93,22,0,,,
4623,93,23,0,,,
4624,93,24,0,,,
4625,93,25,0,,,
4626,93,26,0,,,
4627,93,27,0,,,
4628,93,28,0,,,
4629,93,29,0,,,
4630,93,30,0,,,
4631,93,31,0,,,
4632,93,32,0,,,
4633,93,33,0,,,
4634,93,34,0,,,
4635,93,35,0,,,
4636,93,36,0,,,
4637,93,37,0,,,
4638,93,38,0,,,
4639,93,39,0,,,
4640,93,40,0,,,
4641,93,41,0,,,
4642,93,42,0,,,
4643,93,43,0,,,
4644,93,44,0,,,
4645,93,45,0,,,
4646,93,46,0,,,
4647,93,47,0,,,
4648,93,48,0,,,
4649,93,49,0,,,
4650,93,50,0,,,
4651,94,1,0,,,
4652,94,2,0,,,
4653,94,3,0,,,
4654,94,4,0,,,
4655,94,5,0,,,
4656,94,6,0,,,
4657,94,7,0,,,
4658,94,8,0,,,
4659,94,9,0,,,
4660,94,10,0,,,
4661,94,11,0,,,
4662,94,12,0,,,
4663,94,13,0,,,
4664,94,14,0,,,
4665,94,15,0,,,
4666,94,16,0,,,
4667,94,17,0,,,
4668,94,18,0,,,
4669,94,19,0,,,
4670,94,20,0,,,
4671,94,21,0,,,
4672,94,22,0,,,
4673,94,23,0,,,
4674,94,24,0,,,
4675,94,25,0,,,
4676,94,26,0,,,
4677,94,27,0,,,
4678,94,28,0,,,
4679,94,29,0,,,
4680,94,30,0,,,
4681,94,31,0,,,
4682,94,32,0,,,
4683,94,33,0,,,
4684,94,34,0,,,
4685,94,35,0,,,
4686,94,36,0,,,
4687,94,37,0,,,
4688,94,38,0,,,
4689,94,39,0,,,
4690,94,40,0,,,
4691,94,41,0,,,
4692,94,42,0,,,
4693,94,43,0,,,
4694,94,44,0,,,
4695,94,45,0,,,
4696,94,46,0,,,
4697,94,47,0,,,
4698,94,48,0,,,
4699,94,49,0,,,
4700,94,50,0,,,
4701,95,1,0,,,
4702,95,2,0,,,
4703,95,3,0,,,
4704,95,4,0,,,
4705,95,5,0,,,
4706,95,6,0,,,
4707,95,7,0,,,
4708,95,8,0,,,
4709,95,9,0,,,
4710,95,10,0,,,
4711,95,11,0,,,
4712,95,12,0,,,
4713,95,13,0,,,
4714,95,14,0,,,
4715,95,15,0,,,
4716,95,16,0,,,
4717,95,17,0,,,
4718,95,18,0,,,
4719,95,19,0,,,
4720,95,20,0,,,
4721,95,21,0,,,
4722,95,22,0,,,
4723,95,23,0,,,
4724,95,24,0,,,
4725,95,25,0,,,
4726,95,26,0,,,
4727,95,27,0,,,
4728,95,28,0,,,
4729,95,29,0,,,
4730,95,30,0,,,
4731,95,31,0,,,
4732,95,32,0,,,
4733,95,33,0,,,
4734,95,34,0,,,
4735,95,35,0,,,
4736,95,36,0,,,
4737,95,37,0,,,
4738,95,38,0,,,
4739,95,39,0,,,
4740,95,40,0,,,
4741,95,41,0,,,
4742,95,42,0,,,
4743,95,43,0,,,
4744,95,44,0,,,
4745,95,45,0,,,
4746,95,46,0,,,
4747,95,47,0,,,
4748,95,48,0,,,
4749,95,49,0,,,
4750,95,50,0,,,
4751,96,1,0,,,
4752,96,2,0,,,
4753,96,3,0,,,
4754,96,4,0,,,
4755,96,5,0,,,
4756,96,6,0,,,
4757,96,7,0,,,
4758,96,8,0,,,
4759,96,9,0,,,
4760,96,10,0,,,
4761,96,11,0,,,
4762,96,12,0,,,
4763,96,13,0,,,
4764,96,14,0,,,
4765,96,15,0,,,
4766,96,16,0,,,
4767,96,17,0,,,
4768,96,18,0,,,
4769,96,19,0,,,
4770,96,20,0,,,
4771,96,21,0,,,
4772,96,22,0,,,
4773,96,23,0,,,
4774,96,24,0,,,
4775,96,25,0,,,
4776,96,26,0,,,
4777,96,27,0,,,
4778,96,28,0,,,
4779,96,29,0,,,
4780,96,30,0,,,
4781,96,31,0,,,
4782,96,32,0,,,
4783,96,33,0,,,
4784,96,34,0,,,
4785,96,35,0,,,
4786,96,36,0,,,
4787,96,37,0,,,
4788,96,38,0,,,
4789,96,39,0,,,
4790,96,40,0,,,
4791,96,41,0,,,
4792,96,42,0,,,
4793,96,43,0,,,
4794,96,44,0,,,
4795,96,45,0,,,
4796,96,46,0,,,
4797,96,47,0,,,
4798,96,48,0,,,
4799,96,49,0,,,
4800,96,50,0,,,
4801,97,1,0,,,
4802,97,2,0,,,
4803,97,3,0,,,
4804,97,4,0,,,
4805,97,5,0,,,
4806,97,6,0,,,
4807,97,7,0,,,
4808,97,8,0,,,
4809,97,9,0,,,
4810,97,10,0,,,
4811,97,11,0,,,
4812,97,12,0,,,
4813,97,13,0,,,
4814,97,14,0,,,
4815,97,15,0,,,
4816,97,16,0,,,
4817,97,17,0,,,
4818,97,18,0,,,
4819,97,19,0,,,
4820,97,20,0,,,
4821,97,21,0,,,
4822,97,22,0,,,
4823,97,23,0,,,
4824,97,24,0,,,
4825,97,25,0,,,
4826,97,26,0,,,
4827,97,27,0,,,
4828,97,28,0,,,
4829,97,29,0,,,
4830,97,30,0,,,
4831,97,31,0,,,
4832,97,32,0,,,
4833,97,33,0,,,
4834,97,34,0,,,
4835,97,35,0,,,
4836,97,36,0,,,
4837,97,37,0,,,
4838,97,38,0,,,
4839,97,39,0,,,
4840,97,40,0,,,
4841,97,41,0,,,
4842,97,42,0,,,
4843,97,43,0,,,
4844,97,44,0,,,
4845,97,45,0,,,
4846,97,46,0,,,
4847,97,47,0,,,
4848,97,48,0,,,
4849,97,49,0,,,
4850,97,50,0,,,
4851,98,1,0,,,
4852,98,2,0,,,
4853,98,3,0,,,
4854,98,4,0,,,
4855,98,5,0,,,
4856,98,6,0,,,
4857,98,7,0,,,
4858,98,8,0,,,
4859,98,9,0,,,
4860,98,10,0,,,
4861,98,11,0,,,
4862,98,12,0,,,
4863,98,13,0,,,
4864,98,14,0,,,
4865,98,15,0,,,
4866,98,16,0,,,
4867,98,17,0,,,
4868,98,18,0,,,
4869,98,19,0,,,
4870,98,20,0,,,
4871,98,21,0,,,
4872,98,22,0,,,
4873,98,23,0,,,
4874,98,24,0,,,
4875,98,25,0,,,
4876,98,26,0,,,
4877,98,27,0,,,
4878,98,28,0,,,
4879,98,29,0,,,
4880,98,30,0,,,
4881,98,31,0,,,
4882,98,32,0,,,
4883,98,33,0,,,
4884,98,34,0,,,
4885,98,35,0,,,
4886,98,36,0,,,
4887,98,37,0,,,
4888,98,38,0,,,
4889,98,39,0,,,
4890,98,40,0,,,
4891,98,41,0,,,
4892,98,42,0,,,
4893,98,43,0,,,
4894,98,44,0,,,
4895,98,45,0,,,
4896,98,46,0,,,
4897,98,47,0,,,
4898,98,48,0,,,
4899,98,49,0,,,
4900,98,50,0,,,
4901,99,1,0,,,
4902,99,2,0,,,
4903,99,3,0,,,
4904,99,4,0,,,
4905,99,5,0,,,
4906,99,6,0,,,
4907,99,7,0,,,
4908,99,8,0,,,
4909,99,9,0,,,
4910,99,10,0,,,
4911,99,11,0,,,
4912,99,12,0,,,
4913,99,13,0,,,
4914,99,14,0,,,
4915,99,15,0,,,
4916,99,16,0,,,
4917,99,17,0,,,
4918,99,18,0,,,
4919,99,19,0,,,
4920,99,20,0,,,
4921,99,21,0,,,
4922,99,22,0,,,
4923,99,23,0,,,
4924,99,24,0,,,
4925,99,25,0,,,
4926,99,26,0,,,
4927,99,27,0,,,
4928,99,28,0,,,
4929,99,29,0,,,
4930,99,30,0,,,
4931,99,31,0,,,
4932,99,32,0,,,
4933,99,33,0,,,
4934,99,34,0,,,
4935,99,35,0,,,
4936,99,36,0,,,
4937,99,37,0,,,
4938,99,38,0,,,
4939,99,39,0,,,
4940,99,40,0,,,
4941,99,41,0,,,
4942,99,42,0,,,
4943,99,43,0,,,
4944,99,44,0,,,
4945,99,45,0,,,
4946,99,46,0,,,
4947,99,47,0,,,
4948,99,48,0,,,
4949,99,49,0,,,
4950,99,50,0,,,
4951,100,1,0,,,
4952,100,2,0,,,
4953,100,3,0,,,
4954,100,4,0,,,
4955,100,5,0,,,
4956,100,6,0,,,
4957,100,7,0,,,
4958,100,8,0,,,
4959,100,9,0,,,
4960,100,10,0,,,
4961,100,11,0,,,
4962,100,12,0,,,
4963,100,13,0,,,
4964,100,14,0,,,
4965,100,15,0,,,
4966,100,16,0,,,
4967,100,17,0,,,
4968,100,18,0,,,
4969,100,19,0,,,
4970,100,20,0,,,
4971,100,21,0,,,
4972,100,22,0,,,
4973,100,23,0,,,
4974,100,24,0,,,
4975,100,25,0,,,
4976,100,26,0,,,
4977,100,27,0,,,
4978,100,28,0,,,
4979,100,29,0,,,
4980,100,30,0,,,
4981,100,31,0,,,
4982,100,32,0,,,
4983,100,33,0,,,
4984,100,34,0,,,
4985,100,35,0,,,
4986,100,36,0,,,
4987,100,37,0,,,
4988,100,38,0,,,
4989,100,39,0,,,
4990,100,40,0,,,
4991,100,41,0,,,
4992,100,42,0,,,
4993,100,43,0,,,
4994,100,44,0,,,
4995,100,45,0,,,
4996,100,46,0,,,
4997,100,47,0,,,
4998,100,48,0,,,
4999,100,49,0,,,
5000,100,50,0,,,
5001,101,1,0,,,
5002,101,2,0,,,
5003,101,3,0,,,
5004,101,4,0,,,
5005,101,5,0,,,
5006,101,6,0,,,
5007,101,7,0,,,
5008,101,8,0,,,
5009,101,9,0,,,
5010,101,10,0,,,
5011,101,11,0,,,
5012,101,12,0,,,
5013,101,13,0,,,
5014,101,14,0,,,
5015,101,15,0,,,
5016,101,16,0,,,
5017,101,17,0,,,
5018,101,18,0,,,
5019,101,19,0,,,
5020,101,20,0,,,
5021,101,21,0,,,
5022,101,22,0,,,
5023,101,23,0,,,
5024,101,24,0,,,
5025,101,25,0,,,
5026,101,26,0,,,
5027,101,27,0,,,
5028,101,28,0,,,
5029,101,29,0,,,
5030,101,30,0,,,
5031,101,31,0,,,
5032,101,32,0,,,
5033,101,33,0,,,
5034,101,34,0,,,
5035,101,35,0,,,
5036,101,36,0,,,
5037,101,37,0,,,
5038,101,38,0,,,
5039,101,39,0,,,
5040,101,40,0,,,
5041,101,41,0,,,
5042,101,42,0,,,
5043,101,43,0,,,
5044,101,44,0,,,
5045,101,45,0,,,
5046,101,46,0,,,
5047,101,47,0,,,
5048,101,48,0,,,
5049,101,49,0,,,
5050,101,50,0,,,
5051,102,1,1,Fri Mar 06 2026 00:00:00 GMT-0500 (hora de Ecuador),Thu Apr 02 2026 00:00:00 GMT-0500 (hora de Ecuador),
5052,102,2,1,Fri Mar 06 2026 00:00:00 GMT-0500 (hora de Ecuador),Thu Apr 02 2026 00:00:00 GMT-0500 (hora de Ecuador),
5053,102,3,1,Mon Mar 09 2026 00:00:00 GMT-0500 (hora de Ecuador),Mon Mar 09 2026 00:00:00 GMT-0500 (hora de Ecuador),
5054,102,4,1,Mon Mar 09 2026 00:00:00 GMT-0500 (hora de Ecuador),Mon Mar 09 2026 00:00:00 GMT-0500 (hora de Ecuador),
5055,102,5,1,Mon Mar 09 2026 00:00:00 GMT-0500 (hora de Ecuador),Mon Mar 09 2026 00:00:00 GMT-0500 (hora de Ecuador),
5056,102,6,1,Tue Mar 10 2026 00:00:00 GMT-0500 (hora de Ecuador),Tue Mar 10 2026 00:00:00 GMT-0500 (hora de Ecuador),
5057,102,7,1,Wed Mar 11 2026 00:00:00 GMT-0500 (hora de Ecuador),Wed Mar 11 2026 00:00:00 GMT-0500 (hora de Ecuador),
5058,102,8,1,Thu Mar 12 2026 00:00:00 GMT-0500 (hora de Ecuador),Thu Mar 12 2026 00:00:00 GMT-0500 (hora de Ecuador),
5059,102,9,1,Fri Mar 13 2026 00:00:00 GMT-0500 (hora de Ecuador),Fri Mar 13 2026 00:00:00 GMT-0500 (hora de Ecuador),
5060,102,10,1,Mon Mar 16 2026 00:00:00 GMT-0500 (hora de Ecuador),Mon Mar 16 2026 00:00:00 GMT-0500 (hora de Ecuador),
5061,102,11,1,Tue Mar 17 2026 00:00:00 GMT-0500 (hora de Ecuador),Tue Mar 17 2026 00:00:00 GMT-0500 (hora de Ecuador),
5062,102,12,1,Tue Mar 17 2026 00:00:00 GMT-0500 (hora de Ecuador),Tue Mar 17 2026 00:00:00 GMT-0500 (hora de Ecuador),
5063,102,13,1,Wed Mar 18 2026 00:00:00 GMT-0500 (hora de Ecuador),Wed Mar 18 2026 00:00:00 GMT-0500 (hora de Ecuador),
5064,102,14,1,Thu Mar 19 2026 00:00:00 GMT-0500 (hora de Ecuador),Thu Mar 19 2026 00:00:00 GMT-0500 (hora de Ecuador),
5065,102,15,1,Fri Mar 20 2026 00:00:00 GMT-0500 (hora de Ecuador),Fri Mar 20 2026 00:00:00 GMT-0500 (hora de Ecuador),
5066,102,16,1,Mon Mar 23 2026 00:00:00 GMT-0500 (hora de Ecuador),Mon Mar 23 2026 00:00:00 GMT-0500 (hora de Ecuador),
5067,102,17,1,Mon Mar 23 2026 00:00:00 GMT-0500 (hora de Ecuador),Mon Mar 23 2026 00:00:00 GMT-0500 (hora de Ecuador),
5068,102,18,1,Tue Mar 24 2026 00:00:00 GMT-0500 (hora de Ecuador),Tue Mar 24 2026 00:00:00 GMT-0500 (hora de Ecuador),
5069,102,19,1,Tue Mar 24 2026 00:00:00 GMT-0500 (hora de Ecuador),Tue Mar 24 2026 00:00:00 GMT-0500 (hora de Ecuador),
5070,102,20,0,,,
5071,102,21,0,,,
5072,102,22,0,,,
5073,102,23,0,,,
5074,102,24,0,,,
5075,102,25,0,,,
5076,102,26,0,,,
5077,102,27,0,,,
5078,102,28,0,,,
5079,102,29,0,,,
5080,102,30,0,,,
5081,102,31,0,,,
5082,102,32,0,,,
5083,102,33,1,Wed Mar 25 2026 00:00:00 GMT-0500 (hora de Ecuador),Wed Mar 25 2026 00:00:00 GMT-0500 (hora de Ecuador),
5084,102,34,1,Thu Mar 26 2026 00:00:00 GMT-0500 (hora de Ecuador),Thu Mar 26 2026 00:00:00 GMT-0500 (hora de Ecuador),
5085,102,35,1,Thu Mar 26 2026 00:00:00 GMT-0500 (hora de Ecuador),Thu Mar 26 2026 00:00:00 GMT-0500 (hora de Ecuador),
5086,102,36,0,,,
5087,102,37,0,,,
5088,102,38,0,,,
5089,102,39,1,Thu Mar 26 2026 00:00:00 GMT-0500 (hora de Ecuador),Thu Mar 26 2026 00:00:00 GMT-0500 (hora de Ecuador),
5090,102,40,1,Wed Apr 01 2026 00:00:00 GMT-0500 (hora de Ecuador),Wed Apr 01 2026 00:00:00 GMT-0500 (hora de Ecuador),
5091,102,41,0,,,
5092,102,42,0,,,
5093,102,43,0,,,
5094,102,44,0,,,
5095,102,45,0,,,
5096,102,46,0,,,
5097,102,47,0,,,
5098,102,48,0,,,
5099,102,49,0,,,
5100,102,50,1,Wed Apr 01 2026 00:00:00 GMT-0500 (hora de Ecuador),Wed Apr 01 2026 00:00:00 GMT-0500 (hora de Ecuador),
5101,103,1,0,,,
5102,103,2,0,,,
5103,103,3,0,,,
5104,103,4,0,,,
5105,103,5,0,,,
5106,103,6,0,,,
5107,103,7,0,,,
5108,103,8,0,,,
5109,103,9,0,,,
5110,103,10,0,,,
5111,103,11,0,,,
5112,103,12,0,,,
5113,103,13,0,,,
5114,103,14,0,,,
5115,103,15,0,,,
5116,103,16,0,,,
5117,103,17,0,,,
5118,103,18,0,,,
5119,103,19,0,,,
5120,103,20,0,,,
5121,103,21,0,,,
5122,103,22,0,,,
5123,103,23,0,,,
5124,103,24,0,,,
5125,103,25,0,,,
5126,103,26,0,,,
5127,103,27,0,,,
5128,103,28,0,,,
5129,103,29,0,,,
5130,103,30,0,,,
5131,103,31,0,,,
5132,103,32,0,,,
5133,103,33,0,,,
5134,103,34,0,,,
5135,103,35,0,,,
5136,103,36,0,,,
5137,103,37,0,,,
5138,103,38,0,,,
5139,103,39,0,,,
5140,103,40,0,,,
5141,103,41,0,,,
5142,103,42,0,,,
5143,103,43,0,,,
5144,103,44,0,,,
5145,103,45,0,,,
5146,103,46,0,,,
5147,103,47,0,,,
5148,103,48,0,,,
5149,103,49,0,,,
5150,103,50,0,,,
5151,104,1,0,,,
5152,104,2,0,,,
5153,104,3,0,,,
5154,104,4,0,,,
5155,104,5,0,,,
5156,104,6,0,,,
5157,104,7,0,,,
5158,104,8,0,,,
5159,104,9,0,,,
5160,104,10,0,,,
5161,104,11,0,,,
5162,104,12,0,,,
5163,104,13,0,,,
5164,104,14,0,,,
5165,104,15,0,,,
5166,104,16,0,,,
5167,104,17,0,,,
5168,104,18,0,,,
5169,104,19,0,,,
5170,104,20,0,,,
5171,104,21,0,,,
5172,104,22,0,,,
5173,104,23,0,,,
5174,104,24,0,,,
5175,104,25,0,,,
5176,104,26,0,,,
5177,104,27,0,,,
5178,104,28,0,,,
5179,104,29,0,,,
5180,104,30,0,,,
5181,104,31,0,,,
5182,104,32,0,,,
5183,104,33,0,,,
5184,104,34,0,,,
5185,104,35,0,,,
5186,104,36,0,,,
5187,104,37,0,,,
5188,104,38,0,,,
5189,104,39,0,,,
5190,104,40,0,,,
5191,104,41,0,,,
5192,104,42,0,,,
5193,104,43,0,,,
5194,104,44,0,,,
5195,104,45,0,,,
5196,104,46,0,,,
5197,104,47,0,,,
5198,104,48,0,,,
5199,104,49,0,,,
5200,104,50,0,,,
5201,105,1,1,Mon Apr 06 2026 00:00:00 GMT-0500 (hora de Ecuador),Mon Apr 06 2026 00:00:00 GMT-0500 (hora de Ecuador),
5202,105,2,1,Mon Apr 06 2026 00:00:00 GMT-0500 (hora de Ecuador),Mon Apr 06 2026 00:00:00 GMT-0500 (hora de Ecuador),
5203,105,3,1,Tue Apr 07 2026 00:00:00 GMT-0500 (hora de Ecuador),Tue Apr 07 2026 00:00:00 GMT-0500 (hora de Ecuador),
5204,105,4,1,Tue Apr 07 2026 00:00:00 GMT-0500 (hora de Ecuador),Tue Apr 07 2026 00:00:00 GMT-0500 (hora de Ecuador),
5205,105,5,1,Tue Apr 07 2026 00:00:00 GMT-0500 (hora de Ecuador),Tue Apr 07 2026 00:00:00 GMT-0500 (hora de Ecuador),
5206,105,6,1,Wed Apr 08 2026 00:00:00 GMT-0500 (hora de Ecuador),Wed Apr 08 2026 00:00:00 GMT-0500 (hora de Ecuador),
5207,105,7,1,Thu Apr 09 2026 00:00:00 GMT-0500 (hora de Ecuador),Thu Apr 09 2026 00:00:00 GMT-0500 (hora de Ecuador),
5208,105,8,1,Fri Apr 10 2026 00:00:00 GMT-0500 (hora de Ecuador),Fri Apr 10 2026 00:00:00 GMT-0500 (hora de Ecuador),
5209,105,9,1,Mon Apr 13 2026 00:00:00 GMT-0500 (hora de Ecuador),Mon Apr 13 2026 00:00:00 GMT-0500 (hora de Ecuador),
5210,105,10,1,Tue Apr 14 2026 00:00:00 GMT-0500 (hora de Ecuador),Tue Apr 14 2026 00:00:00 GMT-0500 (hora de Ecuador),
5211,105,11,1,Wed Apr 15 2026 00:00:00 GMT-0500 (hora de Ecuador),Wed Apr 15 2026 00:00:00 GMT-0500 (hora de Ecuador),
5212,105,12,1,Wed Apr 15 2026 00:00:00 GMT-0500 (hora de Ecuador),Wed Apr 15 2026 00:00:00 GMT-0500 (hora de Ecuador),
5213,105,13,1,Thu Apr 16 2026 00:00:00 GMT-0500 (hora de Ecuador),Thu Apr 16 2026 00:00:00 GMT-0500 (hora de Ecuador),
5214,105,14,1,Fri Apr 17 2026 00:00:00 GMT-0500 (hora de Ecuador),Fri Apr 17 2026 00:00:00 GMT-0500 (hora de Ecuador),
5215,105,15,1,Mon Apr 20 2026 00:00:00 GMT-0500 (hora de Ecuador),Mon Apr 20 2026 00:00:00 GMT-0500 (hora de Ecuador),
5216,105,16,1,Tue Apr 21 2026 00:00:00 GMT-0500 (hora de Ecuador),Tue Apr 21 2026 00:00:00 GMT-0500 (hora de Ecuador),
5217,105,17,1,Tue Apr 21 2026 00:00:00 GMT-0500 (hora de Ecuador),Tue Apr 21 2026 00:00:00 GMT-0500 (hora de Ecuador),
5218,105,18,1,Wed Apr 22 2026 00:00:00 GMT-0500 (hora de Ecuador),Wed Apr 22 2026 00:00:00 GMT-0500 (hora de Ecuador),
5219,105,19,1,Wed Apr 22 2026 00:00:00 GMT-0500 (hora de Ecuador),Wed Apr 22 2026 00:00:00 GMT-0500 (hora de Ecuador),
5220,105,20,0,,,
5221,105,21,0,,,
5222,105,22,0,,,
5223,105,23,0,,,
5224,105,24,0,,,
5225,105,25,0,,,
5226,105,26,0,,,
5227,105,27,0,,,
5228,105,28,0,,,
5229,105,29,0,,,
5230,105,30,0,,,
5231,105,31,0,,,
5232,105,32,0,,,
5233,105,33,1,Thu Apr 23 2026 00:00:00 GMT-0500 (hora de Ecuador),Thu Apr 23 2026 00:00:00 GMT-0500 (hora de Ecuador),
5234,105,34,1,Fri Apr 24 2026 00:00:00 GMT-0500 (hora de Ecuador),Fri Apr 24 2026 00:00:00 GMT-0500 (hora de Ecuador),
5235,105,35,1,Fri Apr 24 2026 00:00:00 GMT-0500 (hora de Ecuador),Fri Apr 24 2026 00:00:00 GMT-0500 (hora de Ecuador),
5236,105,36,1,Mon Apr 27 2026 00:00:00 GMT-0500 (hora de Ecuador),Mon Apr 27 2026 00:00:00 GMT-0500 (hora de Ecuador),
5237,105,37,1,Tue Apr 28 2026 00:00:00 GMT-0500 (hora de Ecuador),Tue Apr 28 2026 00:00:00 GMT-0500 (hora de Ecuador),
5238,105,38,1,Wed Apr 29 2026 00:00:00 GMT-0500 (hora de Ecuador),Wed Apr 29 2026 00:00:00 GMT-0500 (hora de Ecuador),
5239,105,39,1,Thu Apr 30 2026 00:00:00 GMT-0500 (hora de Ecuador),Thu Apr 30 2026 00:00:00 GMT-0500 (hora de Ecuador),
5240,105,40,1,Thu Apr 30 2026 00:00:00 GMT-0500 (hora de Ecuador),Thu Apr 30 2026 00:00:00 GMT-0500 (hora de Ecuador),
5241,105,41,1,Thu May 07 2026 00:00:00 GMT-0500 (hora de Ecuador),Thu May 07 2026 00:00:00 GMT-0500 (hora de Ecuador),
5242,105,42,1,Mon May 11 2026 00:00:00 GMT-0500 (hora de Ecuador),Mon May 11 2026 00:00:00 GMT-0500 (hora de Ecuador),
5243,105,43,1,Fri May 15 2026 00:00:00 GMT-0500 (hora de Ecuador),Fri May 15 2026 00:00:00 GMT-0500 (hora de Ecuador),
5244,105,44,1,Mon May 18 2026 00:00:00 GMT-0500 (hora de Ecuador),Mon May 18 2026 00:00:00 GMT-0500 (hora de Ecuador),
5245,105,45,1,Tue May 19 2026 00:00:00 GMT-0500 (hora de Ecuador),Tue May 19 2026 00:00:00 GMT-0500 (hora de Ecuador),
5246,105,46,1,Thu May 21 2026 00:00:00 GMT-0500 (hora de Ecuador),Thu May 21 2026 00:00:00 GMT-0500 (hora de Ecuador),
5247,105,47,1,Fri May 22 2026 00:00:00 GMT-0500 (hora de Ecuador),Fri May 22 2026 00:00:00 GMT-0500 (hora de Ecuador),
5248,105,48,1,Fri May 22 2026 00:00:00 GMT-0500 (hora de Ecuador),Fri May 22 2026 00:00:00 GMT-0500 (hora de Ecuador),
5249,105,49,1,Thu May 28 2026 00:00:00 GMT-0500 (hora de Ecuador),Thu May 28 2026 00:00:00 GMT-0500 (hora de Ecuador),
5250,105,50,1,Tue Jun 02 2026 00:00:00 GMT-0500 (hora de Ecuador),Tue Jun 02 2026 00:00:00 GMT-0500 (hora de Ecuador),
5251,106,1,1,Wed Jul 08 2026 00:00:00 GMT-0500 (hora de Ecuador),Wed Jul 08 2026 00:00:00 GMT-0500 (hora de Ecuador),
5252,106,2,1,Thu Jul 09 2026 00:00:00 GMT-0500 (hora de Ecuador),Thu Jul 09 2026 00:00:00 GMT-0500 (hora de Ecuador),
5253,106,3,1,Thu Jul 09 2026 00:00:00 GMT-0500 (hora de Ecuador),Mon Aug 03 2026 00:00:00 GMT-0500 (hora de Ecuador),
5254,106,4,1,Thu Jul 09 2026 00:00:00 GMT-0500 (hora de Ecuador),Mon Aug 03 2026 00:00:00 GMT-0500 (hora de Ecuador),
5255,106,5,1,Fri Jul 10 2026 00:00:00 GMT-0500 (hora de Ecuador),Mon Aug 03 2026 00:00:00 GMT-0500 (hora de Ecuador),
5256,106,6,1,Mon Jul 13 2026 00:00:00 GMT-0500 (hora de Ecuador),Mon Aug 03 2026 00:00:00 GMT-0500 (hora de Ecuador),
5257,106,7,1,Tue Jul 14 2026 00:00:00 GMT-0500 (hora de Ecuador),Mon Aug 03 2026 00:00:00 GMT-0500 (hora de Ecuador),
5258,106,8,1,Wed Jul 15 2026 00:00:00 GMT-0500 (hora de Ecuador),Mon Aug 03 2026 00:00:00 GMT-0500 (hora de Ecuador),
5259,106,9,1,Thu Jul 16 2026 00:00:00 GMT-0500 (hora de Ecuador),Thu Jul 16 2026 00:00:00 GMT-0500 (hora de Ecuador),
5260,106,10,1,Fri Jul 17 2026 00:00:00 GMT-0500 (hora de Ecuador),Fri Jul 17 2026 00:00:00 GMT-0500 (hora de Ecuador),
5261,106,11,1,Fri Jul 17 2026 00:00:00 GMT-0500 (hora de Ecuador),Fri Jul 17 2026 00:00:00 GMT-0500 (hora de Ecuador),
5262,106,12,1,Mon Jul 20 2026 00:00:00 GMT-0500 (hora de Ecuador),Mon Jul 20 2026 00:00:00 GMT-0500 (hora de Ecuador),
5263,106,13,1,Tue Jul 21 2026 00:00:00 GMT-0500 (hora de Ecuador),Tue Jul 21 2026 00:00:00 GMT-0500 (hora de Ecuador),
5264,106,14,1,Wed Jul 22 2026 00:00:00 GMT-0500 (hora de Ecuador),Wed Jul 22 2026 00:00:00 GMT-0500 (hora de Ecuador),
5265,106,15,1,Thu Jul 23 2026 00:00:00 GMT-0500 (hora de Ecuador),Thu Jul 23 2026 00:00:00 GMT-0500 (hora de Ecuador),
5266,106,16,1,Thu Jul 23 2026 00:00:00 GMT-0500 (hora de Ecuador),Thu Jul 23 2026 00:00:00 GMT-0500 (hora de Ecuador),
5267,106,17,1,Fri Jul 24 2026 00:00:00 GMT-0500 (hora de Ecuador),Fri Jul 24 2026 00:00:00 GMT-0500 (hora de Ecuador),
5268,106,18,1,Fri Jul 24 2026 00:00:00 GMT-0500 (hora de Ecuador),Fri Jul 24 2026 00:00:00 GMT-0500 (hora de Ecuador),
5269,106,19,0,,,
5270,106,20,0,,,
5271,106,21,0,,,
5272,106,22,0,,,
5273,106,23,0,,,
5274,106,24,0,,,
5275,106,25,0,,,
5276,106,26,0,,,
5277,106,27,0,,,
5278,106,28,0,,,
5279,106,29,0,,,
5280,106,30,0,,,
5281,106,31,0,,,
5282,106,32,1,Mon Jul 27 2026 00:00:00 GMT-0500 (hora de Ecuador),Mon Jul 27 2026 00:00:00 GMT-0500 (hora de Ecuador),
5283,106,33,1,Tue Jul 28 2026 00:00:00 GMT-0500 (hora de Ecuador),Tue Jul 28 2026 00:00:00 GMT-0500 (hora de Ecuador),
5284,106,34,1,Tue Jul 28 2026 00:00:00 GMT-0500 (hora de Ecuador),Tue Jul 28 2026 00:00:00 GMT-0500 (hora de Ecuador),
5285,106,35,0,,,
5286,106,36,0,,,
5287,106,37,0,,,
5288,106,38,1,Tue Jul 28 2026 00:00:00 GMT-0500 (hora de Ecuador),Tue Jul 28 2026 00:00:00 GMT-0500 (hora de Ecuador),
5289,106,39,1,Mon Aug 03 2026 00:00:00 GMT-0500 (hora de Ecuador),Mon Aug 03 2026 00:00:00 GMT-0500 (hora de Ecuador),
5290,106,40,1,Wed Jan 17 1900 00:00:00 GMT-0514 (hora de Ecuador),Mon Aug 03 2026 00:00:00 GMT-0500 (hora de Ecuador),
5291,106,41,0,,,
5292,106,42,0,,,
5293,106,43,0,,,
5294,106,44,0,,,
5295,106,45,0,,,
5296,106,46,0,,,
5297,106,47,0,,,
5298,106,48,0,,,
5299,106,49,1,Mon Aug 03 2026 00:00:00 GMT-0500 (hora de Ecuador),Mon Aug 03 2026 00:00:00 GMT-0500 (hora de Ecuador),
5300,106,50,0,,,
5301,107,1,0,,,
5302,107,2,0,,,
5303,107,3,0,,,
5304,107,4,0,,,
5305,107,5,0,,,
5306,107,6,0,,,
5307,107,7,0,,,
5308,107,8,0,,,
5309,107,9,0,,,
5310,107,10,0,,,
5311,107,11,0,,,
5312,107,12,0,,,
5313,107,13,0,,,
5314,107,14,0,,,
5315,107,15,0,,,
5316,107,16,0,,,
5317,107,17,0,,,
5318,107,18,0,,,
5319,107,19,0,,,
5320,107,20,0,,,
5321,107,21,0,,,
5322,107,22,0,,,
5323,107,23,0,,,
5324,107,24,0,,,
5325,107,25,0,,,
5326,107,26,0,,,
5327,107,27,0,,,
5328,107,28,0,,,
5329,107,29,0,,,
5330,107,30,0,,,
5331,107,31,0,,,
5332,107,32,0,,,
5333,107,33,0,,,
5334,107,34,0,,,
5335,107,35,0,,,
5336,107,36,0,,,
5337,107,37,0,,,
5338,107,38,0,,,
5339,107,39,0,,,
5340,107,40,0,,,
5341,107,41,0,,,
5342,107,42,0,,,
5343,107,43,0,,,
5344,107,44,0,,,
5345,107,45,0,,,
5346,107,46,0,,,
5347,107,47,0,,,
5348,107,48,0,,,
5349,107,49,0,,,
5350,107,50,0,,,
5351,108,1,1,Wed Jul 08 2026 00:00:00 GMT-0500 (hora de Ecuador),Wed Jul 08 2026 00:00:00 GMT-0500 (hora de Ecuador),
5352,108,2,1,Wed Jul 08 2026 00:00:00 GMT-0500 (hora de Ecuador),Wed Jul 08 2026 00:00:00 GMT-0500 (hora de Ecuador),
5353,108,3,1,Thu Jul 09 2026 00:00:00 GMT-0500 (hora de Ecuador),Thu Jul 09 2026 00:00:00 GMT-0500 (hora de Ecuador),
5354,108,4,1,Thu Jul 09 2026 00:00:00 GMT-0500 (hora de Ecuador),Thu Jul 09 2026 00:00:00 GMT-0500 (hora de Ecuador),
5355,108,5,1,Thu Jul 09 2026 00:00:00 GMT-0500 (hora de Ecuador),Thu Jul 09 2026 00:00:00 GMT-0500 (hora de Ecuador),
5356,108,6,1,Fri Jul 10 2026 00:00:00 GMT-0500 (hora de Ecuador),Fri Jul 10 2026 00:00:00 GMT-0500 (hora de Ecuador),
5357,108,7,1,Mon Jul 13 2026 00:00:00 GMT-0500 (hora de Ecuador),Mon Jul 13 2026 00:00:00 GMT-0500 (hora de Ecuador),
5358,108,8,1,Tue Jul 14 2026 00:00:00 GMT-0500 (hora de Ecuador),Tue Jul 14 2026 00:00:00 GMT-0500 (hora de Ecuador),
5359,108,9,1,Wed Jul 15 2026 00:00:00 GMT-0500 (hora de Ecuador),Wed Jul 15 2026 00:00:00 GMT-0500 (hora de Ecuador),
5360,108,10,1,Thu Jul 16 2026 00:00:00 GMT-0500 (hora de Ecuador),Thu Jul 16 2026 00:00:00 GMT-0500 (hora de Ecuador),
5361,108,11,1,Fri Jul 17 2026 00:00:00 GMT-0500 (hora de Ecuador),Fri Jul 17 2026 00:00:00 GMT-0500 (hora de Ecuador),
5362,108,12,1,Fri Jul 17 2026 00:00:00 GMT-0500 (hora de Ecuador),Fri Jul 17 2026 00:00:00 GMT-0500 (hora de Ecuador),
5363,108,13,1,Mon Jul 20 2026 00:00:00 GMT-0500 (hora de Ecuador),Mon Jul 20 2026 00:00:00 GMT-0500 (hora de Ecuador),
5364,108,14,1,Tue Jul 21 2026 00:00:00 GMT-0500 (hora de Ecuador),Tue Jul 21 2026 00:00:00 GMT-0500 (hora de Ecuador),
5365,108,15,1,Wed Jul 22 2026 00:00:00 GMT-0500 (hora de Ecuador),Wed Jul 22 2026 00:00:00 GMT-0500 (hora de Ecuador),
5366,108,16,1,Thu Jul 23 2026 00:00:00 GMT-0500 (hora de Ecuador),Thu Jul 23 2026 00:00:00 GMT-0500 (hora de Ecuador),
5367,108,17,1,Thu Jul 23 2026 00:00:00 GMT-0500 (hora de Ecuador),Thu Jul 23 2026 00:00:00 GMT-0500 (hora de Ecuador),
5368,108,18,1,Fri Jul 24 2026 00:00:00 GMT-0500 (hora de Ecuador),Fri Jul 24 2026 00:00:00 GMT-0500 (hora de Ecuador),
5369,108,19,1,Fri Jul 24 2026 00:00:00 GMT-0500 (hora de Ecuador),Fri Jul 24 2026 00:00:00 GMT-0500 (hora de Ecuador),
5370,108,20,0,,,
5371,108,21,0,,,
5372,108,22,0,,,
5373,108,23,0,,,
5374,108,24,0,,,
5375,108,25,0,,,
5376,108,26,0,,,
5377,108,27,0,,,
5378,108,28,0,,,
5379,108,29,0,,,
5380,108,30,0,,,
5381,108,31,0,,,
5382,108,32,0,,,
5383,108,33,1,Mon Jul 27 2026 00:00:00 GMT-0500 (hora de Ecuador),Mon Jul 27 2026 00:00:00 GMT-0500 (hora de Ecuador),
5384,108,34,1,Tue Jul 28 2026 00:00:00 GMT-0500 (hora de Ecuador),Tue Jul 28 2026 00:00:00 GMT-0500 (hora de Ecuador),
5385,108,35,1,Tue Jul 28 2026 00:00:00 GMT-0500 (hora de Ecuador),Tue Jul 28 2026 00:00:00 GMT-0500 (hora de Ecuador),
5386,108,36,0,,,
5387,108,37,0,,,
5388,108,38,0,,,
5389,108,39,1,Tue Jul 28 2026 00:00:00 GMT-0500 (hora de Ecuador),Tue Jul 28 2026 00:00:00 GMT-0500 (hora de Ecuador),
5390,108,40,1,Sun Aug 02 2026 00:00:00 GMT-0500 (hora de Ecuador),Sun Aug 02 2026 00:00:00 GMT-0500 (hora de Ecuador),
5391,108,41,0,,,
5392,108,42,0,,,
5393,108,43,0,,,
5394,108,44,0,,,
5395,108,45,0,,,
5396,108,46,0,,,
5397,108,47,0,,,
5398,108,48,0,,,
5399,108,49,0,,,
5400,108,50,1,Sun Aug 02 2026 00:00:00 GMT-0500 (hora de Ecuador),Sun Aug 02 2026 00:00:00 GMT-0500 (hora de Ecuador),
5401,109,1,1,Wed May 20 2026 00:00:00 GMT-0500 (hora de Ecuador),Thu Jul 23 2026 00:00:00 GMT-0500 (hora de Ecuador),
5402,109,2,1,Wed May 20 2026 00:00:00 GMT-0500 (hora de Ecuador),Thu Jul 23 2026 00:00:00 GMT-0500 (hora de Ecuador),
5403,109,3,1,Thu May 21 2026 00:00:00 GMT-0500 (hora de Ecuador),Mon Aug 03 2026 00:00:00 GMT-0500 (hora de Ecuador),
5404,109,4,1,Thu May 21 2026 00:00:00 GMT-0500 (hora de Ecuador),Mon Aug 03 2026 00:00:00 GMT-0500 (hora de Ecuador),
5405,109,5,1,Thu May 21 2026 00:00:00 GMT-0500 (hora de Ecuador),Mon Aug 03 2026 00:00:00 GMT-0500 (hora de Ecuador),
5406,109,6,1,Fri May 22 2026 00:00:00 GMT-0500 (hora de Ecuador),Mon Aug 03 2026 00:00:00 GMT-0500 (hora de Ecuador),
5407,109,7,1,Mon May 25 2026 00:00:00 GMT-0500 (hora de Ecuador),Mon Aug 03 2026 00:00:00 GMT-0500 (hora de Ecuador),
5408,109,8,1,Tue May 26 2026 00:00:00 GMT-0500 (hora de Ecuador),Mon Aug 03 2026 00:00:00 GMT-0500 (hora de Ecuador),
5409,109,9,1,Wed May 27 2026 00:00:00 GMT-0500 (hora de Ecuador),Mon Aug 03 2026 00:00:00 GMT-0500 (hora de Ecuador),
5410,109,10,1,Thu May 28 2026 00:00:00 GMT-0500 (hora de Ecuador),Mon Aug 03 2026 00:00:00 GMT-0500 (hora de Ecuador),
5411,109,11,1,Fri May 29 2026 00:00:00 GMT-0500 (hora de Ecuador),Mon Aug 03 2026 00:00:00 GMT-0500 (hora de Ecuador),
5412,109,12,1,Fri May 29 2026 00:00:00 GMT-0500 (hora de Ecuador),Mon Aug 03 2026 00:00:00 GMT-0500 (hora de Ecuador),
5413,109,13,1,Mon Jun 01 2026 00:00:00 GMT-0500 (hora de Ecuador),Mon Aug 03 2026 00:00:00 GMT-0500 (hora de Ecuador),
5414,109,14,1,Tue Jun 02 2026 00:00:00 GMT-0500 (hora de Ecuador),Mon Aug 03 2026 00:00:00 GMT-0500 (hora de Ecuador),
5415,109,15,1,Wed Jun 03 2026 00:00:00 GMT-0500 (hora de Ecuador),Mon Aug 03 2026 00:00:00 GMT-0500 (hora de Ecuador),
5416,109,16,1,Thu Jun 04 2026 00:00:00 GMT-0500 (hora de Ecuador),Mon Aug 03 2026 00:00:00 GMT-0500 (hora de Ecuador),
5417,109,17,1,Thu Jun 04 2026 00:00:00 GMT-0500 (hora de Ecuador),Mon Aug 03 2026 00:00:00 GMT-0500 (hora de Ecuador),
5418,109,18,1,Fri Jun 05 2026 00:00:00 GMT-0500 (hora de Ecuador),Mon Aug 03 2026 00:00:00 GMT-0500 (hora de Ecuador),
5419,109,19,1,Fri Jun 05 2026 00:00:00 GMT-0500 (hora de Ecuador),Mon Aug 03 2026 00:00:00 GMT-0500 (hora de Ecuador),
5420,109,20,0,,,
5421,109,21,0,,,
5422,109,22,0,,,
5423,109,23,0,,,
5424,109,24,0,,,
5425,109,25,0,,,
5426,109,26,0,,,
5427,109,27,0,,,
5428,109,28,0,,,
5429,109,29,0,,,
5430,109,30,0,,,
5431,109,31,0,,,
5432,109,32,0,,,
5433,109,33,1,Mon Jun 08 2026 00:00:00 GMT-0500 (hora de Ecuador),Mon Aug 03 2026 00:00:00 GMT-0500 (hora de Ecuador),
5434,109,34,1,Tue Jun 09 2026 00:00:00 GMT-0500 (hora de Ecuador),Wed Sep 30 2026 00:00:00 GMT-0500 (hora de Ecuador),
5435,109,35,1,Tue Jun 09 2026 00:00:00 GMT-0500 (hora de Ecuador),Mon Aug 31 2026 00:00:00 GMT-0500 (hora de Ecuador),
5436,109,36,1,Wed Jun 10 2026 00:00:00 GMT-0500 (hora de Ecuador),Mon Aug 31 2026 00:00:00 GMT-0500 (hora de Ecuador),
5437,109,37,1,Thu Jun 11 2026 00:00:00 GMT-0500 (hora de Ecuador),Mon Aug 31 2026 00:00:00 GMT-0500 (hora de Ecuador),
5438,109,38,1,Fri Jun 12 2026 00:00:00 GMT-0500 (hora de Ecuador),Mon Aug 31 2026 00:00:00 GMT-0500 (hora de Ecuador),
5439,109,39,1,Mon Jun 15 2026 00:00:00 GMT-0500 (hora de Ecuador),Mon Aug 03 2026 00:00:00 GMT-0500 (hora de Ecuador),
5440,109,40,1,Mon Jun 15 2026 00:00:00 GMT-0500 (hora de Ecuador),Mon Aug 31 2026 00:00:00 GMT-0500 (hora de Ecuador),
5441,109,41,1,Wed Jun 17 2026 00:00:00 GMT-0500 (hora de Ecuador),Mon Aug 31 2026 00:00:00 GMT-0500 (hora de Ecuador),
5442,109,42,1,Fri Jun 19 2026 00:00:00 GMT-0500 (hora de Ecuador),Mon Aug 31 2026 00:00:00 GMT-0500 (hora de Ecuador),
5443,109,43,1,Tue Jun 23 2026 00:00:00 GMT-0500 (hora de Ecuador),Mon Aug 31 2026 00:00:00 GMT-0500 (hora de Ecuador),
5444,109,44,1,Wed Jun 24 2026 00:00:00 GMT-0500 (hora de Ecuador),Mon Aug 31 2026 00:00:00 GMT-0500 (hora de Ecuador),
5445,109,45,1,Thu Jun 25 2026 00:00:00 GMT-0500 (hora de Ecuador),Mon Aug 31 2026 00:00:00 GMT-0500 (hora de Ecuador),
5446,109,46,1,Mon Jun 29 2026 00:00:00 GMT-0500 (hora de Ecuador),Mon Aug 31 2026 00:00:00 GMT-0500 (hora de Ecuador),
5447,109,47,1,Tue Jun 30 2026 00:00:00 GMT-0500 (hora de Ecuador),Mon Aug 31 2026 00:00:00 GMT-0500 (hora de Ecuador),
5448,109,48,1,Tue Jun 30 2026 00:00:00 GMT-0500 (hora de Ecuador),Tue Sep 01 2026 00:00:00 GMT-0500 (hora de Ecuador),
5449,109,49,1,Fri Jul 03 2026 00:00:00 GMT-0500 (hora de Ecuador),Mon Aug 31 2026 00:00:00 GMT-0500 (hora de Ecuador),
5450,109,50,1,Wed Jul 08 2026 00:00:00 GMT-0500 (hora de Ecuador),Mon Aug 31 2026 00:00:00 GMT-0500 (hora de Ecuador),
5451,110,1,0,,,
5452,110,2,0,,,
5453,110,3,0,,,
5454,110,4,0,,,
5455,110,5,0,,,
5456,110,6,0,,,
5457,110,7,0,,,
5458,110,8,0,,,
5459,110,9,0,,,
5460,110,10,0,,,
5461,110,11,0,,,
5462,110,12,0,,,
5463,110,13,0,,,
5464,110,14,0,,,
5465,110,15,0,,,
5466,110,16,0,,,
5467,110,17,0,,,
5468,110,18,0,,,
5469,110,19,0,,,
5470,110,20,0,,,
5471,110,21,0,,,
5472,110,22,0,,,
5473,110,23,0,,,
5474,110,24,0,,,
5475,110,25,0,,,
5476,110,26,0,,,
5477,110,27,0,,,
5478,110,28,0,,,
5479,110,29,0,,,
5480,110,30,0,,,
5481,110,31,0,,,
5482,110,32,0,,,
5483,110,33,0,,,
5484,110,34,0,,,
5485,110,35,0,,,
5486,110,36,0,,,
5487,110,37,0,,,
5488,110,38,0,,,
5489,110,39,0,,,
5490,110,40,0,,,
5491,110,41,0,,,
5492,110,42,0,,,
5493,110,43,0,,,
5494,110,44,0,,,
5495,110,45,0,,,
5496,110,46,0,,,
5497,110,47,0,,,
5498,110,48,0,,,
5499,110,49,0,,,
5500,110,50,0,,,
5501,111,1,1,Thu Aug 20 2026 00:00:00 GMT-0500 (hora de Ecuador),Thu Aug 20 2026 00:00:00 GMT-0500 (hora de Ecuador),
5502,111,2,1,Thu Aug 20 2026 00:00:00 GMT-0500 (hora de Ecuador),Thu Aug 20 2026 00:00:00 GMT-0500 (hora de Ecuador),
5503,111,3,1,Fri Aug 21 2026 00:00:00 GMT-0500 (hora de Ecuador),Fri Aug 21 2026 00:00:00 GMT-0500 (hora de Ecuador),
5504,111,4,1,Fri Aug 21 2026 00:00:00 GMT-0500 (hora de Ecuador),Fri Aug 21 2026 00:00:00 GMT-0500 (hora de Ecuador),
5505,111,5,1,Fri Aug 21 2026 00:00:00 GMT-0500 (hora de Ecuador),Fri Aug 21 2026 00:00:00 GMT-0500 (hora de Ecuador),
5506,111,6,1,Mon Aug 24 2026 00:00:00 GMT-0500 (hora de Ecuador),Mon Aug 24 2026 00:00:00 GMT-0500 (hora de Ecuador),
5507,111,7,1,Tue Aug 25 2026 00:00:00 GMT-0500 (hora de Ecuador),Tue Aug 25 2026 00:00:00 GMT-0500 (hora de Ecuador),
5508,111,8,1,Wed Aug 26 2026 00:00:00 GMT-0500 (hora de Ecuador),Wed Aug 26 2026 00:00:00 GMT-0500 (hora de Ecuador),
5509,111,9,1,Thu Aug 27 2026 00:00:00 GMT-0500 (hora de Ecuador),Thu Aug 27 2026 00:00:00 GMT-0500 (hora de Ecuador),
5510,111,10,1,Fri Aug 28 2026 00:00:00 GMT-0500 (hora de Ecuador),Fri Aug 28 2026 00:00:00 GMT-0500 (hora de Ecuador),
5511,111,11,1,Mon Aug 31 2026 00:00:00 GMT-0500 (hora de Ecuador),Mon Aug 31 2026 00:00:00 GMT-0500 (hora de Ecuador),
5512,111,12,1,Mon Aug 31 2026 00:00:00 GMT-0500 (hora de Ecuador),Mon Aug 31 2026 00:00:00 GMT-0500 (hora de Ecuador),
5513,111,13,1,Tue Sep 01 2026 00:00:00 GMT-0500 (hora de Ecuador),Tue Sep 01 2026 00:00:00 GMT-0500 (hora de Ecuador),
5514,111,14,1,Wed Sep 02 2026 00:00:00 GMT-0500 (hora de Ecuador),Wed Sep 02 2026 00:00:00 GMT-0500 (hora de Ecuador),
5515,111,15,1,Thu Sep 03 2026 00:00:00 GMT-0500 (hora de Ecuador),Thu Sep 03 2026 00:00:00 GMT-0500 (hora de Ecuador),
5516,111,16,1,Fri Sep 04 2026 00:00:00 GMT-0500 (hora de Ecuador),Fri Sep 04 2026 00:00:00 GMT-0500 (hora de Ecuador),
5517,111,17,1,Fri Sep 04 2026 00:00:00 GMT-0500 (hora de Ecuador),Fri Sep 04 2026 00:00:00 GMT-0500 (hora de Ecuador),
5518,111,18,1,Mon Sep 07 2026 00:00:00 GMT-0500 (hora de Ecuador),Mon Sep 07 2026 00:00:00 GMT-0500 (hora de Ecuador),
5519,111,19,1,Mon Sep 07 2026 00:00:00 GMT-0500 (hora de Ecuador),Mon Sep 07 2026 00:00:00 GMT-0500 (hora de Ecuador),
5520,111,20,0,,,
5521,111,21,0,,,
5522,111,22,0,,,
5523,111,23,0,,,
5524,111,24,0,,,
5525,111,25,0,,,
5526,111,26,0,,,
5527,111,27,0,,,
5528,111,28,0,,,
5529,111,29,0,,,
5530,111,30,0,,,
5531,111,31,0,,,
5532,111,32,0,,,
5533,111,33,1,Tue Sep 08 2026 00:00:00 GMT-0500 (hora de Ecuador),Tue Sep 08 2026 00:00:00 GMT-0500 (hora de Ecuador),
5534,111,34,1,Wed Sep 09 2026 00:00:00 GMT-0500 (hora de Ecuador),Wed Sep 09 2026 00:00:00 GMT-0500 (hora de Ecuador),
5535,111,35,1,Wed Sep 09 2026 00:00:00 GMT-0500 (hora de Ecuador),Wed Sep 09 2026 00:00:00 GMT-0500 (hora de Ecuador),
5536,111,36,0,,,
5537,111,37,0,,,
5538,111,38,0,,,
5539,111,39,1,Wed Sep 09 2026 00:00:00 GMT-0500 (hora de Ecuador),Wed Sep 09 2026 00:00:00 GMT-0500 (hora de Ecuador),
5540,111,40,1,Tue Sep 15 2026 00:00:00 GMT-0500 (hora de Ecuador),Tue Sep 15 2026 00:00:00 GMT-0500 (hora de Ecuador),
5541,111,41,0,,,
5542,111,42,0,,,
5543,111,43,0,,,
5544,111,44,0,,,
5545,111,45,0,,,
5546,111,46,0,,,
5547,111,47,0,,,
5548,111,48,0,,,
5549,111,49,0,,,
5550,111,50,1,Tue Sep 15 2026 00:00:00 GMT-0500 (hora de Ecuador),Tue Sep 15 2026 00:00:00 GMT-0500 (hora de Ecuador),
5551,112,1,0,,,
5552,112,2,0,,,
5553,112,3,0,,,
5554,112,4,0,,,
5555,112,5,0,,,
5556,112,6,0,,,
5557,112,7,0,,,
5558,112,8,0,,,
5559,112,9,0,,,
5560,112,10,0,,,
5561,112,11,0,,,
5562,112,12,0,,,
5563,112,13,0,,,
5564,112,14,0,,,
5565,112,15,0,,,
5566,112,16,0,,,
5567,112,17,0,,,
5568,112,18,0,,,
5569,112,19,0,,,
5570,112,20,0,,,
5571,112,21,0,,,
5572,112,22,0,,,
5573,112,23,0,,,
5574,112,24,0,,,
5575,112,25,0,,,
5576,112,26,0,,,
5577,112,27,0,,,
5578,112,28,0,,,
5579,112,29,0,,,
5580,112,30,0,,,
5581,112,31,0,,,
5582,112,32,0,,,
5583,112,33,0,,,
5584,112,34,0,,,
5585,112,35,0,,,
5586,112,36,0,,,
5587,112,37,0,,,
5588,112,38,0,,,
5589,112,39,0,,,
5590,112,40,0,,,
5591,112,41,0,,,
5592,112,42,0,,,
5593,112,43,0,,,
5594,112,44,0,,,
5595,112,45,0,,,
5596,112,46,0,,,
5597,112,47,0,,,
5598,112,48,0,,,
5599,112,49,0,,,
5600,112,50,0,,,
5601,113,1,1,Wed Feb 04 2026 00:00:00 GMT-0500 (hora de Ecuador),Wed Feb 04 2026 00:00:00 GMT-0500 (hora de Ecuador),
5602,113,2,1,Wed Feb 04 2026 00:00:00 GMT-0500 (hora de Ecuador),Wed Feb 04 2026 00:00:00 GMT-0500 (hora de Ecuador),
5603,113,3,1,Thu Feb 05 2026 00:00:00 GMT-0500 (hora de Ecuador),Thu Feb 05 2026 00:00:00 GMT-0500 (hora de Ecuador),
5604,113,4,1,Thu Feb 05 2026 00:00:00 GMT-0500 (hora de Ecuador),Thu Feb 05 2026 00:00:00 GMT-0500 (hora de Ecuador),
5605,113,5,1,Thu Feb 05 2026 00:00:00 GMT-0500 (hora de Ecuador),Thu Feb 05 2026 00:00:00 GMT-0500 (hora de Ecuador),
5606,113,6,1,Fri Feb 06 2026 00:00:00 GMT-0500 (hora de Ecuador),Fri Feb 06 2026 00:00:00 GMT-0500 (hora de Ecuador),
5607,113,7,1,Mon Feb 09 2026 00:00:00 GMT-0500 (hora de Ecuador),Mon Feb 09 2026 00:00:00 GMT-0500 (hora de Ecuador),
5608,113,8,1,Tue Feb 10 2026 00:00:00 GMT-0500 (hora de Ecuador),Tue Feb 10 2026 00:00:00 GMT-0500 (hora de Ecuador),
5609,113,9,1,Wed Feb 11 2026 00:00:00 GMT-0500 (hora de Ecuador),Wed Feb 11 2026 00:00:00 GMT-0500 (hora de Ecuador),
5610,113,10,1,Thu Feb 12 2026 00:00:00 GMT-0500 (hora de Ecuador),Thu Feb 12 2026 00:00:00 GMT-0500 (hora de Ecuador),
5611,113,11,1,Fri Feb 13 2026 00:00:00 GMT-0500 (hora de Ecuador),Fri Feb 13 2026 00:00:00 GMT-0500 (hora de Ecuador),
5612,113,12,1,Fri Feb 13 2026 00:00:00 GMT-0500 (hora de Ecuador),Fri Feb 13 2026 00:00:00 GMT-0500 (hora de Ecuador),
5613,113,13,1,Mon Feb 16 2026 00:00:00 GMT-0500 (hora de Ecuador),Mon Feb 16 2026 00:00:00 GMT-0500 (hora de Ecuador),
5614,113,14,1,Tue Feb 17 2026 00:00:00 GMT-0500 (hora de Ecuador),Tue Feb 17 2026 00:00:00 GMT-0500 (hora de Ecuador),
5615,113,15,1,Wed Feb 18 2026 00:00:00 GMT-0500 (hora de Ecuador),Wed Feb 18 2026 00:00:00 GMT-0500 (hora de Ecuador),
5616,113,16,1,Thu Feb 19 2026 00:00:00 GMT-0500 (hora de Ecuador),Thu Feb 19 2026 00:00:00 GMT-0500 (hora de Ecuador),
5617,113,17,1,Thu Feb 19 2026 00:00:00 GMT-0500 (hora de Ecuador),Thu Feb 19 2026 00:00:00 GMT-0500 (hora de Ecuador),
5618,113,18,1,Fri Feb 20 2026 00:00:00 GMT-0500 (hora de Ecuador),Fri Feb 20 2026 00:00:00 GMT-0500 (hora de Ecuador),
5619,113,19,1,Fri Feb 20 2026 00:00:00 GMT-0500 (hora de Ecuador),Fri Feb 20 2026 00:00:00 GMT-0500 (hora de Ecuador),
5620,113,20,0,,,
5621,113,21,0,,,
5622,113,22,0,,,
5623,113,23,0,,,
5624,113,24,0,,,
5625,113,25,0,,,
5626,113,26,0,,,
5627,113,27,0,,,
5628,113,28,0,,,
5629,113,29,0,,,
5630,113,30,0,,,
5631,113,31,0,,,
5632,113,32,0,,,
5633,113,33,1,Mon Feb 23 2026 00:00:00 GMT-0500 (hora de Ecuador),Mon Feb 23 2026 00:00:00 GMT-0500 (hora de Ecuador),
5634,113,34,1,Tue Feb 24 2026 00:00:00 GMT-0500 (hora de Ecuador),Tue Feb 24 2026 00:00:00 GMT-0500 (hora de Ecuador),
5635,113,35,1,Tue Feb 24 2026 00:00:00 GMT-0500 (hora de Ecuador),Tue Feb 24 2026 00:00:00 GMT-0500 (hora de Ecuador),
5636,113,36,0,,,
5637,113,37,0,,,
5638,113,38,0,,,
5639,113,39,1,Tue Feb 24 2026 00:00:00 GMT-0500 (hora de Ecuador),Tue Feb 24 2026 00:00:00 GMT-0500 (hora de Ecuador),
5640,113,40,1,Mon Mar 02 2026 00:00:00 GMT-0500 (hora de Ecuador),Mon Mar 02 2026 00:00:00 GMT-0500 (hora de Ecuador),
5641,113,41,0,,,
5642,113,42,0,,,
5643,113,43,0,,,
5644,113,44,0,,,
5645,113,45,0,,,
5646,113,46,0,,,
5647,113,47,0,,,
5648,113,48,0,,,
5649,113,49,0,,,
5650,113,50,1,Mon Mar 02 2026 00:00:00 GMT-0500 (hora de Ecuador),Mon Mar 02 2026 00:00:00 GMT-0500 (hora de Ecuador),
5651,114,1,1,Mon Jul 20 2026 00:00:00 GMT-0500 (hora de Ecuador),Mon Jul 20 2026 00:00:00 GMT-0500 (hora de Ecuador),
5652,114,2,0,,,
5653,114,3,0,,,
5654,114,4,0,,,
5655,114,5,0,,,
5656,114,6,0,,,
5657,114,7,0,,,
5658,114,8,0,,,
5659,114,9,0,,,
5660,114,10,0,,,
5661,114,11,0,,,
5662,114,12,0,,,
5663,114,13,0,,,
5664,114,14,0,,,
5665,114,15,0,,,
5666,114,16,0,,,
5667,114,17,0,,,
5668,114,18,0,,,
5669,114,19,0,,,
5670,114,20,0,,,
5671,114,21,0,,,
5672,114,22,0,,,
5673,114,23,0,,,
5674,114,24,0,,,
5675,114,25,0,,,
5676,114,26,0,,,
5677,114,27,0,,,
5678,114,28,0,,,
5679,114,29,0,,,
5680,114,30,0,,,
5681,114,31,0,,,
5682,114,32,0,,,
5683,114,33,0,,,
5684,114,34,0,,,
5685,114,35,0,,,
5686,114,36,0,,,
5687,114,37,0,,,
5688,114,38,0,,,
5689,114,39,0,,,
5690,114,40,0,,,
5691,114,41,0,,,
5692,114,42,0,,,
5693,114,43,0,,,
5694,114,44,0,,,
5695,114,45,0,,,
5696,114,46,0,,,
5697,114,47,0,,,
5698,114,48,0,,,
5699,114,49,0,,,
5700,114,50,0,,,
5701,115,1,1,Wed Apr 08 2026 00:00:00 GMT-0500 (hora de Ecuador),Wed Apr 08 2026 00:00:00 GMT-0500 (hora de Ecuador),
5702,115,2,1,Wed Apr 08 2026 00:00:00 GMT-0500 (hora de Ecuador),Wed Apr 08 2026 00:00:00 GMT-0500 (hora de Ecuador),
5703,115,3,1,Thu Apr 09 2026 00:00:00 GMT-0500 (hora de Ecuador),Thu Apr 09 2026 00:00:00 GMT-0500 (hora de Ecuador),
5704,115,4,1,Thu Apr 09 2026 00:00:00 GMT-0500 (hora de Ecuador),Thu Apr 09 2026 00:00:00 GMT-0500 (hora de Ecuador),
5705,115,5,1,Thu Apr 09 2026 00:00:00 GMT-0500 (hora de Ecuador),Thu Apr 09 2026 00:00:00 GMT-0500 (hora de Ecuador),
5706,115,6,1,Fri Apr 10 2026 00:00:00 GMT-0500 (hora de Ecuador),Fri Apr 10 2026 00:00:00 GMT-0500 (hora de Ecuador),
5707,115,7,1,Mon Apr 13 2026 00:00:00 GMT-0500 (hora de Ecuador),Mon Apr 13 2026 00:00:00 GMT-0500 (hora de Ecuador),
5708,115,8,1,Tue Apr 14 2026 00:00:00 GMT-0500 (hora de Ecuador),Tue Apr 14 2026 00:00:00 GMT-0500 (hora de Ecuador),
5709,115,9,1,Wed Apr 15 2026 00:00:00 GMT-0500 (hora de Ecuador),Wed Apr 15 2026 00:00:00 GMT-0500 (hora de Ecuador),
5710,115,10,1,Thu Apr 16 2026 00:00:00 GMT-0500 (hora de Ecuador),Thu Apr 16 2026 00:00:00 GMT-0500 (hora de Ecuador),
5711,115,11,1,Fri Apr 17 2026 00:00:00 GMT-0500 (hora de Ecuador),Fri Apr 17 2026 00:00:00 GMT-0500 (hora de Ecuador),
5712,115,12,1,Fri Apr 17 2026 00:00:00 GMT-0500 (hora de Ecuador),Fri Apr 17 2026 00:00:00 GMT-0500 (hora de Ecuador),
5713,115,13,1,Mon Apr 20 2026 00:00:00 GMT-0500 (hora de Ecuador),Mon Apr 20 2026 00:00:00 GMT-0500 (hora de Ecuador),
5714,115,14,1,Tue Apr 21 2026 00:00:00 GMT-0500 (hora de Ecuador),Tue Apr 21 2026 00:00:00 GMT-0500 (hora de Ecuador),
5715,115,15,1,Wed Apr 22 2026 00:00:00 GMT-0500 (hora de Ecuador),Wed Apr 22 2026 00:00:00 GMT-0500 (hora de Ecuador),
5716,115,16,1,Thu Apr 23 2026 00:00:00 GMT-0500 (hora de Ecuador),Thu Apr 23 2026 00:00:00 GMT-0500 (hora de Ecuador),
5717,115,17,1,Thu Apr 23 2026 00:00:00 GMT-0500 (hora de Ecuador),Thu Apr 23 2026 00:00:00 GMT-0500 (hora de Ecuador),
5718,115,18,1,Fri Apr 24 2026 00:00:00 GMT-0500 (hora de Ecuador),Fri Apr 24 2026 00:00:00 GMT-0500 (hora de Ecuador),
5719,115,19,1,Fri Apr 24 2026 00:00:00 GMT-0500 (hora de Ecuador),Fri Apr 24 2026 00:00:00 GMT-0500 (hora de Ecuador),
5720,115,20,0,,,
5721,115,21,0,,,
5722,115,22,0,,,
5723,115,23,0,,,
5724,115,24,0,,,
5725,115,25,0,,,
5726,115,26,0,,,
5727,115,27,0,,,
5728,115,28,0,,,
5729,115,29,0,,,
5730,115,30,0,,,
5731,115,31,0,,,
5732,115,32,0,,,
5733,115,33,1,Mon Apr 27 2026 00:00:00 GMT-0500 (hora de Ecuador),Mon Apr 27 2026 00:00:00 GMT-0500 (hora de Ecuador),
5734,115,34,1,Tue Apr 28 2026 00:00:00 GMT-0500 (hora de Ecuador),Tue Apr 28 2026 00:00:00 GMT-0500 (hora de Ecuador),
5735,115,35,1,Tue Apr 28 2026 00:00:00 GMT-0500 (hora de Ecuador),Tue Apr 28 2026 00:00:00 GMT-0500 (hora de Ecuador),
5736,115,36,0,,,
5737,115,37,0,,,
5738,115,38,0,,,
5739,115,39,1,Tue Apr 28 2026 00:00:00 GMT-0500 (hora de Ecuador),Tue Apr 28 2026 00:00:00 GMT-0500 (hora de Ecuador),
5740,115,40,1,Sat May 02 2026 00:00:00 GMT-0500 (hora de Ecuador),Sat May 02 2026 00:00:00 GMT-0500 (hora de Ecuador),
5741,115,41,0,,,
5742,115,42,0,,,
5743,115,43,0,,,
5744,115,44,0,,,
5745,115,45,0,,,
5746,115,46,0,,,
5747,115,47,0,,,
5748,115,48,0,,,
5749,115,49,0,,,
5750,115,50,1,Sat May 02 2026 00:00:00 GMT-0500 (hora de Ecuador),Sat May 02 2026 00:00:00 GMT-0500 (hora de Ecuador),
5751,116,1,0,,,
5752,116,2,0,,,
5753,116,3,0,,,
5754,116,4,0,,,
5755,116,5,0,,,
5756,116,6,0,,,
5757,116,7,0,,,
5758,116,8,0,,,
5759,116,9,0,,,
5760,116,10,0,,,
5761,116,11,0,,,
5762,116,12,0,,,
5763,116,13,0,,,
5764,116,14,0,,,
5765,116,15,0,,,
5766,116,16,0,,,
5767,116,17,0,,,
5768,116,18,0,,,
5769,116,19,0,,,
5770,116,20,0,,,
5771,116,21,0,,,
5772,116,22,0,,,
5773,116,23,0,,,
5774,116,24,0,,,
5775,116,25,0,,,
5776,116,26,0,,,
5777,116,27,0,,,
5778,116,28,0,,,
5779,116,29,0,,,
5780,116,30,0,,,
5781,116,31,0,,,
5782,116,32,0,,,
5783,116,33,0,,,
5784,116,34,0,,,
5785,116,35,0,,,
5786,116,36,0,,,
5787,116,37,0,,,
5788,116,38,0,,,
5789,116,39,0,,,
5790,116,40,0,,,
5791,116,41,0,,,
5792,116,42,0,,,
5793,116,43,0,,,
5794,116,44,0,,,
5795,116,45,0,,,
5796,116,46,0,,,
5797,116,47,0,,,
5798,116,48,0,,,
5799,116,49,0,,,
5800,116,50,0,,,
5801,117,1,0,,,
5802,117,2,0,,,
5803,117,3,0,,,
5804,117,4,0,,,
5805,117,5,0,,,
5806,117,6,0,,,
5807,117,7,0,,,
5808,117,8,0,,,
5809,117,9,0,,,
5810,117,10,0,,,
5811,117,11,0,,,
5812,117,12,0,,,
5813,117,13,0,,,
5814,117,14,0,,,
5815,117,15,0,,,
5816,117,16,0,,,
5817,117,17,0,,,
5818,117,18,0,,,
5819,117,19,0,,,
5820,117,20,0,,,
5821,117,21,0,,,
5822,117,22,0,,,
5823,117,23,0,,,
5824,117,24,0,,,
5825,117,25,0,,,
5826,117,26,0,,,
5827,117,27,0,,,
5828,117,28,0,,,
5829,117,29,0,,,
5830,117,30,0,,,
5831,117,31,0,,,
5832,117,32,0,,,
5833,117,33,0,,,
5834,117,34,0,,,
5835,117,35,0,,,
5836,117,36,0,,,
5837,117,37,0,,,
5838,117,38,0,,,
5839,117,39,0,,,
5840,117,40,0,,,
5841,117,41,0,,,
5842,117,42,0,,,
5843,117,43,0,,,
5844,117,44,0,,,
5845,117,45,0,,,
5846,117,46,0,,,
5847,117,47,0,,,
5848,117,48,0,,,
5849,117,49,0,,,
5850,117,50,0,,,
5851,118,1,0,,,
5852,118,2,0,,,
5853,118,3,0,,,
5854,118,4,0,,,
5855,118,5,0,,,
5856,118,6,0,,,
5857,118,7,0,,,
5858,118,8,0,,,
5859,118,9,0,,,
5860,118,10,0,,,
5861,118,11,0,,,
5862,118,12,0,,,
5863,118,13,0,,,
5864,118,14,0,,,
5865,118,15,0,,,
5866,118,16,0,,,
5867,118,17,0,,,
5868,118,18,0,,,
5869,118,19,0,,,
5870,118,20,0,,,
5871,118,21,0,,,
5872,118,22,0,,,
5873,118,23,0,,,
5874,118,24,0,,,
5875,118,25,0,,,
5876,118,26,0,,,
5877,118,27,0,,,
5878,118,28,0,,,
5879,118,29,0,,,
5880,118,30,0,,,
5881,118,31,0,,,
5882,118,32,0,,,
5883,118,33,0,,,
5884,118,34,0,,,
5885,118,35,0,,,
5886,118,36,0,,,
5887,118,37,0,,,
5888,118,38,0,,,
5889,118,39,0,,,
5890,118,40,0,,,
5891,118,41,0,,,
5892,118,42,0,,,
5893,118,43,0,,,
5894,118,44,0,,,
5895,118,45,0,,,
5896,118,46,0,,,
5897,118,47,0,,,
5898,118,48,0,,,
5899,118,49,0,,,
5900,118,50,0,,,
5901,119,1,0,,,
5902,119,2,0,,,
5903,119,3,0,,,
5904,119,4,0,,,
5905,119,5,0,,,
5906,119,6,0,,,
5907,119,7,0,,,
5908,119,8,0,,,
5909,119,9,0,,,
5910,119,10,0,,,
5911,119,11,0,,,
5912,119,12,0,,,
5913,119,13,0,,,
5914,119,14,0,,,
5915,119,15,0,,,
5916,119,16,0,,,
5917,119,17,0,,,
5918,119,18,0,,,
5919,119,19,0,,,
5920,119,20,0,,,
5921,119,21,0,,,
5922,119,22,0,,,
5923,119,23,0,,,
5924,119,24,0,,,
5925,119,25,0,,,
5926,119,26,0,,,
5927,119,27,0,,,
5928,119,28,0,,,
5929,119,29,0,,,
5930,119,30,0,,,
5931,119,31,0,,,
5932,119,32,0,,,
5933,119,33,0,,,
5934,119,34,0,,,
5935,119,35,0,,,
5936,119,36,0,,,
5937,119,37,0,,,
5938,119,38,0,,,
5939,119,39,0,,,
5940,119,40,0,,,
5941,119,41,0,,,
5942,119,42,0,,,
5943,119,43,0,,,
5944,119,44,0,,,
5945,119,45,0,,,
5946,119,46,0,,,
5947,119,47,0,,,
5948,119,48,0,,,
5949,119,49,0,,,
5950,119,50,0,,,
5951,120,1,0,,,
5952,120,2,0,,,
5953,120,3,0,,,
5954,120,4,0,,,
5955,120,5,0,,,
5956,120,6,0,,,
5957,120,7,0,,,
5958,120,8,0,,,
5959,120,9,0,,,
5960,120,10,0,,,
5961,120,11,0,,,
5962,120,12,0,,,
5963,120,13,0,,,
5964,120,14,0,,,
5965,120,15,0,,,
5966,120,16,0,,,
5967,120,17,0,,,
5968,120,18,0,,,
5969,120,19,0,,,
5970,120,20,0,,,
5971,120,21,0,,,
5972,120,22,0,,,
5973,120,23,0,,,
5974,120,24,0,,,
5975,120,25,0,,,
5976,120,26,0,,,
5977,120,27,0,,,
5978,120,28,0,,,
5979,120,29,0,,,
5980,120,30,0,,,
5981,120,31,0,,,
5982,120,32,0,,,
5983,120,33,0,,,
5984,120,34,0,,,
5985,120,35,0,,,
5986,120,36,0,,,
5987,120,37,0,,,
5988,120,38,0,,,
5989,120,39,0,,,
5990,120,40,0,,,
5991,120,41,0,,,
5992,120,42,0,,,
5993,120,43,0,,,
5994,120,44,0,,,
5995,120,45,0,,,
5996,120,46,0,,,
5997,120,47,0,,,
5998,120,48,0,,,
5999,120,49,0,,,
6000,120,50,0,,,
6001,121,1,0,,,
6002,121,2,0,,,
6003,121,3,0,,,
6004,121,4,0,,,
6005,121,5,0,,,
6006,121,6,0,,,
6007,121,7,0,,,
6008,121,8,0,,,
6009,121,9,0,,,
6010,121,10,0,,,
6011,121,11,0,,,
6012,121,12,0,,,
6013,121,13,0,,,
6014,121,14,0,,,
6015,121,15,0,,,
6016,121,16,0,,,
6017,121,17,0,,,
6018,121,18,0,,,
6019,121,19,0,,,
6020,121,20,0,,,
6021,121,21,0,,,
6022,121,22,0,,,
6023,121,23,0,,,
6024,121,24,0,,,
6025,121,25,0,,,
6026,121,26,0,,,
6027,121,27,0,,,
6028,121,28,0,,,
6029,121,29,0,,,
6030,121,30,0,,,
6031,121,31,0,,,
6032,121,32,0,,,
6033,121,33,0,,,
6034,121,34,0,,,
6035,121,35,0,,,
6036,121,36,0,,,
6037,121,37,0,,,
6038,121,38,0,,,
6039,121,39,0,,,
6040,121,40,0,,,
6041,121,41,0,,,
6042,121,42,0,,,
6043,121,43,0,,,
6044,121,44,0,,,
6045,121,45,0,,,
6046,121,46,0,,,
6047,121,47,0,,,
6048,121,48,0,,,
6049,121,49,0,,,
6050,121,50,0,,,
6051,122,1,0,,,
6052,122,2,0,,,
6053,122,3,0,,,
6054,122,4,0,,,
6055,122,5,0,,,
6056,122,6,0,,,
6057,122,7,0,,,
6058,122,8,0,,,
6059,122,9,0,,,
6060,122,10,0,,,
6061,122,11,0,,,
6062,122,12,0,,,
6063,122,13,0,,,
6064,122,14,0,,,
6065,122,15,0,,,
6066,122,16,0,,,
6067,122,17,0,,,
6068,122,18,0,,,
6069,122,19,0,,,
6070,122,20,0,,,
6071,122,21,0,,,
6072,122,22,0,,,
6073,122,23,0,,,
6074,122,24,0,,,
6075,122,25,0,,,
6076,122,26,0,,,
6077,122,27,0,,,
6078,122,28,0,,,
6079,122,29,0,,,
6080,122,30,0,,,
6081,122,31,0,,,
6082,122,32,0,,,
6083,122,33,0,,,
6084,122,34,0,,,
6085,122,35,0,,,
6086,122,36,0,,,
6087,122,37,0,,,
6088,122,38,0,,,
6089,122,39,0,,,
6090,122,40,0,,,
6091,122,41,0,,,
6092,122,42,0,,,
6093,122,43,0,,,
6094,122,44,0,,,
6095,122,45,0,,,
6096,122,46,0,,,
6097,122,47,0,,,
6098,122,48,0,,,
6099,122,49,0,,,
6100,122,50,0,,,
6101,123,1,0,,,
6102,123,2,0,,,
6103,123,3,0,,,
6104,123,4,0,,,
6105,123,5,0,,,
6106,123,6,0,,,
6107,123,7,0,,,
6108,123,8,0,,,
6109,123,9,0,,,
6110,123,10,0,,,
6111,123,11,0,,,
6112,123,12,0,,,
6113,123,13,0,,,
6114,123,14,0,,,
6115,123,15,0,,,
6116,123,16,0,,,
6117,123,17,0,,,
6118,123,18,0,,,
6119,123,19,0,,,
6120,123,20,0,,,
6121,123,21,0,,,
6122,123,22,0,,,
6123,123,23,0,,,
6124,123,24,0,,,
6125,123,25,0,,,
6126,123,26,0,,,
6127,123,27,0,,,
6128,123,28,0,,,
6129,123,29,0,,,
6130,123,30,0,,,
6131,123,31,0,,,
6132,123,32,0,,,
6133,123,33,0,,,
6134,123,34,0,,,
6135,123,35,0,,,
6136,123,36,0,,,
6137,123,37,0,,,
6138,123,38,0,,,
6139,123,39,0,,,
6140,123,40,0,,,
6141,123,41,0,,,
6142,123,42,0,,,
6143,123,43,0,,,
6144,123,44,0,,,
6145,123,45,0,,,
6146,123,46,0,,,
6147,123,47,0,,,
6148,123,48,0,,,
6149,123,49,0,,,
6150,123,50,0,,,
6151,124,1,0,,,
6152,124,2,0,,,
6153,124,3,0,,,
6154,124,4,0,,,
6155,124,5,0,,,
6156,124,6,0,,,
6157,124,7,0,,,
6158,124,8,0,,,
6159,124,9,0,,,
6160,124,10,0,,,
6161,124,11,0,,,
6162,124,12,0,,,
6163,124,13,0,,,
6164,124,14,0,,,
6165,124,15,0,,,
6166,124,16,0,,,
6167,124,17,0,,,
6168,124,18,0,,,
6169,124,19,0,,,
6170,124,20,0,,,
6171,124,21,0,,,
6172,124,22,0,,,
6173,124,23,0,,,
6174,124,24,0,,,
6175,124,25,0,,,
6176,124,26,0,,,
6177,124,27,0,,,
6178,124,28,0,,,
6179,124,29,0,,,
6180,124,30,0,,,
6181,124,31,0,,,
6182,124,32,0,,,
6183,124,33,0,,,
6184,124,34,0,,,
6185,124,35,0,,,
6186,124,36,0,,,
6187,124,37,0,,,
6188,124,38,0,,,
6189,124,39,0,,,
6190,124,40,0,,,
6191,124,41,0,,,
6192,124,42,0,,,
6193,124,43,0,,,
6194,124,44,0,,,
6195,124,45,0,,,
6196,124,46,0,,,
6197,124,47,0,,,
6198,124,48,0,,,
6199,124,49,0,,,
6200,124,50,0,,,
6201,125,1,0,,,
6202,125,2,0,,,
6203,125,3,0,,,
6204,125,4,0,,,
6205,125,5,0,,,
6206,125,6,0,,,
6207,125,7,0,,,
6208,125,8,0,,,
6209,125,9,0,,,
6210,125,10,0,,,
6211,125,11,0,,,
6212,125,12,0,,,
6213,125,13,0,,,
6214,125,14,0,,,
6215,125,15,0,,,
6216,125,16,0,,,
6217,125,17,0,,,
6218,125,18,0,,,
6219,125,19,0,,,
6220,125,20,0,,,
6221,125,21,0,,,
6222,125,22,0,,,
6223,125,23,0,,,
6224,125,24,0,,,
6225,125,25,0,,,
6226,125,26,0,,,
6227,125,27,0,,,
6228,125,28,0,,,
6229,125,29,0,,,
6230,125,30,0,,,
6231,125,31,0,,,
6232,125,32,0,,,
6233,125,33,0,,,
6234,125,34,0,,,
6235,125,35,0,,,
6236,125,36,0,,,
6237,125,37,0,,,
6238,125,38,0,,,
6239,125,39,0,,,
6240,125,40,0,,,
6241,125,41,0,,,
6242,125,42,0,,,
6243,125,43,0,,,
6244,125,44,0,,,
6245,125,45,0,,,
6246,125,46,0,,,
6247,125,47,0,,,
6248,125,48,0,,,
6249,125,49,0,,,
6250,125,50,0,,,
6251,126,1,0,,,
6252,126,2,0,,,
6253,126,3,0,,,
6254,126,4,0,,,
6255,126,5,0,,,
6256,126,6,0,,,
6257,126,7,0,,,
6258,126,8,0,,,
6259,126,9,0,,,
6260,126,10,0,,,
6261,126,11,0,,,
6262,126,12,0,,,
6263,126,13,0,,,
6264,126,14,0,,,
6265,126,15,0,,,
6266,126,16,0,,,
6267,126,17,0,,,
6268,126,18,0,,,
6269,126,19,0,,,
6270,126,20,0,,,
6271,126,21,0,,,
6272,126,22,0,,,
6273,126,23,0,,,
6274,126,24,0,,,
6275,126,25,0,,,
6276,126,26,0,,,
6277,126,27,0,,,
6278,126,28,0,,,
6279,126,29,0,,,
6280,126,30,0,,,
6281,126,31,0,,,
6282,126,32,0,,,
6283,126,33,0,,,
6284,126,34,0,,,
6285,126,35,0,,,
6286,126,36,0,,,
6287,126,37,0,,,
6288,126,38,0,,,
6289,126,39,0,,,
6290,126,40,0,,,
6291,126,41,0,,,
6292,126,42,0,,,
6293,126,43,0,,,
6294,126,44,0,,,
6295,126,45,0,,,
6296,126,46,0,,,
6297,126,47,0,,,
6298,126,48,0,,,
6299,126,49,0,,,
6300,126,50,0,,,
6301,127,1,1,Wed Feb 18 2026 00:00:00 GMT-0500 (hora de Ecuador),Wed Feb 18 2026 00:00:00 GMT-0500 (hora de Ecuador),
6302,127,2,1,Wed Feb 18 2026 00:00:00 GMT-0500 (hora de Ecuador),Wed Feb 18 2026 00:00:00 GMT-0500 (hora de Ecuador),
6303,127,3,1,Thu Feb 19 2026 00:00:00 GMT-0500 (hora de Ecuador),Thu Feb 19 2026 00:00:00 GMT-0500 (hora de Ecuador),
6304,127,4,1,Thu Feb 19 2026 00:00:00 GMT-0500 (hora de Ecuador),Thu Feb 19 2026 00:00:00 GMT-0500 (hora de Ecuador),
6305,127,5,1,Thu Feb 19 2026 00:00:00 GMT-0500 (hora de Ecuador),Thu Feb 19 2026 00:00:00 GMT-0500 (hora de Ecuador),
6306,127,6,1,Fri Feb 20 2026 00:00:00 GMT-0500 (hora de Ecuador),Fri Feb 20 2026 00:00:00 GMT-0500 (hora de Ecuador),
6307,127,7,1,Mon Feb 23 2026 00:00:00 GMT-0500 (hora de Ecuador),Mon Feb 23 2026 00:00:00 GMT-0500 (hora de Ecuador),
6308,127,8,1,Tue Feb 24 2026 00:00:00 GMT-0500 (hora de Ecuador),Tue Feb 24 2026 00:00:00 GMT-0500 (hora de Ecuador),
6309,127,9,1,Wed Feb 25 2026 00:00:00 GMT-0500 (hora de Ecuador),Wed Feb 25 2026 00:00:00 GMT-0500 (hora de Ecuador),
6310,127,10,1,Thu Feb 26 2026 00:00:00 GMT-0500 (hora de Ecuador),Thu Feb 26 2026 00:00:00 GMT-0500 (hora de Ecuador),
6311,127,11,1,Fri Feb 27 2026 00:00:00 GMT-0500 (hora de Ecuador),Fri Feb 27 2026 00:00:00 GMT-0500 (hora de Ecuador),
6312,127,12,1,Fri Feb 27 2026 00:00:00 GMT-0500 (hora de Ecuador),Fri Feb 27 2026 00:00:00 GMT-0500 (hora de Ecuador),
6313,127,13,1,Mon Mar 02 2026 00:00:00 GMT-0500 (hora de Ecuador),Mon Mar 02 2026 00:00:00 GMT-0500 (hora de Ecuador),
6314,127,14,1,Tue Mar 03 2026 00:00:00 GMT-0500 (hora de Ecuador),Tue Mar 03 2026 00:00:00 GMT-0500 (hora de Ecuador),
6315,127,15,1,Wed Mar 04 2026 00:00:00 GMT-0500 (hora de Ecuador),Wed Mar 04 2026 00:00:00 GMT-0500 (hora de Ecuador),
6316,127,16,1,Thu Mar 05 2026 00:00:00 GMT-0500 (hora de Ecuador),Thu Mar 05 2026 00:00:00 GMT-0500 (hora de Ecuador),
6317,127,17,1,Thu Mar 05 2026 00:00:00 GMT-0500 (hora de Ecuador),Thu Mar 05 2026 00:00:00 GMT-0500 (hora de Ecuador),
6318,127,18,1,Fri Mar 06 2026 00:00:00 GMT-0500 (hora de Ecuador),Wed Mar 04 2026 00:00:00 GMT-0500 (hora de Ecuador),
6319,127,19,1,Fri Mar 06 2026 00:00:00 GMT-0500 (hora de Ecuador),Fri Mar 06 2026 00:00:00 GMT-0500 (hora de Ecuador),
6320,127,20,0,,,
6321,127,21,0,,,
6322,127,22,0,,,
6323,127,23,0,,,
6324,127,24,0,,,
6325,127,25,0,,,
6326,127,26,0,,,
6327,127,27,0,,,
6328,127,28,0,,,
6329,127,29,0,,,
6330,127,30,0,,,
6331,127,31,0,,,
6332,127,32,0,,,
6333,127,33,1,Mon Mar 09 2026 00:00:00 GMT-0500 (hora de Ecuador),Mon Mar 09 2026 00:00:00 GMT-0500 (hora de Ecuador),
6334,127,34,1,Tue Mar 10 2026 00:00:00 GMT-0500 (hora de Ecuador),Tue Mar 10 2026 00:00:00 GMT-0500 (hora de Ecuador),
6335,127,35,1,Tue Mar 10 2026 00:00:00 GMT-0500 (hora de Ecuador),Tue Mar 10 2026 00:00:00 GMT-0500 (hora de Ecuador),
6336,127,36,0,,,
6337,127,37,0,,,
6338,127,38,0,,,
6339,127,39,1,Tue Mar 10 2026 00:00:00 GMT-0500 (hora de Ecuador),Tue Mar 10 2026 00:00:00 GMT-0500 (hora de Ecuador),
6340,127,40,1,Sun Mar 15 2026 00:00:00 GMT-0500 (hora de Ecuador),Sun Mar 15 2026 00:00:00 GMT-0500 (hora de Ecuador),
6341,127,41,0,,,
6342,127,42,0,,,
6343,127,43,0,,,
6344,127,44,0,,,
6345,127,45,0,,,
6346,127,46,0,,,
6347,127,47,0,,,
6348,127,48,0,,,
6349,127,49,0,,,
6350,127,50,1,Sun Mar 15 2026 00:00:00 GMT-0500 (hora de Ecuador),Sun Mar 15 2026 00:00:00 GMT-0500 (hora de Ecuador),
6351,128,1,0,,,
6352,128,2,0,,,
6353,128,3,0,,,
6354,128,4,0,,,
6355,128,5,0,,,
6356,128,6,0,,,
6357,128,7,0,,,
6358,128,8,0,,,
6359,128,9,0,,,
6360,128,10,0,,,
6361,128,11,0,,,
6362,128,12,0,,,
6363,128,13,0,,,
6364,128,14,0,,,
6365,128,15,0,,,
6366,128,16,0,,,
6367,128,17,0,,,
6368,128,18,0,,,
6369,128,19,0,,,
6370,128,20,0,,,
6371,128,21,0,,,
6372,128,22,0,,,
6373,128,23,0,,,
6374,128,24,0,,,
6375,128,25,0,,,
6376,128,26,0,,,
6377,128,27,0,,,
6378,128,28,0,,,
6379,128,29,0,,,
6380,128,30,0,,,
6381,128,31,0,,,
6382,128,32,0,,,
6383,128,33,0,,,
6384,128,34,0,,,
6385,128,35,0,,,
6386,128,36,0,,,
6387,128,37,0,,,
6388,128,38,0,,,
6389,128,39,0,,,
6390,128,40,0,,,
6391,128,41,1,Tue Jan 02 1900 00:00:00 GMT-0514 (hora de Ecuador),Tue Jan 02 1900 00:00:00 GMT-0514 (hora de Ecuador),
6392,128,42,1,Thu Jan 04 1900 00:00:00 GMT-0514 (hora de Ecuador),Thu Jan 04 1900 00:00:00 GMT-0514 (hora de Ecuador),
6393,128,43,1,Mon Jan 08 1900 00:00:00 GMT-0514 (hora de Ecuador),Mon Jan 08 1900 00:00:00 GMT-0514 (hora de Ecuador),
6394,128,44,1,Tue Jan 09 1900 00:00:00 GMT-0514 (hora de Ecuador),Tue Jan 09 1900 00:00:00 GMT-0514 (hora de Ecuador),
6395,128,45,1,Wed Jan 10 1900 00:00:00 GMT-0514 (hora de Ecuador),Wed Jan 10 1900 00:00:00 GMT-0514 (hora de Ecuador),
6396,128,46,1,Fri Jan 12 1900 00:00:00 GMT-0514 (hora de Ecuador),Fri Jan 12 1900 00:00:00 GMT-0514 (hora de Ecuador),
6397,128,47,1,Mon Jan 15 1900 00:00:00 GMT-0514 (hora de Ecuador),Mon Jan 15 1900 00:00:00 GMT-0514 (hora de Ecuador),
6398,128,48,1,Wed Jan 17 1900 00:00:00 GMT-0514 (hora de Ecuador),Wed Jan 17 1900 00:00:00 GMT-0514 (hora de Ecuador),
6399,128,49,1,Mon Jan 22 1900 00:00:00 GMT-0514 (hora de Ecuador),Mon Jan 22 1900 00:00:00 GMT-0514 (hora de Ecuador),
6400,128,50,0,,,
6401,129,1,0,,,
6402,129,2,0,,,
6403,129,3,0,,,
6404,129,4,0,,,
6405,129,5,0,,,
6406,129,6,0,,,
6407,129,7,0,,,
6408,129,8,0,,,
6409,129,9,0,,,
6410,129,10,0,,,
6411,129,11,0,,,
6412,129,12,0,,,
6413,129,13,0,,,
6414,129,14,0,,,
6415,129,15,0,,,
6416,129,16,0,,,
6417,129,17,0,,,
6418,129,18,0,,,
6419,129,19,0,,,
6420,129,20,0,,,
6421,129,21,0,,,
6422,129,22,0,,,
6423,129,23,0,,,
6424,129,24,0,,,
6425,129,25,0,,,
6426,129,26,0,,,
6427,129,27,0,,,
6428,129,28,0,,,
6429,129,29,0,,,
6430,129,30,0,,,
6431,129,31,0,,,
6432,129,32,0,,,
6433,129,33,0,,,
6434,129,34,0,,,
6435,129,35,0,,,
6436,129,36,0,,,
6437,129,37,0,,,
6438,129,38,0,,,
6439,129,39,0,,,
6440,129,40,0,,,
6441,129,41,0,,,
6442,129,42,0,,,
6443,129,43,0,,,
6444,129,44,0,,,
6445,129,45,0,,,
6446,129,46,0,,,
6447,129,47,0,,,
6448,129,48,0,,,
6449,129,49,0,,,
6450,129,50,0,,,
6451,130,1,1,Mon Jun 15 2026 00:00:00 GMT-0500 (hora de Ecuador),Mon Jun 15 2026 00:00:00 GMT-0500 (hora de Ecuador),
6452,130,2,1,Mon Jun 15 2026 00:00:00 GMT-0500 (hora de Ecuador),Mon Jun 15 2026 00:00:00 GMT-0500 (hora de Ecuador),
6453,130,3,1,Tue Jun 16 2026 00:00:00 GMT-0500 (hora de Ecuador),Tue Jun 16 2026 00:00:00 GMT-0500 (hora de Ecuador),
6454,130,4,1,Tue Jun 16 2026 00:00:00 GMT-0500 (hora de Ecuador),Tue Jun 16 2026 00:00:00 GMT-0500 (hora de Ecuador),
6455,130,5,1,Tue Jun 16 2026 00:00:00 GMT-0500 (hora de Ecuador),Tue Jun 16 2026 00:00:00 GMT-0500 (hora de Ecuador),
6456,130,6,1,Wed Jun 17 2026 00:00:00 GMT-0500 (hora de Ecuador),Wed Jun 17 2026 00:00:00 GMT-0500 (hora de Ecuador),
6457,130,7,1,Thu Jun 18 2026 00:00:00 GMT-0500 (hora de Ecuador),Thu Jun 18 2026 00:00:00 GMT-0500 (hora de Ecuador),
6458,130,8,1,Fri Jun 19 2026 00:00:00 GMT-0500 (hora de Ecuador),Fri Jun 19 2026 00:00:00 GMT-0500 (hora de Ecuador),
6459,130,9,1,Mon Jun 22 2026 00:00:00 GMT-0500 (hora de Ecuador),Mon Jun 22 2026 00:00:00 GMT-0500 (hora de Ecuador),
6460,130,10,1,Tue Jun 23 2026 00:00:00 GMT-0500 (hora de Ecuador),Tue Jun 23 2026 00:00:00 GMT-0500 (hora de Ecuador),
6461,130,11,1,Wed Jun 24 2026 00:00:00 GMT-0500 (hora de Ecuador),Wed Jun 24 2026 00:00:00 GMT-0500 (hora de Ecuador),
6462,130,12,1,Wed Jun 24 2026 00:00:00 GMT-0500 (hora de Ecuador),Wed Jun 24 2026 00:00:00 GMT-0500 (hora de Ecuador),
6463,130,13,1,Thu Jun 25 2026 00:00:00 GMT-0500 (hora de Ecuador),Thu Jun 25 2026 00:00:00 GMT-0500 (hora de Ecuador),
6464,130,14,1,Fri Jun 26 2026 00:00:00 GMT-0500 (hora de Ecuador),Fri Jun 26 2026 00:00:00 GMT-0500 (hora de Ecuador),
6465,130,15,1,Mon Jun 29 2026 00:00:00 GMT-0500 (hora de Ecuador),Mon Jun 29 2026 00:00:00 GMT-0500 (hora de Ecuador),
6466,130,16,1,Tue Jun 30 2026 00:00:00 GMT-0500 (hora de Ecuador),Tue Jun 30 2026 00:00:00 GMT-0500 (hora de Ecuador),
6467,130,17,1,Tue Jun 30 2026 00:00:00 GMT-0500 (hora de Ecuador),Tue Jun 30 2026 00:00:00 GMT-0500 (hora de Ecuador),
6468,130,18,1,Wed Jul 01 2026 00:00:00 GMT-0500 (hora de Ecuador),Wed Jul 01 2026 00:00:00 GMT-0500 (hora de Ecuador),
6469,130,19,1,Wed Jul 01 2026 00:00:00 GMT-0500 (hora de Ecuador),Wed Jul 01 2026 00:00:00 GMT-0500 (hora de Ecuador),
6470,130,20,0,,,
6471,130,21,0,,,
6472,130,22,0,,,
6473,130,23,0,,,
6474,130,24,0,,,
6475,130,25,0,,,
6476,130,26,0,,,
6477,130,27,0,,,
6478,130,28,0,,,
6479,130,29,0,,,
6480,130,30,0,,,
6481,130,31,0,,,
6482,130,32,0,,,
6483,130,33,1,Thu Jul 02 2026 00:00:00 GMT-0500 (hora de Ecuador),Thu Jul 02 2026 00:00:00 GMT-0500 (hora de Ecuador),
6484,130,34,1,Fri Jul 03 2026 00:00:00 GMT-0500 (hora de Ecuador),Fri Jul 03 2026 00:00:00 GMT-0500 (hora de Ecuador),
6485,130,35,1,Fri Jul 03 2026 00:00:00 GMT-0500 (hora de Ecuador),Fri Jul 03 2026 00:00:00 GMT-0500 (hora de Ecuador),
6486,130,36,0,,,
6487,130,37,0,,,
6488,130,38,0,,,
6489,130,39,1,Fri Jul 03 2026 00:00:00 GMT-0500 (hora de Ecuador),Fri Jul 03 2026 00:00:00 GMT-0500 (hora de Ecuador),
6490,130,40,1,Thu Jul 09 2026 00:00:00 GMT-0500 (hora de Ecuador),Thu Jul 09 2026 00:00:00 GMT-0500 (hora de Ecuador),
6491,130,41,0,,,
6492,130,42,0,,,
6493,130,43,0,,,
6494,130,44,0,,,
6495,130,45,0,,,
6496,130,46,0,,,
6497,130,47,0,,,
6498,130,48,0,,,
6499,130,49,0,,,
6500,130,50,1,Thu Jul 09 2026 00:00:00 GMT-0500 (hora de Ecuador),Thu Jul 09 2026 00:00:00 GMT-0500 (hora de Ecuador),
6501,131,1,1,Wed Oct 21 2026 00:00:00 GMT-0500 (hora de Ecuador),Wed Oct 21 2026 00:00:00 GMT-0500 (hora de Ecuador),
6502,131,2,1,Wed Oct 21 2026 00:00:00 GMT-0500 (hora de Ecuador),Wed Oct 21 2026 00:00:00 GMT-0500 (hora de Ecuador),
6503,131,3,1,Thu Oct 22 2026 00:00:00 GMT-0500 (hora de Ecuador),Thu Oct 22 2026 00:00:00 GMT-0500 (hora de Ecuador),
6504,131,4,1,Thu Oct 22 2026 00:00:00 GMT-0500 (hora de Ecuador),Thu Oct 22 2026 00:00:00 GMT-0500 (hora de Ecuador),
6505,131,5,1,Thu Oct 22 2026 00:00:00 GMT-0500 (hora de Ecuador),Thu Oct 22 2026 00:00:00 GMT-0500 (hora de Ecuador),
6506,131,6,1,Fri Oct 23 2026 00:00:00 GMT-0500 (hora de Ecuador),Fri Oct 23 2026 00:00:00 GMT-0500 (hora de Ecuador),
6507,131,7,1,Mon Oct 26 2026 00:00:00 GMT-0500 (hora de Ecuador),Mon Oct 26 2026 00:00:00 GMT-0500 (hora de Ecuador),
6508,131,8,1,Tue Oct 27 2026 00:00:00 GMT-0500 (hora de Ecuador),Tue Oct 27 2026 00:00:00 GMT-0500 (hora de Ecuador),
6509,131,9,1,Wed Oct 28 2026 00:00:00 GMT-0500 (hora de Ecuador),Wed Oct 28 2026 00:00:00 GMT-0500 (hora de Ecuador),
6510,131,10,1,Thu Oct 29 2026 00:00:00 GMT-0500 (hora de Ecuador),Thu Oct 29 2026 00:00:00 GMT-0500 (hora de Ecuador),
6511,131,11,1,Fri Oct 30 2026 00:00:00 GMT-0500 (hora de Ecuador),Fri Oct 30 2026 00:00:00 GMT-0500 (hora de Ecuador),
6512,131,12,1,Fri Oct 30 2026 00:00:00 GMT-0500 (hora de Ecuador),Fri Oct 30 2026 00:00:00 GMT-0500 (hora de Ecuador),
6513,131,13,1,Mon Nov 02 2026 00:00:00 GMT-0500 (hora de Ecuador),Mon Nov 02 2026 00:00:00 GMT-0500 (hora de Ecuador),
6514,131,14,1,Tue Nov 03 2026 00:00:00 GMT-0500 (hora de Ecuador),Tue Nov 03 2026 00:00:00 GMT-0500 (hora de Ecuador),
6515,131,15,1,Wed Nov 04 2026 00:00:00 GMT-0500 (hora de Ecuador),Wed Nov 04 2026 00:00:00 GMT-0500 (hora de Ecuador),
6516,131,16,1,Thu Nov 05 2026 00:00:00 GMT-0500 (hora de Ecuador),Thu Nov 05 2026 00:00:00 GMT-0500 (hora de Ecuador),
6517,131,17,1,Thu Nov 05 2026 00:00:00 GMT-0500 (hora de Ecuador),Thu Nov 05 2026 00:00:00 GMT-0500 (hora de Ecuador),
6518,131,18,1,Fri Nov 06 2026 00:00:00 GMT-0500 (hora de Ecuador),Fri Nov 06 2026 00:00:00 GMT-0500 (hora de Ecuador),
6519,131,19,1,Fri Nov 06 2026 00:00:00 GMT-0500 (hora de Ecuador),Fri Nov 06 2026 00:00:00 GMT-0500 (hora de Ecuador),
6520,131,20,0,,,
6521,131,21,0,,,
6522,131,22,0,,,
6523,131,23,0,,,
6524,131,24,0,,,
6525,131,25,0,,,
6526,131,26,0,,,
6527,131,27,0,,,
6528,131,28,0,,,
6529,131,29,0,,,
6530,131,30,0,,,
6531,131,31,0,,,
6532,131,32,0,,,
6533,131,33,1,Mon Nov 09 2026 00:00:00 GMT-0500 (hora de Ecuador),Mon Nov 09 2026 00:00:00 GMT-0500 (hora de Ecuador),
6534,131,34,1,Tue Nov 10 2026 00:00:00 GMT-0500 (hora de Ecuador),Tue Nov 10 2026 00:00:00 GMT-0500 (hora de Ecuador),
6535,131,35,1,Tue Nov 10 2026 00:00:00 GMT-0500 (hora de Ecuador),Tue Nov 10 2026 00:00:00 GMT-0500 (hora de Ecuador),
6536,131,36,0,,,
6537,131,37,0,,,
6538,131,38,0,,,
6539,131,39,1,Tue Nov 10 2026 00:00:00 GMT-0500 (hora de Ecuador),Tue Nov 10 2026 00:00:00 GMT-0500 (hora de Ecuador),
6540,131,40,1,Sun Nov 15 2026 00:00:00 GMT-0500 (hora de Ecuador),Sun Nov 15 2026 00:00:00 GMT-0500 (hora de Ecuador),
6541,131,41,0,,,
6542,131,42,0,,,
6543,131,43,0,,,
6544,131,44,0,,,
6545,131,45,0,,,
6546,131,46,0,,,
6547,131,47,0,,,
6548,131,48,0,,,
6549,131,49,0,,,
6550,131,50,1,Sun Nov 15 2026 00:00:00 GMT-0500 (hora de Ecuador),Sun Nov 15 2026 00:00:00 GMT-0500 (hora de Ecuador),
6551,132,1,1,Wed Apr 08 2026 00:00:00 GMT-0500 (hora de Ecuador),Wed Apr 08 2026 00:00:00 GMT-0500 (hora de Ecuador),Wed Jul 01 2026 00:00:00 GMT-0500 (hora de Ecuador)
6552,132,2,1,Wed Apr 08 2026 00:00:00 GMT-0500 (hora de Ecuador),Wed Apr 08 2026 00:00:00 GMT-0500 (hora de Ecuador),
6553,132,3,1,Thu Apr 09 2026 00:00:00 GMT-0500 (hora de Ecuador),Thu Apr 09 2026 00:00:00 GMT-0500 (hora de Ecuador),
6554,132,4,1,Thu Apr 09 2026 00:00:00 GMT-0500 (hora de Ecuador),Thu Apr 09 2026 00:00:00 GMT-0500 (hora de Ecuador),
6555,132,5,1,Thu Apr 09 2026 00:00:00 GMT-0500 (hora de Ecuador),Thu Apr 09 2026 00:00:00 GMT-0500 (hora de Ecuador),
6556,132,6,1,Fri Apr 10 2026 00:00:00 GMT-0500 (hora de Ecuador),Fri Apr 10 2026 00:00:00 GMT-0500 (hora de Ecuador),
6557,132,7,1,Mon Apr 13 2026 00:00:00 GMT-0500 (hora de Ecuador),Mon Apr 13 2026 00:00:00 GMT-0500 (hora de Ecuador),
6558,132,8,1,Tue Apr 14 2026 00:00:00 GMT-0500 (hora de Ecuador),Tue Apr 14 2026 00:00:00 GMT-0500 (hora de Ecuador),
6559,132,9,1,Wed Apr 15 2026 00:00:00 GMT-0500 (hora de Ecuador),Wed Apr 15 2026 00:00:00 GMT-0500 (hora de Ecuador),
6560,132,10,1,Thu Apr 16 2026 00:00:00 GMT-0500 (hora de Ecuador),Thu Apr 16 2026 00:00:00 GMT-0500 (hora de Ecuador),
6561,132,11,1,Fri Apr 17 2026 00:00:00 GMT-0500 (hora de Ecuador),Fri Apr 17 2026 00:00:00 GMT-0500 (hora de Ecuador),
6562,132,12,1,Fri Apr 17 2026 00:00:00 GMT-0500 (hora de Ecuador),Fri Apr 17 2026 00:00:00 GMT-0500 (hora de Ecuador),
6563,132,13,1,Mon Apr 20 2026 00:00:00 GMT-0500 (hora de Ecuador),Mon Apr 20 2026 00:00:00 GMT-0500 (hora de Ecuador),
6564,132,14,1,Tue Apr 21 2026 00:00:00 GMT-0500 (hora de Ecuador),Tue Apr 21 2026 00:00:00 GMT-0500 (hora de Ecuador),
6565,132,15,1,Wed Apr 22 2026 00:00:00 GMT-0500 (hora de Ecuador),Wed Apr 22 2026 00:00:00 GMT-0500 (hora de Ecuador),
6566,132,16,1,Thu Apr 23 2026 00:00:00 GMT-0500 (hora de Ecuador),Thu Apr 23 2026 00:00:00 GMT-0500 (hora de Ecuador),
6567,132,17,1,Thu Apr 23 2026 00:00:00 GMT-0500 (hora de Ecuador),Thu Apr 23 2026 00:00:00 GMT-0500 (hora de Ecuador),
6568,132,18,1,Fri Apr 24 2026 00:00:00 GMT-0500 (hora de Ecuador),Fri Apr 24 2026 00:00:00 GMT-0500 (hora de Ecuador),
6569,132,19,1,Fri Apr 24 2026 00:00:00 GMT-0500 (hora de Ecuador),Fri Apr 24 2026 00:00:00 GMT-0500 (hora de Ecuador),
6570,132,20,0,,,
6571,132,21,0,,,
6572,132,22,0,,,
6573,132,23,0,,,
6574,132,24,0,,,
6575,132,25,0,,,
6576,132,26,0,,,
6577,132,27,0,,,
6578,132,28,0,,,
6579,132,29,0,,,
6580,132,30,0,,,
6581,132,31,0,,,
6582,132,32,0,,,
6583,132,33,1,Mon Apr 27 2026 00:00:00 GMT-0500 (hora de Ecuador),Mon Apr 27 2026 00:00:00 GMT-0500 (hora de Ecuador),
6584,132,34,1,Tue Apr 28 2026 00:00:00 GMT-0500 (hora de Ecuador),Tue Apr 28 2026 00:00:00 GMT-0500 (hora de Ecuador),
6585,132,35,1,Tue Apr 28 2026 00:00:00 GMT-0500 (hora de Ecuador),Tue Apr 28 2026 00:00:00 GMT-0500 (hora de Ecuador),
6586,132,36,0,,,
6587,132,37,0,,,
6588,132,38,0,,,
6589,132,39,1,Tue Apr 28 2026 00:00:00 GMT-0500 (hora de Ecuador),Tue Apr 28 2026 00:00:00 GMT-0500 (hora de Ecuador),
6590,132,40,1,Mon May 04 2026 00:00:00 GMT-0500 (hora de Ecuador),Mon May 04 2026 00:00:00 GMT-0500 (hora de Ecuador),
6591,132,41,0,,,
6592,132,42,0,,,
6593,132,43,0,,,
6594,132,44,0,,,
6595,132,45,0,,,
6596,132,46,0,,,
6597,132,47,0,,,
6598,132,48,0,,,
6599,132,49,0,,,
6600,132,50,1,Mon May 04 2026 00:00:00 GMT-0500 (hora de Ecuador),Mon May 04 2026 00:00:00 GMT-0500 (hora de Ecuador),
6601,133,1,1,Wed Jul 08 2026 00:00:00 GMT-0500 (hora de Ecuador),Wed Jul 08 2026 00:00:00 GMT-0500 (hora de Ecuador),
6602,133,2,1,Wed Jul 08 2026 00:00:00 GMT-0500 (hora de Ecuador),Wed May 06 2026 00:00:00 GMT-0500 (hora de Ecuador),
6603,133,3,1,Thu Jul 09 2026 00:00:00 GMT-0500 (hora de Ecuador),Fri Jul 03 2026 00:00:00 GMT-0500 (hora de Ecuador),
6604,133,4,1,Thu Jul 09 2026 00:00:00 GMT-0500 (hora de Ecuador),Fri Jul 03 2026 00:00:00 GMT-0500 (hora de Ecuador),
6605,133,5,1,Thu Jul 09 2026 00:00:00 GMT-0500 (hora de Ecuador),Mon Jul 13 2026 00:00:00 GMT-0500 (hora de Ecuador),
6606,133,6,1,Fri Jul 10 2026 00:00:00 GMT-0500 (hora de Ecuador),Fri Jul 10 2026 00:00:00 GMT-0500 (hora de Ecuador),
6607,133,7,1,Mon Jul 13 2026 00:00:00 GMT-0500 (hora de Ecuador),Fri Jul 10 2026 00:00:00 GMT-0500 (hora de Ecuador),
6608,133,8,1,Tue Jul 14 2026 00:00:00 GMT-0500 (hora de Ecuador),Fri Jul 03 2026 00:00:00 GMT-0500 (hora de Ecuador),
6609,133,9,1,Wed Jul 15 2026 00:00:00 GMT-0500 (hora de Ecuador),Fri Jul 03 2026 00:00:00 GMT-0500 (hora de Ecuador),
6610,133,10,1,Thu Jul 16 2026 00:00:00 GMT-0500 (hora de Ecuador),Thu Jul 16 2026 00:00:00 GMT-0500 (hora de Ecuador),
6611,133,11,1,Fri Jul 17 2026 00:00:00 GMT-0500 (hora de Ecuador),Tue May 05 2026 00:00:00 GMT-0500 (hora de Ecuador),
6612,133,12,1,Fri Jul 17 2026 00:00:00 GMT-0500 (hora de Ecuador),Mon Jul 13 2026 00:00:00 GMT-0500 (hora de Ecuador),
6613,133,13,1,Mon Jul 20 2026 00:00:00 GMT-0500 (hora de Ecuador),Tue Jul 14 2026 00:00:00 GMT-0500 (hora de Ecuador),
6614,133,14,1,Tue Jul 21 2026 00:00:00 GMT-0500 (hora de Ecuador),Thu Jul 16 2026 00:00:00 GMT-0500 (hora de Ecuador),
6615,133,15,1,Wed Jul 22 2026 00:00:00 GMT-0500 (hora de Ecuador),Mon Jul 27 2026 00:00:00 GMT-0500 (hora de Ecuador),
6616,133,16,1,Thu Jul 23 2026 00:00:00 GMT-0500 (hora de Ecuador),Mon Jul 27 2026 00:00:00 GMT-0500 (hora de Ecuador),
6617,133,17,1,Thu Jul 23 2026 00:00:00 GMT-0500 (hora de Ecuador),Wed Jul 29 2026 00:00:00 GMT-0500 (hora de Ecuador),
6618,133,18,1,Fri Jul 24 2026 00:00:00 GMT-0500 (hora de Ecuador),Thu Jul 30 2026 00:00:00 GMT-0500 (hora de Ecuador),
6619,133,19,1,Fri Jul 24 2026 00:00:00 GMT-0500 (hora de Ecuador),Thu Jul 30 2026 00:00:00 GMT-0500 (hora de Ecuador),
6620,133,20,0,,,
6621,133,21,0,,,
6622,133,22,0,,,
6623,133,23,0,,,
6624,133,24,0,,,
6625,133,25,0,,,
6626,133,26,0,,,
6627,133,27,0,,,
6628,133,28,0,,,
6629,133,29,0,,,
6630,133,30,0,,,
6631,133,31,0,,,
6632,133,32,0,,,
6633,133,33,1,Mon Jul 27 2026 00:00:00 GMT-0500 (hora de Ecuador),Mon Jul 27 2026 00:00:00 GMT-0500 (hora de Ecuador),
6634,133,34,1,Tue Jul 28 2026 00:00:00 GMT-0500 (hora de Ecuador),Tue Jul 28 2026 00:00:00 GMT-0500 (hora de Ecuador),
6635,133,35,1,Tue Jul 28 2026 00:00:00 GMT-0500 (hora de Ecuador),Tue Jul 28 2026 00:00:00 GMT-0500 (hora de Ecuador),
6636,133,36,0,,,
6637,133,37,0,,,
6638,133,38,0,,,
6639,133,39,1,Tue Jul 28 2026 00:00:00 GMT-0500 (hora de Ecuador),Tue Jul 28 2026 00:00:00 GMT-0500 (hora de Ecuador),
6640,133,40,1,Mon Aug 03 2026 00:00:00 GMT-0500 (hora de Ecuador),Mon Aug 03 2026 00:00:00 GMT-0500 (hora de Ecuador),
6641,133,41,0,,,
6642,133,42,0,,,
6643,133,43,0,,,
6644,133,44,0,,,
6645,133,45,0,,,
6646,133,46,0,,,
6647,133,47,0,,,
6648,133,48,0,,,
6649,133,49,0,,,
6650,133,50,1,Mon Aug 03 2026 00:00:00 GMT-0500 (hora de Ecuador),Mon Aug 03 2026 00:00:00 GMT-0500 (hora de Ecuador),
6651,134,1,1,Wed Sep 09 2026 00:00:00 GMT-0500 (hora de Ecuador),Wed Sep 09 2026 00:00:00 GMT-0500 (hora de Ecuador),
6652,134,2,1,Wed Sep 09 2026 00:00:00 GMT-0500 (hora de Ecuador),Wed Sep 09 2026 00:00:00 GMT-0500 (hora de Ecuador),
6653,134,3,1,Thu Sep 10 2026 00:00:00 GMT-0500 (hora de Ecuador),Thu Sep 10 2026 00:00:00 GMT-0500 (hora de Ecuador),
6654,134,4,1,Thu Sep 10 2026 00:00:00 GMT-0500 (hora de Ecuador),Thu Sep 10 2026 00:00:00 GMT-0500 (hora de Ecuador),
6655,134,5,1,Thu Sep 10 2026 00:00:00 GMT-0500 (hora de Ecuador),Thu Sep 10 2026 00:00:00 GMT-0500 (hora de Ecuador),
6656,134,6,1,Fri Sep 11 2026 00:00:00 GMT-0500 (hora de Ecuador),Fri Sep 11 2026 00:00:00 GMT-0500 (hora de Ecuador),
6657,134,7,1,Mon Sep 14 2026 00:00:00 GMT-0500 (hora de Ecuador),Mon Sep 14 2026 00:00:00 GMT-0500 (hora de Ecuador),
6658,134,8,1,Tue Sep 15 2026 00:00:00 GMT-0500 (hora de Ecuador),Tue Sep 15 2026 00:00:00 GMT-0500 (hora de Ecuador),
6659,134,9,1,Wed Sep 16 2026 00:00:00 GMT-0500 (hora de Ecuador),Wed Sep 16 2026 00:00:00 GMT-0500 (hora de Ecuador),
6660,134,10,1,Thu Sep 17 2026 00:00:00 GMT-0500 (hora de Ecuador),Thu Sep 17 2026 00:00:00 GMT-0500 (hora de Ecuador),
6661,134,11,1,Fri Sep 18 2026 00:00:00 GMT-0500 (hora de Ecuador),Fri Sep 18 2026 00:00:00 GMT-0500 (hora de Ecuador),
6662,134,12,1,Fri Sep 18 2026 00:00:00 GMT-0500 (hora de Ecuador),Fri Sep 18 2026 00:00:00 GMT-0500 (hora de Ecuador),
6663,134,13,1,Mon Sep 21 2026 00:00:00 GMT-0500 (hora de Ecuador),Mon Sep 21 2026 00:00:00 GMT-0500 (hora de Ecuador),
6664,134,14,1,Tue Sep 22 2026 00:00:00 GMT-0500 (hora de Ecuador),Tue Sep 22 2026 00:00:00 GMT-0500 (hora de Ecuador),
6665,134,15,1,Wed Sep 23 2026 00:00:00 GMT-0500 (hora de Ecuador),Wed Sep 23 2026 00:00:00 GMT-0500 (hora de Ecuador),
6666,134,16,1,Thu Sep 24 2026 00:00:00 GMT-0500 (hora de Ecuador),Thu Sep 24 2026 00:00:00 GMT-0500 (hora de Ecuador),
6667,134,17,1,Thu Sep 24 2026 00:00:00 GMT-0500 (hora de Ecuador),Thu Sep 24 2026 00:00:00 GMT-0500 (hora de Ecuador),
6668,134,18,1,Fri Sep 25 2026 00:00:00 GMT-0500 (hora de Ecuador),Fri Sep 25 2026 00:00:00 GMT-0500 (hora de Ecuador),
6669,134,19,1,Fri Sep 25 2026 00:00:00 GMT-0500 (hora de Ecuador),Fri Sep 25 2026 00:00:00 GMT-0500 (hora de Ecuador),
6670,134,20,0,,,
6671,134,21,0,,,
6672,134,22,0,,,
6673,134,23,0,,,
6674,134,24,0,,,
6675,134,25,0,,,
6676,134,26,0,,,
6677,134,27,0,,,
6678,134,28,0,,,
6679,134,29,0,,,
6680,134,30,0,,,
6681,134,31,0,,,
6682,134,32,0,,,
6683,134,33,1,Mon Sep 28 2026 00:00:00 GMT-0500 (hora de Ecuador),Mon Sep 28 2026 00:00:00 GMT-0500 (hora de Ecuador),
6684,134,34,1,Tue Sep 29 2026 00:00:00 GMT-0500 (hora de Ecuador),Tue Sep 29 2026 00:00:00 GMT-0500 (hora de Ecuador),
6685,134,35,1,Tue Sep 29 2026 00:00:00 GMT-0500 (hora de Ecuador),Tue Sep 29 2026 00:00:00 GMT-0500 (hora de Ecuador),
6686,134,36,0,,,
6687,134,37,0,,,
6688,134,38,0,,,
6689,134,39,1,Tue Sep 29 2026 00:00:00 GMT-0500 (hora de Ecuador),Tue Sep 29 2026 00:00:00 GMT-0500 (hora de Ecuador),
6690,134,40,1,Mon Oct 05 2026 00:00:00 GMT-0500 (hora de Ecuador),Mon Oct 05 2026 00:00:00 GMT-0500 (hora de Ecuador),
6691,134,41,0,,,
6692,134,42,0,,,
6693,134,43,0,,,
6694,134,44,0,,,
6695,134,45,0,,,
6696,134,46,0,,,
6697,134,47,0,,,
6698,134,48,0,,,
6699,134,49,0,,,
6700,134,50,1,Mon Oct 05 2026 00:00:00 GMT-0500 (hora de Ecuador),Mon Oct 05 2026 00:00:00 GMT-0500 (hora de Ecuador),
6701,135,1,0,,,
6702,135,2,0,,,
6703,135,3,0,,,
6704,135,4,0,,,
6705,135,5,0,,,
6706,135,6,0,,,
6707,135,7,0,,,
6708,135,8,0,,,
6709,135,9,0,,,
6710,135,10,0,,,
6711,135,11,0,,,
6712,135,12,0,,,
6713,135,13,0,,,
6714,135,14,0,,,
6715,135,15,0,,,
6716,135,16,0,,,
6717,135,17,0,,,
6718,135,18,0,,,
6719,135,19,0,,,
6720,135,20,0,,,
6721,135,21,0,,,
6722,135,22,0,,,
6723,135,23,0,,,
6724,135,24,0,,,
6725,135,25,0,,,
6726,135,26,0,,,
6727,135,27,0,,,
6728,135,28,0,,,
6729,135,29,0,,,
6730,135,30,0,,,
6731,135,31,0,,,
6732,135,32,0,,,
6733,135,33,0,,,
6734,135,34,0,,,
6735,135,35,0,,,
6736,135,36,0,,,
6737,135,37,0,,,
6738,135,38,0,,,
6739,135,39,0,,,
6740,135,40,0,,,
6741,135,41,0,,,
6742,135,42,0,,,
6743,135,43,0,,,
6744,135,44,0,,,
6745,135,45,0,,,
6746,135,46,0,,,
6747,135,47,0,,,
6748,135,48,0,,,
6749,135,49,0,,,
6750,135,50,0,,,
6751,136,1,0,,,
6752,136,2,0,,,
6753,136,3,0,,,
6754,136,4,0,,,
6755,136,5,0,,,
6756,136,6,0,,,
6757,136,7,0,,,
6758,136,8,0,,,
6759,136,9,0,,,
6760,136,10,0,,,
6761,136,11,0,,,
6762,136,12,0,,,
6763,136,13,0,,,
6764,136,14,0,,,
6765,136,15,0,,,
6766,136,16,0,,,
6767,136,17,0,,,
6768,136,18,0,,,
6769,136,19,0,,,
6770,136,20,0,,,
6771,136,21,0,,,
6772,136,22,0,,,
6773,136,23,0,,,
6774,136,24,0,,,
6775,136,25,0,,,
6776,136,26,0,,,
6777,136,27,0,,,
6778,136,28,0,,,
6779,136,29,0,,,
6780,136,30,0,,,
6781,136,31,0,,,
6782,136,32,0,,,
6783,136,33,0,,,
6784,136,34,0,,,
6785,136,35,0,,,
6786,136,36,0,,,
6787,136,37,0,,,
6788,136,38,0,,,
6789,136,39,0,,,
6790,136,40,0,,,
6791,136,41,0,,,
6792,136,42,0,,,
6793,136,43,0,,,
6794,136,44,0,,,
6795,136,45,0,,,
6796,136,46,0,,,
6797,136,47,0,,,
6798,136,48,0,,,
6799,136,49,0,,,
6800,136,50,0,,,
6801,137,1,0,,,
6802,137,2,0,,,
6803,137,3,0,,,
6804,137,4,0,,,
6805,137,5,0,,,
6806,137,6,0,,,
6807,137,7,0,,,
6808,137,8,0,,,
6809,137,9,0,,,
6810,137,10,0,,,
6811,137,11,0,,,
6812,137,12,0,,,
6813,137,13,0,,,
6814,137,14,0,,,
6815,137,15,0,,,
6816,137,16,0,,,
6817,137,17,0,,,
6818,137,18,0,,,
6819,137,19,0,,,
6820,137,20,0,,,
6821,137,21,0,,,
6822,137,22,0,,,
6823,137,23,0,,,
6824,137,24,0,,,
6825,137,25,0,,,
6826,137,26,0,,,
6827,137,27,0,,,
6828,137,28,0,,,
6829,137,29,0,,,
6830,137,30,0,,,
6831,137,31,0,,,
6832,137,32,0,,,
6833,137,33,0,,,
6834,137,34,0,,,
6835,137,35,0,,,
6836,137,36,0,,,
6837,137,37,0,,,
6838,137,38,0,,,
6839,137,39,0,,,
6840,137,40,0,,,
6841,137,41,0,,,
6842,137,42,0,,,
6843,137,43,0,,,
6844,137,44,0,,,
6845,137,45,0,,,
6846,137,46,0,,,
6847,137,47,0,,,
6848,137,48,0,,,
6849,137,49,0,,,
6850,137,50,0,,,
6851,138,1,1,Mon Jul 20 2026 00:00:00 GMT-0500 (hora de Ecuador),Mon Jul 20 2026 00:00:00 GMT-0500 (hora de Ecuador),
6852,138,2,0,,,
6853,138,3,0,,,
6854,138,4,0,,,
6855,138,5,0,,,
6856,138,6,0,,,
6857,138,7,0,,,
6858,138,8,0,,,
6859,138,9,0,,,
6860,138,10,0,,,
6861,138,11,0,,,
6862,138,12,0,,,
6863,138,13,0,,,
6864,138,14,0,,,
6865,138,15,0,,,
6866,138,16,0,,,
6867,138,17,0,,,
6868,138,18,0,,,
6869,138,19,0,,,
6870,138,20,0,,,
6871,138,21,0,,,
6872,138,22,0,,,
6873,138,23,0,,,
6874,138,24,0,,,
6875,138,25,0,,,
6876,138,26,0,,,
6877,138,27,0,,,
6878,138,28,0,,,
6879,138,29,0,,,
6880,138,30,0,,,
6881,138,31,0,,,
6882,138,32,0,,,
6883,138,33,0,,,
6884,138,34,0,,,
6885,138,35,0,,,
6886,138,36,0,,,
6887,138,37,0,,,
6888,138,38,0,,,
6889,138,39,0,,,
6890,138,40,0,,,
6891,138,41,0,,,
6892,138,42,0,,,
6893,138,43,0,,,
6894,138,44,0,,,
6895,138,45,0,,,
6896,138,46,0,,,
6897,138,47,0,,,
6898,138,48,0,,,
6899,138,49,0,,,
6900,138,50,0,,,
6901,139,1,0,,,
6902,139,2,0,,,
6903,139,3,0,,,
6904,139,4,0,,,
6905,139,5,0,,,
6906,139,6,0,,,
6907,139,7,0,,,
6908,139,8,0,,,
6909,139,9,0,,,
6910,139,10,0,,,
6911,139,11,0,,,
6912,139,12,0,,,
6913,139,13,0,,,
6914,139,14,0,,,
6915,139,15,0,,,
6916,139,16,0,,,
6917,139,17,0,,,
6918,139,18,0,,,
6919,139,19,0,,,
6920,139,20,0,,,
6921,139,21,0,,,
6922,139,22,0,,,
6923,139,23,0,,,
6924,139,24,0,,,
6925,139,25,0,,,
6926,139,26,0,,,
6927,139,27,0,,,
6928,139,28,0,,,
6929,139,29,0,,,
6930,139,30,0,,,
6931,139,31,0,,,
6932,139,32,0,,,
6933,139,33,0,,,
6934,139,34,0,,,
6935,139,35,0,,,
6936,139,36,0,,,
6937,139,37,0,,,
6938,139,38,0,,,
6939,139,39,0,,,
6940,139,40,0,,,
6941,139,41,0,,,
6942,139,42,0,,,
6943,139,43,0,,,
6944,139,44,0,,,
6945,139,45,0,,,
6946,139,46,0,,,
6947,139,47,0,,,
6948,139,48,0,,,
6949,139,49,0,,,
6950,139,50,0,,,
6951,140,1,1,Wed Apr 01 2026 00:00:00 GMT-0500 (hora de Ecuador),Wed Apr 01 2026 00:00:00 GMT-0500 (hora de Ecuador),
6952,140,2,1,Wed Mar 25 2026 00:00:00 GMT-0500 (hora de Ecuador),Wed Mar 25 2026 00:00:00 GMT-0500 (hora de Ecuador),
6953,140,3,1,Mon Jun 08 2026 00:00:00 GMT-0500 (hora de Ecuador),Mon Jun 08 2026 00:00:00 GMT-0500 (hora de Ecuador),
6954,140,4,1,Mon Jun 08 2026 00:00:00 GMT-0500 (hora de Ecuador),Mon Jun 08 2026 00:00:00 GMT-0500 (hora de Ecuador),
6955,140,5,1,Mon Jun 08 2026 00:00:00 GMT-0500 (hora de Ecuador),Mon Jun 08 2026 00:00:00 GMT-0500 (hora de Ecuador),
6956,140,6,1,Wed Apr 08 2026 00:00:00 GMT-0500 (hora de Ecuador),Wed Apr 08 2026 00:00:00 GMT-0500 (hora de Ecuador),
6957,140,7,1,Wed Apr 08 2026 00:00:00 GMT-0500 (hora de Ecuador),Wed Apr 08 2026 00:00:00 GMT-0500 (hora de Ecuador),
6958,140,8,1,Thu Apr 16 2026 00:00:00 GMT-0500 (hora de Ecuador),Thu Apr 16 2026 00:00:00 GMT-0500 (hora de Ecuador),
6959,140,9,1,Thu Apr 16 2026 00:00:00 GMT-0500 (hora de Ecuador),Thu Apr 16 2026 00:00:00 GMT-0500 (hora de Ecuador),
6960,140,10,0,,,
6961,140,11,0,,,
6962,140,12,1,Fri Apr 17 2026 00:00:00 GMT-0500 (hora de Ecuador),Fri Apr 17 2026 00:00:00 GMT-0500 (hora de Ecuador),
6963,140,13,1,Tue Apr 21 2026 00:00:00 GMT-0500 (hora de Ecuador),Tue Apr 21 2026 00:00:00 GMT-0500 (hora de Ecuador),
6964,140,14,1,Wed Apr 22 2026 00:00:00 GMT-0500 (hora de Ecuador),Wed Apr 22 2026 00:00:00 GMT-0500 (hora de Ecuador),
6965,140,15,1,Mon Jun 08 2026 00:00:00 GMT-0500 (hora de Ecuador),Mon Jun 08 2026 00:00:00 GMT-0500 (hora de Ecuador),
6966,140,16,1,Tue May 05 2026 00:00:00 GMT-0500 (hora de Ecuador),Tue May 05 2026 00:00:00 GMT-0500 (hora de Ecuador),
6967,140,17,1,Wed May 13 2026 00:00:00 GMT-0500 (hora de Ecuador),Wed May 13 2026 00:00:00 GMT-0500 (hora de Ecuador),
6968,140,18,1,Wed May 27 2026 00:00:00 GMT-0500 (hora de Ecuador),Wed May 27 2026 00:00:00 GMT-0500 (hora de Ecuador),
6969,140,19,1,Fri May 29 2026 00:00:00 GMT-0500 (hora de Ecuador),Fri May 29 2026 00:00:00 GMT-0500 (hora de Ecuador),
6970,140,20,0,,,
6971,140,21,0,,,
6972,140,22,0,,,
6973,140,23,0,,,
6974,140,24,0,,,
6975,140,25,0,,,
6976,140,26,0,,,
6977,140,27,0,,,
6978,140,28,0,,,
6979,140,29,0,,,
6980,140,30,0,,,
6981,140,31,0,,,
6982,140,32,0,,,
6983,140,33,0,,,
6984,140,34,0,,,
6985,140,35,0,,,
6986,140,36,0,,,
6987,140,37,1,Fri Jul 03 2026 00:00:00 GMT-0500 (hora de Ecuador),Fri Jul 03 2026 00:00:00 GMT-0500 (hora de Ecuador),
6988,140,38,1,Tue Jul 07 2026 00:00:00 GMT-0500 (hora de Ecuador),Tue Jul 07 2026 00:00:00 GMT-0500 (hora de Ecuador),
6989,140,39,0,,,
6990,140,40,0,,,
6991,140,41,1,Fri Jul 10 2026 00:00:00 GMT-0500 (hora de Ecuador),Fri Jul 24 2026 00:00:00 GMT-0500 (hora de Ecuador),
6992,140,42,1,Thu Jul 16 2026 00:00:00 GMT-0500 (hora de Ecuador),Fri Jul 24 2026 00:00:00 GMT-0500 (hora de Ecuador),
6993,140,43,1,Fri Jul 24 2026 00:00:00 GMT-0500 (hora de Ecuador),Fri Jul 24 2026 00:00:00 GMT-0500 (hora de Ecuador),
6994,140,44,1,Tue Jul 28 2026 00:00:00 GMT-0500 (hora de Ecuador),Tue Jul 28 2026 00:00:00 GMT-0500 (hora de Ecuador),
6995,140,45,1,Mon Jul 27 2026 00:00:00 GMT-0500 (hora de Ecuador),Mon Jul 27 2026 00:00:00 GMT-0500 (hora de Ecuador),
6996,140,46,1,Mon Jul 27 2026 00:00:00 GMT-0500 (hora de Ecuador),Mon Jul 27 2026 00:00:00 GMT-0500 (hora de Ecuador),
6997,140,47,1,Tue Jul 28 2026 00:00:00 GMT-0500 (hora de Ecuador),Tue Jul 28 2026 00:00:00 GMT-0500 (hora de Ecuador),
6998,140,48,1,Tue Jul 28 2026 00:00:00 GMT-0500 (hora de Ecuador),Tue Jul 28 2026 00:00:00 GMT-0500 (hora de Ecuador),
6999,140,49,1,Fri Jul 31 2026 00:00:00 GMT-0500 (hora de Ecuador),Fri Jul 31 2026 00:00:00 GMT-0500 (hora de Ecuador),
7000,140,50,0,,,
7001,141,1,0,,,
7002,141,2,0,,,
7003,141,3,0,,,
7004,141,4,0,,,
7005,141,5,0,,,
7006,141,6,0,,,
7007,141,7,0,,,
7008,141,8,0,,,
7009,141,9,0,,,
7010,141,10,0,,,
7011,141,11,0,,,
7012,141,12,0,,,
7013,141,13,0,,,
7014,141,14,0,,,
7015,141,15,0,,,
7016,141,16,0,,,
7017,141,17,0,,,
7018,141,18,0,,,
7019,141,19,0,,,
7020,141,20,0,,,
7021,141,21,0,,,
7022,141,22,0,,,
7023,141,23,0,,,
7024,141,24,0,,,
7025,141,25,0,,,
7026,141,26,0,,,
7027,141,27,0,,,
7028,141,28,0,,,
7029,141,29,0,,,
7030,141,30,0,,,
7031,141,31,0,,,
7032,141,32,0,,,
7033,141,33,0,,,
7034,141,34,0,,,
7035,141,35,0,,,
7036,141,36,0,,,
7037,141,37,0,,,
7038,141,38,0,,,
7039,141,39,0,,,
7040,141,40,0,,,
7041,141,41,0,,,
7042,141,42,0,,,
7043,141,43,0,,,
7044,141,44,0,,,
7045,141,45,0,,,
7046,141,46,0,,,
7047,141,47,0,,,
7048,141,48,0,,,
7049,141,49,0,,,
7050,141,50,0,,,
7051,142,1,1,Thu Feb 19 2026 00:00:00 GMT-0500 (hora de Ecuador),Thu Feb 19 2026 00:00:00 GMT-0500 (hora de Ecuador),
7052,142,2,1,Thu Feb 19 2026 00:00:00 GMT-0500 (hora de Ecuador),Thu Feb 19 2026 00:00:00 GMT-0500 (hora de Ecuador),
7053,142,3,1,Fri Feb 20 2026 00:00:00 GMT-0500 (hora de Ecuador),Fri Feb 20 2026 00:00:00 GMT-0500 (hora de Ecuador),
7054,142,4,1,Fri Feb 20 2026 00:00:00 GMT-0500 (hora de Ecuador),Fri Feb 20 2026 00:00:00 GMT-0500 (hora de Ecuador),
7055,142,5,1,Fri Feb 20 2026 00:00:00 GMT-0500 (hora de Ecuador),Fri Feb 20 2026 00:00:00 GMT-0500 (hora de Ecuador),
7056,142,6,1,Fri Feb 20 2026 00:00:00 GMT-0500 (hora de Ecuador),Fri Feb 20 2026 00:00:00 GMT-0500 (hora de Ecuador),
7057,142,7,1,Fri Feb 20 2026 00:00:00 GMT-0500 (hora de Ecuador),Fri Feb 20 2026 00:00:00 GMT-0500 (hora de Ecuador),
7058,142,8,1,Wed Feb 25 2026 00:00:00 GMT-0500 (hora de Ecuador),Wed Feb 25 2026 00:00:00 GMT-0500 (hora de Ecuador),
7059,142,9,1,Thu Feb 26 2026 00:00:00 GMT-0500 (hora de Ecuador),Thu Feb 26 2026 00:00:00 GMT-0500 (hora de Ecuador),
7060,142,10,1,Fri Feb 27 2026 00:00:00 GMT-0500 (hora de Ecuador),Fri Feb 27 2026 00:00:00 GMT-0500 (hora de Ecuador),
7061,142,11,1,Mon Mar 02 2026 00:00:00 GMT-0500 (hora de Ecuador),Mon Mar 02 2026 00:00:00 GMT-0500 (hora de Ecuador),
7062,142,12,1,Mon Mar 09 2026 00:00:00 GMT-0500 (hora de Ecuador),Mon Mar 09 2026 00:00:00 GMT-0500 (hora de Ecuador),
7063,142,13,1,Mon Mar 09 2026 00:00:00 GMT-0500 (hora de Ecuador),Mon Mar 09 2026 00:00:00 GMT-0500 (hora de Ecuador),
7064,142,14,1,Mon Mar 09 2026 00:00:00 GMT-0500 (hora de Ecuador),Mon Mar 09 2026 00:00:00 GMT-0500 (hora de Ecuador),
7065,142,15,1,Thu Mar 26 2026 00:00:00 GMT-0500 (hora de Ecuador),Thu Mar 26 2026 00:00:00 GMT-0500 (hora de Ecuador),
7066,142,16,1,Fri Mar 27 2026 00:00:00 GMT-0500 (hora de Ecuador),Fri Mar 27 2026 00:00:00 GMT-0500 (hora de Ecuador),
7067,142,17,1,Mon Mar 30 2026 00:00:00 GMT-0500 (hora de Ecuador),Mon Mar 30 2026 00:00:00 GMT-0500 (hora de Ecuador),
7068,142,18,1,Tue Mar 31 2026 00:00:00 GMT-0500 (hora de Ecuador),Tue Mar 31 2026 00:00:00 GMT-0500 (hora de Ecuador),
7069,142,19,1,Tue Mar 31 2026 00:00:00 GMT-0500 (hora de Ecuador),Tue Mar 31 2026 00:00:00 GMT-0500 (hora de Ecuador),
7070,142,20,0,,,
7071,142,21,0,,,
7072,142,22,0,,,
7073,142,23,0,,,
7074,142,24,0,,,
7075,142,25,0,,,
7076,142,26,0,,,
7077,142,27,0,,,
7078,142,28,0,,,
7079,142,29,0,,,
7080,142,30,0,,,
7081,142,31,0,,,
7082,142,32,0,,,
7083,142,33,1,Wed Apr 01 2026 00:00:00 GMT-0500 (hora de Ecuador),Wed Apr 01 2026 00:00:00 GMT-0500 (hora de Ecuador),
7084,142,34,1,Wed Apr 01 2026 00:00:00 GMT-0500 (hora de Ecuador),Wed Apr 01 2026 00:00:00 GMT-0500 (hora de Ecuador),
7085,142,35,1,Thu Apr 02 2026 00:00:00 GMT-0500 (hora de Ecuador),Thu Apr 02 2026 00:00:00 GMT-0500 (hora de Ecuador),
7086,142,36,1,Mon Apr 06 2026 00:00:00 GMT-0500 (hora de Ecuador),Mon Apr 06 2026 00:00:00 GMT-0500 (hora de Ecuador),
7087,142,37,1,Mon Apr 06 2026 00:00:00 GMT-0500 (hora de Ecuador),Mon Apr 06 2026 00:00:00 GMT-0500 (hora de Ecuador),
7088,142,38,1,Tue Apr 07 2026 00:00:00 GMT-0500 (hora de Ecuador),Tue Apr 07 2026 00:00:00 GMT-0500 (hora de Ecuador),
7089,142,39,1,Tue Apr 07 2026 00:00:00 GMT-0500 (hora de Ecuador),Tue Apr 07 2026 00:00:00 GMT-0500 (hora de Ecuador),
7090,142,40,1,Wed Apr 08 2026 00:00:00 GMT-0500 (hora de Ecuador),Wed Apr 08 2026 00:00:00 GMT-0500 (hora de Ecuador),
7091,142,41,1,Tue Apr 14 2026 00:00:00 GMT-0500 (hora de Ecuador),Tue Apr 14 2026 00:00:00 GMT-0500 (hora de Ecuador),
7092,142,42,1,Thu Apr 16 2026 00:00:00 GMT-0500 (hora de Ecuador),Thu Apr 16 2026 00:00:00 GMT-0500 (hora de Ecuador),
7093,142,43,1,Wed Apr 22 2026 00:00:00 GMT-0500 (hora de Ecuador),Wed Apr 22 2026 00:00:00 GMT-0500 (hora de Ecuador),
7094,142,44,1,Thu Apr 23 2026 00:00:00 GMT-0500 (hora de Ecuador),Thu Apr 23 2026 00:00:00 GMT-0500 (hora de Ecuador),
7095,142,45,1,Fri Apr 24 2026 00:00:00 GMT-0500 (hora de Ecuador),Fri Apr 24 2026 00:00:00 GMT-0500 (hora de Ecuador),
7096,142,46,1,Tue Apr 28 2026 00:00:00 GMT-0500 (hora de Ecuador),Tue Apr 28 2026 00:00:00 GMT-0500 (hora de Ecuador),
7097,142,47,1,Tue Apr 28 2026 00:00:00 GMT-0500 (hora de Ecuador),Tue Apr 28 2026 00:00:00 GMT-0500 (hora de Ecuador),
7098,142,48,1,Tue Apr 28 2026 00:00:00 GMT-0500 (hora de Ecuador),Tue Apr 28 2026 00:00:00 GMT-0500 (hora de Ecuador),
7099,142,49,1,Mon May 04 2026 00:00:00 GMT-0500 (hora de Ecuador),Mon May 04 2026 00:00:00 GMT-0500 (hora de Ecuador),
7100,142,50,1,Thu May 07 2026 00:00:00 GMT-0500 (hora de Ecuador),Thu May 07 2026 00:00:00 GMT-0500 (hora de Ecuador),
7101,143,1,0,,,
7102,143,2,0,,,
7103,143,3,0,,,
7104,143,4,0,,,
7105,143,5,0,,,
7106,143,6,0,,,
7107,143,7,0,,,
7108,143,8,0,,,
7109,143,9,0,,,
7110,143,10,0,,,
7111,143,11,0,,,
7112,143,12,0,,,
7113,143,13,0,,,
7114,143,14,0,,,
7115,143,15,0,,,
7116,143,16,0,,,
7117,143,17,0,,,
7118,143,18,0,,,
7119,143,19,0,,,
7120,143,20,0,,,
7121,143,21,0,,,
7122,143,22,0,,,
7123,143,23,0,,,
7124,143,24,0,,,
7125,143,25,0,,,
7126,143,26,0,,,
7127,143,27,0,,,
7128,143,28,0,,,
7129,143,29,0,,,
7130,143,30,0,,,
7131,143,31,0,,,
7132,143,32,0,,,
7133,143,33,0,,,
7134,143,34,0,,,
7135,143,35,0,,,
7136,143,36,0,,,
7137,143,37,0,,,
7138,143,38,0,,,
7139,143,39,0,,,
7140,143,40,0,,,
7141,143,41,0,,,
7142,143,42,0,,,
7143,143,43,0,,,
7144,143,44,0,,,
7145,143,45,0,,,
7146,143,46,0,,,
7147,143,47,0,,,
7148,143,48,0,,,
7149,143,49,0,,,
7150,143,50,0,,,
7151,144,1,1,Wed Mar 25 2026 00:00:00 GMT-0500 (hora de Ecuador),Wed Mar 25 2026 00:00:00 GMT-0500 (hora de Ecuador),
7152,144,2,1,Wed Mar 25 2026 00:00:00 GMT-0500 (hora de Ecuador),Wed Mar 25 2026 00:00:00 GMT-0500 (hora de Ecuador),
7153,144,3,1,Wed Mar 25 2026 00:00:00 GMT-0500 (hora de Ecuador),Wed Mar 25 2026 00:00:00 GMT-0500 (hora de Ecuador),
7154,144,4,1,Wed Mar 25 2026 00:00:00 GMT-0500 (hora de Ecuador),Wed Mar 25 2026 00:00:00 GMT-0500 (hora de Ecuador),
7155,144,5,1,Wed Mar 25 2026 00:00:00 GMT-0500 (hora de Ecuador),Wed Mar 25 2026 00:00:00 GMT-0500 (hora de Ecuador),
7156,144,6,1,Tue Mar 31 2026 00:00:00 GMT-0500 (hora de Ecuador),Tue Mar 31 2026 00:00:00 GMT-0500 (hora de Ecuador),
7157,144,7,1,Wed Apr 01 2026 00:00:00 GMT-0500 (hora de Ecuador),Wed Apr 01 2026 00:00:00 GMT-0500 (hora de Ecuador),
7158,144,8,1,Thu Apr 02 2026 00:00:00 GMT-0500 (hora de Ecuador),Thu Apr 02 2026 00:00:00 GMT-0500 (hora de Ecuador),
7159,144,9,1,Thu Apr 02 2026 00:00:00 GMT-0500 (hora de Ecuador),Thu Apr 02 2026 00:00:00 GMT-0500 (hora de Ecuador),
7160,144,10,1,Thu Apr 02 2026 00:00:00 GMT-0500 (hora de Ecuador),Thu Apr 02 2026 00:00:00 GMT-0500 (hora de Ecuador),
7161,144,11,1,Thu Apr 02 2026 00:00:00 GMT-0500 (hora de Ecuador),Thu Apr 02 2026 00:00:00 GMT-0500 (hora de Ecuador),
7162,144,12,1,Mon Apr 06 2026 00:00:00 GMT-0500 (hora de Ecuador),Mon Apr 06 2026 00:00:00 GMT-0500 (hora de Ecuador),
7163,144,13,1,Mon Apr 06 2026 00:00:00 GMT-0500 (hora de Ecuador),Mon Apr 06 2026 00:00:00 GMT-0500 (hora de Ecuador),
7164,144,14,1,Fri Apr 10 2026 00:00:00 GMT-0500 (hora de Ecuador),Fri Apr 10 2026 00:00:00 GMT-0500 (hora de Ecuador),
7165,144,15,1,Mon Apr 13 2026 00:00:00 GMT-0500 (hora de Ecuador),Mon Apr 13 2026 00:00:00 GMT-0500 (hora de Ecuador),
7166,144,16,1,Mon Apr 13 2026 00:00:00 GMT-0500 (hora de Ecuador),Mon Apr 13 2026 00:00:00 GMT-0500 (hora de Ecuador),
7167,144,17,1,Tue Apr 14 2026 00:00:00 GMT-0500 (hora de Ecuador),Tue Apr 14 2026 00:00:00 GMT-0500 (hora de Ecuador),
7168,144,18,1,Tue Apr 14 2026 00:00:00 GMT-0500 (hora de Ecuador),Tue Apr 14 2026 00:00:00 GMT-0500 (hora de Ecuador),
7169,144,19,1,Tue Apr 14 2026 00:00:00 GMT-0500 (hora de Ecuador),Tue Apr 14 2026 00:00:00 GMT-0500 (hora de Ecuador),
7170,144,20,0,,,
7171,144,21,0,,,
7172,144,22,0,,,
7173,144,23,0,,,
7174,144,24,0,,,
7175,144,25,0,,,
7176,144,26,0,,,
7177,144,27,0,,,
7178,144,28,0,,,
7179,144,29,0,,,
7180,144,30,0,,,
7181,144,31,0,,,
7182,144,32,0,,,
7183,144,33,1,Tue Apr 14 2026 00:00:00 GMT-0500 (hora de Ecuador),Tue Apr 14 2026 00:00:00 GMT-0500 (hora de Ecuador),
7184,144,34,1,Wed Apr 15 2026 00:00:00 GMT-0500 (hora de Ecuador),Wed Apr 15 2026 00:00:00 GMT-0500 (hora de Ecuador),
7185,144,35,1,Wed Apr 15 2026 00:00:00 GMT-0500 (hora de Ecuador),Wed Apr 15 2026 00:00:00 GMT-0500 (hora de Ecuador),
7186,144,36,1,Thu Apr 16 2026 00:00:00 GMT-0500 (hora de Ecuador),Thu Apr 16 2026 00:00:00 GMT-0500 (hora de Ecuador),
7187,144,37,1,Thu Apr 16 2026 00:00:00 GMT-0500 (hora de Ecuador),Thu Apr 16 2026 00:00:00 GMT-0500 (hora de Ecuador),
7188,144,38,1,Fri Apr 17 2026 00:00:00 GMT-0500 (hora de Ecuador),Fri Apr 17 2026 00:00:00 GMT-0500 (hora de Ecuador),
7189,144,39,1,Fri Apr 17 2026 00:00:00 GMT-0500 (hora de Ecuador),Fri Apr 17 2026 00:00:00 GMT-0500 (hora de Ecuador),
7190,144,40,1,Mon Apr 20 2026 00:00:00 GMT-0500 (hora de Ecuador),Mon Apr 20 2026 00:00:00 GMT-0500 (hora de Ecuador),
7191,144,41,1,Wed Apr 22 2026 00:00:00 GMT-0500 (hora de Ecuador),Wed Apr 22 2026 00:00:00 GMT-0500 (hora de Ecuador),
7192,144,42,1,Fri Apr 24 2026 00:00:00 GMT-0500 (hora de Ecuador),Fri Apr 24 2026 00:00:00 GMT-0500 (hora de Ecuador),
7193,144,43,1,Tue Apr 28 2026 00:00:00 GMT-0500 (hora de Ecuador),Tue Apr 28 2026 00:00:00 GMT-0500 (hora de Ecuador),
7194,144,44,1,Wed Apr 29 2026 00:00:00 GMT-0500 (hora de Ecuador),Wed Apr 29 2026 00:00:00 GMT-0500 (hora de Ecuador),
7195,144,45,1,Wed Apr 29 2026 00:00:00 GMT-0500 (hora de Ecuador),Wed Apr 29 2026 00:00:00 GMT-0500 (hora de Ecuador),
7196,144,46,1,Mon May 04 2026 00:00:00 GMT-0500 (hora de Ecuador),Mon May 04 2026 00:00:00 GMT-0500 (hora de Ecuador),
7197,144,47,1,Mon May 04 2026 00:00:00 GMT-0500 (hora de Ecuador),Mon May 04 2026 00:00:00 GMT-0500 (hora de Ecuador),
7198,144,48,1,Mon May 04 2026 00:00:00 GMT-0500 (hora de Ecuador),Mon May 04 2026 00:00:00 GMT-0500 (hora de Ecuador),
7199,144,49,1,Thu May 07 2026 00:00:00 GMT-0500 (hora de Ecuador),Thu May 07 2026 00:00:00 GMT-0500 (hora de Ecuador),
7200,144,50,1,Tue May 12 2026 00:00:00 GMT-0500 (hora de Ecuador),Tue May 12 2026 00:00:00 GMT-0500 (hora de Ecuador),
7201,145,1,1,Wed Apr 08 2026 00:00:00 GMT-0500 (hora de Ecuador),Wed Apr 08 2026 00:00:00 GMT-0500 (hora de Ecuador),
7202,145,2,1,Wed Apr 08 2026 00:00:00 GMT-0500 (hora de Ecuador),Wed Apr 08 2026 00:00:00 GMT-0500 (hora de Ecuador),
7203,145,3,1,Thu Apr 09 2026 00:00:00 GMT-0500 (hora de Ecuador),Thu Apr 09 2026 00:00:00 GMT-0500 (hora de Ecuador),
7204,145,4,1,Thu Apr 09 2026 00:00:00 GMT-0500 (hora de Ecuador),Thu Apr 09 2026 00:00:00 GMT-0500 (hora de Ecuador),
7205,145,5,1,Thu Apr 09 2026 00:00:00 GMT-0500 (hora de Ecuador),Thu Apr 09 2026 00:00:00 GMT-0500 (hora de Ecuador),
7206,145,6,1,Fri Apr 10 2026 00:00:00 GMT-0500 (hora de Ecuador),Fri Apr 10 2026 00:00:00 GMT-0500 (hora de Ecuador),
7207,145,7,1,Mon Apr 13 2026 00:00:00 GMT-0500 (hora de Ecuador),Mon Apr 13 2026 00:00:00 GMT-0500 (hora de Ecuador),
7208,145,8,1,Tue Apr 14 2026 00:00:00 GMT-0500 (hora de Ecuador),Tue Apr 14 2026 00:00:00 GMT-0500 (hora de Ecuador),
7209,145,9,1,Wed Apr 15 2026 00:00:00 GMT-0500 (hora de Ecuador),Wed Apr 15 2026 00:00:00 GMT-0500 (hora de Ecuador),
7210,145,10,1,Thu Apr 16 2026 00:00:00 GMT-0500 (hora de Ecuador),Thu Apr 16 2026 00:00:00 GMT-0500 (hora de Ecuador),
7211,145,11,1,Fri Apr 17 2026 00:00:00 GMT-0500 (hora de Ecuador),Fri Apr 17 2026 00:00:00 GMT-0500 (hora de Ecuador),
7212,145,12,1,Fri Apr 17 2026 00:00:00 GMT-0500 (hora de Ecuador),Fri Apr 17 2026 00:00:00 GMT-0500 (hora de Ecuador),
7213,145,13,1,Mon Apr 20 2026 00:00:00 GMT-0500 (hora de Ecuador),Mon Apr 20 2026 00:00:00 GMT-0500 (hora de Ecuador),
7214,145,14,1,Tue Apr 21 2026 00:00:00 GMT-0500 (hora de Ecuador),Tue Apr 21 2026 00:00:00 GMT-0500 (hora de Ecuador),
7215,145,15,1,Wed Apr 22 2026 00:00:00 GMT-0500 (hora de Ecuador),Wed Apr 22 2026 00:00:00 GMT-0500 (hora de Ecuador),
7216,145,16,1,Thu Apr 23 2026 00:00:00 GMT-0500 (hora de Ecuador),Thu Apr 23 2026 00:00:00 GMT-0500 (hora de Ecuador),
7217,145,17,1,Thu Apr 23 2026 00:00:00 GMT-0500 (hora de Ecuador),Thu Apr 23 2026 00:00:00 GMT-0500 (hora de Ecuador),
7218,145,18,1,Fri Apr 24 2026 00:00:00 GMT-0500 (hora de Ecuador),Fri Apr 24 2026 00:00:00 GMT-0500 (hora de Ecuador),
7219,145,19,1,Fri Apr 24 2026 00:00:00 GMT-0500 (hora de Ecuador),Fri Apr 24 2026 00:00:00 GMT-0500 (hora de Ecuador),
7220,145,20,0,,,
7221,145,21,0,,,
7222,145,22,0,,,
7223,145,23,0,,,
7224,145,24,0,,,
7225,145,25,0,,,
7226,145,26,0,,,
7227,145,27,0,,,
7228,145,28,0,,,
7229,145,29,0,,,
7230,145,30,0,,,
7231,145,31,0,,,
7232,145,32,0,,,
7233,145,33,1,Mon Apr 27 2026 00:00:00 GMT-0500 (hora de Ecuador),Mon Apr 27 2026 00:00:00 GMT-0500 (hora de Ecuador),
7234,145,34,1,Tue Apr 28 2026 00:00:00 GMT-0500 (hora de Ecuador),Tue Apr 28 2026 00:00:00 GMT-0500 (hora de Ecuador),
7235,145,35,1,Tue Apr 28 2026 00:00:00 GMT-0500 (hora de Ecuador),Tue Apr 28 2026 00:00:00 GMT-0500 (hora de Ecuador),
7236,145,36,0,,,
7237,145,37,0,,,
7238,145,38,0,,,
7239,145,39,1,Tue Apr 28 2026 00:00:00 GMT-0500 (hora de Ecuador),Tue Apr 28 2026 00:00:00 GMT-0500 (hora de Ecuador),
7240,145,40,1,Mon May 04 2026 00:00:00 GMT-0500 (hora de Ecuador),Mon May 04 2026 00:00:00 GMT-0500 (hora de Ecuador),
7241,145,41,0,,,
7242,145,42,0,,,
7243,145,43,0,,,
7244,145,44,0,,,
7245,145,45,0,,,
7246,145,46,0,,,
7247,145,47,0,,,
7248,145,48,0,,,
7249,145,49,0,,,
7250,145,50,1,Mon May 04 2026 00:00:00 GMT-0500 (hora de Ecuador),Mon May 04 2026 00:00:00 GMT-0500 (hora de Ecuador),
7251,146,1,0,,,
7252,146,2,0,,,
7253,146,3,0,,,
7254,146,4,0,,,
7255,146,5,0,,,
7256,146,6,0,,,
7257,146,7,0,,,
7258,146,8,0,,,
7259,146,9,0,,,
7260,146,10,0,,,
7261,146,11,0,,,
7262,146,12,0,,,
7263,146,13,0,,,
7264,146,14,0,,,
7265,146,15,0,,,
7266,146,16,0,,,
7267,146,17,0,,,
7268,146,18,0,,,
7269,146,19,0,,,
7270,146,20,0,,,
7271,146,21,0,,,
7272,146,22,0,,,
7273,146,23,0,,,
7274,146,24,0,,,
7275,146,25,0,,,
7276,146,26,0,,,
7277,146,27,0,,,
7278,146,28,0,,,
7279,146,29,0,,,
7280,146,30,0,,,
7281,146,31,0,,,
7282,146,32,0,,,
7283,146,33,0,,,
7284,146,34,0,,,
7285,146,35,0,,,
7286,146,36,0,,,
7287,146,37,0,,,
7288,146,38,0,,,
7289,146,39,0,,,
7290,146,40,0,,,
7291,146,41,0,,,
7292,146,42,0,,,
7293,146,43,0,,,
7294,146,44,0,,,
7295,146,45,0,,,
7296,146,46,0,,,
7297,146,47,0,,,
7298,146,48,0,,,
7299,146,49,0,,,
7300,146,50,0,,,
7301,147,1,0,,,
7302,147,2,0,,,
7303,147,3,0,,,
7304,147,4,0,,,
7305,147,5,0,,,
7306,147,6,0,,,
7307,147,7,0,,,
7308,147,8,0,,,
7309,147,9,0,,,
7310,147,10,0,,,
7311,147,11,0,,,
7312,147,12,0,,,
7313,147,13,0,,,
7314,147,14,0,,,
7315,147,15,0,,,
7316,147,16,0,,,
7317,147,17,0,,,
7318,147,18,0,,,
7319,147,19,0,,,
7320,147,20,0,,,
7321,147,21,0,,,
7322,147,22,0,,,
7323,147,23,0,,,
7324,147,24,0,,,
7325,147,25,0,,,
7326,147,26,0,,,
7327,147,27,0,,,
7328,147,28,0,,,
7329,147,29,0,,,
7330,147,30,0,,,
7331,147,31,0,,,
7332,147,32,0,,,
7333,147,33,0,,,
7334,147,34,0,,,
7335,147,35,0,,,
7336,147,36,0,,,
7337,147,37,0,,,
7338,147,38,0,,,
7339,147,39,0,,,
7340,147,40,0,,,
7341,147,41,0,,,
7342,147,42,0,,,
7343,147,43,0,,,
7344,147,44,0,,,
7345,147,45,0,,,
7346,147,46,0,,,
7347,147,47,0,,,
7348,147,48,0,,,
7349,147,49,0,,,
7350,147,50,0,,,
7351,148,1,1,Wed Apr 15 2026 00:00:00 GMT-0500 (hora de Ecuador),Fri Apr 17 2026 00:00:00 GMT-0500 (hora de Ecuador),
7352,148,2,1,Wed Apr 15 2026 00:00:00 GMT-0500 (hora de Ecuador),Mon Apr 20 2026 00:00:00 GMT-0500 (hora de Ecuador),
7353,148,3,1,Thu Apr 16 2026 00:00:00 GMT-0500 (hora de Ecuador),Mon Jul 06 2026 00:00:00 GMT-0500 (hora de Ecuador),
7354,148,4,1,Thu Apr 16 2026 00:00:00 GMT-0500 (hora de Ecuador),Mon Jul 06 2026 00:00:00 GMT-0500 (hora de Ecuador),
7355,148,5,1,Thu Apr 16 2026 00:00:00 GMT-0500 (hora de Ecuador),Mon Jul 06 2026 00:00:00 GMT-0500 (hora de Ecuador),
7356,148,6,1,Fri Apr 17 2026 00:00:00 GMT-0500 (hora de Ecuador),Thu May 21 2026 00:00:00 GMT-0500 (hora de Ecuador),
7357,148,7,1,Mon Apr 20 2026 00:00:00 GMT-0500 (hora de Ecuador),Mon Jul 20 2026 00:00:00 GMT-0500 (hora de Ecuador),
7358,148,8,1,Tue Apr 21 2026 00:00:00 GMT-0500 (hora de Ecuador),Mon Jul 06 2026 00:00:00 GMT-0500 (hora de Ecuador),
7359,148,9,1,Wed Apr 22 2026 00:00:00 GMT-0500 (hora de Ecuador),Tue Jul 07 2026 00:00:00 GMT-0500 (hora de Ecuador),
7360,148,10,1,Thu Apr 23 2026 00:00:00 GMT-0500 (hora de Ecuador),Fri Apr 17 2026 00:00:00 GMT-0500 (hora de Ecuador),
7361,148,11,1,Fri Apr 24 2026 00:00:00 GMT-0500 (hora de Ecuador),Fri Apr 24 2026 00:00:00 GMT-0500 (hora de Ecuador),
7362,148,12,1,Fri Apr 24 2026 00:00:00 GMT-0500 (hora de Ecuador),Fri Jul 24 2026 00:00:00 GMT-0500 (hora de Ecuador),
7363,148,13,1,Mon Apr 27 2026 00:00:00 GMT-0500 (hora de Ecuador),Tue Jul 14 2026 00:00:00 GMT-0500 (hora de Ecuador),
7364,148,14,1,Tue Apr 28 2026 00:00:00 GMT-0500 (hora de Ecuador),Fri Jul 17 2026 00:00:00 GMT-0500 (hora de Ecuador),
7365,148,15,1,Wed Apr 29 2026 00:00:00 GMT-0500 (hora de Ecuador),Mon Jul 20 2026 00:00:00 GMT-0500 (hora de Ecuador),
7366,148,16,1,Thu Apr 30 2026 00:00:00 GMT-0500 (hora de Ecuador),Tue Jul 21 2026 00:00:00 GMT-0500 (hora de Ecuador),
7367,148,17,1,Thu Apr 30 2026 00:00:00 GMT-0500 (hora de Ecuador),Thu Jul 23 2026 00:00:00 GMT-0500 (hora de Ecuador),
7368,148,18,1,Fri May 01 2026 00:00:00 GMT-0500 (hora de Ecuador),Fri Jul 24 2026 00:00:00 GMT-0500 (hora de Ecuador),
7369,148,19,1,Fri May 01 2026 00:00:00 GMT-0500 (hora de Ecuador),Tue Jul 28 2026 00:00:00 GMT-0500 (hora de Ecuador),
7370,148,20,0,,,
7371,148,21,0,,,
7372,148,22,0,,,
7373,148,23,0,,,
7374,148,24,0,,,
7375,148,25,0,,,
7376,148,26,0,,,
7377,148,27,0,,,
7378,148,28,0,,,
7379,148,29,0,,,
7380,148,30,0,,,
7381,148,31,0,,,
7382,148,32,0,,,
7383,148,33,1,Mon May 04 2026 00:00:00 GMT-0500 (hora de Ecuador),Mon Aug 03 2026 00:00:00 GMT-0500 (hora de Ecuador),
7384,148,34,1,Tue May 05 2026 00:00:00 GMT-0500 (hora de Ecuador),Thu Jul 30 2026 00:00:00 GMT-0500 (hora de Ecuador),
7385,148,35,1,Tue May 05 2026 00:00:00 GMT-0500 (hora de Ecuador),Mon Aug 03 2026 00:00:00 GMT-0500 (hora de Ecuador),
7386,148,36,1,Wed May 06 2026 00:00:00 GMT-0500 (hora de Ecuador),Fri Aug 07 2026 00:00:00 GMT-0500 (hora de Ecuador),
7387,148,37,1,Thu May 07 2026 00:00:00 GMT-0500 (hora de Ecuador),Thu Jul 30 2026 00:00:00 GMT-0500 (hora de Ecuador),
7388,148,38,1,Fri May 08 2026 00:00:00 GMT-0500 (hora de Ecuador),Mon Aug 03 2026 00:00:00 GMT-0500 (hora de Ecuador),
7389,148,39,1,Mon May 11 2026 00:00:00 GMT-0500 (hora de Ecuador),Tue Aug 04 2026 00:00:00 GMT-0500 (hora de Ecuador),
7390,148,40,1,Mon May 11 2026 00:00:00 GMT-0500 (hora de Ecuador),Mon Aug 10 2026 00:00:00 GMT-0500 (hora de Ecuador),
7391,148,41,1,Wed May 13 2026 00:00:00 GMT-0500 (hora de Ecuador),Thu Aug 13 2026 00:00:00 GMT-0500 (hora de Ecuador),
7392,148,42,1,Fri May 15 2026 00:00:00 GMT-0500 (hora de Ecuador),Thu Aug 13 2026 00:00:00 GMT-0500 (hora de Ecuador),
7393,148,43,1,Tue May 19 2026 00:00:00 GMT-0500 (hora de Ecuador),Mon Aug 17 2026 00:00:00 GMT-0500 (hora de Ecuador),
7394,148,44,1,Wed May 20 2026 00:00:00 GMT-0500 (hora de Ecuador),Tue Aug 18 2026 00:00:00 GMT-0500 (hora de Ecuador),
7395,148,45,1,Thu May 21 2026 00:00:00 GMT-0500 (hora de Ecuador),Tue Aug 18 2026 00:00:00 GMT-0500 (hora de Ecuador),
7396,148,46,1,Mon May 25 2026 00:00:00 GMT-0500 (hora de Ecuador),Wed Aug 19 2026 00:00:00 GMT-0500 (hora de Ecuador),
7397,148,47,1,Tue May 26 2026 00:00:00 GMT-0500 (hora de Ecuador),Wed Aug 26 2026 00:00:00 GMT-0500 (hora de Ecuador),
7398,148,48,1,Tue May 26 2026 00:00:00 GMT-0500 (hora de Ecuador),Thu Aug 27 2026 00:00:00 GMT-0500 (hora de Ecuador),
7399,148,49,1,Fri May 29 2026 00:00:00 GMT-0500 (hora de Ecuador),Tue Sep 01 2026 00:00:00 GMT-0500 (hora de Ecuador),
7400,148,50,1,Wed Jun 03 2026 00:00:00 GMT-0500 (hora de Ecuador),Fri Sep 04 2026 00:00:00 GMT-0500 (hora de Ecuador),
7401,149,1,0,,,
7402,149,2,0,,,
7403,149,3,0,,,
7404,149,4,0,,,
7405,149,5,0,,,
7406,149,6,0,,,
7407,149,7,0,,,
7408,149,8,0,,,
7409,149,9,0,,,
7410,149,10,0,,,
7411,149,11,0,,,
7412,149,12,0,,,
7413,149,13,0,,,
7414,149,14,0,,,
7415,149,15,0,,,
7416,149,16,0,,,
7417,149,17,0,,,
7418,149,18,0,,,
7419,149,19,0,,,
7420,149,20,0,,,
7421,149,21,0,,,
7422,149,22,0,,,
7423,149,23,0,,,
7424,149,24,0,,,
7425,149,25,0,,,
7426,149,26,0,,,
7427,149,27,0,,,
7428,149,28,0,,,
7429,149,29,0,,,
7430,149,30,0,,,
7431,149,31,0,,,
7432,149,32,0,,,
7433,149,33,0,,,
7434,149,34,0,,,
7435,149,35,0,,,
7436,149,36,0,,,
7437,149,37,0,,,
7438,149,38,0,,,
7439,149,39,0,,,
7440,149,40,0,,,
7441,149,41,0,,,
7442,149,42,0,,,
7443,149,43,0,,,
7444,149,44,0,,,
7445,149,45,0,,,
7446,149,46,0,,,
7447,149,47,0,,,
7448,149,48,0,,,
7449,149,49,0,,,
7450,149,50,0,,,
7451,150,1,1,Wed May 06 2026 00:00:00 GMT-0500 (hora de Ecuador),Wed May 06 2026 00:00:00 GMT-0500 (hora de Ecuador),
7452,150,2,1,Wed May 06 2026 00:00:00 GMT-0500 (hora de Ecuador),Wed May 06 2026 00:00:00 GMT-0500 (hora de Ecuador),
7453,150,3,1,Thu May 07 2026 00:00:00 GMT-0500 (hora de Ecuador),Thu May 07 2026 00:00:00 GMT-0500 (hora de Ecuador),
7454,150,4,1,Thu May 07 2026 00:00:00 GMT-0500 (hora de Ecuador),Thu May 07 2026 00:00:00 GMT-0500 (hora de Ecuador),
7455,150,5,1,Thu May 07 2026 00:00:00 GMT-0500 (hora de Ecuador),Thu May 07 2026 00:00:00 GMT-0500 (hora de Ecuador),
7456,150,6,1,Fri May 08 2026 00:00:00 GMT-0500 (hora de Ecuador),Fri May 08 2026 00:00:00 GMT-0500 (hora de Ecuador),
7457,150,7,1,Mon May 11 2026 00:00:00 GMT-0500 (hora de Ecuador),Mon May 11 2026 00:00:00 GMT-0500 (hora de Ecuador),
7458,150,8,1,Tue May 12 2026 00:00:00 GMT-0500 (hora de Ecuador),Tue May 12 2026 00:00:00 GMT-0500 (hora de Ecuador),
7459,150,9,1,Wed May 13 2026 00:00:00 GMT-0500 (hora de Ecuador),Wed May 13 2026 00:00:00 GMT-0500 (hora de Ecuador),
7460,150,10,1,Thu May 14 2026 00:00:00 GMT-0500 (hora de Ecuador),Thu May 14 2026 00:00:00 GMT-0500 (hora de Ecuador),
7461,150,11,1,Fri May 15 2026 00:00:00 GMT-0500 (hora de Ecuador),Fri May 15 2026 00:00:00 GMT-0500 (hora de Ecuador),
7462,150,12,1,Fri May 15 2026 00:00:00 GMT-0500 (hora de Ecuador),Fri May 15 2026 00:00:00 GMT-0500 (hora de Ecuador),
7463,150,13,1,Mon May 18 2026 00:00:00 GMT-0500 (hora de Ecuador),Mon May 18 2026 00:00:00 GMT-0500 (hora de Ecuador),
7464,150,14,1,Tue May 19 2026 00:00:00 GMT-0500 (hora de Ecuador),Tue May 19 2026 00:00:00 GMT-0500 (hora de Ecuador),
7465,150,15,1,Wed May 20 2026 00:00:00 GMT-0500 (hora de Ecuador),Wed May 20 2026 00:00:00 GMT-0500 (hora de Ecuador),
7466,150,16,1,Thu May 21 2026 00:00:00 GMT-0500 (hora de Ecuador),Thu May 21 2026 00:00:00 GMT-0500 (hora de Ecuador),
7467,150,17,1,Thu May 21 2026 00:00:00 GMT-0500 (hora de Ecuador),Thu May 21 2026 00:00:00 GMT-0500 (hora de Ecuador),
7468,150,18,1,Fri May 22 2026 00:00:00 GMT-0500 (hora de Ecuador),Fri May 22 2026 00:00:00 GMT-0500 (hora de Ecuador),
7469,150,19,1,Fri May 22 2026 00:00:00 GMT-0500 (hora de Ecuador),Fri May 22 2026 00:00:00 GMT-0500 (hora de Ecuador),
7470,150,20,0,,,
7471,150,21,0,,,
7472,150,22,0,,,
7473,150,23,0,,,
7474,150,24,0,,,
7475,150,25,0,,,
7476,150,26,0,,,
7477,150,27,0,,,
7478,150,28,0,,,
7479,150,29,0,,,
7480,150,30,0,,,
7481,150,31,0,,,
7482,150,32,0,,,
7483,150,33,1,Mon May 25 2026 00:00:00 GMT-0500 (hora de Ecuador),Mon May 25 2026 00:00:00 GMT-0500 (hora de Ecuador),
7484,150,34,1,Tue May 26 2026 00:00:00 GMT-0500 (hora de Ecuador),Tue May 26 2026 00:00:00 GMT-0500 (hora de Ecuador),
7485,150,35,1,Tue May 26 2026 00:00:00 GMT-0500 (hora de Ecuador),Tue May 26 2026 00:00:00 GMT-0500 (hora de Ecuador),
7486,150,36,0,,,
7487,150,37,0,,,
7488,150,38,0,,,
7489,150,39,1,Tue May 26 2026 00:00:00 GMT-0500 (hora de Ecuador),Tue May 26 2026 00:00:00 GMT-0500 (hora de Ecuador),
7490,150,40,1,Sun May 31 2026 00:00:00 GMT-0500 (hora de Ecuador),Sun May 31 2026 00:00:00 GMT-0500 (hora de Ecuador),
7491,150,41,0,,,
7492,150,42,0,,,
7493,150,43,0,,,
7494,150,44,0,,,
7495,150,45,0,,,
7496,150,46,0,,,
7497,150,47,0,,,
7498,150,48,0,,,
7499,150,49,0,,,
7500,150,50,1,Sun May 31 2026 00:00:00 GMT-0500 (hora de Ecuador),Sun May 31 2026 00:00:00 GMT-0500 (hora de Ecuador),
7501,151,1,0,,,
7502,151,2,0,,,
7503,151,3,0,,,
7504,151,4,0,,,
7505,151,5,0,,,
7506,151,6,0,,,
7507,151,7,0,,,
7508,151,8,0,,,
7509,151,9,0,,,
7510,151,10,0,,,
7511,151,11,0,,,
7512,151,12,0,,,
7513,151,13,0,,,
7514,151,14,0,,,
7515,151,15,0,,,
7516,151,16,0,,,
7517,151,17,0,,,
7518,151,18,0,,,
7519,151,19,0,,,
7520,151,20,0,,,
7521,151,21,0,,,
7522,151,22,0,,,
7523,151,23,0,,,
7524,151,24,0,,,
7525,151,25,0,,,
7526,151,26,0,,,
7527,151,27,0,,,
7528,151,28,0,,,
7529,151,29,0,,,
7530,151,30,0,,,
7531,151,31,0,,,
7532,151,32,0,,,
7533,151,33,0,,,
7534,151,34,0,,,
7535,151,35,0,,,
7536,151,36,0,,,
7537,151,37,0,,,
7538,151,38,0,,,
7539,151,39,0,,,
7540,151,40,0,,,
7541,151,41,0,,,
7542,151,42,0,,,
7543,151,43,0,,,
7544,151,44,0,,,
7545,151,45,0,,,
7546,151,46,0,,,
7547,151,47,0,,,
7548,151,48,0,,,
7549,151,49,0,,,
7550,151,50,0,,,
7551,152,1,1,Wed Apr 08 2026 00:00:00 GMT-0500 (hora de Ecuador),Wed Apr 08 2026 00:00:00 GMT-0500 (hora de Ecuador),
7552,152,2,1,Wed Apr 08 2026 00:00:00 GMT-0500 (hora de Ecuador),Wed Apr 08 2026 00:00:00 GMT-0500 (hora de Ecuador),
7553,152,3,1,Thu Apr 09 2026 00:00:00 GMT-0500 (hora de Ecuador),Thu Apr 09 2026 00:00:00 GMT-0500 (hora de Ecuador),
7554,152,4,1,Thu Apr 09 2026 00:00:00 GMT-0500 (hora de Ecuador),Thu Apr 09 2026 00:00:00 GMT-0500 (hora de Ecuador),
7555,152,5,1,Thu Apr 09 2026 00:00:00 GMT-0500 (hora de Ecuador),Thu Apr 09 2026 00:00:00 GMT-0500 (hora de Ecuador),
7556,152,6,1,Fri Apr 10 2026 00:00:00 GMT-0500 (hora de Ecuador),Mon Jun 01 2026 00:00:00 GMT-0500 (hora de Ecuador),
7557,152,7,1,Mon Apr 13 2026 00:00:00 GMT-0500 (hora de Ecuador),Fri Jun 05 2026 00:00:00 GMT-0500 (hora de Ecuador),
7558,152,8,1,Tue Apr 14 2026 00:00:00 GMT-0500 (hora de Ecuador),Tue Jun 09 2026 00:00:00 GMT-0500 (hora de Ecuador),
7559,152,9,1,Wed Apr 15 2026 00:00:00 GMT-0500 (hora de Ecuador),Tue Jun 09 2026 00:00:00 GMT-0500 (hora de Ecuador),
7560,152,10,1,Thu Apr 16 2026 00:00:00 GMT-0500 (hora de Ecuador),Thu Apr 16 2026 00:00:00 GMT-0500 (hora de Ecuador),
7561,152,11,1,Fri Apr 17 2026 00:00:00 GMT-0500 (hora de Ecuador),Fri Apr 17 2026 00:00:00 GMT-0500 (hora de Ecuador),
7562,152,12,1,Fri Apr 17 2026 00:00:00 GMT-0500 (hora de Ecuador),Thu Jun 18 2026 00:00:00 GMT-0500 (hora de Ecuador),
7563,152,13,1,Mon Apr 20 2026 00:00:00 GMT-0500 (hora de Ecuador),Mon Jun 22 2026 00:00:00 GMT-0500 (hora de Ecuador),
7564,152,14,1,Tue Apr 21 2026 00:00:00 GMT-0500 (hora de Ecuador),Wed Jun 24 2026 00:00:00 GMT-0500 (hora de Ecuador),
7565,152,15,1,Wed Apr 22 2026 00:00:00 GMT-0500 (hora de Ecuador),Tue Jul 07 2026 00:00:00 GMT-0500 (hora de Ecuador),
7566,152,16,1,Thu Apr 23 2026 00:00:00 GMT-0500 (hora de Ecuador),Tue Jul 07 2026 00:00:00 GMT-0500 (hora de Ecuador),
7567,152,17,1,Thu Apr 23 2026 00:00:00 GMT-0500 (hora de Ecuador),Thu Jul 09 2026 00:00:00 GMT-0500 (hora de Ecuador),
7568,152,18,1,Fri Apr 24 2026 00:00:00 GMT-0500 (hora de Ecuador),Fri Jul 10 2026 00:00:00 GMT-0500 (hora de Ecuador),
7569,152,19,1,Fri Apr 24 2026 00:00:00 GMT-0500 (hora de Ecuador),Mon Jul 13 2026 00:00:00 GMT-0500 (hora de Ecuador),
7570,152,20,0,,,
7571,152,21,0,,,
7572,152,22,0,,,
7573,152,23,0,,,
7574,152,24,0,,,
7575,152,25,0,,,
7576,152,26,0,,,
7577,152,27,0,,,
7578,152,28,0,,,
7579,152,29,0,,,
7580,152,30,0,,,
7581,152,31,0,,,
7582,152,32,0,,,
7583,152,33,1,Mon Apr 27 2026 00:00:00 GMT-0500 (hora de Ecuador),Thu Jul 23 2026 00:00:00 GMT-0500 (hora de Ecuador),
7584,152,34,1,Tue Apr 28 2026 00:00:00 GMT-0500 (hora de Ecuador),Thu Jul 23 2026 00:00:00 GMT-0500 (hora de Ecuador),
7585,152,35,1,Tue Apr 28 2026 00:00:00 GMT-0500 (hora de Ecuador),Thu Jul 23 2026 00:00:00 GMT-0500 (hora de Ecuador),
7586,152,36,0,,,
7587,152,37,0,,,
7588,152,38,0,,,
7589,152,39,1,Tue Apr 28 2026 00:00:00 GMT-0500 (hora de Ecuador),Thu Jul 30 2026 00:00:00 GMT-0500 (hora de Ecuador),
7590,152,40,1,Mon May 04 2026 00:00:00 GMT-0500 (hora de Ecuador),Thu Jul 30 2026 00:00:00 GMT-0500 (hora de Ecuador),
7591,152,41,0,,,
7592,152,42,0,,,
7593,152,43,0,,,
7594,152,44,0,,,
7595,152,45,0,,,
7596,152,46,0,,,
7597,152,47,0,,,
7598,152,48,0,,,
7599,152,49,0,,,
7600,152,50,1,Mon May 04 2026 00:00:00 GMT-0500 (hora de Ecuador),Thu Jul 30 2026 00:00:00 GMT-0500 (hora de Ecuador),
7601,153,1,0,,,
7602,153,2,0,,,
7603,153,3,0,,,
7604,153,4,0,,,
7605,153,5,0,,,
7606,153,6,0,,,
7607,153,7,0,,,
7608,153,8,0,,,
7609,153,9,0,,,
7610,153,10,0,,,
7611,153,11,0,,,
7612,153,12,0,,,
7613,153,13,0,,,
7614,153,14,0,,,
7615,153,15,0,,,
7616,153,16,0,,,
7617,153,17,0,,,
7618,153,18,0,,,
7619,153,19,0,,,
7620,153,20,0,,,
7621,153,21,0,,,
7622,153,22,0,,,
7623,153,23,0,,,
7624,153,24,0,,,
7625,153,25,0,,,
7626,153,26,0,,,
7627,153,27,0,,,
7628,153,28,0,,,
7629,153,29,0,,,
7630,153,30,0,,,
7631,153,31,0,,,
7632,153,32,0,,,
7633,153,33,0,,,
7634,153,34,0,,,
7635,153,35,0,,,
7636,153,36,0,,,
7637,153,37,0,,,
7638,153,38,0,,,
7639,153,39,0,,,
7640,153,40,0,,,
7641,153,41,0,,,
7642,153,42,0,,,
7643,153,43,0,,,
7644,153,44,0,,,
7645,153,45,0,,,
7646,153,46,0,,,
7647,153,47,0,,,
7648,153,48,0,,,
7649,153,49,0,,,
7650,153,50,0,,,
7651,154,1,1,Fri Sep 04 2026 00:00:00 GMT-0500 (hora de Ecuador),Fri Sep 04 2026 00:00:00 GMT-0500 (hora de Ecuador),
7652,154,2,1,Fri Sep 04 2026 00:00:00 GMT-0500 (hora de Ecuador),Fri Sep 04 2026 00:00:00 GMT-0500 (hora de Ecuador),
7653,154,3,1,Mon Sep 07 2026 00:00:00 GMT-0500 (hora de Ecuador),Mon Sep 07 2026 00:00:00 GMT-0500 (hora de Ecuador),
7654,154,4,1,Mon Sep 07 2026 00:00:00 GMT-0500 (hora de Ecuador),Mon Sep 07 2026 00:00:00 GMT-0500 (hora de Ecuador),
7655,154,5,1,Mon Sep 07 2026 00:00:00 GMT-0500 (hora de Ecuador),Mon Sep 07 2026 00:00:00 GMT-0500 (hora de Ecuador),
7656,154,6,1,Tue Sep 08 2026 00:00:00 GMT-0500 (hora de Ecuador),Tue Sep 08 2026 00:00:00 GMT-0500 (hora de Ecuador),
7657,154,7,1,Wed Sep 09 2026 00:00:00 GMT-0500 (hora de Ecuador),Wed Sep 09 2026 00:00:00 GMT-0500 (hora de Ecuador),
7658,154,8,1,Thu Sep 10 2026 00:00:00 GMT-0500 (hora de Ecuador),Thu Sep 10 2026 00:00:00 GMT-0500 (hora de Ecuador),
7659,154,9,1,Fri Sep 11 2026 00:00:00 GMT-0500 (hora de Ecuador),Fri Sep 11 2026 00:00:00 GMT-0500 (hora de Ecuador),
7660,154,10,1,Mon Sep 14 2026 00:00:00 GMT-0500 (hora de Ecuador),Mon Sep 14 2026 00:00:00 GMT-0500 (hora de Ecuador),
7661,154,11,1,Tue Sep 15 2026 00:00:00 GMT-0500 (hora de Ecuador),Tue Sep 15 2026 00:00:00 GMT-0500 (hora de Ecuador),
7662,154,12,1,Tue Sep 15 2026 00:00:00 GMT-0500 (hora de Ecuador),Tue Sep 15 2026 00:00:00 GMT-0500 (hora de Ecuador),
7663,154,13,1,Wed Sep 16 2026 00:00:00 GMT-0500 (hora de Ecuador),Wed Sep 16 2026 00:00:00 GMT-0500 (hora de Ecuador),
7664,154,14,1,Thu Sep 17 2026 00:00:00 GMT-0500 (hora de Ecuador),Thu Sep 17 2026 00:00:00 GMT-0500 (hora de Ecuador),
7665,154,15,1,Fri Sep 18 2026 00:00:00 GMT-0500 (hora de Ecuador),Fri Sep 18 2026 00:00:00 GMT-0500 (hora de Ecuador),
7666,154,16,1,Mon Sep 21 2026 00:00:00 GMT-0500 (hora de Ecuador),Mon Sep 21 2026 00:00:00 GMT-0500 (hora de Ecuador),
7667,154,17,1,Mon Sep 21 2026 00:00:00 GMT-0500 (hora de Ecuador),Mon Sep 21 2026 00:00:00 GMT-0500 (hora de Ecuador),
7668,154,18,1,Tue Sep 22 2026 00:00:00 GMT-0500 (hora de Ecuador),Tue Sep 22 2026 00:00:00 GMT-0500 (hora de Ecuador),
7669,154,19,1,Tue Sep 22 2026 00:00:00 GMT-0500 (hora de Ecuador),Tue Sep 22 2026 00:00:00 GMT-0500 (hora de Ecuador),
7670,154,20,0,,,
7671,154,21,0,,,
7672,154,22,0,,,
7673,154,23,0,,,
7674,154,24,0,,,
7675,154,25,0,,,
7676,154,26,0,,,
7677,154,27,0,,,
7678,154,28,0,,,
7679,154,29,0,,,
7680,154,30,0,,,
7681,154,31,0,,,
7682,154,32,0,,,
7683,154,33,1,Wed Sep 23 2026 00:00:00 GMT-0500 (hora de Ecuador),Wed Sep 23 2026 00:00:00 GMT-0500 (hora de Ecuador),
7684,154,34,1,Thu Sep 24 2026 00:00:00 GMT-0500 (hora de Ecuador),Thu Sep 24 2026 00:00:00 GMT-0500 (hora de Ecuador),
7685,154,35,1,Thu Sep 24 2026 00:00:00 GMT-0500 (hora de Ecuador),Thu Sep 24 2026 00:00:00 GMT-0500 (hora de Ecuador),
7686,154,36,0,,,
7687,154,37,0,,,
7688,154,38,0,,,
7689,154,39,1,Thu Sep 24 2026 00:00:00 GMT-0500 (hora de Ecuador),Thu Sep 24 2026 00:00:00 GMT-0500 (hora de Ecuador),
7690,154,40,1,Wed Sep 30 2026 00:00:00 GMT-0500 (hora de Ecuador),Wed Sep 30 2026 00:00:00 GMT-0500 (hora de Ecuador),
7691,154,41,0,,,
7692,154,42,0,,,
7693,154,43,0,,,
7694,154,44,0,,,
7695,154,45,0,,,
7696,154,46,0,,,
7697,154,47,0,,,
7698,154,48,0,,,
7699,154,49,0,,,
7700,154,50,1,Wed Sep 30 2026 00:00:00 GMT-0500 (hora de Ecuador),Wed Sep 30 2026 00:00:00 GMT-0500 (hora de Ecuador),
7701,155,1,0,,,
7702,155,2,0,,,
7703,155,3,0,,,
7704,155,4,0,,,
7705,155,5,0,,,
7706,155,6,0,,,
7707,155,7,0,,,
7708,155,8,0,,,
7709,155,9,0,,,
7710,155,10,0,,,
7711,155,11,0,,,
7712,155,12,0,,,
7713,155,13,0,,,
7714,155,14,0,,,
7715,155,15,0,,,
7716,155,16,0,,,
7717,155,17,0,,,
7718,155,18,0,,,
7719,155,19,0,,,
7720,155,20,0,,,
7721,155,21,0,,,
7722,155,22,0,,,
7723,155,23,0,,,
7724,155,24,0,,,
7725,155,25,0,,,
7726,155,26,0,,,
7727,155,27,0,,,
7728,155,28,0,,,
7729,155,29,0,,,
7730,155,30,0,,,
7731,155,31,0,,,
7732,155,32,0,,,
7733,155,33,0,,,
7734,155,34,0,,,
7735,155,35,0,,,
7736,155,36,0,,,
7737,155,37,0,,,
7738,155,38,0,,,
7739,155,39,0,,,
7740,155,40,0,,,
7741,155,41,1,Tue Jan 02 1900 00:00:00 GMT-0514 (hora de Ecuador),Tue Jan 02 1900 00:00:00 GMT-0514 (hora de Ecuador),
7742,155,42,1,Thu Jan 04 1900 00:00:00 GMT-0514 (hora de Ecuador),Thu Jan 04 1900 00:00:00 GMT-0514 (hora de Ecuador),
7743,155,43,1,Mon Jan 08 1900 00:00:00 GMT-0514 (hora de Ecuador),Mon Jan 08 1900 00:00:00 GMT-0514 (hora de Ecuador),
7744,155,44,1,Tue Jan 09 1900 00:00:00 GMT-0514 (hora de Ecuador),Tue Jan 09 1900 00:00:00 GMT-0514 (hora de Ecuador),
7745,155,45,1,Wed Jan 10 1900 00:00:00 GMT-0514 (hora de Ecuador),Wed Jan 10 1900 00:00:00 GMT-0514 (hora de Ecuador),
7746,155,46,1,Fri Jan 12 1900 00:00:00 GMT-0514 (hora de Ecuador),Fri Jan 12 1900 00:00:00 GMT-0514 (hora de Ecuador),
7747,155,47,1,Mon Jan 15 1900 00:00:00 GMT-0514 (hora de Ecuador),Mon Jan 15 1900 00:00:00 GMT-0514 (hora de Ecuador),
7748,155,48,1,Wed Jan 17 1900 00:00:00 GMT-0514 (hora de Ecuador),Wed Jan 17 1900 00:00:00 GMT-0514 (hora de Ecuador),
7749,155,49,1,Mon Jan 22 1900 00:00:00 GMT-0514 (hora de Ecuador),Mon Jan 22 1900 00:00:00 GMT-0514 (hora de Ecuador),
7750,155,50,0,,,
7751,156,1,0,,,
7752,156,2,0,,,
7753,156,3,0,,,
7754,156,4,0,,,
7755,156,5,0,,,
7756,156,6,0,,,
7757,156,7,0,,,
7758,156,8,0,,,
7759,156,9,0,,,
7760,156,10,0,,,
7761,156,11,0,,,
7762,156,12,0,,,
7763,156,13,0,,,
7764,156,14,0,,,
7765,156,15,0,,,
7766,156,16,0,,,
7767,156,17,0,,,
7768,156,18,0,,,
7769,156,19,0,,,
7770,156,20,0,,,
7771,156,21,0,,,
7772,156,22,0,,,
7773,156,23,0,,,
7774,156,24,0,,,
7775,156,25,0,,,
7776,156,26,0,,,
7777,156,27,0,,,
7778,156,28,0,,,
7779,156,29,0,,,
7780,156,30,0,,,
7781,156,31,0,,,
7782,156,32,0,,,
7783,156,33,0,,,
7784,156,34,0,,,
7785,156,35,0,,,
7786,156,36,0,,,
7787,156,37,0,,,
7788,156,38,0,,,
7789,156,39,0,,,
7790,156,40,0,,,
7791,156,41,0,,,
7792,156,42,0,,,
7793,156,43,0,,,
7794,156,44,0,,,
7795,156,45,0,,,
7796,156,46,0,,,
7797,156,47,0,,,
7798,156,48,0,,,
7799,156,49,0,,,
7800,156,50,0,,,
7801,157,1,1,Fri Apr 24 2026 00:00:00 GMT-0500 (hora de Ecuador),Fri Apr 24 2026 00:00:00 GMT-0500 (hora de Ecuador),
7802,157,2,1,Fri Apr 24 2026 00:00:00 GMT-0500 (hora de Ecuador),Fri Apr 24 2026 00:00:00 GMT-0500 (hora de Ecuador),
7803,157,3,1,Mon Apr 27 2026 00:00:00 GMT-0500 (hora de Ecuador),Mon Apr 27 2026 00:00:00 GMT-0500 (hora de Ecuador),
7804,157,4,1,Mon Apr 27 2026 00:00:00 GMT-0500 (hora de Ecuador),Mon Apr 27 2026 00:00:00 GMT-0500 (hora de Ecuador),
7805,157,5,1,Mon Apr 27 2026 00:00:00 GMT-0500 (hora de Ecuador),Mon Apr 27 2026 00:00:00 GMT-0500 (hora de Ecuador),
7806,157,6,1,Tue Apr 28 2026 00:00:00 GMT-0500 (hora de Ecuador),Fri May 22 2026 00:00:00 GMT-0500 (hora de Ecuador),
7807,157,7,1,Wed Apr 29 2026 00:00:00 GMT-0500 (hora de Ecuador),Tue Jun 02 2026 00:00:00 GMT-0500 (hora de Ecuador),
7808,157,8,1,Thu Apr 30 2026 00:00:00 GMT-0500 (hora de Ecuador),Wed Jun 10 2026 00:00:00 GMT-0500 (hora de Ecuador),
7809,157,9,1,Fri May 01 2026 00:00:00 GMT-0500 (hora de Ecuador),Wed Jun 10 2026 00:00:00 GMT-0500 (hora de Ecuador),
7810,157,10,1,Mon May 04 2026 00:00:00 GMT-0500 (hora de Ecuador),Mon May 04 2026 00:00:00 GMT-0500 (hora de Ecuador),
7811,157,11,1,Tue May 05 2026 00:00:00 GMT-0500 (hora de Ecuador),Tue May 05 2026 00:00:00 GMT-0500 (hora de Ecuador),
7812,157,12,1,Tue May 05 2026 00:00:00 GMT-0500 (hora de Ecuador),Fri Jun 12 2026 00:00:00 GMT-0500 (hora de Ecuador),
7813,157,13,1,Wed May 06 2026 00:00:00 GMT-0500 (hora de Ecuador),Tue Jun 16 2026 00:00:00 GMT-0500 (hora de Ecuador),
7814,157,14,1,Thu May 07 2026 00:00:00 GMT-0500 (hora de Ecuador),Tue Jul 28 2026 00:00:00 GMT-0500 (hora de Ecuador),
7815,157,15,1,Fri May 08 2026 00:00:00 GMT-0500 (hora de Ecuador),Tue Jul 28 2026 00:00:00 GMT-0500 (hora de Ecuador),
7816,157,16,1,Mon May 11 2026 00:00:00 GMT-0500 (hora de Ecuador),Tue Jul 28 2026 00:00:00 GMT-0500 (hora de Ecuador),
7817,157,17,1,Mon May 11 2026 00:00:00 GMT-0500 (hora de Ecuador),Tue Jul 28 2026 00:00:00 GMT-0500 (hora de Ecuador),
7818,157,18,1,Tue May 12 2026 00:00:00 GMT-0500 (hora de Ecuador),Tue Jul 28 2026 00:00:00 GMT-0500 (hora de Ecuador),
7819,157,19,1,Tue May 12 2026 00:00:00 GMT-0500 (hora de Ecuador),Tue Jul 28 2026 00:00:00 GMT-0500 (hora de Ecuador),
7820,157,20,0,,,
7821,157,21,0,,,
7822,157,22,0,,,
7823,157,23,0,,,
7824,157,24,0,,,
7825,157,25,0,,,
7826,157,26,0,,,
7827,157,27,0,,,
7828,157,28,0,,,
7829,157,29,0,,,
7830,157,30,0,,,
7831,157,31,0,,,
7832,157,32,0,,,
7833,157,33,1,Wed May 13 2026 00:00:00 GMT-0500 (hora de Ecuador),Wed Jul 29 2026 00:00:00 GMT-0500 (hora de Ecuador),
7834,157,34,1,Thu May 14 2026 00:00:00 GMT-0500 (hora de Ecuador),Mon Aug 03 2026 00:00:00 GMT-0500 (hora de Ecuador),
7835,157,35,1,Thu May 14 2026 00:00:00 GMT-0500 (hora de Ecuador),Wed Aug 05 2026 00:00:00 GMT-0500 (hora de Ecuador),
7836,157,36,1,Fri May 15 2026 00:00:00 GMT-0500 (hora de Ecuador),Thu Aug 06 2026 00:00:00 GMT-0500 (hora de Ecuador),
7837,157,37,1,Mon May 18 2026 00:00:00 GMT-0500 (hora de Ecuador),Thu Aug 06 2026 00:00:00 GMT-0500 (hora de Ecuador),
7838,157,38,1,Tue May 19 2026 00:00:00 GMT-0500 (hora de Ecuador),Fri Aug 07 2026 00:00:00 GMT-0500 (hora de Ecuador),
7839,157,39,1,Wed May 20 2026 00:00:00 GMT-0500 (hora de Ecuador),Fri Aug 07 2026 00:00:00 GMT-0500 (hora de Ecuador),
7840,157,40,1,Wed May 20 2026 00:00:00 GMT-0500 (hora de Ecuador),Fri Aug 07 2026 00:00:00 GMT-0500 (hora de Ecuador),
7841,157,41,1,Fri May 22 2026 00:00:00 GMT-0500 (hora de Ecuador),Tue Aug 11 2026 00:00:00 GMT-0500 (hora de Ecuador),
7842,157,42,1,Tue May 26 2026 00:00:00 GMT-0500 (hora de Ecuador),Thu Aug 13 2026 00:00:00 GMT-0500 (hora de Ecuador),
7843,157,43,1,Thu May 28 2026 00:00:00 GMT-0500 (hora de Ecuador),Mon Aug 17 2026 00:00:00 GMT-0500 (hora de Ecuador),
7844,157,44,1,Fri May 29 2026 00:00:00 GMT-0500 (hora de Ecuador),Tue Aug 18 2026 00:00:00 GMT-0500 (hora de Ecuador),
7845,157,45,1,Mon Jun 01 2026 00:00:00 GMT-0500 (hora de Ecuador),Thu Aug 20 2026 00:00:00 GMT-0500 (hora de Ecuador),
7846,157,46,1,Wed Jun 03 2026 00:00:00 GMT-0500 (hora de Ecuador),Mon Aug 24 2026 00:00:00 GMT-0500 (hora de Ecuador),
7847,157,47,1,Thu Jun 04 2026 00:00:00 GMT-0500 (hora de Ecuador),Tue Aug 25 2026 00:00:00 GMT-0500 (hora de Ecuador),
7848,157,48,1,Mon Jun 08 2026 00:00:00 GMT-0500 (hora de Ecuador),Thu Aug 27 2026 00:00:00 GMT-0500 (hora de Ecuador),
7849,157,49,1,Thu Jun 11 2026 00:00:00 GMT-0500 (hora de Ecuador),Tue Sep 01 2026 00:00:00 GMT-0500 (hora de Ecuador),
7850,157,50,1,Tue Jun 16 2026 00:00:00 GMT-0500 (hora de Ecuador),Fri Sep 04 2026 00:00:00 GMT-0500 (hora de Ecuador),
7851,158,1,1,Mon Jul 20 2026 00:00:00 GMT-0500 (hora de Ecuador),Mon Jul 20 2026 00:00:00 GMT-0500 (hora de Ecuador),
7852,158,2,0,,,
7853,158,3,0,,,
7854,158,4,0,,,
7855,158,5,0,,,
7856,158,6,0,,,
7857,158,7,0,,,
7858,158,8,0,,,
7859,158,9,0,,,
7860,158,10,0,,,
7861,158,11,0,,,
7862,158,12,0,,,
7863,158,13,0,,,
7864,158,14,0,,,
7865,158,15,0,,,
7866,158,16,0,,,
7867,158,17,0,,,
7868,158,18,0,,,
7869,158,19,0,,,
7870,158,20,0,,,
7871,158,21,0,,,
7872,158,22,0,,,
7873,158,23,0,,,
7874,158,24,0,,,
7875,158,25,0,,,
7876,158,26,0,,,
7877,158,27,0,,,
7878,158,28,0,,,
7879,158,29,0,,,
7880,158,30,0,,,
7881,158,31,0,,,
7882,158,32,0,,,
7883,158,33,0,,,
7884,158,34,0,,,
7885,158,35,0,,,
7886,158,36,0,,,
7887,158,37,0,,,
7888,158,38,0,,,
7889,158,39,0,,,
7890,158,40,0,,,
7891,158,41,0,,,
7892,158,42,0,,,
7893,158,43,0,,,
7894,158,44,0,,,
7895,158,45,0,,,
7896,158,46,0,,,
7897,158,47,0,,,
7898,158,48,0,,,
7899,158,49,0,,,
7900,158,50,0,,,
7901,159,1,1,Mon Oct 12 2026 00:00:00 GMT-0500 (hora de Ecuador),Mon Oct 12 2026 00:00:00 GMT-0500 (hora de Ecuador),
7902,159,2,1,Mon Oct 12 2026 00:00:00 GMT-0500 (hora de Ecuador),Mon Oct 12 2026 00:00:00 GMT-0500 (hora de Ecuador),
7903,159,3,1,Tue Oct 13 2026 00:00:00 GMT-0500 (hora de Ecuador),Tue Oct 13 2026 00:00:00 GMT-0500 (hora de Ecuador),
7904,159,4,1,Tue Oct 13 2026 00:00:00 GMT-0500 (hora de Ecuador),Tue Oct 13 2026 00:00:00 GMT-0500 (hora de Ecuador),
7905,159,5,1,Tue Oct 13 2026 00:00:00 GMT-0500 (hora de Ecuador),Tue Oct 13 2026 00:00:00 GMT-0500 (hora de Ecuador),
7906,159,6,1,Wed Oct 14 2026 00:00:00 GMT-0500 (hora de Ecuador),Wed Oct 14 2026 00:00:00 GMT-0500 (hora de Ecuador),
7907,159,7,1,Thu Oct 15 2026 00:00:00 GMT-0500 (hora de Ecuador),Thu Oct 15 2026 00:00:00 GMT-0500 (hora de Ecuador),
7908,159,8,1,Fri Oct 16 2026 00:00:00 GMT-0500 (hora de Ecuador),Fri Oct 16 2026 00:00:00 GMT-0500 (hora de Ecuador),
7909,159,9,1,Mon Oct 19 2026 00:00:00 GMT-0500 (hora de Ecuador),Mon Oct 19 2026 00:00:00 GMT-0500 (hora de Ecuador),
7910,159,10,1,Tue Oct 20 2026 00:00:00 GMT-0500 (hora de Ecuador),Tue Oct 20 2026 00:00:00 GMT-0500 (hora de Ecuador),
7911,159,11,1,Wed Oct 21 2026 00:00:00 GMT-0500 (hora de Ecuador),Wed Oct 21 2026 00:00:00 GMT-0500 (hora de Ecuador),
7912,159,12,1,Wed Oct 21 2026 00:00:00 GMT-0500 (hora de Ecuador),Wed Oct 21 2026 00:00:00 GMT-0500 (hora de Ecuador),
7913,159,13,1,Thu Oct 22 2026 00:00:00 GMT-0500 (hora de Ecuador),Thu Oct 22 2026 00:00:00 GMT-0500 (hora de Ecuador),
7914,159,14,1,Fri Oct 23 2026 00:00:00 GMT-0500 (hora de Ecuador),Fri Oct 23 2026 00:00:00 GMT-0500 (hora de Ecuador),
7915,159,15,1,Mon Oct 26 2026 00:00:00 GMT-0500 (hora de Ecuador),Mon Oct 26 2026 00:00:00 GMT-0500 (hora de Ecuador),
7916,159,16,1,Tue Oct 27 2026 00:00:00 GMT-0500 (hora de Ecuador),Tue Oct 27 2026 00:00:00 GMT-0500 (hora de Ecuador),
7917,159,17,1,Tue Oct 27 2026 00:00:00 GMT-0500 (hora de Ecuador),Tue Oct 27 2026 00:00:00 GMT-0500 (hora de Ecuador),
7918,159,18,1,Wed Oct 28 2026 00:00:00 GMT-0500 (hora de Ecuador),Wed Oct 28 2026 00:00:00 GMT-0500 (hora de Ecuador),
7919,159,19,1,Wed Oct 28 2026 00:00:00 GMT-0500 (hora de Ecuador),Wed Oct 28 2026 00:00:00 GMT-0500 (hora de Ecuador),
7920,159,20,0,,,
7921,159,21,0,,,
7922,159,22,0,,,
7923,159,23,0,,,
7924,159,24,0,,,
7925,159,25,0,,,
7926,159,26,0,,,
7927,159,27,0,,,
7928,159,28,0,,,
7929,159,29,0,,,
7930,159,30,0,,,
7931,159,31,0,,,
7932,159,32,0,,,
7933,159,33,1,Thu Oct 29 2026 00:00:00 GMT-0500 (hora de Ecuador),Thu Oct 29 2026 00:00:00 GMT-0500 (hora de Ecuador),
7934,159,34,1,Fri Oct 30 2026 00:00:00 GMT-0500 (hora de Ecuador),Fri Oct 30 2026 00:00:00 GMT-0500 (hora de Ecuador),
7935,159,35,1,Fri Oct 30 2026 00:00:00 GMT-0500 (hora de Ecuador),Fri Oct 30 2026 00:00:00 GMT-0500 (hora de Ecuador),
7936,159,36,0,,,
7937,159,37,0,,,
7938,159,38,0,,,
7939,159,39,1,Fri Oct 30 2026 00:00:00 GMT-0500 (hora de Ecuador),Fri Oct 30 2026 00:00:00 GMT-0500 (hora de Ecuador),
7940,159,40,1,Thu Nov 05 2026 00:00:00 GMT-0500 (hora de Ecuador),Thu Nov 05 2026 00:00:00 GMT-0500 (hora de Ecuador),
7941,159,41,0,,,
7942,159,42,0,,,
7943,159,43,0,,,
7944,159,44,0,,,
7945,159,45,0,,,
7946,159,46,0,,,
7947,159,47,0,,,
7948,159,48,0,,,
7949,159,49,0,,,
7950,159,50,1,Thu Nov 05 2026 00:00:00 GMT-0500 (hora de Ecuador),Thu Nov 05 2026 00:00:00 GMT-0500 (hora de Ecuador),
7951,160,1,1,Mon Oct 12 2026 00:00:00 GMT-0500 (hora de Ecuador),Mon Oct 12 2026 00:00:00 GMT-0500 (hora de Ecuador),
7952,160,2,1,Mon Oct 12 2026 00:00:00 GMT-0500 (hora de Ecuador),Mon Oct 12 2026 00:00:00 GMT-0500 (hora de Ecuador),
7953,160,3,1,Tue Oct 13 2026 00:00:00 GMT-0500 (hora de Ecuador),Tue Oct 13 2026 00:00:00 GMT-0500 (hora de Ecuador),
7954,160,4,1,Tue Oct 13 2026 00:00:00 GMT-0500 (hora de Ecuador),Tue Oct 13 2026 00:00:00 GMT-0500 (hora de Ecuador),
7955,160,5,1,Tue Oct 13 2026 00:00:00 GMT-0500 (hora de Ecuador),Tue Oct 13 2026 00:00:00 GMT-0500 (hora de Ecuador),
7956,160,6,1,Wed Oct 14 2026 00:00:00 GMT-0500 (hora de Ecuador),Wed Oct 14 2026 00:00:00 GMT-0500 (hora de Ecuador),
7957,160,7,1,Thu Oct 15 2026 00:00:00 GMT-0500 (hora de Ecuador),Thu Oct 15 2026 00:00:00 GMT-0500 (hora de Ecuador),
7958,160,8,1,Fri Oct 16 2026 00:00:00 GMT-0500 (hora de Ecuador),Fri Oct 16 2026 00:00:00 GMT-0500 (hora de Ecuador),
7959,160,9,1,Mon Oct 19 2026 00:00:00 GMT-0500 (hora de Ecuador),Mon Oct 19 2026 00:00:00 GMT-0500 (hora de Ecuador),
7960,160,10,1,Tue Oct 20 2026 00:00:00 GMT-0500 (hora de Ecuador),Tue Oct 20 2026 00:00:00 GMT-0500 (hora de Ecuador),
7961,160,11,1,Wed Oct 21 2026 00:00:00 GMT-0500 (hora de Ecuador),Wed Oct 21 2026 00:00:00 GMT-0500 (hora de Ecuador),
7962,160,12,1,Wed Oct 21 2026 00:00:00 GMT-0500 (hora de Ecuador),Wed Oct 21 2026 00:00:00 GMT-0500 (hora de Ecuador),
7963,160,13,1,Thu Oct 22 2026 00:00:00 GMT-0500 (hora de Ecuador),Thu Oct 22 2026 00:00:00 GMT-0500 (hora de Ecuador),
7964,160,14,1,Fri Oct 23 2026 00:00:00 GMT-0500 (hora de Ecuador),Fri Oct 23 2026 00:00:00 GMT-0500 (hora de Ecuador),
7965,160,15,1,Mon Oct 26 2026 00:00:00 GMT-0500 (hora de Ecuador),Mon Oct 26 2026 00:00:00 GMT-0500 (hora de Ecuador),
7966,160,16,1,Tue Oct 27 2026 00:00:00 GMT-0500 (hora de Ecuador),Tue Oct 27 2026 00:00:00 GMT-0500 (hora de Ecuador),
7967,160,17,1,Tue Oct 27 2026 00:00:00 GMT-0500 (hora de Ecuador),Tue Oct 27 2026 00:00:00 GMT-0500 (hora de Ecuador),
7968,160,18,1,Wed Oct 28 2026 00:00:00 GMT-0500 (hora de Ecuador),Wed Oct 28 2026 00:00:00 GMT-0500 (hora de Ecuador),
7969,160,19,1,Wed Oct 28 2026 00:00:00 GMT-0500 (hora de Ecuador),Wed Oct 28 2026 00:00:00 GMT-0500 (hora de Ecuador),
7970,160,20,0,,,
7971,160,21,0,,,
7972,160,22,0,,,
7973,160,23,0,,,
7974,160,24,0,,,
7975,160,25,0,,,
7976,160,26,0,,,
7977,160,27,0,,,
7978,160,28,0,,,
7979,160,29,0,,,
7980,160,30,0,,,
7981,160,31,0,,,
7982,160,32,0,,,
7983,160,33,1,Thu Oct 29 2026 00:00:00 GMT-0500 (hora de Ecuador),Thu Oct 29 2026 00:00:00 GMT-0500 (hora de Ecuador),
7984,160,34,1,Fri Oct 30 2026 00:00:00 GMT-0500 (hora de Ecuador),Fri Oct 30 2026 00:00:00 GMT-0500 (hora de Ecuador),
7985,160,35,1,Fri Oct 30 2026 00:00:00 GMT-0500 (hora de Ecuador),Fri Oct 30 2026 00:00:00 GMT-0500 (hora de Ecuador),
7986,160,36,0,,,
7987,160,37,0,,,
7988,160,38,0,,,
7989,160,39,1,Fri Oct 30 2026 00:00:00 GMT-0500 (hora de Ecuador),Fri Oct 30 2026 00:00:00 GMT-0500 (hora de Ecuador),
7990,160,40,1,Thu Nov 05 2026 00:00:00 GMT-0500 (hora de Ecuador),Thu Nov 05 2026 00:00:00 GMT-0500 (hora de Ecuador),
7991,160,41,0,,,
7992,160,42,0,,,
7993,160,43,0,,,
7994,160,44,0,,,
7995,160,45,0,,,
7996,160,46,0,,,
7997,160,47,0,,,
7998,160,48,0,,,
7999,160,49,0,,,
8000,160,50,1,Thu Nov 05 2026 00:00:00 GMT-0500 (hora de Ecuador),Thu Nov 05 2026 00:00:00 GMT-0500 (hora de Ecuador),
8001,161,1,0,,,
8002,161,2,0,,,
8003,161,3,0,,,
8004,161,4,0,,,
8005,161,5,0,,,
8006,161,6,0,,,
8007,161,7,0,,,
8008,161,8,0,,,
8009,161,9,0,,,
8010,161,10,0,,,
8011,161,11,0,,,
8012,161,12,0,,,
8013,161,13,0,,,
8014,161,14,0,,,
8015,161,15,0,,,
8016,161,16,0,,,
8017,161,17,0,,,
8018,161,18,0,,,
8019,161,19,0,,,
8020,161,20,0,,,
8021,161,21,0,,,
8022,161,22,0,,,
8023,161,23,0,,,
8024,161,24,0,,,
8025,161,25,0,,,
8026,161,26,0,,,
8027,161,27,0,,,
8028,161,28,0,,,
8029,161,29,0,,,
8030,161,30,0,,,
8031,161,31,0,,,
8032,161,32,0,,,
8033,161,33,0,,,
8034,161,34,0,,,
8035,161,35,0,,,
8036,161,36,0,,,
8037,161,37,0,,,
8038,161,38,0,,,
8039,161,39,0,,,
8040,161,40,0,,,
8041,161,41,0,,,
8042,161,42,0,,,
8043,161,43,0,,,
8044,161,44,0,,,
8045,161,45,0,,,
8046,161,46,0,,,
8047,161,47,0,,,
8048,161,48,0,,,
8049,161,49,0,,,
8050,161,50,0,,,
8051,162,1,1,Mon Oct 12 2026 00:00:00 GMT-0500 (hora de Ecuador),Mon Oct 12 2026 00:00:00 GMT-0500 (hora de Ecuador),
8052,162,2,1,Mon Oct 12 2026 00:00:00 GMT-0500 (hora de Ecuador),Mon Oct 12 2026 00:00:00 GMT-0500 (hora de Ecuador),
8053,162,3,1,Tue Oct 13 2026 00:00:00 GMT-0500 (hora de Ecuador),Tue Oct 13 2026 00:00:00 GMT-0500 (hora de Ecuador),
8054,162,4,1,Tue Oct 13 2026 00:00:00 GMT-0500 (hora de Ecuador),Tue Oct 13 2026 00:00:00 GMT-0500 (hora de Ecuador),
8055,162,5,1,Tue Oct 13 2026 00:00:00 GMT-0500 (hora de Ecuador),Tue Oct 13 2026 00:00:00 GMT-0500 (hora de Ecuador),
8056,162,6,1,Wed Oct 14 2026 00:00:00 GMT-0500 (hora de Ecuador),Wed Oct 14 2026 00:00:00 GMT-0500 (hora de Ecuador),
8057,162,7,1,Thu Oct 15 2026 00:00:00 GMT-0500 (hora de Ecuador),Thu Oct 15 2026 00:00:00 GMT-0500 (hora de Ecuador),
8058,162,8,1,Fri Oct 16 2026 00:00:00 GMT-0500 (hora de Ecuador),Fri Oct 16 2026 00:00:00 GMT-0500 (hora de Ecuador),
8059,162,9,1,Mon Oct 19 2026 00:00:00 GMT-0500 (hora de Ecuador),Mon Oct 19 2026 00:00:00 GMT-0500 (hora de Ecuador),
8060,162,10,1,Tue Oct 20 2026 00:00:00 GMT-0500 (hora de Ecuador),Tue Oct 20 2026 00:00:00 GMT-0500 (hora de Ecuador),
8061,162,11,1,Wed Oct 21 2026 00:00:00 GMT-0500 (hora de Ecuador),Wed Oct 21 2026 00:00:00 GMT-0500 (hora de Ecuador),
8062,162,12,1,Wed Oct 21 2026 00:00:00 GMT-0500 (hora de Ecuador),Wed Oct 21 2026 00:00:00 GMT-0500 (hora de Ecuador),
8063,162,13,1,Thu Oct 22 2026 00:00:00 GMT-0500 (hora de Ecuador),Thu Oct 22 2026 00:00:00 GMT-0500 (hora de Ecuador),
8064,162,14,1,Fri Oct 23 2026 00:00:00 GMT-0500 (hora de Ecuador),Fri Oct 23 2026 00:00:00 GMT-0500 (hora de Ecuador),
8065,162,15,1,Mon Oct 26 2026 00:00:00 GMT-0500 (hora de Ecuador),Mon Oct 26 2026 00:00:00 GMT-0500 (hora de Ecuador),
8066,162,16,1,Tue Oct 27 2026 00:00:00 GMT-0500 (hora de Ecuador),Tue Oct 27 2026 00:00:00 GMT-0500 (hora de Ecuador),
8067,162,17,1,Tue Oct 27 2026 00:00:00 GMT-0500 (hora de Ecuador),Tue Oct 27 2026 00:00:00 GMT-0500 (hora de Ecuador),
8068,162,18,1,Wed Oct 28 2026 00:00:00 GMT-0500 (hora de Ecuador),Wed Oct 28 2026 00:00:00 GMT-0500 (hora de Ecuador),
8069,162,19,1,Wed Oct 28 2026 00:00:00 GMT-0500 (hora de Ecuador),Wed Oct 28 2026 00:00:00 GMT-0500 (hora de Ecuador),
8070,162,20,0,,,
8071,162,21,0,,,
8072,162,22,0,,,
8073,162,23,0,,,
8074,162,24,0,,,
8075,162,25,0,,,
8076,162,26,0,,,
8077,162,27,0,,,
8078,162,28,0,,,
8079,162,29,0,,,
8080,162,30,0,,,
8081,162,31,0,,,
8082,162,32,0,,,
8083,162,33,1,Thu Oct 29 2026 00:00:00 GMT-0500 (hora de Ecuador),Thu Oct 29 2026 00:00:00 GMT-0500 (hora de Ecuador),
8084,162,34,1,Fri Oct 30 2026 00:00:00 GMT-0500 (hora de Ecuador),Fri Oct 30 2026 00:00:00 GMT-0500 (hora de Ecuador),
8085,162,35,1,Fri Oct 30 2026 00:00:00 GMT-0500 (hora de Ecuador),Fri Oct 30 2026 00:00:00 GMT-0500 (hora de Ecuador),
8086,162,36,0,,,
8087,162,37,0,,,
8088,162,38,0,,,
8089,162,39,1,Fri Oct 30 2026 00:00:00 GMT-0500 (hora de Ecuador),Fri Oct 30 2026 00:00:00 GMT-0500 (hora de Ecuador),
8090,162,40,1,Thu Nov 05 2026 00:00:00 GMT-0500 (hora de Ecuador),Thu Nov 05 2026 00:00:00 GMT-0500 (hora de Ecuador),
8091,162,41,0,,,
8092,162,42,0,,,
8093,162,43,0,,,
8094,162,44,0,,,
8095,162,45,0,,,
8096,162,46,0,,,
8097,162,47,0,,,
8098,162,48,0,,,
8099,162,49,0,,,
8100,162,50,1,Thu Nov 05 2026 00:00:00 GMT-0500 (hora de Ecuador),Thu Nov 05 2026 00:00:00 GMT-0500 (hora de Ecuador),
8101,163,1,1,Mon Oct 12 2026 00:00:00 GMT-0500 (hora de Ecuador),Mon Oct 12 2026 00:00:00 GMT-0500 (hora de Ecuador),
8102,163,2,1,Mon Oct 12 2026 00:00:00 GMT-0500 (hora de Ecuador),Mon Oct 12 2026 00:00:00 GMT-0500 (hora de Ecuador),
8103,163,3,1,Tue Oct 13 2026 00:00:00 GMT-0500 (hora de Ecuador),Tue Oct 13 2026 00:00:00 GMT-0500 (hora de Ecuador),
8104,163,4,1,Tue Oct 13 2026 00:00:00 GMT-0500 (hora de Ecuador),Tue Oct 13 2026 00:00:00 GMT-0500 (hora de Ecuador),
8105,163,5,1,Tue Oct 13 2026 00:00:00 GMT-0500 (hora de Ecuador),Tue Oct 13 2026 00:00:00 GMT-0500 (hora de Ecuador),
8106,163,6,1,Wed Oct 14 2026 00:00:00 GMT-0500 (hora de Ecuador),Wed Oct 14 2026 00:00:00 GMT-0500 (hora de Ecuador),
8107,163,7,1,Thu Oct 15 2026 00:00:00 GMT-0500 (hora de Ecuador),Thu Oct 15 2026 00:00:00 GMT-0500 (hora de Ecuador),
8108,163,8,1,Fri Oct 16 2026 00:00:00 GMT-0500 (hora de Ecuador),Fri Oct 16 2026 00:00:00 GMT-0500 (hora de Ecuador),
8109,163,9,1,Mon Oct 19 2026 00:00:00 GMT-0500 (hora de Ecuador),Mon Oct 19 2026 00:00:00 GMT-0500 (hora de Ecuador),
8110,163,10,1,Tue Oct 20 2026 00:00:00 GMT-0500 (hora de Ecuador),Tue Oct 20 2026 00:00:00 GMT-0500 (hora de Ecuador),
8111,163,11,1,Wed Oct 21 2026 00:00:00 GMT-0500 (hora de Ecuador),Wed Oct 21 2026 00:00:00 GMT-0500 (hora de Ecuador),
8112,163,12,1,Wed Oct 21 2026 00:00:00 GMT-0500 (hora de Ecuador),Wed Oct 21 2026 00:00:00 GMT-0500 (hora de Ecuador),
8113,163,13,1,Thu Oct 22 2026 00:00:00 GMT-0500 (hora de Ecuador),Thu Oct 22 2026 00:00:00 GMT-0500 (hora de Ecuador),
8114,163,14,1,Fri Oct 23 2026 00:00:00 GMT-0500 (hora de Ecuador),Fri Oct 23 2026 00:00:00 GMT-0500 (hora de Ecuador),
8115,163,15,1,Mon Oct 26 2026 00:00:00 GMT-0500 (hora de Ecuador),Mon Oct 26 2026 00:00:00 GMT-0500 (hora de Ecuador),
8116,163,16,1,Tue Oct 27 2026 00:00:00 GMT-0500 (hora de Ecuador),Tue Oct 27 2026 00:00:00 GMT-0500 (hora de Ecuador),
8117,163,17,1,Tue Oct 27 2026 00:00:00 GMT-0500 (hora de Ecuador),Tue Oct 27 2026 00:00:00 GMT-0500 (hora de Ecuador),
8118,163,18,1,Wed Oct 28 2026 00:00:00 GMT-0500 (hora de Ecuador),Wed Oct 28 2026 00:00:00 GMT-0500 (hora de Ecuador),
8119,163,19,1,Wed Oct 28 2026 00:00:00 GMT-0500 (hora de Ecuador),Wed Oct 28 2026 00:00:00 GMT-0500 (hora de Ecuador),
8120,163,20,0,,,
8121,163,21,0,,,
8122,163,22,0,,,
8123,163,23,0,,,
8124,163,24,0,,,
8125,163,25,0,,,
8126,163,26,0,,,
8127,163,27,0,,,
8128,163,28,0,,,
8129,163,29,0,,,
8130,163,30,0,,,
8131,163,31,0,,,
8132,163,32,0,,,
8133,163,33,1,Thu Oct 29 2026 00:00:00 GMT-0500 (hora de Ecuador),Thu Oct 29 2026 00:00:00 GMT-0500 (hora de Ecuador),
8134,163,34,1,Fri Oct 30 2026 00:00:00 GMT-0500 (hora de Ecuador),Fri Oct 30 2026 00:00:00 GMT-0500 (hora de Ecuador),
8135,163,35,1,Fri Oct 30 2026 00:00:00 GMT-0500 (hora de Ecuador),Fri Oct 30 2026 00:00:00 GMT-0500 (hora de Ecuador),
8136,163,36,0,,,
8137,163,37,0,,,
8138,163,38,0,,,
8139,163,39,1,Fri Oct 30 2026 00:00:00 GMT-0500 (hora de Ecuador),Fri Oct 30 2026 00:00:00 GMT-0500 (hora de Ecuador),
8140,163,40,1,Thu Nov 05 2026 00:00:00 GMT-0500 (hora de Ecuador),Thu Nov 05 2026 00:00:00 GMT-0500 (hora de Ecuador),
8141,163,41,0,,,
8142,163,42,0,,,
8143,163,43,0,,,
8144,163,44,0,,,
8145,163,45,0,,,
8146,163,46,0,,,
8147,163,47,0,,,
8148,163,48,0,,,
8149,163,49,0,,,
8150,163,50,1,Thu Nov 05 2026 00:00:00 GMT-0500 (hora de Ecuador),Thu Nov 05 2026 00:00:00 GMT-0500 (hora de Ecuador),
8151,164,1,0,,,
8152,164,2,0,,,
8153,164,3,0,,,
8154,164,4,0,,,
8155,164,5,0,,,
8156,164,6,0,,,
8157,164,7,0,,,
8158,164,8,0,,,
8159,164,9,0,,,
8160,164,10,0,,,
8161,164,11,0,,,
8162,164,12,0,,,
8163,164,13,0,,,
8164,164,14,0,,,
8165,164,15,0,,,
8166,164,16,0,,,
8167,164,17,0,,,
8168,164,18,0,,,
8169,164,19,0,,,
8170,164,20,0,,,
8171,164,21,0,,,
8172,164,22,0,,,
8173,164,23,0,,,
8174,164,24,0,,,
8175,164,25,0,,,
8176,164,26,0,,,
8177,164,27,0,,,
8178,164,28,0,,,
8179,164,29,0,,,
8180,164,30,0,,,
8181,164,31,0,,,
8182,164,32,0,,,
8183,164,33,0,,,
8184,164,34,0,,,
8185,164,35,0,,,
8186,164,36,0,,,
8187,164,37,0,,,
8188,164,38,0,,,
8189,164,39,0,,,
8190,164,40,0,,,
8191,164,41,0,,,
8192,164,42,0,,,
8193,164,43,0,,,
8194,164,44,0,,,
8195,164,45,0,,,
8196,164,46,0,,,
8197,164,47,0,,,
8198,164,48,0,,,
8199,164,49,0,,,
8200,164,50,0,,,
8201,165,1,1,Mon Oct 12 2026 00:00:00 GMT-0500 (hora de Ecuador),Mon Oct 12 2026 00:00:00 GMT-0500 (hora de Ecuador),
8202,165,2,1,Mon Oct 12 2026 00:00:00 GMT-0500 (hora de Ecuador),Mon Oct 12 2026 00:00:00 GMT-0500 (hora de Ecuador),
8203,165,3,1,Tue Oct 13 2026 00:00:00 GMT-0500 (hora de Ecuador),Tue Oct 13 2026 00:00:00 GMT-0500 (hora de Ecuador),
8204,165,4,1,Tue Oct 13 2026 00:00:00 GMT-0500 (hora de Ecuador),Tue Oct 13 2026 00:00:00 GMT-0500 (hora de Ecuador),
8205,165,5,1,Tue Oct 13 2026 00:00:00 GMT-0500 (hora de Ecuador),Tue Oct 13 2026 00:00:00 GMT-0500 (hora de Ecuador),
8206,165,6,1,Wed Oct 14 2026 00:00:00 GMT-0500 (hora de Ecuador),Wed Oct 14 2026 00:00:00 GMT-0500 (hora de Ecuador),
8207,165,7,1,Thu Oct 15 2026 00:00:00 GMT-0500 (hora de Ecuador),Thu Oct 15 2026 00:00:00 GMT-0500 (hora de Ecuador),
8208,165,8,1,Fri Oct 16 2026 00:00:00 GMT-0500 (hora de Ecuador),Fri Oct 16 2026 00:00:00 GMT-0500 (hora de Ecuador),
8209,165,9,1,Mon Oct 19 2026 00:00:00 GMT-0500 (hora de Ecuador),Mon Oct 19 2026 00:00:00 GMT-0500 (hora de Ecuador),
8210,165,10,1,Tue Oct 20 2026 00:00:00 GMT-0500 (hora de Ecuador),Tue Oct 20 2026 00:00:00 GMT-0500 (hora de Ecuador),
8211,165,11,1,Wed Oct 21 2026 00:00:00 GMT-0500 (hora de Ecuador),Wed Oct 21 2026 00:00:00 GMT-0500 (hora de Ecuador),
8212,165,12,1,Wed Oct 21 2026 00:00:00 GMT-0500 (hora de Ecuador),Wed Oct 21 2026 00:00:00 GMT-0500 (hora de Ecuador),
8213,165,13,1,Thu Oct 22 2026 00:00:00 GMT-0500 (hora de Ecuador),Thu Oct 22 2026 00:00:00 GMT-0500 (hora de Ecuador),
8214,165,14,1,Fri Oct 23 2026 00:00:00 GMT-0500 (hora de Ecuador),Fri Oct 23 2026 00:00:00 GMT-0500 (hora de Ecuador),
8215,165,15,1,Mon Oct 26 2026 00:00:00 GMT-0500 (hora de Ecuador),Mon Oct 26 2026 00:00:00 GMT-0500 (hora de Ecuador),
8216,165,16,1,Tue Oct 27 2026 00:00:00 GMT-0500 (hora de Ecuador),Tue Oct 27 2026 00:00:00 GMT-0500 (hora de Ecuador),
8217,165,17,1,Tue Oct 27 2026 00:00:00 GMT-0500 (hora de Ecuador),Tue Oct 27 2026 00:00:00 GMT-0500 (hora de Ecuador),
8218,165,18,1,Wed Oct 28 2026 00:00:00 GMT-0500 (hora de Ecuador),Wed Oct 28 2026 00:00:00 GMT-0500 (hora de Ecuador),
8219,165,19,1,Wed Oct 28 2026 00:00:00 GMT-0500 (hora de Ecuador),Wed Oct 28 2026 00:00:00 GMT-0500 (hora de Ecuador),
8220,165,20,0,,,
8221,165,21,0,,,
8222,165,22,0,,,
8223,165,23,0,,,
8224,165,24,0,,,
8225,165,25,0,,,
8226,165,26,0,,,
8227,165,27,0,,,
8228,165,28,0,,,
8229,165,29,0,,,
8230,165,30,0,,,
8231,165,31,0,,,
8232,165,32,0,,,
8233,165,33,1,Thu Oct 29 2026 00:00:00 GMT-0500 (hora de Ecuador),Thu Oct 29 2026 00:00:00 GMT-0500 (hora de Ecuador),
8234,165,34,1,Fri Oct 30 2026 00:00:00 GMT-0500 (hora de Ecuador),Fri Oct 30 2026 00:00:00 GMT-0500 (hora de Ecuador),
8235,165,35,1,Fri Oct 30 2026 00:00:00 GMT-0500 (hora de Ecuador),Fri Oct 30 2026 00:00:00 GMT-0500 (hora de Ecuador),
8236,165,36,0,,,
8237,165,37,0,,,
8238,165,38,0,,,
8239,165,39,1,Fri Oct 30 2026 00:00:00 GMT-0500 (hora de Ecuador),Fri Oct 30 2026 00:00:00 GMT-0500 (hora de Ecuador),
8240,165,40,1,Thu Nov 05 2026 00:00:00 GMT-0500 (hora de Ecuador),Thu Nov 05 2026 00:00:00 GMT-0500 (hora de Ecuador),
8241,165,41,0,,,
8242,165,42,0,,,
8243,165,43,0,,,
8244,165,44,0,,,
8245,165,45,0,,,
8246,165,46,0,,,
8247,165,47,0,,,
8248,165,48,0,,,
8249,165,49,0,,,
8250,165,50,1,Thu Nov 05 2026 00:00:00 GMT-0500 (hora de Ecuador),Thu Nov 05 2026 00:00:00 GMT-0500 (hora de Ecuador),
8251,166,1,0,,,
8252,166,2,0,,,
8253,166,3,0,,,
8254,166,4,0,,,
8255,166,5,0,,,
8256,166,6,0,,,
8257,166,7,0,,,
8258,166,8,0,,,
8259,166,9,0,,,
8260,166,10,0,,,
8261,166,11,0,,,
8262,166,12,0,,,
8263,166,13,0,,,
8264,166,14,0,,,
8265,166,15,0,,,
8266,166,16,0,,,
8267,166,17,0,,,
8268,166,18,0,,,
8269,166,19,0,,,
8270,166,20,0,,,
8271,166,21,0,,,
8272,166,22,0,,,
8273,166,23,0,,,
8274,166,24,0,,,
8275,166,25,0,,,
8276,166,26,0,,,
8277,166,27,0,,,
8278,166,28,0,,,
8279,166,29,0,,,
8280,166,30,0,,,
8281,166,31,0,,,
8282,166,32,0,,,
8283,166,33,0,,,
8284,166,34,0,,,
8285,166,35,0,,,
8286,166,36,0,,,
8287,166,37,0,,,
8288,166,38,0,,,
8289,166,39,0,,,
8290,166,40,0,,,
8291,166,41,0,,,
8292,166,42,0,,,
8293,166,43,0,,,
8294,166,44,0,,,
8295,166,45,0,,,
8296,166,46,0,,,
8297,166,47,0,,,
8298,166,48,0,,,
8299,166,49,0,,,
8300,166,50,0,,,
8301,167,1,0,,,
8302,167,2,0,,,
8303,167,3,0,,,
8304,167,4,0,,,
8305,167,5,0,,,
8306,167,6,0,,,
8307,167,7,0,,,
8308,167,8,0,,,
8309,167,9,0,,,
8310,167,10,0,,,
8311,167,11,0,,,
8312,167,12,0,,,
8313,167,13,0,,,
8314,167,14,0,,,
8315,167,15,0,,,
8316,167,16,0,,,
8317,167,17,0,,,
8318,167,18,0,,,
8319,167,19,0,,,
8320,167,20,0,,,
8321,167,21,0,,,
8322,167,22,0,,,
8323,167,23,0,,,
8324,167,24,0,,,
8325,167,25,0,,,
8326,167,26,0,,,
8327,167,27,0,,,
8328,167,28,0,,,
8329,167,29,0,,,
8330,167,30,0,,,
8331,167,31,0,,,
8332,167,32,0,,,
8333,167,33,0,,,
8334,167,34,0,,,
8335,167,35,0,,,
8336,167,36,0,,,
8337,167,37,0,,,
8338,167,38,0,,,
8339,167,39,0,,,
8340,167,40,0,,,
8341,167,41,0,,,
8342,167,42,0,,,
8343,167,43,0,,,
8344,167,44,0,,,
8345,167,45,0,,,
8346,167,46,0,,,
8347,167,47,0,,,
8348,167,48,0,,,
8349,167,49,0,,,
8350,167,50,0,,,
8351,168,1,1,Wed Feb 25 2026 00:00:00 GMT-0500 (hora de Ecuador),Wed Feb 25 2026 00:00:00 GMT-0500 (hora de Ecuador),
8352,168,2,1,Wed Feb 25 2026 00:00:00 GMT-0500 (hora de Ecuador),Wed Feb 25 2026 00:00:00 GMT-0500 (hora de Ecuador),
8353,168,3,1,Thu Feb 26 2026 00:00:00 GMT-0500 (hora de Ecuador),Thu Feb 26 2026 00:00:00 GMT-0500 (hora de Ecuador),
8354,168,4,1,Thu Feb 26 2026 00:00:00 GMT-0500 (hora de Ecuador),Thu Feb 26 2026 00:00:00 GMT-0500 (hora de Ecuador),
8355,168,5,1,Thu Feb 26 2026 00:00:00 GMT-0500 (hora de Ecuador),Thu Feb 26 2026 00:00:00 GMT-0500 (hora de Ecuador),
8356,168,6,1,Fri Feb 27 2026 00:00:00 GMT-0500 (hora de Ecuador),Fri Feb 27 2026 00:00:00 GMT-0500 (hora de Ecuador),
8357,168,7,1,Mon Mar 02 2026 00:00:00 GMT-0500 (hora de Ecuador),Mon Mar 02 2026 00:00:00 GMT-0500 (hora de Ecuador),
8358,168,8,1,Tue Mar 03 2026 00:00:00 GMT-0500 (hora de Ecuador),Tue Mar 03 2026 00:00:00 GMT-0500 (hora de Ecuador),
8359,168,9,1,Wed Mar 04 2026 00:00:00 GMT-0500 (hora de Ecuador),Wed Mar 04 2026 00:00:00 GMT-0500 (hora de Ecuador),
8360,168,10,1,Thu Mar 05 2026 00:00:00 GMT-0500 (hora de Ecuador),Thu Mar 05 2026 00:00:00 GMT-0500 (hora de Ecuador),
8361,168,11,1,Fri Mar 06 2026 00:00:00 GMT-0500 (hora de Ecuador),Fri Mar 06 2026 00:00:00 GMT-0500 (hora de Ecuador),
8362,168,12,1,Fri Mar 06 2026 00:00:00 GMT-0500 (hora de Ecuador),Fri Mar 06 2026 00:00:00 GMT-0500 (hora de Ecuador),
8363,168,13,1,Mon Mar 09 2026 00:00:00 GMT-0500 (hora de Ecuador),Mon Mar 09 2026 00:00:00 GMT-0500 (hora de Ecuador),
8364,168,14,1,Tue Mar 10 2026 00:00:00 GMT-0500 (hora de Ecuador),Tue Mar 10 2026 00:00:00 GMT-0500 (hora de Ecuador),
8365,168,15,1,Wed Mar 11 2026 00:00:00 GMT-0500 (hora de Ecuador),Wed Mar 11 2026 00:00:00 GMT-0500 (hora de Ecuador),
8366,168,16,1,Thu Mar 12 2026 00:00:00 GMT-0500 (hora de Ecuador),Thu Mar 12 2026 00:00:00 GMT-0500 (hora de Ecuador),
8367,168,17,1,Thu Mar 12 2026 00:00:00 GMT-0500 (hora de Ecuador),Thu Mar 12 2026 00:00:00 GMT-0500 (hora de Ecuador),
8368,168,18,1,Fri Mar 13 2026 00:00:00 GMT-0500 (hora de Ecuador),Fri Mar 13 2026 00:00:00 GMT-0500 (hora de Ecuador),
8369,168,19,1,Fri Mar 13 2026 00:00:00 GMT-0500 (hora de Ecuador),Fri Mar 13 2026 00:00:00 GMT-0500 (hora de Ecuador),
8370,168,20,0,,,
8371,168,21,0,,,
8372,168,22,0,,,
8373,168,23,0,,,
8374,168,24,0,,,
8375,168,25,0,,,
8376,168,26,0,,,
8377,168,27,0,,,
8378,168,28,0,,,
8379,168,29,0,,,
8380,168,30,0,,,
8381,168,31,0,,,
8382,168,32,0,,,
8383,168,33,1,Mon Mar 16 2026 00:00:00 GMT-0500 (hora de Ecuador),Mon Mar 16 2026 00:00:00 GMT-0500 (hora de Ecuador),
8384,168,34,1,Tue Mar 17 2026 00:00:00 GMT-0500 (hora de Ecuador),Tue Mar 17 2026 00:00:00 GMT-0500 (hora de Ecuador),
8385,168,35,1,Tue Mar 17 2026 00:00:00 GMT-0500 (hora de Ecuador),Tue Mar 17 2026 00:00:00 GMT-0500 (hora de Ecuador),
8386,168,36,0,,,
8387,168,37,0,,,
8388,168,38,0,,,
8389,168,39,1,Tue Mar 17 2026 00:00:00 GMT-0500 (hora de Ecuador),Tue Mar 17 2026 00:00:00 GMT-0500 (hora de Ecuador),
8390,168,40,1,Mon Mar 23 2026 00:00:00 GMT-0500 (hora de Ecuador),Mon Mar 23 2026 00:00:00 GMT-0500 (hora de Ecuador),
8391,168,41,0,,,
8392,168,42,0,,,
8393,168,43,0,,,
8394,168,44,0,,,
8395,168,45,0,,,
8396,168,46,0,,,
8397,168,47,0,,,
8398,168,48,0,,,
8399,168,49,0,,,
8400,168,50,1,Mon Mar 23 2026 00:00:00 GMT-0500 (hora de Ecuador),Mon Mar 23 2026 00:00:00 GMT-0500 (hora de Ecuador),
8401,169,1,0,,,
8402,169,2,0,,,
8403,169,3,0,,,
8404,169,4,0,,,
8405,169,5,0,,,
8406,169,6,0,,,
8407,169,7,0,,,
8408,169,8,0,,,
8409,169,9,0,,,
8410,169,10,0,,,
8411,169,11,0,,,
8412,169,12,0,,,
8413,169,13,0,,,
8414,169,14,0,,,
8415,169,15,0,,,
8416,169,16,0,,,
8417,169,17,0,,,
8418,169,18,0,,,
8419,169,19,0,,,
8420,169,20,0,,,
8421,169,21,0,,,
8422,169,22,0,,,
8423,169,23,0,,,
8424,169,24,0,,,
8425,169,25,0,,,
8426,169,26,0,,,
8427,169,27,0,,,
8428,169,28,0,,,
8429,169,29,0,,,
8430,169,30,0,,,
8431,169,31,0,,,
8432,169,32,0,,,
8433,169,33,0,,,
8434,169,34,0,,,
8435,169,35,0,,,
8436,169,36,0,,,
8437,169,37,0,,,
8438,169,38,0,,,
8439,169,39,0,,,
8440,169,40,0,,,
8441,169,41,0,,,
8442,169,42,0,,,
8443,169,43,0,,,
8444,169,44,0,,,
8445,169,45,0,,,
8446,169,46,0,,,
8447,169,47,0,,,
8448,169,48,0,,,
8449,169,49,0,,,
8450,169,50,0,,,
8451,170,1,0,,,
8452,170,2,0,,,
8453,170,3,0,,,
8454,170,4,0,,,
8455,170,5,0,,,
8456,170,6,0,,,
8457,170,7,0,,,
8458,170,8,0,,,
8459,170,9,0,,,
8460,170,10,0,,,
8461,170,11,0,,,
8462,170,12,0,,,
8463,170,13,0,,,
8464,170,14,0,,,
8465,170,15,0,,,
8466,170,16,0,,,
8467,170,17,0,,,
8468,170,18,0,,,
8469,170,19,0,,,
8470,170,20,0,,,
8471,170,21,0,,,
8472,170,22,0,,,
8473,170,23,0,,,
8474,170,24,0,,,
8475,170,25,0,,,
8476,170,26,0,,,
8477,170,27,0,,,
8478,170,28,0,,,
8479,170,29,0,,,
8480,170,30,0,,,
8481,170,31,0,,,
8482,170,32,0,,,
8483,170,33,0,,,
8484,170,34,0,,,
8485,170,35,0,,,
8486,170,36,0,,,
8487,170,37,0,,,
8488,170,38,0,,,
8489,170,39,0,,,
8490,170,40,0,,,
8491,170,41,0,,,
8492,170,42,0,,,
8493,170,43,0,,,
8494,170,44,0,,,
8495,170,45,0,,,
8496,170,46,0,,,
8497,170,47,0,,,
8498,170,48,0,,,
8499,170,49,0,,,
8500,170,50,0,,,
8501,171,1,1,Mon Apr 06 2026 00:00:00 GMT-0500 (hora de Ecuador),Mon Apr 06 2026 00:00:00 GMT-0500 (hora de Ecuador),
8502,171,2,1,Tue Apr 07 2026 00:00:00 GMT-0500 (hora de Ecuador),Tue Apr 07 2026 00:00:00 GMT-0500 (hora de Ecuador),
8503,171,3,1,Mon Apr 13 2026 00:00:00 GMT-0500 (hora de Ecuador),Mon Apr 13 2026 00:00:00 GMT-0500 (hora de Ecuador),
8504,171,4,1,Mon Apr 13 2026 00:00:00 GMT-0500 (hora de Ecuador),Mon Apr 13 2026 00:00:00 GMT-0500 (hora de Ecuador),
8505,171,5,1,Mon Apr 13 2026 00:00:00 GMT-0500 (hora de Ecuador),Mon Apr 13 2026 00:00:00 GMT-0500 (hora de Ecuador),
8506,171,6,1,Tue Apr 14 2026 00:00:00 GMT-0500 (hora de Ecuador),Tue Apr 14 2026 00:00:00 GMT-0500 (hora de Ecuador),
8507,171,7,1,Wed Apr 15 2026 00:00:00 GMT-0500 (hora de Ecuador),Wed Apr 15 2026 00:00:00 GMT-0500 (hora de Ecuador),
8508,171,8,1,Wed Apr 15 2026 00:00:00 GMT-0500 (hora de Ecuador),Wed Apr 15 2026 00:00:00 GMT-0500 (hora de Ecuador),
8509,171,9,1,Thu Apr 16 2026 00:00:00 GMT-0500 (hora de Ecuador),Thu Apr 16 2026 00:00:00 GMT-0500 (hora de Ecuador),
8510,171,10,1,Tue Jun 16 2026 00:00:00 GMT-0500 (hora de Ecuador),Tue Jun 16 2026 00:00:00 GMT-0500 (hora de Ecuador),
8511,171,11,1,Thu Apr 16 2026 00:00:00 GMT-0500 (hora de Ecuador),Thu Apr 16 2026 00:00:00 GMT-0500 (hora de Ecuador),
8512,171,12,1,Fri Apr 17 2026 00:00:00 GMT-0500 (hora de Ecuador),Fri Apr 17 2026 00:00:00 GMT-0500 (hora de Ecuador),
8513,171,13,1,Tue Apr 21 2026 00:00:00 GMT-0500 (hora de Ecuador),Tue Apr 21 2026 00:00:00 GMT-0500 (hora de Ecuador),
8514,171,14,1,Wed Apr 22 2026 00:00:00 GMT-0500 (hora de Ecuador),Wed Apr 22 2026 00:00:00 GMT-0500 (hora de Ecuador),
8515,171,15,1,Thu Apr 23 2026 00:00:00 GMT-0500 (hora de Ecuador),Thu Apr 23 2026 00:00:00 GMT-0500 (hora de Ecuador),
8516,171,16,1,Thu Apr 23 2026 00:00:00 GMT-0500 (hora de Ecuador),Thu Apr 23 2026 00:00:00 GMT-0500 (hora de Ecuador),
8517,171,17,1,Fri Apr 24 2026 00:00:00 GMT-0500 (hora de Ecuador),Fri Apr 24 2026 00:00:00 GMT-0500 (hora de Ecuador),
8518,171,18,1,Mon Apr 27 2026 00:00:00 GMT-0500 (hora de Ecuador),Mon Apr 27 2026 00:00:00 GMT-0500 (hora de Ecuador),
8519,171,19,1,Mon Apr 27 2026 00:00:00 GMT-0500 (hora de Ecuador),Mon Apr 27 2026 00:00:00 GMT-0500 (hora de Ecuador),
8520,171,20,0,,,
8521,171,21,0,,,
8522,171,22,0,,,
8523,171,23,0,,,
8524,171,24,0,,,
8525,171,25,0,,,
8526,171,26,0,,,
8527,171,27,0,,,
8528,171,28,0,,,
8529,171,29,0,,,
8530,171,30,0,,,
8531,171,31,0,,,
8532,171,32,0,,,
8533,171,33,1,Fri Apr 17 2026 00:00:00 GMT-0500 (hora de Ecuador),Fri Apr 17 2026 00:00:00 GMT-0500 (hora de Ecuador),
8534,171,34,1,Sat Apr 18 2026 00:00:00 GMT-0500 (hora de Ecuador),Sat Apr 18 2026 00:00:00 GMT-0500 (hora de Ecuador),
8535,171,35,1,Sun Apr 19 2026 00:00:00 GMT-0500 (hora de Ecuador),Sun Apr 19 2026 00:00:00 GMT-0500 (hora de Ecuador),
8536,171,36,0,,,
8537,171,37,0,,,
8538,171,38,0,,,
8539,171,39,1,Sat Apr 18 2026 00:00:00 GMT-0500 (hora de Ecuador),Sat Apr 18 2026 00:00:00 GMT-0500 (hora de Ecuador),
8540,171,40,1,Fri Apr 24 2026 00:00:00 GMT-0500 (hora de Ecuador),Fri Apr 24 2026 00:00:00 GMT-0500 (hora de Ecuador),
8541,171,41,0,,,
8542,171,42,0,,,
8543,171,43,0,,,
8544,171,44,0,,,
8545,171,45,0,,,
8546,171,46,0,,,
8547,171,47,0,,,
8548,171,48,0,,,
8549,171,49,0,,,
8550,171,50,1,Fri Apr 24 2026 00:00:00 GMT-0500 (hora de Ecuador),Fri Apr 24 2026 00:00:00 GMT-0500 (hora de Ecuador),
8551,172,1,1,Wed Feb 11 2026 00:00:00 GMT-0500 (hora de Ecuador),Wed Feb 11 2026 00:00:00 GMT-0500 (hora de Ecuador),
8552,172,2,1,Thu Feb 12 2026 00:00:00 GMT-0500 (hora de Ecuador),Thu Feb 12 2026 00:00:00 GMT-0500 (hora de Ecuador),
8553,172,3,1,Fri Feb 27 2026 00:00:00 GMT-0500 (hora de Ecuador),Fri Feb 27 2026 00:00:00 GMT-0500 (hora de Ecuador),
8554,172,4,1,Fri Feb 27 2026 00:00:00 GMT-0500 (hora de Ecuador),Fri Feb 27 2026 00:00:00 GMT-0500 (hora de Ecuador),
8555,172,5,1,Fri Feb 27 2026 00:00:00 GMT-0500 (hora de Ecuador),Fri Feb 27 2026 00:00:00 GMT-0500 (hora de Ecuador),
8556,172,6,1,Fri Feb 27 2026 00:00:00 GMT-0500 (hora de Ecuador),Fri Feb 27 2026 00:00:00 GMT-0500 (hora de Ecuador),
8557,172,7,1,Fri Feb 27 2026 00:00:00 GMT-0500 (hora de Ecuador),Fri Feb 27 2026 00:00:00 GMT-0500 (hora de Ecuador),
8558,172,8,1,Mon Mar 02 2026 00:00:00 GMT-0500 (hora de Ecuador),Mon Mar 02 2026 00:00:00 GMT-0500 (hora de Ecuador),
8559,172,9,1,Mon Mar 02 2026 00:00:00 GMT-0500 (hora de Ecuador),Mon Mar 02 2026 00:00:00 GMT-0500 (hora de Ecuador),
8560,172,10,1,Tue Mar 03 2026 00:00:00 GMT-0500 (hora de Ecuador),Tue Mar 03 2026 00:00:00 GMT-0500 (hora de Ecuador),
8561,172,11,1,Tue Mar 03 2026 00:00:00 GMT-0500 (hora de Ecuador),Tue Mar 03 2026 00:00:00 GMT-0500 (hora de Ecuador),
8562,172,12,1,Wed Mar 04 2026 00:00:00 GMT-0500 (hora de Ecuador),Wed Mar 04 2026 00:00:00 GMT-0500 (hora de Ecuador),
8563,172,13,1,Wed Mar 04 2026 00:00:00 GMT-0500 (hora de Ecuador),Wed Mar 04 2026 00:00:00 GMT-0500 (hora de Ecuador),
8564,172,14,1,Mon Mar 09 2026 00:00:00 GMT-0500 (hora de Ecuador),Mon Mar 09 2026 00:00:00 GMT-0500 (hora de Ecuador),
8565,172,15,1,Tue Mar 10 2026 00:00:00 GMT-0500 (hora de Ecuador),Tue Mar 10 2026 00:00:00 GMT-0500 (hora de Ecuador),
8566,172,16,1,Tue Mar 10 2026 00:00:00 GMT-0500 (hora de Ecuador),Tue Mar 10 2026 00:00:00 GMT-0500 (hora de Ecuador),
8567,172,17,1,Wed Mar 11 2026 00:00:00 GMT-0500 (hora de Ecuador),Wed Mar 11 2026 00:00:00 GMT-0500 (hora de Ecuador),
8568,172,18,0,,,
8569,172,19,0,,,
8570,172,20,0,,,
8571,172,21,0,,,
8572,172,22,0,,,
8573,172,23,0,,,
8574,172,24,1,Wed Mar 11 2026 00:00:00 GMT-0500 (hora de Ecuador),Wed Mar 11 2026 00:00:00 GMT-0500 (hora de Ecuador),
8575,172,25,1,Fri Mar 20 2026 00:00:00 GMT-0500 (hora de Ecuador),Fri Mar 20 2026 00:00:00 GMT-0500 (hora de Ecuador),
8576,172,26,1,Fri Mar 20 2026 00:00:00 GMT-0500 (hora de Ecuador),Fri Mar 20 2026 00:00:00 GMT-0500 (hora de Ecuador),
8577,172,27,1,Mon Apr 27 2026 00:00:00 GMT-0500 (hora de Ecuador),Mon Apr 27 2026 00:00:00 GMT-0500 (hora de Ecuador),
8578,172,28,1,Thu Apr 30 2026 00:00:00 GMT-0500 (hora de Ecuador),Thu Apr 30 2026 00:00:00 GMT-0500 (hora de Ecuador),
8579,172,29,1,Thu Apr 30 2026 00:00:00 GMT-0500 (hora de Ecuador),Thu Apr 30 2026 00:00:00 GMT-0500 (hora de Ecuador),
8580,172,30,1,Tue May 12 2026 00:00:00 GMT-0500 (hora de Ecuador),Tue May 12 2026 00:00:00 GMT-0500 (hora de Ecuador),
8581,172,31,0,,,
8582,172,32,0,,,
8583,172,33,1,Tue May 12 2026 00:00:00 GMT-0500 (hora de Ecuador),Tue May 12 2026 00:00:00 GMT-0500 (hora de Ecuador),
8584,172,34,1,Tue May 12 2026 00:00:00 GMT-0500 (hora de Ecuador),Tue May 12 2026 00:00:00 GMT-0500 (hora de Ecuador),
8585,172,35,1,Wed May 13 2026 00:00:00 GMT-0500 (hora de Ecuador),Wed May 13 2026 00:00:00 GMT-0500 (hora de Ecuador),
8586,172,36,1,Thu May 14 2026 00:00:00 GMT-0500 (hora de Ecuador),Thu May 14 2026 00:00:00 GMT-0500 (hora de Ecuador),
8587,172,37,1,Thu May 14 2026 00:00:00 GMT-0500 (hora de Ecuador),Thu May 14 2026 00:00:00 GMT-0500 (hora de Ecuador),
8588,172,38,1,Fri May 15 2026 00:00:00 GMT-0500 (hora de Ecuador),Fri May 15 2026 00:00:00 GMT-0500 (hora de Ecuador),
8589,172,39,1,Fri May 15 2026 00:00:00 GMT-0500 (hora de Ecuador),Fri May 15 2026 00:00:00 GMT-0500 (hora de Ecuador),
8590,172,40,1,Fri May 15 2026 00:00:00 GMT-0500 (hora de Ecuador),Fri May 15 2026 00:00:00 GMT-0500 (hora de Ecuador),
8591,172,41,1,Mon May 25 2026 00:00:00 GMT-0500 (hora de Ecuador),Mon May 25 2026 00:00:00 GMT-0500 (hora de Ecuador),
8592,172,42,1,Mon Jun 01 2026 00:00:00 GMT-0500 (hora de Ecuador),Mon Jun 01 2026 00:00:00 GMT-0500 (hora de Ecuador),
8593,172,43,1,Tue Jun 02 2026 00:00:00 GMT-0500 (hora de Ecuador),Tue Jun 02 2026 00:00:00 GMT-0500 (hora de Ecuador),
8594,172,44,1,Wed Jun 03 2026 00:00:00 GMT-0500 (hora de Ecuador),Wed Jun 03 2026 00:00:00 GMT-0500 (hora de Ecuador),
8595,172,45,1,Fri Jun 05 2026 00:00:00 GMT-0500 (hora de Ecuador),Fri Jun 05 2026 00:00:00 GMT-0500 (hora de Ecuador),
8596,172,46,1,Fri Jun 05 2026 00:00:00 GMT-0500 (hora de Ecuador),Fri Jun 05 2026 00:00:00 GMT-0500 (hora de Ecuador),
8597,172,47,1,Fri Jun 05 2026 00:00:00 GMT-0500 (hora de Ecuador),Fri Jun 05 2026 00:00:00 GMT-0500 (hora de Ecuador),
8598,172,48,1,Fri Jun 05 2026 00:00:00 GMT-0500 (hora de Ecuador),Fri Jun 05 2026 00:00:00 GMT-0500 (hora de Ecuador),
8599,172,49,1,Wed Jun 10 2026 00:00:00 GMT-0500 (hora de Ecuador),Wed Jun 10 2026 00:00:00 GMT-0500 (hora de Ecuador),
8600,172,50,1,Tue Jun 23 2026 00:00:00 GMT-0500 (hora de Ecuador),Tue Jun 23 2026 00:00:00 GMT-0500 (hora de Ecuador),
8601,173,1,1,Mon Jul 20 2026 00:00:00 GMT-0500 (hora de Ecuador),Fri Apr 10 2026 00:00:00 GMT-0500 (hora de Ecuador),
8602,173,2,1,Thu Feb 12 2026 00:00:00 GMT-0500 (hora de Ecuador),Thu Feb 12 2026 00:00:00 GMT-0500 (hora de Ecuador),
8603,173,3,1,Tue Mar 10 2026 00:00:00 GMT-0500 (hora de Ecuador),Tue Mar 10 2026 00:00:00 GMT-0500 (hora de Ecuador),
8604,173,4,1,Tue Mar 10 2026 00:00:00 GMT-0500 (hora de Ecuador),Tue Mar 10 2026 00:00:00 GMT-0500 (hora de Ecuador),
8605,173,5,1,Wed Mar 25 2026 00:00:00 GMT-0500 (hora de Ecuador),Wed Mar 25 2026 00:00:00 GMT-0500 (hora de Ecuador),
8606,173,6,0,,,
8607,173,7,0,,,
8608,173,8,1,Wed Mar 18 2026 00:00:00 GMT-0500 (hora de Ecuador),Wed Mar 18 2026 00:00:00 GMT-0500 (hora de Ecuador),
8609,173,9,1,Fri Mar 20 2026 00:00:00 GMT-0500 (hora de Ecuador),Fri Mar 20 2026 00:00:00 GMT-0500 (hora de Ecuador),
8610,173,10,1,Mon Mar 02 2026 00:00:00 GMT-0500 (hora de Ecuador),Mon Mar 02 2026 00:00:00 GMT-0500 (hora de Ecuador),
8611,173,11,1,Tue Mar 03 2026 00:00:00 GMT-0500 (hora de Ecuador),Tue Mar 03 2026 00:00:00 GMT-0500 (hora de Ecuador),
8612,173,12,1,Tue Mar 24 2026 00:00:00 GMT-0500 (hora de Ecuador),Tue Mar 24 2026 00:00:00 GMT-0500 (hora de Ecuador),
8613,173,13,1,Wed Mar 18 2026 00:00:00 GMT-0500 (hora de Ecuador),Wed Mar 18 2026 00:00:00 GMT-0500 (hora de Ecuador),
8614,173,14,1,Mon Mar 23 2026 00:00:00 GMT-0500 (hora de Ecuador),Mon Mar 23 2026 00:00:00 GMT-0500 (hora de Ecuador),
8615,173,15,1,Tue Mar 24 2026 00:00:00 GMT-0500 (hora de Ecuador),Tue Mar 24 2026 00:00:00 GMT-0500 (hora de Ecuador),
8616,173,16,1,Thu Apr 02 2026 00:00:00 GMT-0500 (hora de Ecuador),Thu Apr 02 2026 00:00:00 GMT-0500 (hora de Ecuador),
8617,173,17,1,Fri Apr 10 2026 00:00:00 GMT-0500 (hora de Ecuador),Fri Apr 10 2026 00:00:00 GMT-0500 (hora de Ecuador),
8618,173,18,0,,,
8619,173,19,0,,,
8620,173,20,0,,,
8621,173,21,0,,,
8622,173,22,0,,,
8623,173,23,0,,,
8624,173,24,1,Tue Mar 24 2026 00:00:00 GMT-0500 (hora de Ecuador),Tue Mar 24 2026 00:00:00 GMT-0500 (hora de Ecuador),
8625,173,25,1,Fri Apr 10 2026 00:00:00 GMT-0500 (hora de Ecuador),Fri Apr 10 2026 00:00:00 GMT-0500 (hora de Ecuador),
8626,173,26,1,Fri Apr 17 2026 00:00:00 GMT-0500 (hora de Ecuador),Fri Apr 17 2026 00:00:00 GMT-0500 (hora de Ecuador),
8627,173,27,1,Tue Apr 28 2026 00:00:00 GMT-0500 (hora de Ecuador),Tue Apr 28 2026 00:00:00 GMT-0500 (hora de Ecuador),
8628,173,28,1,Wed Jun 03 2026 00:00:00 GMT-0500 (hora de Ecuador),Wed Jun 03 2026 00:00:00 GMT-0500 (hora de Ecuador),
8629,173,29,1,Fri May 08 2026 00:00:00 GMT-0500 (hora de Ecuador),Fri May 08 2026 00:00:00 GMT-0500 (hora de Ecuador),
8630,173,30,1,Wed May 27 2026 00:00:00 GMT-0500 (hora de Ecuador),Wed May 27 2026 00:00:00 GMT-0500 (hora de Ecuador),
8631,173,31,0,,,
8632,173,32,0,,,
8633,173,33,1,Thu Jun 04 2026 00:00:00 GMT-0500 (hora de Ecuador),Thu Jun 04 2026 00:00:00 GMT-0500 (hora de Ecuador),
8634,173,34,1,Thu May 28 2026 00:00:00 GMT-0500 (hora de Ecuador),Thu May 28 2026 00:00:00 GMT-0500 (hora de Ecuador),
8635,173,35,1,Wed Jun 03 2026 00:00:00 GMT-0500 (hora de Ecuador),Wed Jun 03 2026 00:00:00 GMT-0500 (hora de Ecuador),
8636,173,36,0,,,
8637,173,37,0,,,
8638,173,38,0,,,
8639,173,39,0,,,
8640,173,40,0,,,
8641,173,41,1,Mon Jun 15 2026 00:00:00 GMT-0500 (hora de Ecuador),Mon Jun 15 2026 00:00:00 GMT-0500 (hora de Ecuador),
8642,173,42,1,Mon Jun 15 2026 00:00:00 GMT-0500 (hora de Ecuador),Mon Jun 15 2026 00:00:00 GMT-0500 (hora de Ecuador),
8643,173,43,1,Mon Jun 29 2026 00:00:00 GMT-0500 (hora de Ecuador),Mon Jun 29 2026 00:00:00 GMT-0500 (hora de Ecuador),
8644,173,44,1,Wed Jul 01 2026 00:00:00 GMT-0500 (hora de Ecuador),Wed Jul 01 2026 00:00:00 GMT-0500 (hora de Ecuador),
8645,173,45,1,Wed Jul 01 2026 00:00:00 GMT-0500 (hora de Ecuador),Wed Jul 01 2026 00:00:00 GMT-0500 (hora de Ecuador),
8646,173,46,1,Wed Jul 01 2026 00:00:00 GMT-0500 (hora de Ecuador),Wed Jul 01 2026 00:00:00 GMT-0500 (hora de Ecuador),
8647,173,47,1,Fri Jul 10 2026 00:00:00 GMT-0500 (hora de Ecuador),Fri Jul 10 2026 00:00:00 GMT-0500 (hora de Ecuador),
8648,173,48,1,Thu Jul 09 2026 00:00:00 GMT-0500 (hora de Ecuador),Thu Jul 09 2026 00:00:00 GMT-0500 (hora de Ecuador),
8649,173,49,1,Fri Jul 31 2026 00:00:00 GMT-0500 (hora de Ecuador),Fri Jul 31 2026 00:00:00 GMT-0500 (hora de Ecuador),
8650,173,50,1,Fri Aug 07 2026 00:00:00 GMT-0500 (hora de Ecuador),Fri Aug 07 2026 00:00:00 GMT-0500 (hora de Ecuador),
8651,174,1,1,Tue Feb 10 2026 00:00:00 GMT-0500 (hora de Ecuador),Tue Feb 10 2026 00:00:00 GMT-0500 (hora de Ecuador),
8652,174,2,1,Wed Feb 11 2026 00:00:00 GMT-0500 (hora de Ecuador),Wed Feb 11 2026 00:00:00 GMT-0500 (hora de Ecuador),
8653,174,3,1,Mon Mar 09 2026 00:00:00 GMT-0500 (hora de Ecuador),Mon Mar 09 2026 00:00:00 GMT-0500 (hora de Ecuador),
8654,174,4,1,Mon Mar 09 2026 00:00:00 GMT-0500 (hora de Ecuador),Mon Mar 09 2026 00:00:00 GMT-0500 (hora de Ecuador),
8655,174,5,1,Mon Mar 09 2026 00:00:00 GMT-0500 (hora de Ecuador),Mon Mar 09 2026 00:00:00 GMT-0500 (hora de Ecuador),
8656,174,6,1,Mon Mar 09 2026 00:00:00 GMT-0500 (hora de Ecuador),Mon Mar 09 2026 00:00:00 GMT-0500 (hora de Ecuador),
8657,174,7,1,Tue Mar 10 2026 00:00:00 GMT-0500 (hora de Ecuador),Tue Mar 10 2026 00:00:00 GMT-0500 (hora de Ecuador),
8658,174,8,1,Wed Mar 11 2026 00:00:00 GMT-0500 (hora de Ecuador),Wed Mar 11 2026 00:00:00 GMT-0500 (hora de Ecuador),
8659,174,9,1,Wed Mar 11 2026 00:00:00 GMT-0500 (hora de Ecuador),Wed Mar 11 2026 00:00:00 GMT-0500 (hora de Ecuador),
8660,174,10,1,Fri Feb 27 2026 00:00:00 GMT-0500 (hora de Ecuador),Fri Feb 27 2026 00:00:00 GMT-0500 (hora de Ecuador),
8661,174,11,1,Fri Feb 27 2026 00:00:00 GMT-0500 (hora de Ecuador),Fri Feb 27 2026 00:00:00 GMT-0500 (hora de Ecuador),
8662,174,12,1,Wed Mar 11 2026 00:00:00 GMT-0500 (hora de Ecuador),Wed Mar 11 2026 00:00:00 GMT-0500 (hora de Ecuador),
8663,174,13,1,Thu Mar 12 2026 00:00:00 GMT-0500 (hora de Ecuador),Thu Mar 12 2026 00:00:00 GMT-0500 (hora de Ecuador),
8664,174,14,1,Mon Mar 16 2026 00:00:00 GMT-0500 (hora de Ecuador),Mon Mar 16 2026 00:00:00 GMT-0500 (hora de Ecuador),
8665,174,15,1,Thu Mar 19 2026 00:00:00 GMT-0500 (hora de Ecuador),Thu Mar 19 2026 00:00:00 GMT-0500 (hora de Ecuador),
8666,174,16,1,Thu Apr 02 2026 00:00:00 GMT-0500 (hora de Ecuador),Thu Apr 02 2026 00:00:00 GMT-0500 (hora de Ecuador),
8667,174,17,1,Fri Apr 03 2026 00:00:00 GMT-0500 (hora de Ecuador),Fri Apr 03 2026 00:00:00 GMT-0500 (hora de Ecuador),
8668,174,18,0,,,
8669,174,19,0,,,
8670,174,20,0,,,
8671,174,21,0,,,
8672,174,22,0,,,
8673,174,23,0,,,
8674,174,24,1,Tue Mar 24 2026 00:00:00 GMT-0500 (hora de Ecuador),Tue Mar 24 2026 00:00:00 GMT-0500 (hora de Ecuador),
8675,174,25,1,Mon Apr 13 2026 00:00:00 GMT-0500 (hora de Ecuador),Mon Apr 13 2026 00:00:00 GMT-0500 (hora de Ecuador),
8676,174,26,1,Mon Apr 13 2026 00:00:00 GMT-0500 (hora de Ecuador),Mon Apr 13 2026 00:00:00 GMT-0500 (hora de Ecuador),
8677,174,27,1,Mon May 25 2026 00:00:00 GMT-0500 (hora de Ecuador),Mon May 25 2026 00:00:00 GMT-0500 (hora de Ecuador),
8678,174,28,1,Mon May 25 2026 00:00:00 GMT-0500 (hora de Ecuador),Mon May 25 2026 00:00:00 GMT-0500 (hora de Ecuador),
8679,174,29,1,Mon May 25 2026 00:00:00 GMT-0500 (hora de Ecuador),Mon May 25 2026 00:00:00 GMT-0500 (hora de Ecuador),
8680,174,30,1,Mon Jun 15 2026 00:00:00 GMT-0500 (hora de Ecuador),Mon Jun 15 2026 00:00:00 GMT-0500 (hora de Ecuador),
8681,174,31,0,,,
8682,174,32,0,,,
8683,174,33,1,Tue Jun 16 2026 00:00:00 GMT-0500 (hora de Ecuador),Tue Jun 16 2026 00:00:00 GMT-0500 (hora de Ecuador),
8684,174,34,1,Tue Jun 16 2026 00:00:00 GMT-0500 (hora de Ecuador),Tue Jun 16 2026 00:00:00 GMT-0500 (hora de Ecuador),
8685,174,35,1,Tue Jun 16 2026 00:00:00 GMT-0500 (hora de Ecuador),Tue Jun 16 2026 00:00:00 GMT-0500 (hora de Ecuador),
8686,174,36,1,Tue Jun 16 2026 00:00:00 GMT-0500 (hora de Ecuador),Tue Jun 16 2026 00:00:00 GMT-0500 (hora de Ecuador),
8687,174,37,1,Tue Jun 16 2026 00:00:00 GMT-0500 (hora de Ecuador),Tue Jun 16 2026 00:00:00 GMT-0500 (hora de Ecuador),
8688,174,38,1,Wed Jun 17 2026 00:00:00 GMT-0500 (hora de Ecuador),Wed Jun 17 2026 00:00:00 GMT-0500 (hora de Ecuador),
8689,174,39,1,Wed Jun 17 2026 00:00:00 GMT-0500 (hora de Ecuador),Wed Jun 17 2026 00:00:00 GMT-0500 (hora de Ecuador),
8690,174,40,1,Thu Jun 18 2026 00:00:00 GMT-0500 (hora de Ecuador),Thu Jun 18 2026 00:00:00 GMT-0500 (hora de Ecuador),
8691,174,41,1,Fri Jun 26 2026 00:00:00 GMT-0500 (hora de Ecuador),Fri Jun 26 2026 00:00:00 GMT-0500 (hora de Ecuador),
8692,174,42,1,Tue Jun 30 2026 00:00:00 GMT-0500 (hora de Ecuador),Tue Jun 30 2026 00:00:00 GMT-0500 (hora de Ecuador),
8693,174,43,1,Tue Jul 14 2026 00:00:00 GMT-0500 (hora de Ecuador),Tue Jul 14 2026 00:00:00 GMT-0500 (hora de Ecuador),
8694,174,44,1,Thu Jul 16 2026 00:00:00 GMT-0500 (hora de Ecuador),Thu Jul 16 2026 00:00:00 GMT-0500 (hora de Ecuador),
8695,174,45,1,Thu Jul 16 2026 00:00:00 GMT-0500 (hora de Ecuador),Thu Jul 16 2026 00:00:00 GMT-0500 (hora de Ecuador),
8696,174,46,1,Mon Jul 20 2026 00:00:00 GMT-0500 (hora de Ecuador),Mon Jul 20 2026 00:00:00 GMT-0500 (hora de Ecuador),
8697,174,47,1,Wed Jul 22 2026 00:00:00 GMT-0500 (hora de Ecuador),Wed Jul 22 2026 00:00:00 GMT-0500 (hora de Ecuador),
8698,174,48,1,Wed Jul 22 2026 00:00:00 GMT-0500 (hora de Ecuador),Wed Jul 22 2026 00:00:00 GMT-0500 (hora de Ecuador),
8699,174,49,1,Mon Jul 27 2026 00:00:00 GMT-0500 (hora de Ecuador),Mon Jul 27 2026 00:00:00 GMT-0500 (hora de Ecuador),
8700,174,50,1,Mon Aug 03 2026 00:00:00 GMT-0500 (hora de Ecuador),Mon Aug 03 2026 00:00:00 GMT-0500 (hora de Ecuador),
8701,175,1,0,,,
8702,175,2,0,,,
8703,175,3,0,,,
8704,175,4,0,,,
8705,175,5,0,,,
8706,175,6,0,,,
8707,175,7,0,,,
8708,175,8,0,,,
8709,175,9,0,,,
8710,175,10,0,,,
8711,175,11,0,,,
8712,175,12,0,,,
8713,175,13,0,,,
8714,175,14,0,,,
8715,175,15,0,,,
8716,175,16,0,,,
8717,175,17,0,,,
8718,175,18,0,,,
8719,175,19,0,,,
8720,175,20,0,,,
8721,175,21,0,,,
8722,175,22,0,,,
8723,175,23,0,,,
8724,175,24,0,,,
8725,175,25,0,,,
8726,175,26,0,,,
8727,175,27,0,,,
8728,175,28,0,,,
8729,175,29,0,,,
8730,175,30,0,,,
8731,175,31,0,,,
8732,175,32,0,,,
8733,175,33,0,,,
8734,175,34,0,,,
8735,175,35,0,,,
8736,175,36,0,,,
8737,175,37,0,,,
8738,175,38,0,,,
8739,175,39,0,,,
8740,175,40,0,,,
8741,175,41,0,,,
8742,175,42,0,,,
8743,175,43,0,,,
8744,175,44,0,,,
8745,175,45,0,,,
8746,175,46,0,,,
8747,175,47,0,,,
8748,175,48,0,,,
8749,175,49,0,,,
8750,175,50,0,,,
8751,176,1,0,,,
8752,176,2,0,,,
8753,176,3,0,,,
8754,176,4,0,,,
8755,176,5,0,,,
8756,176,6,0,,,
8757,176,7,0,,,
8758,176,8,0,,,
8759,176,9,0,,,
8760,176,10,0,,,
8761,176,11,0,,,
8762,176,12,0,,,
8763,176,13,0,,,
8764,176,14,0,,,
8765,176,15,0,,,
8766,176,16,0,,,
8767,176,17,0,,,
8768,176,18,0,,,
8769,176,19,0,,,
8770,176,20,0,,,
8771,176,21,0,,,
8772,176,22,0,,,
8773,176,23,0,,,
8774,176,24,0,,,
8775,176,25,0,,,
8776,176,26,0,,,
8777,176,27,0,,,
8778,176,28,0,,,
8779,176,29,0,,,
8780,176,30,0,,,
8781,176,31,0,,,
8782,176,32,0,,,
8783,176,33,0,,,
8784,176,34,0,,,
8785,176,35,0,,,
8786,176,36,0,,,
8787,176,37,0,,,
8788,176,38,0,,,
8789,176,39,0,,,
8790,176,40,0,,,
8791,176,41,0,,,
8792,176,42,0,,,
8793,176,43,0,,,
8794,176,44,0,,,
8795,176,45,0,,,
8796,176,46,0,,,
8797,176,47,0,,,
8798,176,48,0,,,
8799,176,49,0,,,
8800,176,50,0,,,
8801,177,1,1,Mon Apr 06 2026 00:00:00 GMT-0500 (hora de Ecuador),Mon Apr 06 2026 00:00:00 GMT-0500 (hora de Ecuador),
8802,177,2,1,Mon Apr 06 2026 00:00:00 GMT-0500 (hora de Ecuador),Mon Apr 06 2026 00:00:00 GMT-0500 (hora de Ecuador),
8803,177,3,1,Tue Apr 07 2026 00:00:00 GMT-0500 (hora de Ecuador),Tue Apr 07 2026 00:00:00 GMT-0500 (hora de Ecuador),
8804,177,4,1,Tue Apr 07 2026 00:00:00 GMT-0500 (hora de Ecuador),Tue Apr 07 2026 00:00:00 GMT-0500 (hora de Ecuador),
8805,177,5,1,Tue Apr 07 2026 00:00:00 GMT-0500 (hora de Ecuador),Tue Apr 07 2026 00:00:00 GMT-0500 (hora de Ecuador),
8806,177,6,1,Wed Apr 08 2026 00:00:00 GMT-0500 (hora de Ecuador),Wed Apr 08 2026 00:00:00 GMT-0500 (hora de Ecuador),
8807,177,7,1,Thu Apr 09 2026 00:00:00 GMT-0500 (hora de Ecuador),Thu Apr 09 2026 00:00:00 GMT-0500 (hora de Ecuador),
8808,177,8,1,Fri Apr 10 2026 00:00:00 GMT-0500 (hora de Ecuador),Fri Apr 10 2026 00:00:00 GMT-0500 (hora de Ecuador),
8809,177,9,1,Mon Apr 13 2026 00:00:00 GMT-0500 (hora de Ecuador),Mon Apr 13 2026 00:00:00 GMT-0500 (hora de Ecuador),
8810,177,10,1,Tue Apr 14 2026 00:00:00 GMT-0500 (hora de Ecuador),Tue Apr 14 2026 00:00:00 GMT-0500 (hora de Ecuador),
8811,177,11,1,Wed Apr 15 2026 00:00:00 GMT-0500 (hora de Ecuador),Wed Apr 15 2026 00:00:00 GMT-0500 (hora de Ecuador),
8812,177,12,1,Wed Apr 15 2026 00:00:00 GMT-0500 (hora de Ecuador),Wed Apr 15 2026 00:00:00 GMT-0500 (hora de Ecuador),
8813,177,13,1,Thu Apr 16 2026 00:00:00 GMT-0500 (hora de Ecuador),Thu Apr 16 2026 00:00:00 GMT-0500 (hora de Ecuador),
8814,177,14,1,Fri Apr 17 2026 00:00:00 GMT-0500 (hora de Ecuador),Fri Apr 17 2026 00:00:00 GMT-0500 (hora de Ecuador),
8815,177,15,1,Mon Apr 20 2026 00:00:00 GMT-0500 (hora de Ecuador),Mon Apr 20 2026 00:00:00 GMT-0500 (hora de Ecuador),
8816,177,16,1,Tue Apr 21 2026 00:00:00 GMT-0500 (hora de Ecuador),Tue Apr 21 2026 00:00:00 GMT-0500 (hora de Ecuador),
8817,177,17,1,Tue Apr 21 2026 00:00:00 GMT-0500 (hora de Ecuador),Tue Apr 21 2026 00:00:00 GMT-0500 (hora de Ecuador),
8818,177,18,1,Wed Apr 22 2026 00:00:00 GMT-0500 (hora de Ecuador),Wed Apr 22 2026 00:00:00 GMT-0500 (hora de Ecuador),
8819,177,19,1,Wed Apr 22 2026 00:00:00 GMT-0500 (hora de Ecuador),Wed Apr 22 2026 00:00:00 GMT-0500 (hora de Ecuador),
8820,177,20,0,,,
8821,177,21,0,,,
8822,177,22,0,,,
8823,177,23,0,,,
8824,177,24,0,,,
8825,177,25,0,,,
8826,177,26,0,,,
8827,177,27,0,,,
8828,177,28,0,,,
8829,177,29,0,,,
8830,177,30,0,,,
8831,177,31,0,,,
8832,177,32,0,,,
8833,177,33,1,Thu Apr 23 2026 00:00:00 GMT-0500 (hora de Ecuador),Thu Apr 23 2026 00:00:00 GMT-0500 (hora de Ecuador),
8834,177,34,1,Fri Apr 24 2026 00:00:00 GMT-0500 (hora de Ecuador),Fri Apr 24 2026 00:00:00 GMT-0500 (hora de Ecuador),
8835,177,35,1,Fri Apr 24 2026 00:00:00 GMT-0500 (hora de Ecuador),Fri Apr 24 2026 00:00:00 GMT-0500 (hora de Ecuador),
8836,177,36,1,Mon Apr 27 2026 00:00:00 GMT-0500 (hora de Ecuador),Mon Apr 27 2026 00:00:00 GMT-0500 (hora de Ecuador),
8837,177,37,1,Tue Apr 28 2026 00:00:00 GMT-0500 (hora de Ecuador),Tue Apr 28 2026 00:00:00 GMT-0500 (hora de Ecuador),
8838,177,38,1,Wed Apr 29 2026 00:00:00 GMT-0500 (hora de Ecuador),Wed Apr 29 2026 00:00:00 GMT-0500 (hora de Ecuador),
8839,177,39,1,Thu Apr 30 2026 00:00:00 GMT-0500 (hora de Ecuador),Thu Apr 30 2026 00:00:00 GMT-0500 (hora de Ecuador),
8840,177,40,1,Thu Apr 30 2026 00:00:00 GMT-0500 (hora de Ecuador),Thu Apr 30 2026 00:00:00 GMT-0500 (hora de Ecuador),
8841,177,41,0,,,
8842,177,42,0,,,
8843,177,43,0,,,
8844,177,44,0,,,
8845,177,45,0,,,
8846,177,46,0,,,
8847,177,47,0,,,
8848,177,48,0,,,
8849,177,49,1,Tue May 05 2026 00:00:00 GMT-0500 (hora de Ecuador),Tue May 05 2026 00:00:00 GMT-0500 (hora de Ecuador),
8850,177,50,1,Tue May 05 2026 00:00:00 GMT-0500 (hora de Ecuador),Tue May 05 2026 00:00:00 GMT-0500 (hora de Ecuador),
8851,178,1,0,,,
8852,178,2,0,,,
8853,178,3,0,,,
8854,178,4,0,,,
8855,178,5,0,,,
8856,178,6,0,,,
8857,178,7,0,,,
8858,178,8,0,,,
8859,178,9,0,,,
8860,178,10,0,,,
8861,178,11,0,,,
8862,178,12,0,,,
8863,178,13,0,,,
8864,178,14,0,,,
8865,178,15,0,,,
8866,178,16,0,,,
8867,178,17,0,,,
8868,178,18,0,,,
8869,178,19,0,,,
8870,178,20,0,,,
8871,178,21,0,,,
8872,178,22,0,,,
8873,178,23,0,,,
8874,178,24,0,,,
8875,178,25,0,,,
8876,178,26,0,,,
8877,178,27,0,,,
8878,178,28,0,,,
8879,178,29,0,,,
8880,178,30,0,,,
8881,178,31,0,,,
8882,178,32,0,,,
8883,178,33,0,,,
8884,178,34,0,,,
8885,178,35,0,,,
8886,178,36,0,,,
8887,178,37,0,,,
8888,178,38,0,,,
8889,178,39,0,,,
8890,178,40,0,,,
8891,178,41,0,,,
8892,178,42,0,,,
8893,178,43,0,,,
8894,178,44,0,,,
8895,178,45,0,,,
8896,178,46,0,,,
8897,178,47,0,,,
8898,178,48,0,,,
8899,178,49,0,,,
8900,178,50,0,,,
8901,179,1,1,Thu Apr 09 2026 00:00:00 GMT-0500 (hora de Ecuador),Thu Apr 09 2026 00:00:00 GMT-0500 (hora de Ecuador),
8902,179,2,1,Thu Apr 09 2026 00:00:00 GMT-0500 (hora de Ecuador),Thu Apr 09 2026 00:00:00 GMT-0500 (hora de Ecuador),
8903,179,3,1,Fri Apr 10 2026 00:00:00 GMT-0500 (hora de Ecuador),Fri Apr 10 2026 00:00:00 GMT-0500 (hora de Ecuador),
8904,179,4,1,Fri Apr 10 2026 00:00:00 GMT-0500 (hora de Ecuador),Fri Apr 10 2026 00:00:00 GMT-0500 (hora de Ecuador),
8905,179,5,1,Fri Apr 10 2026 00:00:00 GMT-0500 (hora de Ecuador),Fri Apr 10 2026 00:00:00 GMT-0500 (hora de Ecuador),
8906,179,6,1,Mon Apr 13 2026 00:00:00 GMT-0500 (hora de Ecuador),Mon Apr 13 2026 00:00:00 GMT-0500 (hora de Ecuador),
8907,179,7,1,Tue Apr 14 2026 00:00:00 GMT-0500 (hora de Ecuador),Tue Apr 14 2026 00:00:00 GMT-0500 (hora de Ecuador),
8908,179,8,1,Wed Apr 15 2026 00:00:00 GMT-0500 (hora de Ecuador),Wed Apr 15 2026 00:00:00 GMT-0500 (hora de Ecuador),
8909,179,9,1,Thu Apr 16 2026 00:00:00 GMT-0500 (hora de Ecuador),Thu Apr 16 2026 00:00:00 GMT-0500 (hora de Ecuador),
8910,179,10,1,Fri Apr 17 2026 00:00:00 GMT-0500 (hora de Ecuador),Fri Apr 17 2026 00:00:00 GMT-0500 (hora de Ecuador),
8911,179,11,1,Mon Apr 20 2026 00:00:00 GMT-0500 (hora de Ecuador),Mon Apr 20 2026 00:00:00 GMT-0500 (hora de Ecuador),
8912,179,12,1,Mon Apr 20 2026 00:00:00 GMT-0500 (hora de Ecuador),Mon Apr 20 2026 00:00:00 GMT-0500 (hora de Ecuador),
8913,179,13,1,Tue Apr 21 2026 00:00:00 GMT-0500 (hora de Ecuador),Tue Apr 21 2026 00:00:00 GMT-0500 (hora de Ecuador),
8914,179,14,1,Wed Apr 22 2026 00:00:00 GMT-0500 (hora de Ecuador),Wed Apr 22 2026 00:00:00 GMT-0500 (hora de Ecuador),
8915,179,15,1,Thu Apr 23 2026 00:00:00 GMT-0500 (hora de Ecuador),Thu Apr 23 2026 00:00:00 GMT-0500 (hora de Ecuador),
8916,179,16,1,Fri Apr 24 2026 00:00:00 GMT-0500 (hora de Ecuador),Fri Apr 24 2026 00:00:00 GMT-0500 (hora de Ecuador),
8917,179,17,1,Fri Apr 24 2026 00:00:00 GMT-0500 (hora de Ecuador),Fri Apr 24 2026 00:00:00 GMT-0500 (hora de Ecuador),
8918,179,18,1,Mon Apr 27 2026 00:00:00 GMT-0500 (hora de Ecuador),Mon Apr 27 2026 00:00:00 GMT-0500 (hora de Ecuador),
8919,179,19,1,Mon Apr 27 2026 00:00:00 GMT-0500 (hora de Ecuador),Mon Apr 27 2026 00:00:00 GMT-0500 (hora de Ecuador),
8920,179,20,0,,,
8921,179,21,0,,,
8922,179,22,0,,,
8923,179,23,0,,,
8924,179,24,0,,,
8925,179,25,0,,,
8926,179,26,0,,,
8927,179,27,0,,,
8928,179,28,0,,,
8929,179,29,0,,,
8930,179,30,0,,,
8931,179,31,0,,,
8932,179,32,0,,,
8933,179,33,1,Tue Apr 28 2026 00:00:00 GMT-0500 (hora de Ecuador),Tue Apr 28 2026 00:00:00 GMT-0500 (hora de Ecuador),
8934,179,34,1,Wed Apr 29 2026 00:00:00 GMT-0500 (hora de Ecuador),Wed Apr 29 2026 00:00:00 GMT-0500 (hora de Ecuador),
8935,179,35,1,Wed Apr 29 2026 00:00:00 GMT-0500 (hora de Ecuador),Wed Apr 29 2026 00:00:00 GMT-0500 (hora de Ecuador),
8936,179,36,1,Thu Apr 30 2026 00:00:00 GMT-0500 (hora de Ecuador),Thu Apr 30 2026 00:00:00 GMT-0500 (hora de Ecuador),
8937,179,37,1,Fri May 01 2026 00:00:00 GMT-0500 (hora de Ecuador),Fri May 01 2026 00:00:00 GMT-0500 (hora de Ecuador),
8938,179,38,1,Mon May 04 2026 00:00:00 GMT-0500 (hora de Ecuador),Mon May 04 2026 00:00:00 GMT-0500 (hora de Ecuador),
8939,179,39,1,Tue May 05 2026 00:00:00 GMT-0500 (hora de Ecuador),Tue May 05 2026 00:00:00 GMT-0500 (hora de Ecuador),
8940,179,40,1,Tue May 05 2026 00:00:00 GMT-0500 (hora de Ecuador),Tue May 05 2026 00:00:00 GMT-0500 (hora de Ecuador),
8941,179,41,1,Thu May 07 2026 00:00:00 GMT-0500 (hora de Ecuador),Thu May 07 2026 00:00:00 GMT-0500 (hora de Ecuador),
8942,179,42,1,Mon May 11 2026 00:00:00 GMT-0500 (hora de Ecuador),Mon May 11 2026 00:00:00 GMT-0500 (hora de Ecuador),
8943,179,43,1,Wed May 13 2026 00:00:00 GMT-0500 (hora de Ecuador),Wed May 13 2026 00:00:00 GMT-0500 (hora de Ecuador),
8944,179,44,1,Thu May 14 2026 00:00:00 GMT-0500 (hora de Ecuador),Thu May 14 2026 00:00:00 GMT-0500 (hora de Ecuador),
8945,179,45,1,Fri May 15 2026 00:00:00 GMT-0500 (hora de Ecuador),Fri May 15 2026 00:00:00 GMT-0500 (hora de Ecuador),
8946,179,46,1,Tue May 19 2026 00:00:00 GMT-0500 (hora de Ecuador),Tue May 19 2026 00:00:00 GMT-0500 (hora de Ecuador),
8947,179,47,1,Wed May 20 2026 00:00:00 GMT-0500 (hora de Ecuador),Wed May 20 2026 00:00:00 GMT-0500 (hora de Ecuador),
8948,179,48,1,Wed May 20 2026 00:00:00 GMT-0500 (hora de Ecuador),Wed May 20 2026 00:00:00 GMT-0500 (hora de Ecuador),
8949,179,49,1,Mon May 25 2026 00:00:00 GMT-0500 (hora de Ecuador),Mon May 25 2026 00:00:00 GMT-0500 (hora de Ecuador),
8950,179,50,1,Thu May 28 2026 00:00:00 GMT-0500 (hora de Ecuador),Thu May 28 2026 00:00:00 GMT-0500 (hora de Ecuador),
8951,180,1,0,,,
8952,180,2,0,,,
8953,180,3,0,,,
8954,180,4,0,,,
8955,180,5,0,,,
8956,180,6,0,,,
8957,180,7,0,,,
8958,180,8,0,,,
8959,180,9,0,,,
8960,180,10,0,,,
8961,180,11,0,,,
8962,180,12,0,,,
8963,180,13,0,,,
8964,180,14,0,,,
8965,180,15,0,,,
8966,180,16,0,,,
8967,180,17,0,,,
8968,180,18,0,,,
8969,180,19,0,,,
8970,180,20,0,,,
8971,180,21,0,,,
8972,180,22,0,,,
8973,180,23,0,,,
8974,180,24,0,,,
8975,180,25,0,,,
8976,180,26,0,,,
8977,180,27,0,,,
8978,180,28,0,,,
8979,180,29,0,,,
8980,180,30,0,,,
8981,180,31,0,,,
8982,180,32,0,,,
8983,180,33,0,,,
8984,180,34,0,,,
8985,180,35,0,,,
8986,180,36,0,,,
8987,180,37,0,,,
8988,180,38,0,,,
8989,180,39,0,,,
8990,180,40,0,,,
8991,180,41,0,,,
8992,180,42,0,,,
8993,180,43,0,,,
8994,180,44,0,,,
8995,180,45,0,,,
8996,180,46,0,,,
8997,180,47,0,,,
8998,180,48,0,,,
8999,180,49,0,,,
9000,180,50,0,,,
9001,181,1,1,Fri Jan 23 2026 00:00:00 GMT-0500 (hora de Ecuador),Fri Jan 23 2026 00:00:00 GMT-0500 (hora de Ecuador),
9002,181,2,1,Fri Jan 23 2026 00:00:00 GMT-0500 (hora de Ecuador),Fri Jan 23 2026 00:00:00 GMT-0500 (hora de Ecuador),
9003,181,3,1,Mon Jan 26 2026 00:00:00 GMT-0500 (hora de Ecuador),Mon Jan 26 2026 00:00:00 GMT-0500 (hora de Ecuador),
9004,181,4,1,Mon Jan 26 2026 00:00:00 GMT-0500 (hora de Ecuador),Mon Jan 26 2026 00:00:00 GMT-0500 (hora de Ecuador),
9005,181,5,1,Mon Jan 26 2026 00:00:00 GMT-0500 (hora de Ecuador),Mon Jan 26 2026 00:00:00 GMT-0500 (hora de Ecuador),
9006,181,6,1,Tue Jan 27 2026 00:00:00 GMT-0500 (hora de Ecuador),Tue Jan 27 2026 00:00:00 GMT-0500 (hora de Ecuador),
9007,181,7,1,Wed Jan 28 2026 00:00:00 GMT-0500 (hora de Ecuador),Wed Jan 28 2026 00:00:00 GMT-0500 (hora de Ecuador),
9008,181,8,1,Thu Jan 29 2026 00:00:00 GMT-0500 (hora de Ecuador),Thu Jan 29 2026 00:00:00 GMT-0500 (hora de Ecuador),
9009,181,9,1,Fri Jan 30 2026 00:00:00 GMT-0500 (hora de Ecuador),Fri Jan 30 2026 00:00:00 GMT-0500 (hora de Ecuador),
9010,181,10,1,Mon Feb 02 2026 00:00:00 GMT-0500 (hora de Ecuador),Mon Feb 02 2026 00:00:00 GMT-0500 (hora de Ecuador),
9011,181,11,1,Tue Feb 03 2026 00:00:00 GMT-0500 (hora de Ecuador),Tue Feb 03 2026 00:00:00 GMT-0500 (hora de Ecuador),
9012,181,12,1,Tue Feb 03 2026 00:00:00 GMT-0500 (hora de Ecuador),Tue Feb 03 2026 00:00:00 GMT-0500 (hora de Ecuador),
9013,181,13,1,Wed Feb 04 2026 00:00:00 GMT-0500 (hora de Ecuador),Wed Feb 04 2026 00:00:00 GMT-0500 (hora de Ecuador),
9014,181,14,1,Thu Feb 05 2026 00:00:00 GMT-0500 (hora de Ecuador),Thu Feb 05 2026 00:00:00 GMT-0500 (hora de Ecuador),
9015,181,15,1,Fri Feb 06 2026 00:00:00 GMT-0500 (hora de Ecuador),Fri Feb 06 2026 00:00:00 GMT-0500 (hora de Ecuador),
9016,181,16,1,Mon Feb 09 2026 00:00:00 GMT-0500 (hora de Ecuador),Mon Feb 09 2026 00:00:00 GMT-0500 (hora de Ecuador),
9017,181,17,1,Mon Feb 09 2026 00:00:00 GMT-0500 (hora de Ecuador),Mon Feb 09 2026 00:00:00 GMT-0500 (hora de Ecuador),
9018,181,18,1,Tue Feb 10 2026 00:00:00 GMT-0500 (hora de Ecuador),Tue Feb 10 2026 00:00:00 GMT-0500 (hora de Ecuador),
9019,181,19,1,Tue Feb 10 2026 00:00:00 GMT-0500 (hora de Ecuador),Tue Feb 10 2026 00:00:00 GMT-0500 (hora de Ecuador),
9020,181,20,0,,,
9021,181,21,0,,,
9022,181,22,0,,,
9023,181,23,0,,,
9024,181,24,0,,,
9025,181,25,0,,,
9026,181,26,0,,,
9027,181,27,0,,,
9028,181,28,0,,,
9029,181,29,0,,,
9030,181,30,0,,,
9031,181,31,0,,,
9032,181,32,0,,,
9033,181,33,1,Wed Feb 11 2026 00:00:00 GMT-0500 (hora de Ecuador),Wed Feb 11 2026 00:00:00 GMT-0500 (hora de Ecuador),
9034,181,34,1,Thu Feb 12 2026 00:00:00 GMT-0500 (hora de Ecuador),Thu Feb 12 2026 00:00:00 GMT-0500 (hora de Ecuador),
9035,181,35,1,Thu Feb 12 2026 00:00:00 GMT-0500 (hora de Ecuador),Thu Feb 12 2026 00:00:00 GMT-0500 (hora de Ecuador),
9036,181,36,0,,,
9037,181,37,0,,,
9038,181,38,0,,,
9039,181,39,1,Thu Feb 12 2026 00:00:00 GMT-0500 (hora de Ecuador),Thu Feb 12 2026 00:00:00 GMT-0500 (hora de Ecuador),
9040,181,40,1,Wed Feb 18 2026 00:00:00 GMT-0500 (hora de Ecuador),Wed Feb 18 2026 00:00:00 GMT-0500 (hora de Ecuador),
9041,181,41,0,,,
9042,181,42,0,,,
9043,181,43,0,,,
9044,181,44,0,,,
9045,181,45,0,,,
9046,181,46,0,,,
9047,181,47,0,,,
9048,181,48,0,,,
9049,181,49,0,,,
9050,181,50,1,Wed Feb 18 2026 00:00:00 GMT-0500 (hora de Ecuador),Wed Feb 18 2026 00:00:00 GMT-0500 (hora de Ecuador),
9051,182,1,1,Thu Jun 04 2026 00:00:00 GMT-0500 (hora de Ecuador),Thu Jun 04 2026 00:00:00 GMT-0500 (hora de Ecuador),
9052,182,2,1,Thu Jun 04 2026 00:00:00 GMT-0500 (hora de Ecuador),Thu Jun 04 2026 00:00:00 GMT-0500 (hora de Ecuador),
9053,182,3,1,Fri Jun 05 2026 00:00:00 GMT-0500 (hora de Ecuador),Fri Jun 05 2026 00:00:00 GMT-0500 (hora de Ecuador),
9054,182,4,1,Fri Jun 05 2026 00:00:00 GMT-0500 (hora de Ecuador),Fri Jun 05 2026 00:00:00 GMT-0500 (hora de Ecuador),
9055,182,5,1,Fri Jun 05 2026 00:00:00 GMT-0500 (hora de Ecuador),Fri Jun 05 2026 00:00:00 GMT-0500 (hora de Ecuador),
9056,182,6,1,Mon Jun 08 2026 00:00:00 GMT-0500 (hora de Ecuador),Mon Jun 08 2026 00:00:00 GMT-0500 (hora de Ecuador),
9057,182,7,1,Tue Jun 09 2026 00:00:00 GMT-0500 (hora de Ecuador),Tue Jun 09 2026 00:00:00 GMT-0500 (hora de Ecuador),
9058,182,8,1,Wed Jun 10 2026 00:00:00 GMT-0500 (hora de Ecuador),Wed Jun 10 2026 00:00:00 GMT-0500 (hora de Ecuador),
9059,182,9,1,Thu Jun 11 2026 00:00:00 GMT-0500 (hora de Ecuador),Thu Jun 11 2026 00:00:00 GMT-0500 (hora de Ecuador),
9060,182,10,1,Fri Jun 12 2026 00:00:00 GMT-0500 (hora de Ecuador),Fri Jun 12 2026 00:00:00 GMT-0500 (hora de Ecuador),
9061,182,11,1,Mon Jun 15 2026 00:00:00 GMT-0500 (hora de Ecuador),Mon Jun 15 2026 00:00:00 GMT-0500 (hora de Ecuador),
9062,182,12,1,Mon Jun 15 2026 00:00:00 GMT-0500 (hora de Ecuador),Mon Jun 15 2026 00:00:00 GMT-0500 (hora de Ecuador),
9063,182,13,1,Tue Jun 16 2026 00:00:00 GMT-0500 (hora de Ecuador),Tue Jun 16 2026 00:00:00 GMT-0500 (hora de Ecuador),
9064,182,14,1,Wed Jun 17 2026 00:00:00 GMT-0500 (hora de Ecuador),Wed Jun 17 2026 00:00:00 GMT-0500 (hora de Ecuador),
9065,182,15,1,Thu Jun 18 2026 00:00:00 GMT-0500 (hora de Ecuador),Thu Jun 18 2026 00:00:00 GMT-0500 (hora de Ecuador),
9066,182,16,1,Fri Jun 19 2026 00:00:00 GMT-0500 (hora de Ecuador),Fri Jun 19 2026 00:00:00 GMT-0500 (hora de Ecuador),
9067,182,17,1,Fri Jun 19 2026 00:00:00 GMT-0500 (hora de Ecuador),Fri Jun 19 2026 00:00:00 GMT-0500 (hora de Ecuador),
9068,182,18,1,Mon Jun 22 2026 00:00:00 GMT-0500 (hora de Ecuador),Mon Jun 22 2026 00:00:00 GMT-0500 (hora de Ecuador),
9069,182,19,1,Mon Jun 22 2026 00:00:00 GMT-0500 (hora de Ecuador),Mon Jun 22 2026 00:00:00 GMT-0500 (hora de Ecuador),
9070,182,20,0,,,
9071,182,21,0,,,
9072,182,22,0,,,
9073,182,23,0,,,
9074,182,24,0,,,
9075,182,25,0,,,
9076,182,26,0,,,
9077,182,27,0,,,
9078,182,28,0,,,
9079,182,29,0,,,
9080,182,30,0,,,
9081,182,31,0,,,
9082,182,32,0,,,
9083,182,33,1,Tue Jun 23 2026 00:00:00 GMT-0500 (hora de Ecuador),Tue Jun 23 2026 00:00:00 GMT-0500 (hora de Ecuador),
9084,182,34,1,Wed Jun 24 2026 00:00:00 GMT-0500 (hora de Ecuador),Wed Jun 24 2026 00:00:00 GMT-0500 (hora de Ecuador),
9085,182,35,1,Wed Jun 24 2026 00:00:00 GMT-0500 (hora de Ecuador),Wed Jun 24 2026 00:00:00 GMT-0500 (hora de Ecuador),
9086,182,36,1,Thu Jun 25 2026 00:00:00 GMT-0500 (hora de Ecuador),Thu Jun 25 2026 00:00:00 GMT-0500 (hora de Ecuador),
9087,182,37,1,Fri Jun 26 2026 00:00:00 GMT-0500 (hora de Ecuador),Fri Jun 26 2026 00:00:00 GMT-0500 (hora de Ecuador),
9088,182,38,1,Mon Jun 29 2026 00:00:00 GMT-0500 (hora de Ecuador),Mon Jun 29 2026 00:00:00 GMT-0500 (hora de Ecuador),
9089,182,39,1,Tue Jun 30 2026 00:00:00 GMT-0500 (hora de Ecuador),Tue Jun 30 2026 00:00:00 GMT-0500 (hora de Ecuador),
9090,182,40,1,Tue Jun 30 2026 00:00:00 GMT-0500 (hora de Ecuador),Tue Jun 30 2026 00:00:00 GMT-0500 (hora de Ecuador),
9091,182,41,1,Thu Jul 02 2026 00:00:00 GMT-0500 (hora de Ecuador),Thu Jul 02 2026 00:00:00 GMT-0500 (hora de Ecuador),
9092,182,42,1,Mon Jul 06 2026 00:00:00 GMT-0500 (hora de Ecuador),Mon Jul 06 2026 00:00:00 GMT-0500 (hora de Ecuador),
9093,182,43,1,Wed Jul 08 2026 00:00:00 GMT-0500 (hora de Ecuador),Wed Jul 08 2026 00:00:00 GMT-0500 (hora de Ecuador),
9094,182,44,1,Thu Jul 09 2026 00:00:00 GMT-0500 (hora de Ecuador),Thu Jul 09 2026 00:00:00 GMT-0500 (hora de Ecuador),
9095,182,45,1,Fri Jul 10 2026 00:00:00 GMT-0500 (hora de Ecuador),Fri Jul 10 2026 00:00:00 GMT-0500 (hora de Ecuador),
9096,182,46,1,Tue Jul 14 2026 00:00:00 GMT-0500 (hora de Ecuador),Tue Jul 14 2026 00:00:00 GMT-0500 (hora de Ecuador),
9097,182,47,1,Wed Jul 15 2026 00:00:00 GMT-0500 (hora de Ecuador),Wed Jul 15 2026 00:00:00 GMT-0500 (hora de Ecuador),
9098,182,48,1,Wed Jul 15 2026 00:00:00 GMT-0500 (hora de Ecuador),Wed Jul 15 2026 00:00:00 GMT-0500 (hora de Ecuador),
9099,182,49,1,Mon Jul 20 2026 00:00:00 GMT-0500 (hora de Ecuador),Mon Jul 20 2026 00:00:00 GMT-0500 (hora de Ecuador),
9100,182,50,1,Thu Jul 23 2026 00:00:00 GMT-0500 (hora de Ecuador),Thu Jul 23 2026 00:00:00 GMT-0500 (hora de Ecuador),
9101,183,1,0,,,
9102,183,2,0,,,
9103,183,3,0,,,
9104,183,4,0,,,
9105,183,5,0,,,
9106,183,6,0,,,
9107,183,7,0,,,
9108,183,8,0,,,
9109,183,9,0,,,
9110,183,10,0,,,
9111,183,11,0,,,
9112,183,12,0,,,
9113,183,13,0,,,
9114,183,14,0,,,
9115,183,15,0,,,
9116,183,16,0,,,
9117,183,17,0,,,
9118,183,18,0,,,
9119,183,19,0,,,
9120,183,20,0,,,
9121,183,21,0,,,
9122,183,22,0,,,
9123,183,23,0,,,
9124,183,24,0,,,
9125,183,25,0,,,
9126,183,26,0,,,
9127,183,27,0,,,
9128,183,28,0,,,
9129,183,29,0,,,
9130,183,30,0,,,
9131,183,31,0,,,
9132,183,32,0,,,
9133,183,33,0,,,
9134,183,34,0,,,
9135,183,35,0,,,
9136,183,36,0,,,
9137,183,37,0,,,
9138,183,38,0,,,
9139,183,39,0,,,
9140,183,40,0,,,
9141,183,41,0,,,
9142,183,42,0,,,
9143,183,43,0,,,
9144,183,44,0,,,
9145,183,45,0,,,
9146,183,46,0,,,
9147,183,47,0,,,
9148,183,48,0,,,
9149,183,49,0,,,
9150,183,50,0,,,
9151,184,1,0,,,
9152,184,2,0,,,
9153,184,3,0,,,
9154,184,4,0,,,
9155,184,5,0,,,
9156,184,6,0,,,
9157,184,7,0,,,
9158,184,8,0,,,
9159,184,9,0,,,
9160,184,10,0,,,
9161,184,11,0,,,
9162,184,12,0,,,
9163,184,13,0,,,
9164,184,14,0,,,
9165,184,15,0,,,
9166,184,16,0,,,
9167,184,17,0,,,
9168,184,18,0,,,
9169,184,19,0,,,
9170,184,20,0,,,
9171,184,21,0,,,
9172,184,22,0,,,
9173,184,23,0,,,
9174,184,24,0,,,
9175,184,25,0,,,
9176,184,26,0,,,
9177,184,27,0,,,
9178,184,28,0,,,
9179,184,29,0,,,
9180,184,30,0,,,
9181,184,31,0,,,
9182,184,32,0,,,
9183,184,33,0,,,
9184,184,34,0,,,
9185,184,35,0,,,
9186,184,36,0,,,
9187,184,37,0,,,
9188,184,38,0,,,
9189,184,39,0,,,
9190,184,40,0,,,
9191,184,41,0,,,
9192,184,42,0,,,
9193,184,43,0,,,
9194,184,44,0,,,
9195,184,45,0,,,
9196,184,46,0,,,
9197,184,47,0,,,
9198,184,48,0,,,
9199,184,49,0,,,
9200,184,50,0,,,
9201,185,1,1,Fri Jun 05 2026 00:00:00 GMT-0500 (hora de Ecuador),Fri Jun 05 2026 00:00:00 GMT-0500 (hora de Ecuador),
9202,185,2,1,Fri Jun 05 2026 00:00:00 GMT-0500 (hora de Ecuador),Fri Jun 05 2026 00:00:00 GMT-0500 (hora de Ecuador),
9203,185,3,1,Mon Jun 08 2026 00:00:00 GMT-0500 (hora de Ecuador),Mon Jun 08 2026 00:00:00 GMT-0500 (hora de Ecuador),
9204,185,4,1,Mon Jun 08 2026 00:00:00 GMT-0500 (hora de Ecuador),Mon Jun 08 2026 00:00:00 GMT-0500 (hora de Ecuador),
9205,185,5,1,Mon Jun 08 2026 00:00:00 GMT-0500 (hora de Ecuador),Mon Jun 08 2026 00:00:00 GMT-0500 (hora de Ecuador),
9206,185,6,1,Tue Jun 09 2026 00:00:00 GMT-0500 (hora de Ecuador),Tue Jun 09 2026 00:00:00 GMT-0500 (hora de Ecuador),
9207,185,7,1,Wed Jun 10 2026 00:00:00 GMT-0500 (hora de Ecuador),Wed Jun 10 2026 00:00:00 GMT-0500 (hora de Ecuador),
9208,185,8,1,Thu Jun 11 2026 00:00:00 GMT-0500 (hora de Ecuador),Thu Jun 11 2026 00:00:00 GMT-0500 (hora de Ecuador),
9209,185,9,1,Fri Jun 12 2026 00:00:00 GMT-0500 (hora de Ecuador),Fri Jun 12 2026 00:00:00 GMT-0500 (hora de Ecuador),
9210,185,10,1,Mon Jun 15 2026 00:00:00 GMT-0500 (hora de Ecuador),Mon Jun 15 2026 00:00:00 GMT-0500 (hora de Ecuador),
9211,185,11,1,Tue Jun 16 2026 00:00:00 GMT-0500 (hora de Ecuador),Tue Jun 16 2026 00:00:00 GMT-0500 (hora de Ecuador),
9212,185,12,1,Tue Jun 16 2026 00:00:00 GMT-0500 (hora de Ecuador),Tue Jun 16 2026 00:00:00 GMT-0500 (hora de Ecuador),
9213,185,13,1,Wed Jun 17 2026 00:00:00 GMT-0500 (hora de Ecuador),Wed Jun 17 2026 00:00:00 GMT-0500 (hora de Ecuador),
9214,185,14,1,Thu Jun 18 2026 00:00:00 GMT-0500 (hora de Ecuador),Thu Jun 18 2026 00:00:00 GMT-0500 (hora de Ecuador),
9215,185,15,1,Fri Jun 19 2026 00:00:00 GMT-0500 (hora de Ecuador),Fri Jun 19 2026 00:00:00 GMT-0500 (hora de Ecuador),
9216,185,16,1,Mon Jun 22 2026 00:00:00 GMT-0500 (hora de Ecuador),Mon Jun 22 2026 00:00:00 GMT-0500 (hora de Ecuador),
9217,185,17,1,Mon Jun 22 2026 00:00:00 GMT-0500 (hora de Ecuador),Mon Jun 22 2026 00:00:00 GMT-0500 (hora de Ecuador),
9218,185,18,1,Tue Jun 23 2026 00:00:00 GMT-0500 (hora de Ecuador),Tue Jun 23 2026 00:00:00 GMT-0500 (hora de Ecuador),
9219,185,19,1,Tue Jun 23 2026 00:00:00 GMT-0500 (hora de Ecuador),Tue Jun 23 2026 00:00:00 GMT-0500 (hora de Ecuador),
9220,185,20,0,,,
9221,185,21,0,,,
9222,185,22,0,,,
9223,185,23,0,,,
9224,185,24,0,,,
9225,185,25,0,,,
9226,185,26,0,,,
9227,185,27,0,,,
9228,185,28,0,,,
9229,185,29,0,,,
9230,185,30,0,,,
9231,185,31,0,,,
9232,185,32,0,,,
9233,185,33,1,Wed Jun 24 2026 00:00:00 GMT-0500 (hora de Ecuador),Wed Jun 24 2026 00:00:00 GMT-0500 (hora de Ecuador),
9234,185,34,1,Thu Jun 25 2026 00:00:00 GMT-0500 (hora de Ecuador),Thu Jun 25 2026 00:00:00 GMT-0500 (hora de Ecuador),
9235,185,35,1,Thu Jun 25 2026 00:00:00 GMT-0500 (hora de Ecuador),Thu Jun 25 2026 00:00:00 GMT-0500 (hora de Ecuador),
9236,185,36,0,,,
9237,185,37,0,,,
9238,185,38,0,,,
9239,185,39,1,Thu Jun 25 2026 00:00:00 GMT-0500 (hora de Ecuador),Thu Jun 25 2026 00:00:00 GMT-0500 (hora de Ecuador),
9240,185,40,1,Wed Jul 01 2026 00:00:00 GMT-0500 (hora de Ecuador),Wed Jul 01 2026 00:00:00 GMT-0500 (hora de Ecuador),
9241,185,41,0,,,
9242,185,42,0,,,
9243,185,43,0,,,
9244,185,44,0,,,
9245,185,45,0,,,
9246,185,46,0,,,
9247,185,47,0,,,
9248,185,48,0,,,
9249,185,49,0,,,
9250,185,50,1,Wed Jul 01 2026 00:00:00 GMT-0500 (hora de Ecuador),Wed Jul 01 2026 00:00:00 GMT-0500 (hora de Ecuador),
9251,186,1,1,Mon May 25 2026 00:00:00 GMT-0500 (hora de Ecuador),Mon May 25 2026 00:00:00 GMT-0500 (hora de Ecuador),
9252,186,2,1,Mon May 25 2026 00:00:00 GMT-0500 (hora de Ecuador),Mon May 25 2026 00:00:00 GMT-0500 (hora de Ecuador),
9253,186,3,1,Tue May 26 2026 00:00:00 GMT-0500 (hora de Ecuador),Tue May 26 2026 00:00:00 GMT-0500 (hora de Ecuador),
9254,186,4,1,Tue May 26 2026 00:00:00 GMT-0500 (hora de Ecuador),Tue May 26 2026 00:00:00 GMT-0500 (hora de Ecuador),
9255,186,5,1,Tue May 26 2026 00:00:00 GMT-0500 (hora de Ecuador),Tue May 26 2026 00:00:00 GMT-0500 (hora de Ecuador),
9256,186,6,1,Wed May 27 2026 00:00:00 GMT-0500 (hora de Ecuador),Wed May 27 2026 00:00:00 GMT-0500 (hora de Ecuador),
9257,186,7,1,Thu May 28 2026 00:00:00 GMT-0500 (hora de Ecuador),Thu May 28 2026 00:00:00 GMT-0500 (hora de Ecuador),
9258,186,8,1,Fri May 29 2026 00:00:00 GMT-0500 (hora de Ecuador),Fri May 29 2026 00:00:00 GMT-0500 (hora de Ecuador),
9259,186,9,1,Mon Jun 01 2026 00:00:00 GMT-0500 (hora de Ecuador),Mon Jun 01 2026 00:00:00 GMT-0500 (hora de Ecuador),
9260,186,10,1,Tue Jun 02 2026 00:00:00 GMT-0500 (hora de Ecuador),Tue Jun 02 2026 00:00:00 GMT-0500 (hora de Ecuador),
9261,186,11,1,Wed Jun 03 2026 00:00:00 GMT-0500 (hora de Ecuador),Wed Jun 03 2026 00:00:00 GMT-0500 (hora de Ecuador),
9262,186,12,1,Wed Jun 03 2026 00:00:00 GMT-0500 (hora de Ecuador),Wed Jun 03 2026 00:00:00 GMT-0500 (hora de Ecuador),
9263,186,13,1,Thu Jun 04 2026 00:00:00 GMT-0500 (hora de Ecuador),Thu Jun 04 2026 00:00:00 GMT-0500 (hora de Ecuador),
9264,186,14,1,Fri Jun 05 2026 00:00:00 GMT-0500 (hora de Ecuador),Fri Jun 05 2026 00:00:00 GMT-0500 (hora de Ecuador),
9265,186,15,1,Mon Jun 08 2026 00:00:00 GMT-0500 (hora de Ecuador),Mon Jun 08 2026 00:00:00 GMT-0500 (hora de Ecuador),
9266,186,16,1,Tue Jun 09 2026 00:00:00 GMT-0500 (hora de Ecuador),Tue Jun 09 2026 00:00:00 GMT-0500 (hora de Ecuador),
9267,186,17,1,Tue Jun 09 2026 00:00:00 GMT-0500 (hora de Ecuador),Tue Jun 09 2026 00:00:00 GMT-0500 (hora de Ecuador),
9268,186,18,1,Wed Jun 10 2026 00:00:00 GMT-0500 (hora de Ecuador),Wed Jun 10 2026 00:00:00 GMT-0500 (hora de Ecuador),
9269,186,19,1,Wed Jun 10 2026 00:00:00 GMT-0500 (hora de Ecuador),Wed Jun 10 2026 00:00:00 GMT-0500 (hora de Ecuador),
9270,186,20,0,,,
9271,186,21,0,,,
9272,186,22,0,,,
9273,186,23,0,,,
9274,186,24,0,,,
9275,186,25,0,,,
9276,186,26,0,,,
9277,186,27,0,,,
9278,186,28,0,,,
9279,186,29,0,,,
9280,186,30,0,,,
9281,186,31,0,,,
9282,186,32,0,,,
9283,186,33,1,Thu Jun 11 2026 00:00:00 GMT-0500 (hora de Ecuador),Thu Jun 11 2026 00:00:00 GMT-0500 (hora de Ecuador),
9284,186,34,1,Fri Jun 12 2026 00:00:00 GMT-0500 (hora de Ecuador),Fri Jun 12 2026 00:00:00 GMT-0500 (hora de Ecuador),
9285,186,35,1,Fri Jun 12 2026 00:00:00 GMT-0500 (hora de Ecuador),Fri Jun 12 2026 00:00:00 GMT-0500 (hora de Ecuador),
9286,186,36,1,Mon Jun 15 2026 00:00:00 GMT-0500 (hora de Ecuador),Mon Jun 15 2026 00:00:00 GMT-0500 (hora de Ecuador),
9287,186,37,1,Tue Jun 16 2026 00:00:00 GMT-0500 (hora de Ecuador),Tue Jun 16 2026 00:00:00 GMT-0500 (hora de Ecuador),
9288,186,38,1,Wed Jun 17 2026 00:00:00 GMT-0500 (hora de Ecuador),Wed Jun 17 2026 00:00:00 GMT-0500 (hora de Ecuador),
9289,186,39,1,Thu Jun 18 2026 00:00:00 GMT-0500 (hora de Ecuador),Thu Jun 18 2026 00:00:00 GMT-0500 (hora de Ecuador),
9290,186,40,1,Thu Jun 18 2026 00:00:00 GMT-0500 (hora de Ecuador),Thu Jun 18 2026 00:00:00 GMT-0500 (hora de Ecuador),
9291,186,41,1,Mon Jun 22 2026 00:00:00 GMT-0500 (hora de Ecuador),Mon Jun 22 2026 00:00:00 GMT-0500 (hora de Ecuador),
9292,186,42,1,Wed Jun 24 2026 00:00:00 GMT-0500 (hora de Ecuador),Wed Jun 24 2026 00:00:00 GMT-0500 (hora de Ecuador),
9293,186,43,1,Fri Jun 26 2026 00:00:00 GMT-0500 (hora de Ecuador),Fri Jun 26 2026 00:00:00 GMT-0500 (hora de Ecuador),
9294,186,44,1,Mon Jun 29 2026 00:00:00 GMT-0500 (hora de Ecuador),Mon Jun 29 2026 00:00:00 GMT-0500 (hora de Ecuador),
9295,186,45,1,Tue Jun 30 2026 00:00:00 GMT-0500 (hora de Ecuador),Tue Jun 30 2026 00:00:00 GMT-0500 (hora de Ecuador),
9296,186,46,1,Thu Jul 02 2026 00:00:00 GMT-0500 (hora de Ecuador),Thu Jul 02 2026 00:00:00 GMT-0500 (hora de Ecuador),
9297,186,47,1,Fri Jul 03 2026 00:00:00 GMT-0500 (hora de Ecuador),Fri Jul 03 2026 00:00:00 GMT-0500 (hora de Ecuador),
9298,186,48,1,Fri Jul 03 2026 00:00:00 GMT-0500 (hora de Ecuador),Fri Jul 03 2026 00:00:00 GMT-0500 (hora de Ecuador),
9299,186,49,1,Wed Jul 08 2026 00:00:00 GMT-0500 (hora de Ecuador),Wed Jul 08 2026 00:00:00 GMT-0500 (hora de Ecuador),
9300,186,50,1,Mon Jul 13 2026 00:00:00 GMT-0500 (hora de Ecuador),Mon Jul 13 2026 00:00:00 GMT-0500 (hora de Ecuador),
9301,187,1,0,,,
9302,187,2,0,,,
9303,187,3,0,,,
9304,187,4,0,,,
9305,187,5,0,,,
9306,187,6,0,,,
9307,187,7,0,,,
9308,187,8,0,,,
9309,187,9,0,,,
9310,187,10,0,,,
9311,187,11,0,,,
9312,187,12,0,,,
9313,187,13,0,,,
9314,187,14,0,,,
9315,187,15,0,,,
9316,187,16,0,,,
9317,187,17,0,,,
9318,187,18,0,,,
9319,187,19,0,,,
9320,187,20,0,,,
9321,187,21,0,,,
9322,187,22,0,,,
9323,187,23,0,,,
9324,187,24,0,,,
9325,187,25,0,,,
9326,187,26,0,,,
9327,187,27,0,,,
9328,187,28,0,,,
9329,187,29,0,,,
9330,187,30,0,,,
9331,187,31,0,,,
9332,187,32,0,,,
9333,187,33,0,,,
9334,187,34,0,,,
9335,187,35,0,,,
9336,187,36,0,,,
9337,187,37,0,,,
9338,187,38,0,,,
9339,187,39,0,,,
9340,187,40,0,,,
9341,187,41,1,Tue Jan 02 1900 00:00:00 GMT-0514 (hora de Ecuador),Tue Jan 02 1900 00:00:00 GMT-0514 (hora de Ecuador),
9342,187,42,1,Thu Jan 04 1900 00:00:00 GMT-0514 (hora de Ecuador),Thu Jan 04 1900 00:00:00 GMT-0514 (hora de Ecuador),
9343,187,43,1,Mon Jan 08 1900 00:00:00 GMT-0514 (hora de Ecuador),Mon Jan 08 1900 00:00:00 GMT-0514 (hora de Ecuador),
9344,187,44,1,Tue Jan 09 1900 00:00:00 GMT-0514 (hora de Ecuador),Tue Jan 09 1900 00:00:00 GMT-0514 (hora de Ecuador),
9345,187,45,1,Wed Jan 10 1900 00:00:00 GMT-0514 (hora de Ecuador),Wed Jan 10 1900 00:00:00 GMT-0514 (hora de Ecuador),
9346,187,46,1,Fri Jan 12 1900 00:00:00 GMT-0514 (hora de Ecuador),Fri Jan 12 1900 00:00:00 GMT-0514 (hora de Ecuador),
9347,187,47,1,Mon Jan 15 1900 00:00:00 GMT-0514 (hora de Ecuador),Mon Jan 15 1900 00:00:00 GMT-0514 (hora de Ecuador),
9348,187,48,1,Mon Jan 15 1900 00:00:00 GMT-0514 (hora de Ecuador),Mon Jan 15 1900 00:00:00 GMT-0514 (hora de Ecuador),
9349,187,49,1,Thu Jan 18 1900 00:00:00 GMT-0514 (hora de Ecuador),Thu Jan 18 1900 00:00:00 GMT-0514 (hora de Ecuador),
9350,187,50,0,,,
9351,188,1,0,,,
9352,188,2,0,,,
9353,188,3,0,,,
9354,188,4,0,,,
9355,188,5,0,,,
9356,188,6,0,,,
9357,188,7,0,,,
9358,188,8,0,,,
9359,188,9,0,,,
9360,188,10,0,,,
9361,188,11,0,,,
9362,188,12,0,,,
9363,188,13,0,,,
9364,188,14,0,,,
9365,188,15,0,,,
9366,188,16,0,,,
9367,188,17,0,,,
9368,188,18,0,,,
9369,188,19,0,,,
9370,188,20,0,,,
9371,188,21,0,,,
9372,188,22,0,,,
9373,188,23,0,,,
9374,188,24,0,,,
9375,188,25,0,,,
9376,188,26,0,,,
9377,188,27,0,,,
9378,188,28,0,,,
9379,188,29,0,,,
9380,188,30,0,,,
9381,188,31,0,,,
9382,188,32,0,,,
9383,188,33,0,,,
9384,188,34,0,,,
9385,188,35,0,,,
9386,188,36,0,,,
9387,188,37,0,,,
9388,188,38,0,,,
9389,188,39,0,,,
9390,188,40,0,,,
9391,188,41,1,Tue Jan 02 1900 00:00:00 GMT-0514 (hora de Ecuador),Tue Jan 02 1900 00:00:00 GMT-0514 (hora de Ecuador),
9392,188,42,1,Thu Jan 04 1900 00:00:00 GMT-0514 (hora de Ecuador),Thu Jan 04 1900 00:00:00 GMT-0514 (hora de Ecuador),
9393,188,43,1,Mon Jan 08 1900 00:00:00 GMT-0514 (hora de Ecuador),Mon Jan 08 1900 00:00:00 GMT-0514 (hora de Ecuador),
9394,188,44,1,Tue Jan 09 1900 00:00:00 GMT-0514 (hora de Ecuador),Tue Jan 09 1900 00:00:00 GMT-0514 (hora de Ecuador),
9395,188,45,1,Wed Jan 10 1900 00:00:00 GMT-0514 (hora de Ecuador),Wed Jan 10 1900 00:00:00 GMT-0514 (hora de Ecuador),
9396,188,46,1,Fri Jan 12 1900 00:00:00 GMT-0514 (hora de Ecuador),Fri Jan 12 1900 00:00:00 GMT-0514 (hora de Ecuador),
9397,188,47,1,Mon Jan 15 1900 00:00:00 GMT-0514 (hora de Ecuador),Mon Jan 15 1900 00:00:00 GMT-0514 (hora de Ecuador),
9398,188,48,1,Mon Jan 15 1900 00:00:00 GMT-0514 (hora de Ecuador),Mon Jan 15 1900 00:00:00 GMT-0514 (hora de Ecuador),
9399,188,49,1,Thu Jan 18 1900 00:00:00 GMT-0514 (hora de Ecuador),Thu Jan 18 1900 00:00:00 GMT-0514 (hora de Ecuador),
9400,188,50,0,,,
9401,189,1,1,Wed May 27 2026 00:00:00 GMT-0500 (hora de Ecuador),Wed May 27 2026 00:00:00 GMT-0500 (hora de Ecuador),
9402,189,2,1,Wed May 27 2026 00:00:00 GMT-0500 (hora de Ecuador),Wed May 27 2026 00:00:00 GMT-0500 (hora de Ecuador),
9403,189,3,1,Thu May 28 2026 00:00:00 GMT-0500 (hora de Ecuador),Thu May 28 2026 00:00:00 GMT-0500 (hora de Ecuador),
9404,189,4,1,Thu May 28 2026 00:00:00 GMT-0500 (hora de Ecuador),Thu May 28 2026 00:00:00 GMT-0500 (hora de Ecuador),
9405,189,5,1,Thu May 28 2026 00:00:00 GMT-0500 (hora de Ecuador),Thu May 28 2026 00:00:00 GMT-0500 (hora de Ecuador),
9406,189,6,1,Fri May 29 2026 00:00:00 GMT-0500 (hora de Ecuador),Fri May 29 2026 00:00:00 GMT-0500 (hora de Ecuador),
9407,189,7,1,Mon Jun 01 2026 00:00:00 GMT-0500 (hora de Ecuador),Mon Jun 01 2026 00:00:00 GMT-0500 (hora de Ecuador),
9408,189,8,1,Tue Jun 02 2026 00:00:00 GMT-0500 (hora de Ecuador),Tue Jun 02 2026 00:00:00 GMT-0500 (hora de Ecuador),
9409,189,9,1,Wed Jun 03 2026 00:00:00 GMT-0500 (hora de Ecuador),Wed Jun 03 2026 00:00:00 GMT-0500 (hora de Ecuador),
9410,189,10,1,Thu Jun 04 2026 00:00:00 GMT-0500 (hora de Ecuador),Thu Jun 04 2026 00:00:00 GMT-0500 (hora de Ecuador),
9411,189,11,1,Fri Jun 05 2026 00:00:00 GMT-0500 (hora de Ecuador),Fri Jun 05 2026 00:00:00 GMT-0500 (hora de Ecuador),
9412,189,12,1,Fri Jun 05 2026 00:00:00 GMT-0500 (hora de Ecuador),Fri Jun 05 2026 00:00:00 GMT-0500 (hora de Ecuador),
9413,189,13,1,Mon Jun 08 2026 00:00:00 GMT-0500 (hora de Ecuador),Mon Jun 08 2026 00:00:00 GMT-0500 (hora de Ecuador),
9414,189,14,1,Tue Jun 09 2026 00:00:00 GMT-0500 (hora de Ecuador),Tue Jun 09 2026 00:00:00 GMT-0500 (hora de Ecuador),
9415,189,15,1,Wed Jun 10 2026 00:00:00 GMT-0500 (hora de Ecuador),Wed Jun 10 2026 00:00:00 GMT-0500 (hora de Ecuador),
9416,189,16,1,Thu Jun 11 2026 00:00:00 GMT-0500 (hora de Ecuador),Thu Jun 11 2026 00:00:00 GMT-0500 (hora de Ecuador),
9417,189,17,1,Thu Jun 11 2026 00:00:00 GMT-0500 (hora de Ecuador),Thu Jun 11 2026 00:00:00 GMT-0500 (hora de Ecuador),
9418,189,18,1,Fri Jun 12 2026 00:00:00 GMT-0500 (hora de Ecuador),Fri Jun 12 2026 00:00:00 GMT-0500 (hora de Ecuador),
9419,189,19,1,Fri Jun 12 2026 00:00:00 GMT-0500 (hora de Ecuador),Fri Jun 12 2026 00:00:00 GMT-0500 (hora de Ecuador),
9420,189,20,0,,,
9421,189,21,0,,,
9422,189,22,0,,,
9423,189,23,0,,,
9424,189,24,0,,,
9425,189,25,0,,,
9426,189,26,0,,,
9427,189,27,0,,,
9428,189,28,0,,,
9429,189,29,0,,,
9430,189,30,0,,,
9431,189,31,0,,,
9432,189,32,0,,,
9433,189,33,1,Mon Jun 15 2026 00:00:00 GMT-0500 (hora de Ecuador),Mon Jun 15 2026 00:00:00 GMT-0500 (hora de Ecuador),
9434,189,34,1,Tue Jun 16 2026 00:00:00 GMT-0500 (hora de Ecuador),Tue Jun 16 2026 00:00:00 GMT-0500 (hora de Ecuador),
9435,189,35,1,Tue Jun 16 2026 00:00:00 GMT-0500 (hora de Ecuador),Tue Jun 16 2026 00:00:00 GMT-0500 (hora de Ecuador),
9436,189,36,1,Wed Jun 17 2026 00:00:00 GMT-0500 (hora de Ecuador),Wed Jun 17 2026 00:00:00 GMT-0500 (hora de Ecuador),
9437,189,37,1,Thu Jun 18 2026 00:00:00 GMT-0500 (hora de Ecuador),Thu Jun 18 2026 00:00:00 GMT-0500 (hora de Ecuador),
9438,189,38,1,Fri Jun 19 2026 00:00:00 GMT-0500 (hora de Ecuador),Fri Jun 19 2026 00:00:00 GMT-0500 (hora de Ecuador),
9439,189,39,1,Mon Jun 22 2026 00:00:00 GMT-0500 (hora de Ecuador),Mon Jun 22 2026 00:00:00 GMT-0500 (hora de Ecuador),
9440,189,40,1,Sat Jun 20 2026 00:00:00 GMT-0500 (hora de Ecuador),Sat Jun 20 2026 00:00:00 GMT-0500 (hora de Ecuador),
9441,189,41,1,Tue Jun 23 2026 00:00:00 GMT-0500 (hora de Ecuador),Tue Jun 23 2026 00:00:00 GMT-0500 (hora de Ecuador),
9442,189,42,1,Thu Jun 25 2026 00:00:00 GMT-0500 (hora de Ecuador),Thu Jun 25 2026 00:00:00 GMT-0500 (hora de Ecuador),
9443,189,43,1,Mon Jun 29 2026 00:00:00 GMT-0500 (hora de Ecuador),Mon Jun 29 2026 00:00:00 GMT-0500 (hora de Ecuador),
9444,189,44,1,Tue Jun 30 2026 00:00:00 GMT-0500 (hora de Ecuador),Tue Jun 30 2026 00:00:00 GMT-0500 (hora de Ecuador),
9445,189,45,1,Wed Jul 01 2026 00:00:00 GMT-0500 (hora de Ecuador),Wed Jul 01 2026 00:00:00 GMT-0500 (hora de Ecuador),
9446,189,46,1,Fri Jul 03 2026 00:00:00 GMT-0500 (hora de Ecuador),Fri Jul 03 2026 00:00:00 GMT-0500 (hora de Ecuador),
9447,189,47,1,Mon Jul 06 2026 00:00:00 GMT-0500 (hora de Ecuador),Mon Jul 06 2026 00:00:00 GMT-0500 (hora de Ecuador),
9448,189,48,1,Mon Jul 06 2026 00:00:00 GMT-0500 (hora de Ecuador),Mon Jul 06 2026 00:00:00 GMT-0500 (hora de Ecuador),
9449,189,49,1,Thu Jul 09 2026 00:00:00 GMT-0500 (hora de Ecuador),Thu Jul 09 2026 00:00:00 GMT-0500 (hora de Ecuador),
9450,189,50,1,Tue Jul 14 2026 00:00:00 GMT-0500 (hora de Ecuador),Tue Jul 14 2026 00:00:00 GMT-0500 (hora de Ecuador),
9451,190,1,0,,,
9452,190,2,0,,,
9453,190,3,0,,,
9454,190,4,0,,,
9455,190,5,0,,,
9456,190,6,0,,,
9457,190,7,0,,,
9458,190,8,0,,,
9459,190,9,0,,,
9460,190,10,0,,,
9461,190,11,0,,,
9462,190,12,0,,,
9463,190,13,0,,,
9464,190,14,0,,,
9465,190,15,0,,,
9466,190,16,0,,,
9467,190,17,0,,,
9468,190,18,0,,,
9469,190,19,0,,,
9470,190,20,0,,,
9471,190,21,0,,,
9472,190,22,0,,,
9473,190,23,0,,,
9474,190,24,0,,,
9475,190,25,0,,,
9476,190,26,0,,,
9477,190,27,0,,,
9478,190,28,0,,,
9479,190,29,0,,,
9480,190,30,0,,,
9481,190,31,0,,,
9482,190,32,0,,,
9483,190,33,0,,,
9484,190,34,0,,,
9485,190,35,0,,,
9486,190,36,0,,,
9487,190,37,0,,,
9488,190,38,0,,,
9489,190,39,0,,,
9490,190,40,0,,,
9491,190,41,0,,,
9492,190,42,0,,,
9493,190,43,0,,,
9494,190,44,0,,,
9495,190,45,0,,,
9496,190,46,0,,,
9497,190,47,0,,,
9498,190,48,0,,,
9499,190,49,0,,,
9500,190,50,0,,,
9501,191,1,0,,,
9502,191,2,0,,,
9503,191,3,0,,,
9504,191,4,0,,,
9505,191,5,0,,,
9506,191,6,0,,,
9507,191,7,0,,,
9508,191,8,0,,,
9509,191,9,0,,,
9510,191,10,0,,,
9511,191,11,0,,,
9512,191,12,0,,,
9513,191,13,0,,,
9514,191,14,0,,,
9515,191,15,0,,,
9516,191,16,0,,,
9517,191,17,0,,,
9518,191,18,0,,,
9519,191,19,0,,,
9520,191,20,0,,,
9521,191,21,0,,,
9522,191,22,0,,,
9523,191,23,0,,,
9524,191,24,0,,,
9525,191,25,0,,,
9526,191,26,0,,,
9527,191,27,0,,,
9528,191,28,0,,,
9529,191,29,0,,,
9530,191,30,0,,,
9531,191,31,0,,,
9532,191,32,0,,,
9533,191,33,0,,,
9534,191,34,0,,,
9535,191,35,0,,,
9536,191,36,0,,,
9537,191,37,0,,,
9538,191,38,0,,,
9539,191,39,0,,,
9540,191,40,0,,,
9541,191,41,0,,,
9542,191,42,0,,,
9543,191,43,0,,,
9544,191,44,0,,,
9545,191,45,0,,,
9546,191,46,0,,,
9547,191,47,0,,,
9548,191,48,0,,,
9549,191,49,0,,,
9550,191,50,0,,,
9551,192,1,0,,,
9552,192,2,0,,,
9553,192,3,0,,,
9554,192,4,0,,,
9555,192,5,0,,,
9556,192,6,0,,,
9557,192,7,0,,,
9558,192,8,0,,,
9559,192,9,0,,,
9560,192,10,0,,,
9561,192,11,0,,,
9562,192,12,0,,,
9563,192,13,0,,,
9564,192,14,0,,,
9565,192,15,0,,,
9566,192,16,0,,,
9567,192,17,0,,,
9568,192,18,0,,,
9569,192,19,0,,,
9570,192,20,0,,,
9571,192,21,0,,,
9572,192,22,0,,,
9573,192,23,0,,,
9574,192,24,0,,,
9575,192,25,0,,,
9576,192,26,0,,,
9577,192,27,0,,,
9578,192,28,0,,,
9579,192,29,0,,,
9580,192,30,0,,,
9581,192,31,0,,,
9582,192,32,0,,,
9583,192,33,0,,,
9584,192,34,0,,,
9585,192,35,0,,,
9586,192,36,0,,,
9587,192,37,0,,,
9588,192,38,0,,,
9589,192,39,0,,,
9590,192,40,0,,,
9591,192,41,0,,,
9592,192,42,0,,,
9593,192,43,0,,,
9594,192,44,0,,,
9595,192,45,0,,,
9596,192,46,0,,,
9597,192,47,0,,,
9598,192,48,0,,,
9599,192,49,0,,,
9600,192,50,0,,,
9601,193,1,0,,,
9602,193,2,0,,,
9603,193,3,0,,,
9604,193,4,0,,,
9605,193,5,0,,,
9606,193,6,0,,,
9607,193,7,0,,,
9608,193,8,0,,,
9609,193,9,0,,,
9610,193,10,0,,,
9611,193,11,0,,,
9612,193,12,0,,,
9613,193,13,0,,,
9614,193,14,0,,,
9615,193,15,0,,,
9616,193,16,0,,,
9617,193,17,0,,,
9618,193,18,0,,,
9619,193,19,0,,,
9620,193,20,0,,,
9621,193,21,0,,,
9622,193,22,0,,,
9623,193,23,0,,,
9624,193,24,0,,,
9625,193,25,0,,,
9626,193,26,0,,,
9627,193,27,0,,,
9628,193,28,0,,,
9629,193,29,0,,,
9630,193,30,0,,,
9631,193,31,0,,,
9632,193,32,0,,,
9633,193,33,0,,,
9634,193,34,0,,,
9635,193,35,0,,,
9636,193,36,0,,,
9637,193,37,0,,,
9638,193,38,0,,,
9639,193,39,0,,,
9640,193,40,0,,,
9641,193,41,0,,,
9642,193,42,0,,,
9643,193,43,0,,,
9644,193,44,0,,,
9645,193,45,0,,,
9646,193,46,0,,,
9647,193,47,0,,,
9648,193,48,0,,,
9649,193,49,0,,,
9650,193,50,0,,,
9651,194,1,1,Mon Jan 26 2026 00:00:00 GMT-0500 (hora de Ecuador),Mon Jan 26 2026 00:00:00 GMT-0500 (hora de Ecuador),
9652,194,2,1,Mon Jan 26 2026 00:00:00 GMT-0500 (hora de Ecuador),Mon Jan 26 2026 00:00:00 GMT-0500 (hora de Ecuador),
9653,194,3,1,Tue Jan 27 2026 00:00:00 GMT-0500 (hora de Ecuador),Tue Jan 27 2026 00:00:00 GMT-0500 (hora de Ecuador),
9654,194,4,1,Tue Jan 27 2026 00:00:00 GMT-0500 (hora de Ecuador),Tue Jan 27 2026 00:00:00 GMT-0500 (hora de Ecuador),
9655,194,5,1,Tue Jan 27 2026 00:00:00 GMT-0500 (hora de Ecuador),Tue Jan 27 2026 00:00:00 GMT-0500 (hora de Ecuador),
9656,194,6,1,Wed Jan 28 2026 00:00:00 GMT-0500 (hora de Ecuador),Wed Jan 28 2026 00:00:00 GMT-0500 (hora de Ecuador),
9657,194,7,1,Thu Jan 29 2026 00:00:00 GMT-0500 (hora de Ecuador),Thu Jan 29 2026 00:00:00 GMT-0500 (hora de Ecuador),
9658,194,8,1,Fri Jan 30 2026 00:00:00 GMT-0500 (hora de Ecuador),Fri Jan 30 2026 00:00:00 GMT-0500 (hora de Ecuador),
9659,194,9,1,Mon Feb 02 2026 00:00:00 GMT-0500 (hora de Ecuador),Mon Feb 02 2026 00:00:00 GMT-0500 (hora de Ecuador),
9660,194,10,1,Tue Feb 03 2026 00:00:00 GMT-0500 (hora de Ecuador),Tue Feb 03 2026 00:00:00 GMT-0500 (hora de Ecuador),
9661,194,11,1,Wed Feb 04 2026 00:00:00 GMT-0500 (hora de Ecuador),Wed Feb 04 2026 00:00:00 GMT-0500 (hora de Ecuador),
9662,194,12,1,Wed Feb 04 2026 00:00:00 GMT-0500 (hora de Ecuador),Wed Feb 04 2026 00:00:00 GMT-0500 (hora de Ecuador),
9663,194,13,1,Thu Feb 05 2026 00:00:00 GMT-0500 (hora de Ecuador),Thu Feb 05 2026 00:00:00 GMT-0500 (hora de Ecuador),
9664,194,14,1,Fri Feb 06 2026 00:00:00 GMT-0500 (hora de Ecuador),Fri Feb 06 2026 00:00:00 GMT-0500 (hora de Ecuador),
9665,194,15,1,Mon Feb 09 2026 00:00:00 GMT-0500 (hora de Ecuador),Mon Feb 09 2026 00:00:00 GMT-0500 (hora de Ecuador),
9666,194,16,1,Tue Feb 10 2026 00:00:00 GMT-0500 (hora de Ecuador),Tue Feb 10 2026 00:00:00 GMT-0500 (hora de Ecuador),
9667,194,17,1,Tue Feb 10 2026 00:00:00 GMT-0500 (hora de Ecuador),Tue Feb 10 2026 00:00:00 GMT-0500 (hora de Ecuador),
9668,194,18,1,Wed Feb 11 2026 00:00:00 GMT-0500 (hora de Ecuador),Wed Feb 11 2026 00:00:00 GMT-0500 (hora de Ecuador),
9669,194,19,1,Wed Feb 11 2026 00:00:00 GMT-0500 (hora de Ecuador),Wed Feb 11 2026 00:00:00 GMT-0500 (hora de Ecuador),
9670,194,20,0,,,
9671,194,21,0,,,
9672,194,22,0,,,
9673,194,23,0,,,
9674,194,24,0,,,
9675,194,25,0,,,
9676,194,26,0,,,
9677,194,27,0,,,
9678,194,28,0,,,
9679,194,29,0,,,
9680,194,30,0,,,
9681,194,31,0,,,
9682,194,32,0,,,
9683,194,33,1,Thu Feb 12 2026 00:00:00 GMT-0500 (hora de Ecuador),Thu Feb 12 2026 00:00:00 GMT-0500 (hora de Ecuador),
9684,194,34,1,Fri Feb 13 2026 00:00:00 GMT-0500 (hora de Ecuador),Fri Feb 13 2026 00:00:00 GMT-0500 (hora de Ecuador),
9685,194,35,1,Fri Feb 13 2026 00:00:00 GMT-0500 (hora de Ecuador),Fri Feb 13 2026 00:00:00 GMT-0500 (hora de Ecuador),
9686,194,36,1,Mon Feb 16 2026 00:00:00 GMT-0500 (hora de Ecuador),Mon Feb 16 2026 00:00:00 GMT-0500 (hora de Ecuador),
9687,194,37,1,Tue Feb 17 2026 00:00:00 GMT-0500 (hora de Ecuador),Tue Feb 17 2026 00:00:00 GMT-0500 (hora de Ecuador),
9688,194,38,1,Wed Feb 18 2026 00:00:00 GMT-0500 (hora de Ecuador),Wed Feb 18 2026 00:00:00 GMT-0500 (hora de Ecuador),
9689,194,39,1,Thu Feb 19 2026 00:00:00 GMT-0500 (hora de Ecuador),Thu Feb 19 2026 00:00:00 GMT-0500 (hora de Ecuador),
9690,194,40,1,Thu Feb 19 2026 00:00:00 GMT-0500 (hora de Ecuador),Thu Feb 19 2026 00:00:00 GMT-0500 (hora de Ecuador),
9691,194,41,1,Wed Feb 25 2026 00:00:00 GMT-0500 (hora de Ecuador),Wed Feb 25 2026 00:00:00 GMT-0500 (hora de Ecuador),
9692,194,42,1,Fri Feb 27 2026 00:00:00 GMT-0500 (hora de Ecuador),Fri Feb 27 2026 00:00:00 GMT-0500 (hora de Ecuador),
9693,194,43,1,Thu Mar 05 2026 00:00:00 GMT-0500 (hora de Ecuador),Thu Mar 05 2026 00:00:00 GMT-0500 (hora de Ecuador),
9694,194,44,1,Fri Mar 06 2026 00:00:00 GMT-0500 (hora de Ecuador),Fri Mar 06 2026 00:00:00 GMT-0500 (hora de Ecuador),
9695,194,45,1,Mon Mar 09 2026 00:00:00 GMT-0500 (hora de Ecuador),Mon Mar 09 2026 00:00:00 GMT-0500 (hora de Ecuador),
9696,194,46,1,Wed Mar 11 2026 00:00:00 GMT-0500 (hora de Ecuador),Wed Mar 11 2026 00:00:00 GMT-0500 (hora de Ecuador),
9697,194,47,1,Thu Mar 12 2026 00:00:00 GMT-0500 (hora de Ecuador),Thu Mar 12 2026 00:00:00 GMT-0500 (hora de Ecuador),
9698,194,48,1,Thu Mar 12 2026 00:00:00 GMT-0500 (hora de Ecuador),Thu Mar 12 2026 00:00:00 GMT-0500 (hora de Ecuador),
9699,194,49,1,Tue Mar 17 2026 00:00:00 GMT-0500 (hora de Ecuador),Tue Mar 17 2026 00:00:00 GMT-0500 (hora de Ecuador),
9700,194,50,1,Fri Mar 20 2026 00:00:00 GMT-0500 (hora de Ecuador),Fri Mar 20 2026 00:00:00 GMT-0500 (hora de Ecuador),
9701,195,1,1,Thu Jul 09 2026 00:00:00 GMT-0500 (hora de Ecuador),Thu Jul 09 2026 00:00:00 GMT-0500 (hora de Ecuador),
9702,195,2,1,Thu Jul 09 2026 00:00:00 GMT-0500 (hora de Ecuador),Thu Jul 09 2026 00:00:00 GMT-0500 (hora de Ecuador),
9703,195,3,1,Tue Jul 21 2026 00:00:00 GMT-0500 (hora de Ecuador),Tue Jul 21 2026 00:00:00 GMT-0500 (hora de Ecuador),
9704,195,4,1,Tue Jul 21 2026 00:00:00 GMT-0500 (hora de Ecuador),Tue Jul 21 2026 00:00:00 GMT-0500 (hora de Ecuador),
9705,195,5,1,Tue Jul 21 2026 00:00:00 GMT-0500 (hora de Ecuador),Tue Jul 21 2026 00:00:00 GMT-0500 (hora de Ecuador),
9706,195,6,1,Tue Apr 07 2026 00:00:00 GMT-0500 (hora de Ecuador),Tue Apr 07 2026 00:00:00 GMT-0500 (hora de Ecuador),
9707,195,7,1,Wed Apr 08 2026 00:00:00 GMT-0500 (hora de Ecuador),Wed Apr 08 2026 00:00:00 GMT-0500 (hora de Ecuador),
9708,195,8,1,Tue Jul 21 2026 00:00:00 GMT-0500 (hora de Ecuador),Tue Jul 21 2026 00:00:00 GMT-0500 (hora de Ecuador),
9709,195,9,1,Tue Jul 21 2026 00:00:00 GMT-0500 (hora de Ecuador),Tue Jul 21 2026 00:00:00 GMT-0500 (hora de Ecuador),
9710,195,10,1,Wed Jun 10 2026 00:00:00 GMT-0500 (hora de Ecuador),Wed Jun 10 2026 00:00:00 GMT-0500 (hora de Ecuador),
9711,195,11,1,Wed Jun 10 2026 00:00:00 GMT-0500 (hora de Ecuador),Wed Jun 10 2026 00:00:00 GMT-0500 (hora de Ecuador),
9712,195,12,1,Tue Jul 21 2026 00:00:00 GMT-0500 (hora de Ecuador),Tue Jul 21 2026 00:00:00 GMT-0500 (hora de Ecuador),
9713,195,13,1,Tue Jul 21 2026 00:00:00 GMT-0500 (hora de Ecuador),Tue Jul 21 2026 00:00:00 GMT-0500 (hora de Ecuador),
9714,195,14,1,Wed Jul 29 2026 00:00:00 GMT-0500 (hora de Ecuador),Wed Jul 29 2026 00:00:00 GMT-0500 (hora de Ecuador),
9715,195,15,1,Mon Aug 03 2026 00:00:00 GMT-0500 (hora de Ecuador),Mon Aug 03 2026 00:00:00 GMT-0500 (hora de Ecuador),
9716,195,16,1,Tue Aug 04 2026 00:00:00 GMT-0500 (hora de Ecuador),Tue Aug 04 2026 00:00:00 GMT-0500 (hora de Ecuador),
9717,195,17,1,Tue Aug 04 2026 00:00:00 GMT-0500 (hora de Ecuador),Tue Aug 04 2026 00:00:00 GMT-0500 (hora de Ecuador),
9718,195,18,1,Wed Aug 05 2026 00:00:00 GMT-0500 (hora de Ecuador),Wed Aug 05 2026 00:00:00 GMT-0500 (hora de Ecuador),
9719,195,19,1,Wed Aug 05 2026 00:00:00 GMT-0500 (hora de Ecuador),Wed Aug 05 2026 00:00:00 GMT-0500 (hora de Ecuador),
9720,195,20,0,,,
9721,195,21,1,Thu Aug 06 2026 00:00:00 GMT-0500 (hora de Ecuador),Thu Aug 06 2026 00:00:00 GMT-0500 (hora de Ecuador),
9722,195,22,1,Tue Aug 11 2026 00:00:00 GMT-0500 (hora de Ecuador),Tue Aug 11 2026 00:00:00 GMT-0500 (hora de Ecuador),
9723,195,23,0,,,
9724,195,24,0,,,
9725,195,25,0,,,
9726,195,26,0,,,
9727,195,27,0,,,
9728,195,28,0,,,
9729,195,29,1,Wed Aug 12 2026 00:00:00 GMT-0500 (hora de Ecuador),Wed Aug 12 2026 00:00:00 GMT-0500 (hora de Ecuador),
9730,195,30,1,Mon Aug 17 2026 00:00:00 GMT-0500 (hora de Ecuador),Mon Aug 17 2026 00:00:00 GMT-0500 (hora de Ecuador),
9731,195,31,0,,,
9732,195,32,0,,,
9733,195,33,1,Wed May 27 2026 00:00:00 GMT-0500 (hora de Ecuador),Wed May 27 2026 00:00:00 GMT-0500 (hora de Ecuador),
9734,195,34,1,Tue Aug 18 2026 00:00:00 GMT-0500 (hora de Ecuador),Tue Aug 18 2026 00:00:00 GMT-0500 (hora de Ecuador),
9735,195,35,1,Tue Aug 18 2026 00:00:00 GMT-0500 (hora de Ecuador),Tue Aug 18 2026 00:00:00 GMT-0500 (hora de Ecuador),
9736,195,36,1,Wed Aug 19 2026 00:00:00 GMT-0500 (hora de Ecuador),Wed Aug 19 2026 00:00:00 GMT-0500 (hora de Ecuador),
9737,195,37,1,Wed Aug 19 2026 00:00:00 GMT-0500 (hora de Ecuador),Wed Aug 19 2026 00:00:00 GMT-0500 (hora de Ecuador),
9738,195,38,1,Thu Aug 20 2026 00:00:00 GMT-0500 (hora de Ecuador),Thu Aug 20 2026 00:00:00 GMT-0500 (hora de Ecuador),
9739,195,39,0,Thu Aug 20 2026 00:00:00 GMT-0500 (hora de Ecuador),Thu Aug 20 2026 00:00:00 GMT-0500 (hora de Ecuador),
9740,195,40,0,Mon Jun 01 2026 00:00:00 GMT-0500 (hora de Ecuador),Mon Jun 01 2026 00:00:00 GMT-0500 (hora de Ecuador),
9741,195,41,1,Mon Aug 31 2026 00:00:00 GMT-0500 (hora de Ecuador),Mon Aug 31 2026 00:00:00 GMT-0500 (hora de Ecuador),
9742,195,42,1,Wed Sep 02 2026 00:00:00 GMT-0500 (hora de Ecuador),Wed Sep 02 2026 00:00:00 GMT-0500 (hora de Ecuador),
9743,195,43,1,Thu Sep 17 2026 00:00:00 GMT-0500 (hora de Ecuador),Thu Sep 17 2026 00:00:00 GMT-0500 (hora de Ecuador),
9744,195,44,0,Mon Jun 29 2026 00:00:00 GMT-0500 (hora de Ecuador),Mon Jun 29 2026 00:00:00 GMT-0500 (hora de Ecuador),
9745,195,45,1,Tue Sep 22 2026 00:00:00 GMT-0500 (hora de Ecuador),Tue Sep 22 2026 00:00:00 GMT-0500 (hora de Ecuador),
9746,195,46,1,Fri Sep 25 2026 00:00:00 GMT-0500 (hora de Ecuador),Fri Sep 25 2026 00:00:00 GMT-0500 (hora de Ecuador),
9747,195,47,1,Tue Sep 29 2026 00:00:00 GMT-0500 (hora de Ecuador),Tue Sep 29 2026 00:00:00 GMT-0500 (hora de Ecuador),
9748,195,48,0,Thu Jul 02 2026 00:00:00 GMT-0500 (hora de Ecuador),Thu Jul 02 2026 00:00:00 GMT-0500 (hora de Ecuador),
9749,195,49,1,Fri Oct 02 2026 00:00:00 GMT-0500 (hora de Ecuador),Fri Oct 02 2026 00:00:00 GMT-0500 (hora de Ecuador),
9750,195,50,1,Wed Oct 07 2026 00:00:00 GMT-0500 (hora de Ecuador),Wed Oct 07 2026 00:00:00 GMT-0500 (hora de Ecuador),
9751,196,1,0,,,
9752,196,2,0,,,
9753,196,3,0,,,
9754,196,4,0,,,
9755,196,5,0,,,
9756,196,6,0,,,
9757,196,7,0,,,
9758,196,8,0,,,
9759,196,9,0,,,
9760,196,10,0,,,
9761,196,11,0,,,
9762,196,12,0,,,
9763,196,13,0,,,
9764,196,14,0,,,
9765,196,15,0,,,
9766,196,16,0,,,
9767,196,17,0,,,
9768,196,18,0,,,
9769,196,19,0,,,
9770,196,20,0,,,
9771,196,21,0,,,
9772,196,22,0,,,
9773,196,23,0,,,
9774,196,24,0,,,
9775,196,25,0,,,
9776,196,26,0,,,
9777,196,27,0,,,
9778,196,28,0,,,
9779,196,29,0,,,
9780,196,30,0,,,
9781,196,31,0,,,
9782,196,32,0,,,
9783,196,33,0,,,
9784,196,34,0,,,
9785,196,35,0,,,
9786,196,36,0,,,
9787,196,37,0,,,
9788,196,38,0,,,
9789,196,39,0,,,
9790,196,40,0,,,
9791,196,41,0,,,
9792,196,42,0,,,
9793,196,43,0,,,
9794,196,44,0,,,
9795,196,45,0,,,
9796,196,46,0,,,
9797,196,47,0,,,
9798,196,48,0,,,
9799,196,49,0,,,
9800,196,50,0,,,
9801,197,1,0,,,
9802,197,2,0,,,
9803,197,3,0,,,
9804,197,4,0,,,
9805,197,5,0,,,
9806,197,6,0,,,
9807,197,7,0,,,
9808,197,8,0,,,
9809,197,9,0,,,
9810,197,10,0,,,
9811,197,11,0,,,
9812,197,12,0,,,
9813,197,13,0,,,
9814,197,14,0,,,
9815,197,15,0,,,
9816,197,16,0,,,
9817,197,17,0,,,
9818,197,18,0,,,
9819,197,19,0,,,
9820,197,20,0,,,
9821,197,21,0,,,
9822,197,22,0,,,
9823,197,23,0,,,
9824,197,24,0,,,
9825,197,25,0,,,
9826,197,26,0,,,
9827,197,27,0,,,
9828,197,28,0,,,
9829,197,29,0,,,
9830,197,30,0,,,
9831,197,31,0,,,
9832,197,32,0,,,
9833,197,33,0,,,
9834,197,34,0,,,
9835,197,35,0,,,
9836,197,36,0,,,
9837,197,37,0,,,
9838,197,38,0,,,
9839,197,39,0,,,
9840,197,40,0,,,
9841,197,41,0,,,
9842,197,42,0,,,
9843,197,43,0,,,
9844,197,44,0,,,
9845,197,45,0,,,
9846,197,46,0,,,
9847,197,47,0,,,
9848,197,48,0,,,
9849,197,49,0,,,
9850,197,50,0,,,
9851,198,1,0,,,
9852,198,2,0,,,
9853,198,3,0,,,
9854,198,4,0,,,
9855,198,5,0,,,
9856,198,6,0,,,
9857,198,7,0,,,
9858,198,8,0,,,
9859,198,9,0,,,
9860,198,10,0,,,
9861,198,11,0,,,
9862,198,12,0,,,
9863,198,13,0,,,
9864,198,14,0,,,
9865,198,15,0,,,
9866,198,16,0,,,
9867,198,17,0,,,
9868,198,18,0,,,
9869,198,19,0,,,
9870,198,20,0,,,
9871,198,21,0,,,
9872,198,22,0,,,
9873,198,23,0,,,
9874,198,24,0,,,
9875,198,25,0,,,
9876,198,26,0,,,
9877,198,27,0,,,
9878,198,28,0,,,
9879,198,29,0,,,
9880,198,30,0,,,
9881,198,31,0,,,
9882,198,32,0,,,
9883,198,33,0,,,
9884,198,34,0,,,
9885,198,35,0,,,
9886,198,36,0,,,
9887,198,37,0,,,
9888,198,38,0,,,
9889,198,39,0,,,
9890,198,40,0,,,
9891,198,41,0,,,
9892,198,42,0,,,
9893,198,43,0,,,
9894,198,44,0,,,
9895,198,45,0,,,
9896,198,46,0,,,
9897,198,47,0,,,
9898,198,48,0,,,
9899,198,49,0,,,
9900,198,50,0,,,
9901,199,1,0,,,
9902,199,2,0,,,
9903,199,3,0,,,
9904,199,4,0,,,
9905,199,5,0,,,
9906,199,6,0,,,
9907,199,7,0,,,
9908,199,8,0,,,
9909,199,9,0,,,
9910,199,10,0,,,
9911,199,11,0,,,
9912,199,12,0,,,
9913,199,13,0,,,
9914,199,14,0,,,
9915,199,15,0,,,
9916,199,16,0,,,
9917,199,17,0,,,
9918,199,18,0,,,
9919,199,19,0,,,
9920,199,20,0,,,
9921,199,21,0,,,
9922,199,22,0,,,
9923,199,23,0,,,
9924,199,24,0,,,
9925,199,25,0,,,
9926,199,26,0,,,
9927,199,27,0,,,
9928,199,28,0,,,
9929,199,29,0,,,
9930,199,30,0,,,
9931,199,31,0,,,
9932,199,32,0,,,
9933,199,33,0,,,
9934,199,34,0,,,
9935,199,35,0,,,
9936,199,36,0,,,
9937,199,37,0,,,
9938,199,38,0,,,
9939,199,39,0,,,
9940,199,40,0,,,
9941,199,41,0,,,
9942,199,42,0,,,
9943,199,43,0,,,
9944,199,44,0,,,
9945,199,45,0,,,
9946,199,46,0,,,
9947,199,47,0,,,
9948,199,48,0,,,
9949,199,49,0,,,
9950,199,50,0,,,
9951,200,1,0,,,
9952,200,2,0,,,
9953,200,3,0,,,
9954,200,4,0,,,
9955,200,5,0,,,
9956,200,6,0,,,
9957,200,7,0,,,
9958,200,8,0,,,
9959,200,9,0,,,
9960,200,10,0,,,
9961,200,11,0,,,
9962,200,12,0,,,
9963,200,13,0,,,
9964,200,14,0,,,
9965,200,15,0,,,
9966,200,16,0,,,
9967,200,17,0,,,
9968,200,18,0,,,
9969,200,19,0,,,
9970,200,20,0,,,
9971,200,21,0,,,
9972,200,22,0,,,
9973,200,23,0,,,
9974,200,24,0,,,
9975,200,25,0,,,
9976,200,26,0,,,
9977,200,27,0,,,
9978,200,28,0,,,
9979,200,29,0,,,
9980,200,30,0,,,
9981,200,31,0,,,
9982,200,32,0,,,
9983,200,33,0,,,
9984,200,34,0,,,
9985,200,35,0,,,
9986,200,36,0,,,
9987,200,37,0,,,
9988,200,38,0,,,
9989,200,39,0,,,
9990,200,40,0,,,
9991,200,41,0,,,
9992,200,42,0,,,
9993,200,43,0,,,
9994,200,44,0,,,
9995,200,45,0,,,
9996,200,46,0,,,
9997,200,47,0,,,
9998,200,48,0,,,
9999,200,49,0,,,
10000,200,50,0,,,
10001,201,1,0,,,
10002,201,2,0,,,
10003,201,3,0,,,
10004,201,4,0,,,
10005,201,5,0,,,
10006,201,6,0,,,
10007,201,7,0,,,
10008,201,8,0,,,
10009,201,9,0,,,
10010,201,10,0,,,
10011,201,11,0,,,
10012,201,12,0,,,
10013,201,13,0,,,
10014,201,14,0,,,
10015,201,15,0,,,
10016,201,16,0,,,
10017,201,17,0,,,
10018,201,18,0,,,
10019,201,19,0,,,
10020,201,20,0,,,
10021,201,21,0,,,
10022,201,22,0,,,
10023,201,23,0,,,
10024,201,24,0,,,
10025,201,25,0,,,
10026,201,26,0,,,
10027,201,27,0,,,
10028,201,28,0,,,
10029,201,29,0,,,
10030,201,30,0,,,
10031,201,31,0,,,
10032,201,32,0,,,
10033,201,33,0,,,
10034,201,34,0,,,
10035,201,35,0,,,
10036,201,36,0,,,
10037,201,37,0,,,
10038,201,38,0,,,
10039,201,39,0,,,
10040,201,40,0,,,
10041,201,41,0,,,
10042,201,42,0,,,
10043,201,43,0,,,
10044,201,44,0,,,
10045,201,45,0,,,
10046,201,46,0,,,
10047,201,47,0,,,
10048,201,48,0,,,
10049,201,49,0,,,
10050,201,50,0,,,
10051,202,1,0,,,
10052,202,2,0,,,
10053,202,3,0,,,
10054,202,4,0,,,
10055,202,5,0,,,
10056,202,6,0,,,
10057,202,7,0,,,
10058,202,8,0,,,
10059,202,9,0,,,
10060,202,10,0,,,
10061,202,11,0,,,
10062,202,12,0,,,
10063,202,13,0,,,
10064,202,14,0,,,
10065,202,15,0,,,
10066,202,16,0,,,
10067,202,17,0,,,
10068,202,18,0,,,
10069,202,19,0,,,
10070,202,20,0,,,
10071,202,21,0,,,
10072,202,22,0,,,
10073,202,23,0,,,
10074,202,24,0,,,
10075,202,25,0,,,
10076,202,26,0,,,
10077,202,27,0,,,
10078,202,28,0,,,
10079,202,29,0,,,
10080,202,30,0,,,
10081,202,31,0,,,
10082,202,32,0,,,
10083,202,33,0,,,
10084,202,34,0,,,
10085,202,35,0,,,
10086,202,36,0,,,
10087,202,37,0,,,
10088,202,38,0,,,
10089,202,39,0,,,
10090,202,40,0,,,
10091,202,41,0,,,
10092,202,42,0,,,
10093,202,43,0,,,
10094,202,44,0,,,
10095,202,45,0,,,
10096,202,46,0,,,
10097,202,47,0,,,
10098,202,48,0,,,
10099,202,49,0,,,
10100,202,50,0,,,
10101,203,1,0,,,
10102,203,2,0,,,
10103,203,3,0,,,
10104,203,4,0,,,
10105,203,5,0,,,
10106,203,6,0,,,
10107,203,7,0,,,
10108,203,8,0,,,
10109,203,9,0,,,
10110,203,10,0,,,
10111,203,11,0,,,
10112,203,12,0,,,
10113,203,13,0,,,
10114,203,14,0,,,
10115,203,15,0,,,
10116,203,16,0,,,
10117,203,17,0,,,
10118,203,18,0,,,
10119,203,19,0,,,
10120,203,20,0,,,
10121,203,21,0,,,
10122,203,22,0,,,
10123,203,23,0,,,
10124,203,24,0,,,
10125,203,25,0,,,
10126,203,26,0,,,
10127,203,27,0,,,
10128,203,28,0,,,
10129,203,29,0,,,
10130,203,30,0,,,
10131,203,31,0,,,
10132,203,32,0,,,
10133,203,33,0,,,
10134,203,34,0,,,
10135,203,35,0,,,
10136,203,36,0,,,
10137,203,37,0,,,
10138,203,38,0,,,
10139,203,39,0,,,
10140,203,40,0,,,
10141,203,41,0,,,
10142,203,42,0,,,
10143,203,43,0,,,
10144,203,44,0,,,
10145,203,45,0,,,
10146,203,46,0,,,
10147,203,47,0,,,
10148,203,48,0,,,
10149,203,49,0,,,
10150,203,50,0,,,
10151,204,1,0,,,
10152,204,2,0,,,
10153,204,3,0,,,
10154,204,4,0,,,
10155,204,5,0,,,
10156,204,6,0,,,
10157,204,7,0,,,
10158,204,8,0,,,
10159,204,9,0,,,
10160,204,10,0,,,
10161,204,11,0,,,
10162,204,12,0,,,
10163,204,13,0,,,
10164,204,14,0,,,
10165,204,15,0,,,
10166,204,16,0,,,
10167,204,17,0,,,
10168,204,18,0,,,
10169,204,19,0,,,
10170,204,20,0,,,
10171,204,21,0,,,
10172,204,22,0,,,
10173,204,23,0,,,
10174,204,24,0,,,
10175,204,25,0,,,
10176,204,26,0,,,
10177,204,27,0,,,
10178,204,28,0,,,
10179,204,29,0,,,
10180,204,30,0,,,
10181,204,31,0,,,
10182,204,32,0,,,
10183,204,33,0,,,
10184,204,34,0,,,
10185,204,35,0,,,
10186,204,36,0,,,
10187,204,37,0,,,
10188,204,38,0,,,
10189,204,39,0,,,
10190,204,40,0,,,
10191,204,41,0,,,
10192,204,42,0,,,
10193,204,43,0,,,
10194,204,44,0,,,
10195,204,45,0,,,
10196,204,46,0,,,
10197,204,47,0,,,
10198,204,48,0,,,
10199,204,49,0,,,
10200,204,50,0,,,
10201,205,1,0,,,
10202,205,2,0,,,
10203,205,3,0,,,
10204,205,4,0,,,
10205,205,5,0,,,
10206,205,6,0,,,
10207,205,7,0,,,
10208,205,8,0,,,
10209,205,9,0,,,
10210,205,10,0,,,
10211,205,11,0,,,
10212,205,12,0,,,
10213,205,13,0,,,
10214,205,14,0,,,
10215,205,15,0,,,
10216,205,16,0,,,
10217,205,17,0,,,
10218,205,18,0,,,
10219,205,19,0,,,
10220,205,20,0,,,
10221,205,21,0,,,
10222,205,22,0,,,
10223,205,23,0,,,
10224,205,24,0,,,
10225,205,25,0,,,
10226,205,26,0,,,
10227,205,27,0,,,
10228,205,28,0,,,
10229,205,29,0,,,
10230,205,30,0,,,
10231,205,31,0,,,
10232,205,32,0,,,
10233,205,33,0,,,
10234,205,34,0,,,
10235,205,35,0,,,
10236,205,36,0,,,
10237,205,37,0,,,
10238,205,38,0,,,
10239,205,39,0,,,
10240,205,40,0,,,
10241,205,41,0,,,
10242,205,42,0,,,
10243,205,43,0,,,
10244,205,44,0,,,
10245,205,45,0,,,
10246,205,46,0,,,
10247,205,47,0,,,
10248,205,48,0,,,
10249,205,49,0,,,
10250,205,50,0,,,
10251,206,1,0,,,
10252,206,2,0,,,
10253,206,3,0,,,
10254,206,4,0,,,
10255,206,5,0,,,
10256,206,6,0,,,
10257,206,7,0,,,
10258,206,8,0,,,
10259,206,9,0,,,
10260,206,10,0,,,
10261,206,11,0,,,
10262,206,12,0,,,
10263,206,13,0,,,
10264,206,14,0,,,
10265,206,15,0,,,
10266,206,16,0,,,
10267,206,17,0,,,
10268,206,18,0,,,
10269,206,19,0,,,
10270,206,20,0,,,
10271,206,21,0,,,
10272,206,22,0,,,
10273,206,23,0,,,
10274,206,24,0,,,
10275,206,25,0,,,
10276,206,26,0,,,
10277,206,27,0,,,
10278,206,28,0,,,
10279,206,29,0,,,
10280,206,30,0,,,
10281,206,31,0,,,
10282,206,32,0,,,
10283,206,33,0,,,
10284,206,34,0,,,
10285,206,35,0,,,
10286,206,36,0,,,
10287,206,37,0,,,
10288,206,38,0,,,
10289,206,39,0,,,
10290,206,40,0,,,
10291,206,41,0,,,
10292,206,42,0,,,
10293,206,43,0,,,
10294,206,44,0,,,
10295,206,45,0,,,
10296,206,46,0,,,
10297,206,47,0,,,
10298,206,48,0,,,
10299,206,49,0,,,
10300,206,50,0,,,
10301,207,1,0,,,
10302,207,2,1,Mon Mar 16 2026 00:00:00 GMT-0500 (hora de Ecuador),Mon Mar 16 2026 00:00:00 GMT-0500 (hora de Ecuador),
10303,207,3,1,Fri Mar 27 2026 00:00:00 GMT-0500 (hora de Ecuador),Fri Mar 27 2026 00:00:00 GMT-0500 (hora de Ecuador),
10304,207,4,0,,,
10305,207,5,0,,,
10306,207,6,0,,,
10307,207,7,0,,,
10308,207,8,0,,,
10309,207,9,0,,,
10310,207,10,0,,,
10311,207,11,0,,,
10312,207,12,0,,,
10313,207,13,0,,,
10314,207,14,0,,,
10315,207,15,0,,,
10316,207,16,0,,,
10317,207,17,0,,,
10318,207,18,0,,,
10319,207,19,0,,,
10320,207,20,0,,,
10321,207,21,0,,,
10322,207,22,0,,,
10323,207,23,0,,,
10324,207,24,0,,,
10325,207,25,0,,,
10326,207,26,0,,,
10327,207,27,0,,,
10328,207,28,0,,,
10329,207,29,0,,,
10330,207,30,0,,,
10331,207,31,0,,,
10332,207,32,0,,,
10333,207,33,0,,,
10334,207,34,0,,,
10335,207,35,0,,,
10336,207,36,0,,,
10337,207,37,0,,,
10338,207,38,0,,,
10339,207,39,0,,,
10340,207,40,0,,,
10341,207,41,0,,,
10342,207,42,0,,,
10343,207,43,0,,,
10344,207,44,0,,,
10345,207,45,0,,,
10346,207,46,0,,,
10347,207,47,0,,,
10348,207,48,0,,,
10349,207,49,0,,,
10350,207,50,0,,,
10351,208,1,0,,,
10352,208,2,0,,,
10353,208,3,0,,,
10354,208,4,0,,,
10355,208,5,0,,,
10356,208,6,0,,,
10357,208,7,0,,,
10358,208,8,0,,,
10359,208,9,0,,,
10360,208,10,0,,,
10361,208,11,0,,,
10362,208,12,0,,,
10363,208,13,0,,,
10364,208,14,0,,,
10365,208,15,0,,,
10366,208,16,0,,,
10367,208,17,0,,,
10368,208,18,0,,,
10369,208,19,0,,,
10370,208,20,0,,,
10371,208,21,0,,,
10372,208,22,0,,,
10373,208,23,0,,,
10374,208,24,0,,,
10375,208,25,0,,,
10376,208,26,0,,,
10377,208,27,0,,,
10378,208,28,0,,,
10379,208,29,0,,,
10380,208,30,0,,,
10381,208,31,0,,,
10382,208,32,0,,,
10383,208,33,0,,,
10384,208,34,0,,,
10385,208,35,0,,,
10386,208,36,0,,,
10387,208,37,0,,,
10388,208,38,0,,,
10389,208,39,0,,,
10390,208,40,0,,,
10391,208,41,1,Thu Jan 04 1900 00:00:00 GMT-0514 (hora de Ecuador),Thu Jan 04 1900 00:00:00 GMT-0514 (hora de Ecuador),
10392,208,42,1,Mon Jan 08 1900 00:00:00 GMT-0514 (hora de Ecuador),Mon Jan 08 1900 00:00:00 GMT-0514 (hora de Ecuador),
10393,208,43,1,Fri Jan 12 1900 00:00:00 GMT-0514 (hora de Ecuador),Fri Jan 12 1900 00:00:00 GMT-0514 (hora de Ecuador),
10394,208,44,1,Mon Jan 15 1900 00:00:00 GMT-0514 (hora de Ecuador),Mon Jan 15 1900 00:00:00 GMT-0514 (hora de Ecuador),
10395,208,45,1,Tue Jan 16 1900 00:00:00 GMT-0514 (hora de Ecuador),Tue Jan 16 1900 00:00:00 GMT-0514 (hora de Ecuador),
10396,208,46,1,Thu Jan 18 1900 00:00:00 GMT-0514 (hora de Ecuador),Thu Jan 18 1900 00:00:00 GMT-0514 (hora de Ecuador),
10397,208,47,1,Fri Jan 19 1900 00:00:00 GMT-0514 (hora de Ecuador),Fri Jan 19 1900 00:00:00 GMT-0514 (hora de Ecuador),
10398,208,48,1,Fri Jan 19 1900 00:00:00 GMT-0514 (hora de Ecuador),Fri Jan 19 1900 00:00:00 GMT-0514 (hora de Ecuador),
10399,208,49,1,Wed Jan 24 1900 00:00:00 GMT-0514 (hora de Ecuador),Wed Jan 24 1900 00:00:00 GMT-0514 (hora de Ecuador),
10400,208,50,0,,,
10401,209,1,0,,,
10402,209,2,0,,,
10403,209,3,0,,,
10404,209,4,0,,,
10405,209,5,0,,,
10406,209,6,0,,,
10407,209,7,0,,,
10408,209,8,0,,,
10409,209,9,0,,,
10410,209,10,0,,,
10411,209,11,0,,,
10412,209,12,0,,,
10413,209,13,0,,,
10414,209,14,0,,,
10415,209,15,0,,,
10416,209,16,0,,,
10417,209,17,0,,,
10418,209,18,0,,,
10419,209,19,0,,,
10420,209,20,0,,,
10421,209,21,0,,,
10422,209,22,0,,,
10423,209,23,0,,,
10424,209,24,0,,,
10425,209,25,0,,,
10426,209,26,0,,,
10427,209,27,0,,,
10428,209,28,0,,,
10429,209,29,0,,,
10430,209,30,0,,,
10431,209,31,0,,,
10432,209,32,0,,,
10433,209,33,0,,,
10434,209,34,0,,,
10435,209,35,0,,,
10436,209,36,0,,,
10437,209,37,0,,,
10438,209,38,0,,,
10439,209,39,0,,,
10440,209,40,0,,,
10441,209,41,0,,,
10442,209,42,0,,,
10443,209,43,0,,,
10444,209,44,0,,,
10445,209,45,0,,,
10446,209,46,0,,,
10447,209,47,0,,,
10448,209,48,0,,,
10449,209,49,0,,,
10450,209,50,0,,,
10451,210,1,0,,,
10452,210,2,0,,,
10453,210,3,0,,,
10454,210,4,0,,,
10455,210,5,0,,,
10456,210,6,0,,,
10457,210,7,0,,,
10458,210,8,0,,,
10459,210,9,0,,,
10460,210,10,0,,,
10461,210,11,0,,,
10462,210,12,0,,,
10463,210,13,0,,,
10464,210,14,0,,,
10465,210,15,0,,,
10466,210,16,0,,,
10467,210,17,0,,,
10468,210,18,0,,,
10469,210,19,0,,,
10470,210,20,0,,,
10471,210,21,0,,,
10472,210,22,0,,,
10473,210,23,0,,,
10474,210,24,0,,,
10475,210,25,0,,,
10476,210,26,0,,,
10477,210,27,0,,,
10478,210,28,0,,,
10479,210,29,0,,,
10480,210,30,0,,,
10481,210,31,0,,,
10482,210,32,0,,,
10483,210,33,0,,,
10484,210,34,0,,,
10485,210,35,0,,,
10486,210,36,0,,,
10487,210,37,0,,,
10488,210,38,0,,,
10489,210,39,0,,,
10490,210,40,0,,,
10491,210,41,0,,,
10492,210,42,0,,,
10493,210,43,0,,,
10494,210,44,0,,,
10495,210,45,0,,,
10496,210,46,0,,,
10497,210,47,0,,,
10498,210,48,0,,,
10499,210,49,0,,,
10500,210,50,0,,,
10501,211,1,0,,,
10502,211,2,0,,,
10503,211,3,0,,,
10504,211,4,0,,,
10505,211,5,0,,,
10506,211,6,0,,,
10507,211,7,0,,,
10508,211,8,0,,,
10509,211,9,0,,,
10510,211,10,0,,,
10511,211,11,0,,,
10512,211,12,0,,,
10513,211,13,0,,,
10514,211,14,0,,,
10515,211,15,0,,,
10516,211,16,0,,,
10517,211,17,0,,,
10518,211,18,0,,,
10519,211,19,0,,,
10520,211,20,0,,,
10521,211,21,0,,,
10522,211,22,0,,,
10523,211,23,0,,,
10524,211,24,0,,,
10525,211,25,0,,,
10526,211,26,0,,,
10527,211,27,0,,,
10528,211,28,0,,,
10529,211,29,0,,,
10530,211,30,0,,,
10531,211,31,0,,,
10532,211,32,0,,,
10533,211,33,0,,,
10534,211,34,0,,,
10535,211,35,0,,,
10536,211,36,0,,,
10537,211,37,0,,,
10538,211,38,0,,,
10539,211,39,0,,,
10540,211,40,0,,,
10541,211,41,0,,,
10542,211,42,0,,,
10543,211,43,0,,,
10544,211,44,0,,,
10545,211,45,0,,,
10546,211,46,0,,,
10547,211,47,0,,,
10548,211,48,0,,,
10549,211,49,0,,,
10550,211,50,0,,,
10551,212,1,0,,,
10552,212,2,0,,,
10553,212,3,0,,,
10554,212,4,0,,,
10555,212,5,0,,,
10556,212,6,0,,,
10557,212,7,0,,,
10558,212,8,0,,,
10559,212,9,0,,,
10560,212,10,0,,,
10561,212,11,0,,,
10562,212,12,0,,,
10563,212,13,0,,,
10564,212,14,0,,,
10565,212,15,0,,,
10566,212,16,0,,,
10567,212,17,0,,,
10568,212,18,0,,,
10569,212,19,0,,,
10570,212,20,0,,,
10571,212,21,0,,,
10572,212,22,0,,,
10573,212,23,0,,,
10574,212,24,0,,,
10575,212,25,0,,,
10576,212,26,0,,,
10577,212,27,0,,,
10578,212,28,0,,,
10579,212,29,0,,,
10580,212,30,0,,,
10581,212,31,0,,,
10582,212,32,0,,,
10583,212,33,0,,,
10584,212,34,0,,,
10585,212,35,0,,,
10586,212,36,0,,,
10587,212,37,0,,,
10588,212,38,0,,,
10589,212,39,0,,,
10590,212,40,0,,,
10591,212,41,0,,,
10592,212,42,0,,,
10593,212,43,0,,,
10594,212,44,0,,,
10595,212,45,0,,,
10596,212,46,0,,,
10597,212,47,0,,,
10598,212,48,0,,,
10599,212,49,0,,,
10600,212,50,0,,,
10601,213,1,0,,,
10602,213,2,0,,,
10603,213,3,0,,,
10604,213,4,0,,,
10605,213,5,0,,,
10606,213,6,0,,,
10607,213,7,0,,,
10608,213,8,0,,,
10609,213,9,0,,,
10610,213,10,0,,,
10611,213,11,0,,,
10612,213,12,0,,,
10613,213,13,0,,,
10614,213,14,0,,,
10615,213,15,0,,,
10616,213,16,0,,,
10617,213,17,0,,,
10618,213,18,0,,,
10619,213,19,0,,,
10620,213,20,0,,,
10621,213,21,0,,,
10622,213,22,0,,,
10623,213,23,0,,,
10624,213,24,0,,,
10625,213,25,0,,,
10626,213,26,0,,,
10627,213,27,0,,,
10628,213,28,0,,,
10629,213,29,0,,,
10630,213,30,0,,,
10631,213,31,0,,,
10632,213,32,0,,,
10633,213,33,0,,,
10634,213,34,0,,,
10635,213,35,0,,,
10636,213,36,0,,,
10637,213,37,0,,,
10638,213,38,0,,,
10639,213,39,0,,,
10640,213,40,0,,,
10641,213,41,1,Thu Jan 04 1900 00:00:00 GMT-0514 (hora de Ecuador),Thu Jan 04 1900 00:00:00 GMT-0514 (hora de Ecuador),
10642,213,42,1,Mon Jan 08 1900 00:00:00 GMT-0514 (hora de Ecuador),Mon Jan 08 1900 00:00:00 GMT-0514 (hora de Ecuador),
10643,213,43,1,Fri Jan 12 1900 00:00:00 GMT-0514 (hora de Ecuador),Fri Jan 12 1900 00:00:00 GMT-0514 (hora de Ecuador),
10644,213,44,1,Mon Jan 15 1900 00:00:00 GMT-0514 (hora de Ecuador),Mon Jan 15 1900 00:00:00 GMT-0514 (hora de Ecuador),
10645,213,45,1,Tue Jan 16 1900 00:00:00 GMT-0514 (hora de Ecuador),Tue Jan 16 1900 00:00:00 GMT-0514 (hora de Ecuador),
10646,213,46,1,Thu Jan 18 1900 00:00:00 GMT-0514 (hora de Ecuador),Thu Jan 18 1900 00:00:00 GMT-0514 (hora de Ecuador),
10647,213,47,1,Fri Jan 19 1900 00:00:00 GMT-0514 (hora de Ecuador),Fri Jan 19 1900 00:00:00 GMT-0514 (hora de Ecuador),
10648,213,48,1,Fri Jan 19 1900 00:00:00 GMT-0514 (hora de Ecuador),Fri Jan 19 1900 00:00:00 GMT-0514 (hora de Ecuador),
10649,213,49,1,Wed Jan 24 1900 00:00:00 GMT-0514 (hora de Ecuador),Wed Jan 24 1900 00:00:00 GMT-0514 (hora de Ecuador),
10650,213,50,0,,,
10651,214,1,0,,,
10652,214,2,0,,,
10653,214,3,0,,,
10654,214,4,0,,,
10655,214,5,0,,,
10656,214,6,0,,,
10657,214,7,0,,,
10658,214,8,0,,,
10659,214,9,0,,,
10660,214,10,0,,,
10661,214,11,0,,,
10662,214,12,0,,,
10663,214,13,0,,,
10664,214,14,0,,,
10665,214,15,0,,,
10666,214,16,0,,,
10667,214,17,0,,,
10668,214,18,0,,,
10669,214,19,0,,,
10670,214,20,0,,,
10671,214,21,0,,,
10672,214,22,0,,,
10673,214,23,0,,,
10674,214,24,0,,,
10675,214,25,0,,,
10676,214,26,0,,,
10677,214,27,0,,,
10678,214,28,0,,,
10679,214,29,0,,,
10680,214,30,0,,,
10681,214,31,0,,,
10682,214,32,0,,,
10683,214,33,0,,,
10684,214,34,0,,,
10685,214,35,0,,,
10686,214,36,0,,,
10687,214,37,0,,,
10688,214,38,0,,,
10689,214,39,0,,,
10690,214,40,0,,,
10691,214,41,0,,,
10692,214,42,0,,,
10693,214,43,0,,,
10694,214,44,0,,,
10695,214,45,0,,,
10696,214,46,0,,,
10697,214,47,0,,,
10698,214,48,0,,,
10699,214,49,0,,,
10700,214,50,0,,,
10701,215,1,1,Mon Jan 26 2026 00:00:00 GMT-0500 (hora de Ecuador),Mon Jan 26 2026 00:00:00 GMT-0500 (hora de Ecuador),
10702,215,2,1,Mon Jan 26 2026 00:00:00 GMT-0500 (hora de Ecuador),Mon Jan 26 2026 00:00:00 GMT-0500 (hora de Ecuador),
10703,215,3,1,Tue Jan 27 2026 00:00:00 GMT-0500 (hora de Ecuador),Tue Jan 27 2026 00:00:00 GMT-0500 (hora de Ecuador),
10704,215,4,1,Tue Jan 27 2026 00:00:00 GMT-0500 (hora de Ecuador),Tue Jan 27 2026 00:00:00 GMT-0500 (hora de Ecuador),
10705,215,5,1,Tue Jan 27 2026 00:00:00 GMT-0500 (hora de Ecuador),Tue Jan 27 2026 00:00:00 GMT-0500 (hora de Ecuador),
10706,215,6,1,Wed Jan 28 2026 00:00:00 GMT-0500 (hora de Ecuador),Wed Jan 28 2026 00:00:00 GMT-0500 (hora de Ecuador),
10707,215,7,1,Thu Jan 29 2026 00:00:00 GMT-0500 (hora de Ecuador),Thu Jan 29 2026 00:00:00 GMT-0500 (hora de Ecuador),
10708,215,8,1,Fri Jan 30 2026 00:00:00 GMT-0500 (hora de Ecuador),Fri Jan 30 2026 00:00:00 GMT-0500 (hora de Ecuador),
10709,215,9,1,Mon Feb 02 2026 00:00:00 GMT-0500 (hora de Ecuador),Mon Feb 02 2026 00:00:00 GMT-0500 (hora de Ecuador),
10710,215,10,1,Tue Feb 03 2026 00:00:00 GMT-0500 (hora de Ecuador),Tue Feb 03 2026 00:00:00 GMT-0500 (hora de Ecuador),
10711,215,11,1,Wed Feb 04 2026 00:00:00 GMT-0500 (hora de Ecuador),Wed Feb 04 2026 00:00:00 GMT-0500 (hora de Ecuador),
10712,215,12,1,Wed Feb 04 2026 00:00:00 GMT-0500 (hora de Ecuador),Wed Feb 04 2026 00:00:00 GMT-0500 (hora de Ecuador),
10713,215,13,1,Thu Feb 05 2026 00:00:00 GMT-0500 (hora de Ecuador),Thu Feb 05 2026 00:00:00 GMT-0500 (hora de Ecuador),
10714,215,14,1,Fri Feb 06 2026 00:00:00 GMT-0500 (hora de Ecuador),Fri Feb 06 2026 00:00:00 GMT-0500 (hora de Ecuador),
10715,215,15,1,Mon Feb 09 2026 00:00:00 GMT-0500 (hora de Ecuador),Mon Feb 09 2026 00:00:00 GMT-0500 (hora de Ecuador),
10716,215,16,1,Tue Feb 10 2026 00:00:00 GMT-0500 (hora de Ecuador),Tue Feb 10 2026 00:00:00 GMT-0500 (hora de Ecuador),
10717,215,17,1,Tue Feb 10 2026 00:00:00 GMT-0500 (hora de Ecuador),Tue Feb 10 2026 00:00:00 GMT-0500 (hora de Ecuador),
10718,215,18,1,Wed Feb 11 2026 00:00:00 GMT-0500 (hora de Ecuador),Wed Feb 11 2026 00:00:00 GMT-0500 (hora de Ecuador),
10719,215,19,1,Wed Feb 11 2026 00:00:00 GMT-0500 (hora de Ecuador),Wed Feb 11 2026 00:00:00 GMT-0500 (hora de Ecuador),
10720,215,20,0,,,
10721,215,21,0,,,
10722,215,22,0,,,
10723,215,23,0,,,
10724,215,24,0,,,
10725,215,25,0,,,
10726,215,26,0,,,
10727,215,27,0,,,
10728,215,28,0,,,
10729,215,29,0,,,
10730,215,30,0,,,
10731,215,31,0,,,
10732,215,32,0,,,
10733,215,33,1,Thu Feb 12 2026 00:00:00 GMT-0500 (hora de Ecuador),Thu Feb 12 2026 00:00:00 GMT-0500 (hora de Ecuador),
10734,215,34,1,Fri Feb 13 2026 00:00:00 GMT-0500 (hora de Ecuador),Fri Feb 13 2026 00:00:00 GMT-0500 (hora de Ecuador),
10735,215,35,1,Fri Feb 13 2026 00:00:00 GMT-0500 (hora de Ecuador),Fri Feb 13 2026 00:00:00 GMT-0500 (hora de Ecuador),
10736,215,36,1,Mon Feb 16 2026 00:00:00 GMT-0500 (hora de Ecuador),Mon Feb 16 2026 00:00:00 GMT-0500 (hora de Ecuador),
10737,215,37,1,Tue Feb 17 2026 00:00:00 GMT-0500 (hora de Ecuador),Tue Feb 17 2026 00:00:00 GMT-0500 (hora de Ecuador),
10738,215,38,1,Wed Feb 18 2026 00:00:00 GMT-0500 (hora de Ecuador),Wed Feb 18 2026 00:00:00 GMT-0500 (hora de Ecuador),
10739,215,39,1,Thu Feb 19 2026 00:00:00 GMT-0500 (hora de Ecuador),Thu Feb 19 2026 00:00:00 GMT-0500 (hora de Ecuador),
10740,215,40,1,Thu Feb 19 2026 00:00:00 GMT-0500 (hora de Ecuador),Thu Feb 19 2026 00:00:00 GMT-0500 (hora de Ecuador),
10741,215,41,1,Wed Feb 25 2026 00:00:00 GMT-0500 (hora de Ecuador),Wed Feb 25 2026 00:00:00 GMT-0500 (hora de Ecuador),
10742,215,42,1,Fri Feb 27 2026 00:00:00 GMT-0500 (hora de Ecuador),Fri Feb 27 2026 00:00:00 GMT-0500 (hora de Ecuador),
10743,215,43,1,Thu Mar 05 2026 00:00:00 GMT-0500 (hora de Ecuador),Thu Mar 05 2026 00:00:00 GMT-0500 (hora de Ecuador),
10744,215,44,1,Fri Mar 06 2026 00:00:00 GMT-0500 (hora de Ecuador),Fri Mar 06 2026 00:00:00 GMT-0500 (hora de Ecuador),
10745,215,45,1,Mon Mar 09 2026 00:00:00 GMT-0500 (hora de Ecuador),Mon Mar 09 2026 00:00:00 GMT-0500 (hora de Ecuador),
10746,215,46,1,Wed Mar 11 2026 00:00:00 GMT-0500 (hora de Ecuador),Wed Mar 11 2026 00:00:00 GMT-0500 (hora de Ecuador),
10747,215,47,1,Thu Mar 12 2026 00:00:00 GMT-0500 (hora de Ecuador),Thu Mar 12 2026 00:00:00 GMT-0500 (hora de Ecuador),
10748,215,48,1,Thu Mar 12 2026 00:00:00 GMT-0500 (hora de Ecuador),Thu Mar 12 2026 00:00:00 GMT-0500 (hora de Ecuador),
10749,215,49,1,Tue Mar 17 2026 00:00:00 GMT-0500 (hora de Ecuador),Tue Mar 17 2026 00:00:00 GMT-0500 (hora de Ecuador),
10750,215,50,1,Thu Mar 19 2026 00:00:00 GMT-0500 (hora de Ecuador),Thu Mar 19 2026 00:00:00 GMT-0500 (hora de Ecuador),
10751,216,1,0,,,
10752,216,2,0,,,
10753,216,3,0,,,
10754,216,4,0,,,
10755,216,5,0,,,
10756,216,6,0,,,
10757,216,7,0,,,
10758,216,8,0,,,
10759,216,9,0,,,
10760,216,10,0,,,
10761,216,11,0,,,
10762,216,12,0,,,
10763,216,13,0,,,
10764,216,14,0,,,
10765,216,15,0,,,
10766,216,16,0,,,
10767,216,17,0,,,
10768,216,18,0,,,
10769,216,19,0,,,
10770,216,20,0,,,
10771,216,21,0,,,
10772,216,22,0,,,
10773,216,23,0,,,
10774,216,24,0,,,
10775,216,25,0,,,
10776,216,26,0,,,
10777,216,27,0,,,
10778,216,28,0,,,
10779,216,29,0,,,
10780,216,30,0,,,
10781,216,31,0,,,
10782,216,32,0,,,
10783,216,33,0,,,
10784,216,34,0,,,
10785,216,35,0,,,
10786,216,36,0,,,
10787,216,37,0,,,
10788,216,38,0,,,
10789,216,39,0,,,
10790,216,40,0,,,
10791,216,41,1,Tue Jan 02 1900 00:00:00 GMT-0514 (hora de Ecuador),Tue Jan 02 1900 00:00:00 GMT-0514 (hora de Ecuador),
10792,216,42,1,Thu Jan 04 1900 00:00:00 GMT-0514 (hora de Ecuador),Thu Jan 04 1900 00:00:00 GMT-0514 (hora de Ecuador),
10793,216,43,1,Mon Jan 08 1900 00:00:00 GMT-0514 (hora de Ecuador),Mon Jan 08 1900 00:00:00 GMT-0514 (hora de Ecuador),
10794,216,44,1,Tue Jan 09 1900 00:00:00 GMT-0514 (hora de Ecuador),Tue Jan 09 1900 00:00:00 GMT-0514 (hora de Ecuador),
10795,216,45,1,Wed Jan 10 1900 00:00:00 GMT-0514 (hora de Ecuador),Wed Jan 10 1900 00:00:00 GMT-0514 (hora de Ecuador),
10796,216,46,1,Fri Jan 12 1900 00:00:00 GMT-0514 (hora de Ecuador),Fri Jan 12 1900 00:00:00 GMT-0514 (hora de Ecuador),
10797,216,47,1,Mon Jan 15 1900 00:00:00 GMT-0514 (hora de Ecuador),Mon Jan 15 1900 00:00:00 GMT-0514 (hora de Ecuador),
10798,216,48,1,Wed Jan 17 1900 00:00:00 GMT-0514 (hora de Ecuador),Wed Jan 17 1900 00:00:00 GMT-0514 (hora de Ecuador),
10799,216,49,1,Mon Jan 22 1900 00:00:00 GMT-0514 (hora de Ecuador),Mon Jan 22 1900 00:00:00 GMT-0514 (hora de Ecuador),
10800,216,50,0,,,
10801,217,1,1,Tue Mar 24 2026 00:00:00 GMT-0500 (hora de Ecuador),Tue Dec 01 2026 00:00:00 GMT-0500 (hora de Ecuador),
10802,217,2,0,,,
10803,217,3,0,,,
10804,217,4,0,,,
10805,217,5,0,,,
10806,217,6,0,,,
10807,217,7,0,,,
10808,217,8,1,Fri Mar 27 2026 00:00:00 GMT-0500 (hora de Ecuador),Wed Apr 15 2026 00:00:00 GMT-0500 (hora de Ecuador),
10809,217,9,0,,,
10810,217,10,0,,,
10811,217,11,0,,,
10812,217,12,0,,,
10813,217,13,1,Tue Mar 31 2026 00:00:00 GMT-0500 (hora de Ecuador),Tue Mar 31 2026 00:00:00 GMT-0500 (hora de Ecuador),
10814,217,14,0,,,
10815,217,15,1,Thu Mar 26 2026 00:00:00 GMT-0500 (hora de Ecuador),Tue Jun 30 2026 00:00:00 GMT-0500 (hora de Ecuador),
10816,217,16,0,,,
10817,217,17,0,,,
10818,217,18,0,,,
10819,217,19,0,,,
10820,217,20,0,,,
10821,217,21,0,,,
10822,217,22,0,,,
10823,217,23,0,,,
10824,217,24,0,,,
10825,217,25,0,,,
10826,217,26,0,,,
10827,217,27,0,,,
10828,217,28,0,,,
10829,217,29,0,,,
10830,217,30,0,,,
10831,217,31,0,,,
10832,217,32,0,,,
10833,217,33,0,,,
10834,217,34,0,,,
10835,217,35,0,,,
10836,217,36,1,Mon Mar 30 2026 00:00:00 GMT-0500 (hora de Ecuador),Thu Dec 31 2026 00:00:00 GMT-0500 (hora de Ecuador),
10837,217,37,0,,,
10838,217,38,0,,,
10839,217,39,0,,,
10840,217,40,0,,,
10841,217,41,1,Tue Apr 07 2026 00:00:00 GMT-0500 (hora de Ecuador),Tue Apr 07 2026 00:00:00 GMT-0500 (hora de Ecuador),
10842,217,42,1,Wed Apr 08 2026 00:00:00 GMT-0500 (hora de Ecuador),Wed Apr 08 2026 00:00:00 GMT-0500 (hora de Ecuador),
10843,217,43,1,Tue Apr 14 2026 00:00:00 GMT-0500 (hora de Ecuador),Tue Apr 14 2026 00:00:00 GMT-0500 (hora de Ecuador),
10844,217,44,1,Tue Apr 14 2026 00:00:00 GMT-0500 (hora de Ecuador),Tue Apr 14 2026 00:00:00 GMT-0500 (hora de Ecuador),
10845,217,45,0,,,
10846,217,46,0,,,
10847,217,47,1,Thu Apr 16 2026 00:00:00 GMT-0500 (hora de Ecuador),Thu Apr 16 2026 00:00:00 GMT-0500 (hora de Ecuador),
10848,217,48,0,,,
10849,217,49,1,Wed Apr 22 2026 00:00:00 GMT-0500 (hora de Ecuador),Wed Apr 22 2026 00:00:00 GMT-0500 (hora de Ecuador),
10850,217,50,1,Fri Apr 24 2026 00:00:00 GMT-0500 (hora de Ecuador),Fri Apr 24 2026 00:00:00 GMT-0500 (hora de Ecuador),
10851,218,1,1,Thu Feb 12 2026 00:00:00 GMT-0500 (hora de Ecuador),Thu Jan 01 2026 00:00:00 GMT-0500 (hora de Ecuador),
10852,218,2,1,Thu Feb 12 2026 00:00:00 GMT-0500 (hora de Ecuador),Thu Jan 01 2026 00:00:00 GMT-0500 (hora de Ecuador),
10853,218,3,1,Wed Mar 11 2026 00:00:00 GMT-0500 (hora de Ecuador),Thu Jan 01 2026 00:00:00 GMT-0500 (hora de Ecuador),
10854,218,4,1,Wed Mar 11 2026 00:00:00 GMT-0500 (hora de Ecuador),Wed Mar 11 2026 00:00:00 GMT-0500 (hora de Ecuador),
10855,218,5,1,Wed Mar 11 2026 00:00:00 GMT-0500 (hora de Ecuador),Wed Mar 11 2026 00:00:00 GMT-0500 (hora de Ecuador),
10856,218,6,1,Wed Mar 11 2026 00:00:00 GMT-0500 (hora de Ecuador),Wed Mar 11 2026 00:00:00 GMT-0500 (hora de Ecuador),
10857,218,7,1,Wed Mar 11 2026 00:00:00 GMT-0500 (hora de Ecuador),Wed Mar 11 2026 00:00:00 GMT-0500 (hora de Ecuador),
10858,218,8,1,Wed Mar 11 2026 00:00:00 GMT-0500 (hora de Ecuador),Wed Mar 11 2026 00:00:00 GMT-0500 (hora de Ecuador),
10859,218,9,1,Wed Mar 11 2026 00:00:00 GMT-0500 (hora de Ecuador),Wed Mar 11 2026 00:00:00 GMT-0500 (hora de Ecuador),
10860,218,10,1,Wed Mar 11 2026 00:00:00 GMT-0500 (hora de Ecuador),Wed Mar 11 2026 00:00:00 GMT-0500 (hora de Ecuador),
10861,218,11,1,Thu Mar 12 2026 00:00:00 GMT-0500 (hora de Ecuador),Thu Mar 12 2026 00:00:00 GMT-0500 (hora de Ecuador),
10862,218,12,1,Mon Mar 30 2026 00:00:00 GMT-0500 (hora de Ecuador),Mon Mar 30 2026 00:00:00 GMT-0500 (hora de Ecuador),
10863,218,13,1,Mon Mar 30 2026 00:00:00 GMT-0500 (hora de Ecuador),Mon Mar 30 2026 00:00:00 GMT-0500 (hora de Ecuador),
10864,218,14,1,Wed Apr 01 2026 00:00:00 GMT-0500 (hora de Ecuador),Wed Apr 01 2026 00:00:00 GMT-0500 (hora de Ecuador),
10865,218,15,1,Mon Apr 06 2026 00:00:00 GMT-0500 (hora de Ecuador),Mon Apr 06 2026 00:00:00 GMT-0500 (hora de Ecuador),
10866,218,16,1,Mon Apr 06 2026 00:00:00 GMT-0500 (hora de Ecuador),Mon Apr 06 2026 00:00:00 GMT-0500 (hora de Ecuador),
10867,218,17,1,Mon Apr 06 2026 00:00:00 GMT-0500 (hora de Ecuador),Mon Apr 06 2026 00:00:00 GMT-0500 (hora de Ecuador),
10868,218,18,1,Mon Apr 06 2026 00:00:00 GMT-0500 (hora de Ecuador),Mon Apr 06 2026 00:00:00 GMT-0500 (hora de Ecuador),
10869,218,19,1,Tue Apr 07 2026 00:00:00 GMT-0500 (hora de Ecuador),Tue Apr 07 2026 00:00:00 GMT-0500 (hora de Ecuador),
10870,218,20,0,,,
10871,218,21,0,,,
10872,218,22,0,,,
10873,218,23,0,,,
10874,218,24,0,,,
10875,218,25,0,,,
10876,218,26,0,,,
10877,218,27,0,,,
10878,218,28,0,,,
10879,218,29,0,,,
10880,218,30,0,,,
10881,218,31,0,,,
10882,218,32,0,,,
10883,218,33,1,Thu Apr 09 2026 00:00:00 GMT-0500 (hora de Ecuador),Thu Apr 09 2026 00:00:00 GMT-0500 (hora de Ecuador),
10884,218,34,1,Thu Apr 09 2026 00:00:00 GMT-0500 (hora de Ecuador),Thu Apr 09 2026 00:00:00 GMT-0500 (hora de Ecuador),
10885,218,35,1,Thu Apr 09 2026 00:00:00 GMT-0500 (hora de Ecuador),Wed Apr 15 2026 00:00:00 GMT-0500 (hora de Ecuador),
10886,218,36,1,Mon Apr 13 2026 00:00:00 GMT-0500 (hora de Ecuador),Mon Apr 20 2026 00:00:00 GMT-0500 (hora de Ecuador),
10887,218,37,1,Tue Apr 14 2026 00:00:00 GMT-0500 (hora de Ecuador),Tue Apr 14 2026 00:00:00 GMT-0500 (hora de Ecuador),
10888,218,38,1,Thu Apr 16 2026 00:00:00 GMT-0500 (hora de Ecuador),Thu Apr 16 2026 00:00:00 GMT-0500 (hora de Ecuador),
10889,218,39,1,Fri Apr 17 2026 00:00:00 GMT-0500 (hora de Ecuador),Fri Apr 17 2026 00:00:00 GMT-0500 (hora de Ecuador),
10890,218,40,1,Mon Apr 20 2026 00:00:00 GMT-0500 (hora de Ecuador),Wed Apr 22 2026 00:00:00 GMT-0500 (hora de Ecuador),
10891,218,41,1,Wed Apr 22 2026 00:00:00 GMT-0500 (hora de Ecuador),Fri Apr 24 2026 00:00:00 GMT-0500 (hora de Ecuador),
10892,218,42,1,Fri Apr 24 2026 00:00:00 GMT-0500 (hora de Ecuador),Tue Apr 28 2026 00:00:00 GMT-0500 (hora de Ecuador),
10893,218,43,1,Tue Apr 28 2026 00:00:00 GMT-0500 (hora de Ecuador),Tue Apr 28 2026 00:00:00 GMT-0500 (hora de Ecuador),
10894,218,44,1,Thu Apr 30 2026 00:00:00 GMT-0500 (hora de Ecuador),Thu May 07 2026 00:00:00 GMT-0500 (hora de Ecuador),
10895,218,45,1,Thu Apr 30 2026 00:00:00 GMT-0500 (hora de Ecuador),Thu Apr 30 2026 00:00:00 GMT-0500 (hora de Ecuador),
10896,218,46,1,Wed May 06 2026 00:00:00 GMT-0500 (hora de Ecuador),Wed May 06 2026 00:00:00 GMT-0500 (hora de Ecuador),
10897,218,47,1,Mon May 11 2026 00:00:00 GMT-0500 (hora de Ecuador),Mon May 11 2026 00:00:00 GMT-0500 (hora de Ecuador),
10898,218,48,1,Mon May 11 2026 00:00:00 GMT-0500 (hora de Ecuador),Fri May 08 2026 00:00:00 GMT-0500 (hora de Ecuador),
10899,218,49,1,Thu May 14 2026 00:00:00 GMT-0500 (hora de Ecuador),Thu May 14 2026 00:00:00 GMT-0500 (hora de Ecuador),
10900,218,50,1,Thu May 21 2026 00:00:00 GMT-0500 (hora de Ecuador),Thu May 21 2026 00:00:00 GMT-0500 (hora de Ecuador),
10901,219,1,1,Wed May 20 2026 00:00:00 GMT-0500 (hora de Ecuador),Wed May 20 2026 00:00:00 GMT-0500 (hora de Ecuador),
10902,219,2,1,Wed May 20 2026 00:00:00 GMT-0500 (hora de Ecuador),Wed May 20 2026 00:00:00 GMT-0500 (hora de Ecuador),
10903,219,3,1,Thu May 21 2026 00:00:00 GMT-0500 (hora de Ecuador),Thu May 21 2026 00:00:00 GMT-0500 (hora de Ecuador),
10904,219,4,1,Thu May 21 2026 00:00:00 GMT-0500 (hora de Ecuador),Thu May 21 2026 00:00:00 GMT-0500 (hora de Ecuador),
10905,219,5,1,Thu May 21 2026 00:00:00 GMT-0500 (hora de Ecuador),Thu May 21 2026 00:00:00 GMT-0500 (hora de Ecuador),
10906,219,6,1,Fri May 22 2026 00:00:00 GMT-0500 (hora de Ecuador),Fri May 22 2026 00:00:00 GMT-0500 (hora de Ecuador),
10907,219,7,1,Mon May 25 2026 00:00:00 GMT-0500 (hora de Ecuador),Mon May 25 2026 00:00:00 GMT-0500 (hora de Ecuador),
10908,219,8,1,Tue May 26 2026 00:00:00 GMT-0500 (hora de Ecuador),Tue May 26 2026 00:00:00 GMT-0500 (hora de Ecuador),
10909,219,9,1,Wed May 27 2026 00:00:00 GMT-0500 (hora de Ecuador),Wed May 27 2026 00:00:00 GMT-0500 (hora de Ecuador),
10910,219,10,1,Thu May 28 2026 00:00:00 GMT-0500 (hora de Ecuador),Thu May 28 2026 00:00:00 GMT-0500 (hora de Ecuador),
10911,219,11,1,Fri May 29 2026 00:00:00 GMT-0500 (hora de Ecuador),Fri May 29 2026 00:00:00 GMT-0500 (hora de Ecuador),
10912,219,12,1,Fri May 29 2026 00:00:00 GMT-0500 (hora de Ecuador),Fri May 29 2026 00:00:00 GMT-0500 (hora de Ecuador),
10913,219,13,1,Mon Jun 01 2026 00:00:00 GMT-0500 (hora de Ecuador),Mon Jun 01 2026 00:00:00 GMT-0500 (hora de Ecuador),
10914,219,14,1,Tue Jun 02 2026 00:00:00 GMT-0500 (hora de Ecuador),Tue Jun 02 2026 00:00:00 GMT-0500 (hora de Ecuador),
10915,219,15,1,Wed Jun 03 2026 00:00:00 GMT-0500 (hora de Ecuador),Wed Jun 03 2026 00:00:00 GMT-0500 (hora de Ecuador),
10916,219,16,1,Thu Jun 04 2026 00:00:00 GMT-0500 (hora de Ecuador),Thu Jun 04 2026 00:00:00 GMT-0500 (hora de Ecuador),
10917,219,17,1,Thu Jun 04 2026 00:00:00 GMT-0500 (hora de Ecuador),Thu Jun 04 2026 00:00:00 GMT-0500 (hora de Ecuador),
10918,219,18,1,Fri Jun 05 2026 00:00:00 GMT-0500 (hora de Ecuador),Fri Jun 05 2026 00:00:00 GMT-0500 (hora de Ecuador),
10919,219,19,1,Fri Jun 05 2026 00:00:00 GMT-0500 (hora de Ecuador),Fri Jun 05 2026 00:00:00 GMT-0500 (hora de Ecuador),
10920,219,20,0,,,
10921,219,21,0,,,
10922,219,22,0,,,
10923,219,23,0,,,
10924,219,24,0,,,
10925,219,25,0,,,
10926,219,26,0,,,
10927,219,27,0,,,
10928,219,28,0,,,
10929,219,29,0,,,
10930,219,30,0,,,
10931,219,31,0,,,
10932,219,32,0,,,
10933,219,33,1,Mon Jun 08 2026 00:00:00 GMT-0500 (hora de Ecuador),Mon Jun 08 2026 00:00:00 GMT-0500 (hora de Ecuador),
10934,219,34,1,Tue Jun 09 2026 00:00:00 GMT-0500 (hora de Ecuador),Tue Jun 09 2026 00:00:00 GMT-0500 (hora de Ecuador),
10935,219,35,1,Tue Jun 09 2026 00:00:00 GMT-0500 (hora de Ecuador),Tue Jun 09 2026 00:00:00 GMT-0500 (hora de Ecuador),
10936,219,36,1,Wed Jun 10 2026 00:00:00 GMT-0500 (hora de Ecuador),Wed Jun 10 2026 00:00:00 GMT-0500 (hora de Ecuador),
10937,219,37,1,Thu Jun 11 2026 00:00:00 GMT-0500 (hora de Ecuador),Thu Jun 11 2026 00:00:00 GMT-0500 (hora de Ecuador),
10938,219,38,1,Fri Jun 12 2026 00:00:00 GMT-0500 (hora de Ecuador),Fri Jun 12 2026 00:00:00 GMT-0500 (hora de Ecuador),
10939,219,39,1,Mon Jun 15 2026 00:00:00 GMT-0500 (hora de Ecuador),Mon Jun 15 2026 00:00:00 GMT-0500 (hora de Ecuador),
10940,219,40,1,Mon Jun 15 2026 00:00:00 GMT-0500 (hora de Ecuador),Mon Jun 15 2026 00:00:00 GMT-0500 (hora de Ecuador),
10941,219,41,1,Fri Jun 19 2026 00:00:00 GMT-0500 (hora de Ecuador),Fri Jun 19 2026 00:00:00 GMT-0500 (hora de Ecuador),
10942,219,42,1,Tue Jun 23 2026 00:00:00 GMT-0500 (hora de Ecuador),Tue Jun 23 2026 00:00:00 GMT-0500 (hora de Ecuador),
10943,219,43,1,Mon Jun 29 2026 00:00:00 GMT-0500 (hora de Ecuador),Mon Jun 29 2026 00:00:00 GMT-0500 (hora de Ecuador),
10944,219,44,1,Tue Jun 30 2026 00:00:00 GMT-0500 (hora de Ecuador),Tue Jun 30 2026 00:00:00 GMT-0500 (hora de Ecuador),
10945,219,45,1,Wed Jul 01 2026 00:00:00 GMT-0500 (hora de Ecuador),Wed Jul 01 2026 00:00:00 GMT-0500 (hora de Ecuador),
10946,219,46,1,Fri Jul 03 2026 00:00:00 GMT-0500 (hora de Ecuador),Fri Jul 03 2026 00:00:00 GMT-0500 (hora de Ecuador),
10947,219,47,1,Mon Jul 06 2026 00:00:00 GMT-0500 (hora de Ecuador),Mon Jul 06 2026 00:00:00 GMT-0500 (hora de Ecuador),
10948,219,48,1,Mon Jul 06 2026 00:00:00 GMT-0500 (hora de Ecuador),Mon Jul 06 2026 00:00:00 GMT-0500 (hora de Ecuador),
10949,219,49,1,Thu Jul 09 2026 00:00:00 GMT-0500 (hora de Ecuador),Thu Jul 09 2026 00:00:00 GMT-0500 (hora de Ecuador),
10950,219,50,1,Tue Jul 14 2026 00:00:00 GMT-0500 (hora de Ecuador),Tue Jul 14 2026 00:00:00 GMT-0500 (hora de Ecuador),
14113,207,51,1,Fri Mar 20 2026 00:00:00 GMT-0500 (hora de Ecuador),Fri Mar 20 2026 00:00:00 GMT-0500 (hora de Ecuador),
14114,207,52,1,Mon Mar 23 2026 00:00:00 GMT-0500 (hora de Ecuador),Mon Mar 23 2026 00:00:00 GMT-0500 (hora de Ecuador),
14115,207,53,1,Tue Mar 24 2026 00:00:00 GMT-0500 (hora de Ecuador),Tue Mar 24 2026 00:00:00 GMT-0500 (hora de Ecuador),
14116,207,54,1,Tue Mar 31 2026 00:00:00 GMT-0500 (hora de Ecuador),Tue Mar 31 2026 00:00:00 GMT-0500 (hora de Ecuador),
14117,207,55,1,Thu Apr 02 2026 00:00:00 GMT-0500 (hora de Ecuador),Thu Apr 02 2026 00:00:00 GMT-0500 (hora de Ecuador),
14118,207,56,1,Fri Apr 03 2026 00:00:00 GMT-0500 (hora de Ecuador),Fri Apr 03 2026 00:00:00 GMT-0500 (hora de Ecuador),
14119,207,57,1,Mon Apr 06 2026 00:00:00 GMT-0500 (hora de Ecuador),Mon Apr 06 2026 00:00:00 GMT-0500 (hora de Ecuador),
15720,215,51,0,,,
15721,215,52,0,,,
15722,215,53,0,,,
15723,215,54,0,,,
15724,215,55,0,,,
15725,215,56,0,,,
15726,215,57,0,,,
34348,171,51,0,,,
34349,171,52,0,,,
34350,171,53,0,,,
34351,171,54,0,,,
34352,171,55,0,,,
34353,171,56,0,,,
34354,171,57,0,,,
35404,225,1,1,Thu Jan 01 2026 00:00:00 GMT-0500 (hora de Ecuador),Thu Jul 30 2026 00:00:00 GMT-0500 (hora de Ecuador),
35405,225,2,1,Sat Jan 31 2026 00:00:00 GMT-0500 (hora de Ecuador),Thu Jul 16 2026 00:00:00 GMT-0500 (hora de Ecuador),
35406,225,3,0,Sun Mar 29 2026 00:00:00 GMT-0500 (hora de Ecuador),Sun Mar 29 2026 00:00:00 GMT-0500 (hora de Ecuador),
35407,225,4,0,Sun Mar 29 2026 00:00:00 GMT-0500 (hora de Ecuador),Sun Mar 29 2026 00:00:00 GMT-0500 (hora de Ecuador),
35408,225,5,0,Sun Mar 29 2026 00:00:00 GMT-0500 (hora de Ecuador),Sun Mar 29 2026 00:00:00 GMT-0500 (hora de Ecuador),
35409,225,6,0,Sat Mar 28 2026 00:00:00 GMT-0500 (hora de Ecuador),Mon Jun 01 2026 00:00:00 GMT-0500 (hora de Ecuador),
35410,225,7,0,Sun Mar 29 2026 00:00:00 GMT-0500 (hora de Ecuador),Sun Mar 29 2026 00:00:00 GMT-0500 (hora de Ecuador),
35411,225,8,0,Sun Mar 29 2026 00:00:00 GMT-0500 (hora de Ecuador),Thu Jan 01 2026 00:00:00 GMT-0500 (hora de Ecuador),
35412,225,9,0,Sat Mar 28 2026 00:00:00 GMT-0500 (hora de Ecuador),Thu Jul 30 2026 00:00:00 GMT-0500 (hora de Ecuador),
35413,225,10,0,Sat Mar 28 2026 00:00:00 GMT-0500 (hora de Ecuador),Sat Mar 28 2026 00:00:00 GMT-0500 (hora de Ecuador),
35414,225,11,0,Sat Mar 28 2026 00:00:00 GMT-0500 (hora de Ecuador),Mon Jan 01 2024 00:00:00 GMT-0500 (hora de Ecuador),
35415,225,12,0,Sat Mar 28 2026 00:00:00 GMT-0500 (hora de Ecuador),Sat Mar 28 2026 00:00:00 GMT-0500 (hora de Ecuador),
35416,225,13,0,Sat Mar 28 2026 00:00:00 GMT-0500 (hora de Ecuador),Sat Mar 28 2026 00:00:00 GMT-0500 (hora de Ecuador),
35417,225,14,0,Sat Mar 28 2026 00:00:00 GMT-0500 (hora de Ecuador),Sat Mar 28 2026 00:00:00 GMT-0500 (hora de Ecuador),
35418,225,15,0,Sat Mar 28 2026 00:00:00 GMT-0500 (hora de Ecuador),Sat Mar 28 2026 00:00:00 GMT-0500 (hora de Ecuador),
35419,225,16,0,Sat Mar 28 2026 00:00:00 GMT-0500 (hora de Ecuador),Sat Mar 28 2026 00:00:00 GMT-0500 (hora de Ecuador),
35420,225,17,0,Sat Mar 28 2026 00:00:00 GMT-0500 (hora de Ecuador),Sat Mar 28 2026 00:00:00 GMT-0500 (hora de Ecuador),
35421,225,18,0,Sat Mar 28 2026 00:00:00 GMT-0500 (hora de Ecuador),Sat Mar 28 2026 00:00:00 GMT-0500 (hora de Ecuador),
35422,225,19,0,Sat Mar 28 2026 00:00:00 GMT-0500 (hora de Ecuador),Sat Mar 28 2026 00:00:00 GMT-0500 (hora de Ecuador),
35423,225,20,0,Sat Mar 28 2026 00:00:00 GMT-0500 (hora de Ecuador),Sat Mar 28 2026 00:00:00 GMT-0500 (hora de Ecuador),
35424,225,21,0,Sat Mar 28 2026 00:00:00 GMT-0500 (hora de Ecuador),Sat Mar 28 2026 00:00:00 GMT-0500 (hora de Ecuador),
35425,225,22,0,Sat Mar 28 2026 00:00:00 GMT-0500 (hora de Ecuador),Sat Mar 28 2026 00:00:00 GMT-0500 (hora de Ecuador),
35426,225,23,0,Sat Mar 28 2026 00:00:00 GMT-0500 (hora de Ecuador),Sat Mar 28 2026 00:00:00 GMT-0500 (hora de Ecuador),
35427,225,24,0,Sat Mar 28 2026 00:00:00 GMT-0500 (hora de Ecuador),Sat Mar 28 2026 00:00:00 GMT-0500 (hora de Ecuador),
35428,225,25,0,Sat Mar 28 2026 00:00:00 GMT-0500 (hora de Ecuador),Sat Mar 28 2026 00:00:00 GMT-0500 (hora de Ecuador),
35429,225,26,0,Sat Mar 28 2026 00:00:00 GMT-0500 (hora de Ecuador),Sat Mar 28 2026 00:00:00 GMT-0500 (hora de Ecuador),
35430,225,27,0,Sat Mar 28 2026 00:00:00 GMT-0500 (hora de Ecuador),Sat Mar 28 2026 00:00:00 GMT-0500 (hora de Ecuador),
35431,225,28,0,Sat Mar 28 2026 00:00:00 GMT-0500 (hora de Ecuador),Sat Mar 28 2026 00:00:00 GMT-0500 (hora de Ecuador),
35432,225,29,0,Sat Mar 28 2026 00:00:00 GMT-0500 (hora de Ecuador),Sat Mar 28 2026 00:00:00 GMT-0500 (hora de Ecuador),
35433,225,30,0,Sat Mar 28 2026 00:00:00 GMT-0500 (hora de Ecuador),Sat Mar 28 2026 00:00:00 GMT-0500 (hora de Ecuador),
35434,225,31,0,Sat Mar 28 2026 00:00:00 GMT-0500 (hora de Ecuador),Sat Mar 28 2026 00:00:00 GMT-0500 (hora de Ecuador),
35435,225,32,0,Sat Mar 28 2026 00:00:00 GMT-0500 (hora de Ecuador),Sat Mar 28 2026 00:00:00 GMT-0500 (hora de Ecuador),
35436,225,33,0,Sat Mar 28 2026 00:00:00 GMT-0500 (hora de Ecuador),Sat Mar 28 2026 00:00:00 GMT-0500 (hora de Ecuador),
35437,225,34,0,Sat Mar 28 2026 00:00:00 GMT-0500 (hora de Ecuador),Sat Mar 28 2026 00:00:00 GMT-0500 (hora de Ecuador),
35438,225,35,0,Sat Mar 28 2026 00:00:00 GMT-0500 (hora de Ecuador),Sat Mar 28 2026 00:00:00 GMT-0500 (hora de Ecuador),
35439,225,36,0,Sat Mar 28 2026 00:00:00 GMT-0500 (hora de Ecuador),Sat Mar 28 2026 00:00:00 GMT-0500 (hora de Ecuador),
35440,225,37,0,Sat Mar 28 2026 00:00:00 GMT-0500 (hora de Ecuador),Sat Mar 28 2026 00:00:00 GMT-0500 (hora de Ecuador),
35441,225,38,0,Sat Mar 28 2026 00:00:00 GMT-0500 (hora de Ecuador),Sat Mar 28 2026 00:00:00 GMT-0500 (hora de Ecuador),
35442,225,39,0,Sat Mar 28 2026 00:00:00 GMT-0500 (hora de Ecuador),Sat Mar 28 2026 00:00:00 GMT-0500 (hora de Ecuador),
35443,225,40,0,Sat Mar 28 2026 00:00:00 GMT-0500 (hora de Ecuador),Sat Mar 28 2026 00:00:00 GMT-0500 (hora de Ecuador),
35444,225,41,0,Sat Mar 28 2026 00:00:00 GMT-0500 (hora de Ecuador),Sat Mar 28 2026 00:00:00 GMT-0500 (hora de Ecuador),
35445,225,42,0,Sat Mar 28 2026 00:00:00 GMT-0500 (hora de Ecuador),Sat Mar 28 2026 00:00:00 GMT-0500 (hora de Ecuador),
35446,225,43,0,Sat Mar 28 2026 00:00:00 GMT-0500 (hora de Ecuador),Sat Mar 28 2026 00:00:00 GMT-0500 (hora de Ecuador),
35447,225,44,0,Sat Mar 28 2026 00:00:00 GMT-0500 (hora de Ecuador),Sat Mar 28 2026 00:00:00 GMT-0500 (hora de Ecuador),
35448,225,45,0,Sat Mar 28 2026 00:00:00 GMT-0500 (hora de Ecuador),Sat Mar 28 2026 00:00:00 GMT-0500 (hora de Ecuador),
35449,225,46,0,Sat Mar 28 2026 00:00:00 GMT-0500 (hora de Ecuador),Sat Mar 28 2026 00:00:00 GMT-0500 (hora de Ecuador),
35450,225,47,0,Sat Mar 28 2026 00:00:00 GMT-0500 (hora de Ecuador),Sat Mar 28 2026 00:00:00 GMT-0500 (hora de Ecuador),
35451,225,48,0,Sat Mar 28 2026 00:00:00 GMT-0500 (hora de Ecuador),Sat Mar 28 2026 00:00:00 GMT-0500 (hora de Ecuador),
35452,225,49,0,Sat Mar 28 2026 00:00:00 GMT-0500 (hora de Ecuador),Sat Mar 28 2026 00:00:00 GMT-0500 (hora de Ecuador),
35453,225,50,0,Sat Mar 28 2026 00:00:00 GMT-0500 (hora de Ecuador),Sat Mar 28 2026 00:00:00 GMT-0500 (hora de Ecuador),
35454,225,51,0,Sat Mar 28 2026 00:00:00 GMT-0500 (hora de Ecuador),Sat Mar 28 2026 00:00:00 GMT-0500 (hora de Ecuador),
35455,225,52,0,Sat Mar 28 2026 00:00:00 GMT-0500 (hora de Ecuador),Sat Mar 28 2026 00:00:00 GMT-0500 (hora de Ecuador),
35456,225,53,0,Sat Mar 28 2026 00:00:00 GMT-0500 (hora de Ecuador),Sat Mar 28 2026 00:00:00 GMT-0500 (hora de Ecuador),
35457,225,54,0,Sat Mar 28 2026 00:00:00 GMT-0500 (hora de Ecuador),Sat Mar 28 2026 00:00:00 GMT-0500 (hora de Ecuador),
35458,225,55,0,Sat Mar 28 2026 00:00:00 GMT-0500 (hora de Ecuador),Sat Mar 28 2026 00:00:00 GMT-0500 (hora de Ecuador),
35459,225,56,0,Sat Mar 28 2026 00:00:00 GMT-0500 (hora de Ecuador),Sat Mar 28 2026 00:00:00 GMT-0500 (hora de Ecuador),
35460,225,57,0,Sat Mar 28 2026 00:00:00 GMT-0500 (hora de Ecuador),Sat Mar 28 2026 00:00:00 GMT-0500 (hora de Ecuador),
35982,217,51,0,,,
35983,217,52,0,,,
35984,217,53,0,,,
35985,217,54,0,,,
35986,217,55,0,,,
35987,217,56,0,,,
35988,217,57,0,,,
35989,217,58,1,Tue Mar 24 2026 00:00:00 GMT-0500 (hora de Ecuador),Wed Apr 15 2026 00:00:00 GMT-0500 (hora de Ecuador),
35990,217,59,1,Wed Mar 25 2026 00:00:00 GMT-0500 (hora de Ecuador),Mon Mar 30 2026 00:00:00 GMT-0500 (hora de Ecuador),
37744,172,51,0,,,
37745,172,52,0,,,
37746,172,53,0,,,
37747,172,54,0,,,
37748,172,55,0,,,
37749,172,56,0,,,
37750,172,57,0,,,
37751,172,58,0,,,
37752,172,59,0,,,
38051,225,58,0,Sat Mar 28 2026 00:00:00 GMT-0500 (hora de Ecuador),Sat Mar 28 2026 00:00:00 GMT-0500 (hora de Ecuador),
38052,225,59,0,Sat Mar 28 2026 00:00:00 GMT-0500 (hora de Ecuador),Sat Mar 28 2026 00:00:00 GMT-0500 (hora de Ecuador),
38870,195,51,0,,,
38871,195,52,0,,,
38872,195,53,0,,,
38873,195,54,0,,,
38874,195,55,0,,,
38875,195,56,0,,,
38876,195,57,0,,,
38877,195,58,0,,,
38878,195,59,0,,,
39637,144,51,0,,,
39638,144,52,0,,,
39639,144,53,0,,,
39640,144,54,0,,,
39641,144,55,0,,,
39642,144,56,0,,,
39643,144,57,0,,,
39644,144,58,0,,,
39645,144,59,0,,,
40159,142,51,0,,,
40160,142,52,0,,,
40161,142,53,0,,,
40162,142,54,0,,,
40163,142,55,0,,,
40164,142,56,0,,,
40165,142,57,0,,,
40166,142,58,0,,,
40167,142,59,0,,,
42115,220,1,1,Thu Jan 01 2026 00:00:00 GMT-0500 (hora de Ecuador),Thu Jan 01 2026 00:00:00 GMT-0500 (hora de Ecuador),
42116,220,2,1,Fri Jan 23 2026 00:00:00 GMT-0500 (hora de Ecuador),Fri Jan 23 2026 00:00:00 GMT-0500 (hora de Ecuador),
42117,220,3,1,Mon Dec 01 2025 00:00:00 GMT-0500 (hora de Ecuador),Wed Apr 01 2026 00:00:00 GMT-0500 (hora de Ecuador),
42118,220,4,1,Mon Dec 15 2025 00:00:00 GMT-0500 (hora de Ecuador),Mon Dec 15 2025 00:00:00 GMT-0500 (hora de Ecuador),
42119,220,5,1,Tue Dec 30 2025 00:00:00 GMT-0500 (hora de Ecuador),Tue Dec 30 2025 00:00:00 GMT-0500 (hora de Ecuador),
42120,220,6,1,Thu Apr 30 2026 00:00:00 GMT-0500 (hora de Ecuador),Thu Apr 30 2026 00:00:00 GMT-0500 (hora de Ecuador),
42121,220,7,1,Fri Apr 10 2026 00:00:00 GMT-0500 (hora de Ecuador),Fri Apr 10 2026 00:00:00 GMT-0500 (hora de Ecuador),
42122,220,8,1,Wed Apr 22 2026 00:00:00 GMT-0500 (hora de Ecuador),Wed Apr 22 2026 00:00:00 GMT-0500 (hora de Ecuador),
42123,220,9,1,Thu Apr 16 2026 00:00:00 GMT-0500 (hora de Ecuador),Thu Apr 16 2026 00:00:00 GMT-0500 (hora de Ecuador),
42124,220,10,1,Fri Apr 17 2026 00:00:00 GMT-0500 (hora de Ecuador),Fri Apr 17 2026 00:00:00 GMT-0500 (hora de Ecuador),
42125,220,11,1,Fri Apr 24 2026 00:00:00 GMT-0500 (hora de Ecuador),Fri Apr 24 2026 00:00:00 GMT-0500 (hora de Ecuador),
42126,220,12,1,Fri Apr 03 2026 00:00:00 GMT-0500 (hora de Ecuador),Fri Apr 03 2026 00:00:00 GMT-0500 (hora de Ecuador),
42127,220,13,1,Wed Apr 22 2026 00:00:00 GMT-0500 (hora de Ecuador),Wed Apr 22 2026 00:00:00 GMT-0500 (hora de Ecuador),
42128,220,14,1,Thu Apr 09 2026 00:00:00 GMT-0500 (hora de Ecuador),Thu Apr 09 2026 00:00:00 GMT-0500 (hora de Ecuador),
42129,220,15,1,,,
42130,220,16,1,,,
42131,220,17,1,,,
42132,220,18,1,,,
42133,220,19,1,,,
42134,220,20,1,,,
42135,220,21,1,,,
42136,220,22,1,,,
42137,220,23,1,,,
42138,220,24,1,,,
42139,220,25,1,,,
42140,220,26,1,,,
42141,220,27,1,,,
42142,220,28,1,,,
42143,220,29,1,,,
42144,220,30,1,,,
42145,220,31,1,,,
42146,220,32,1,,,
42147,220,33,1,,,
42148,220,34,1,,,
42149,220,35,1,,,
42150,220,36,1,,,
42151,220,37,1,,,
42152,220,38,1,,,
42153,220,39,1,,,
42154,220,40,1,,,
42155,220,41,1,,,
42156,220,42,1,,,
42157,220,43,1,,,
42158,220,44,1,,,
42159,220,45,1,,,
42160,220,46,1,,,
42161,220,47,1,,,
42162,220,48,1,,,
42163,220,49,1,,,
42164,220,50,1,,,
42165,220,51,1,,,
42166,220,52,1,,,
42167,220,53,1,,,
42168,220,54,1,,,
42169,220,55,1,,,
42170,220,56,1,,,
42171,220,57,1,,,
42172,220,58,1,,,
42173,220,59,1,,,
44416,222,1,1,Sun Mar 01 2026 00:00:00 GMT-0500 (hora de Ecuador),Sun Mar 01 2026 00:00:00 GMT-0500 (hora de Ecuador),
44417,222,2,1,Sun Mar 01 2026 00:00:00 GMT-0500 (hora de Ecuador),Sun Mar 01 2026 00:00:00 GMT-0500 (hora de Ecuador),
44418,222,3,0,,,
44419,222,4,0,,,
44420,222,5,0,,,
44421,222,6,0,,,
44422,222,7,0,,,
44423,222,8,0,,,
44424,222,9,0,,,
44425,222,10,0,,,
44426,222,11,0,,,
44427,222,12,0,,,
44428,222,13,0,,,
44429,222,14,0,,,
44430,222,15,0,,,
44431,222,16,0,,,
44432,222,17,0,,,
44433,222,18,0,,,
44434,222,19,0,,,
44435,222,20,0,,,
44436,222,21,0,,,
44437,222,22,0,,,
44438,222,23,0,,,
44439,222,24,0,,,
44440,222,25,0,,,
44441,222,26,0,,,
44442,222,27,0,,,
44443,222,28,0,,,
44444,222,29,0,,,
44445,222,30,0,,,
44446,222,31,0,,,
44447,222,32,0,,,
44448,222,33,0,,,
44449,222,34,0,,,
44450,222,35,0,,,
44451,222,36,0,,,
44452,222,37,0,,,
44453,222,38,0,,,
44454,222,39,0,,,
44455,222,40,0,,,
44456,222,41,0,,,
44457,222,42,0,,,
44458,222,43,0,,,
44459,222,44,0,,,
44460,222,45,0,,,
44461,222,46,0,,,
44462,222,47,0,,,
44463,222,48,0,,,
44464,222,49,0,,,
44465,222,50,0,,,
44466,222,51,0,,,
44467,222,52,0,,,
44468,222,53,0,,,
44469,222,54,0,,,
44470,222,55,0,,,
44471,222,56,0,,,
44472,222,57,0,,,
44473,222,58,0,,,
44474,222,59,0,,,
46885,174,51,0,,,
46886,174,52,0,,,
46887,174,53,0,,,
46888,174,54,0,,,
46889,174,55,0,,,
46890,174,56,0,,,
46891,174,57,0,,,
46892,174,58,0,,,
46893,174,59,0,,,
48016,195,60,0,,,
49515,174,60,1,Thu Apr 02 2026 00:00:00 GMT-0500 (hora de Ecuador),Thu Apr 02 2026 00:00:00 GMT-0500 (hora de Ecuador),
49566,218,51,0,,,
49567,218,52,0,,,
49568,218,53,0,,,
49569,218,54,0,,,
49570,218,55,0,,,
49571,218,56,0,,,
49572,218,57,0,,,
49573,218,58,0,,,
49574,218,59,0,,,
49575,218,60,0,,,
50535,172,60,1,Thu Apr 02 2026 00:00:00 GMT-0500 (hora de Ecuador),Thu Apr 02 2026 00:00:00 GMT-0500 (hora de Ecuador),
52335,220,60,1,,,
52626,23,51,0,,,
52627,23,52,0,,,
52628,23,53,0,,,
52629,23,54,0,,,
52630,23,55,0,,,
52631,23,56,0,,,
52632,23,57,0,,,
52633,23,58,0,,,
52634,23,59,0,,,
52635,23,60,0,,,
52816,221,1,1,Fri Apr 10 2026 00:00:00 GMT-0500 (hora de Ecuador),Thu Apr 30 2026 00:00:00 GMT-0500 (hora de Ecuador),
52817,221,2,1,Wed Apr 15 2026 00:00:00 GMT-0500 (hora de Ecuador),Sun Mar 01 2026 00:00:00 GMT-0500 (hora de Ecuador),
52818,221,3,1,,,
52819,221,4,1,,,
52820,221,5,1,,,
52821,221,6,1,,,
52822,221,7,1,,,
52823,221,8,1,,,
52824,221,9,1,,,
52825,221,10,1,,,
52826,221,11,1,,,
52827,221,12,1,,,
52828,221,13,1,,,
52829,221,14,1,,,
52830,221,15,1,,,
52831,221,16,1,,,
52832,221,17,1,Wed Apr 01 2026 00:00:00 GMT-0500 (hora de Ecuador),Fri Apr 17 2026 00:00:00 GMT-0500 (hora de Ecuador),
52833,221,18,1,,,
52834,221,19,1,,,
52835,221,20,1,,,
52836,221,21,1,,,
52837,221,22,1,,,
52838,221,23,1,,,
52839,221,24,1,,,
52840,221,25,1,,,
52841,221,26,1,,,
52842,221,27,1,,,
52843,221,28,1,,,
52844,221,29,1,,,
52845,221,30,1,,,
52846,221,31,1,,,
52847,221,32,1,,,
52848,221,33,1,,,
52849,221,34,1,,,
52850,221,35,1,,,
52851,221,36,1,,,
52852,221,37,1,,,
52853,221,38,1,,,
52854,221,39,1,,,
52855,221,40,1,,,
52856,221,41,1,,,
52857,221,42,1,,,
52858,221,43,1,,,
52859,221,44,1,,,
52860,221,45,1,,,
52861,221,46,1,,,
52862,221,47,1,,,
52863,221,48,1,,,
52864,221,49,1,,,
52865,221,50,1,,,
52866,221,51,1,,,
52867,221,52,1,,,
52868,221,53,1,,,
52869,221,54,1,,,
52870,221,55,1,,,
52871,221,56,1,,,
52872,221,57,1,,,
52873,221,58,1,,,
52874,221,59,1,,,
52875,221,60,1,,,
53286,14,51,0,,,
53287,14,52,0,,,
53288,14,53,0,,,
53289,14,54,0,,,
53290,14,55,0,,,
53291,14,56,0,,,
53292,14,57,0,,,
53293,14,58,0,,,
53294,14,59,0,,,
53295,14,60,0,,,
62215,144,60,0,,,
67419,106,51,0,,,
67420,106,52,0,,,
67421,106,53,0,,,
67422,106,54,0,,,
67423,106,55,0,,,
67424,106,56,0,,,
67425,106,57,0,,,
67426,106,58,0,,,
67427,106,59,0,,,
67428,106,60,0,,,
68619,78,51,0,,,
68620,78,52,0,,,
68621,78,53,0,,,
68622,78,54,0,,,
68623,78,55,0,,,
68624,78,56,0,,,
68625,78,57,0,,,
68626,78,58,0,,,
68627,78,59,0,,,
68628,78,60,0,,,
70249,75,51,0,,,
70250,75,52,0,,,
70251,75,53,0,,,
70252,75,54,0,,,
70253,75,55,0,,,
70254,75,56,0,,,
70255,75,57,0,,,
70256,75,58,0,,,
70257,75,59,0,,,
70258,75,60,0,,,
70669,62,51,0,,,
70670,62,52,0,,,
70671,62,53,0,,,
70672,62,54,0,,,
70673,62,55,0,,,
70674,62,56,0,,,
70675,62,57,0,,,
70676,62,58,0,,,
70677,62,59,0,,,
70678,62,60,0,,,
70679,62,61,1,Tue Mar 24 2026 00:00:00 GMT-0500 (hora de Ecuador),Tue Mar 24 2026 00:00:00 GMT-0500 (hora de Ecuador),
73111,220,61,1,,,
73172,221,61,1,,,
90452,246,1,1,Wed Jul 01 2026 00:00:00 GMT-0500 (hora de Ecuador),Wed Jul 01 2026 00:00:00 GMT-0500 (hora de Ecuador),
90453,246,2,0,,,
90454,246,3,0,,,
90455,246,4,0,,,
90456,246,5,0,,,
90457,246,6,0,,,
90458,246,7,0,,,
90459,246,8,0,,,
90460,246,9,0,,,
90461,246,10,0,,,
90462,246,11,0,,,
90463,246,12,0,,,
90464,246,13,0,,,
90465,246,14,0,,,
90466,246,15,0,,,
90467,246,16,0,,,
90468,246,17,0,,,
90469,246,18,0,,,
90470,246,19,0,,,
90471,246,20,0,,,
90472,246,21,0,,,
90473,246,22,0,,,
90474,246,23,0,,,
90475,246,24,0,,,
90476,246,25,0,,,
90477,246,26,0,,,
90478,246,27,0,,,
90479,246,28,0,,,
90480,246,29,0,,,
90481,246,30,0,,,
90482,246,31,0,,,
90483,246,32,0,,,
90484,246,33,0,,,
90485,246,34,0,,,
90486,246,35,0,,,
90487,246,36,0,,,
90488,246,37,0,,,
90489,246,38,0,,,
90490,246,39,0,,,
90491,246,40,0,,,
90492,246,41,0,,,
90493,246,42,0,,,
90494,246,43,0,,,
90495,246,44,0,,,
90496,246,45,0,,,
90497,246,46,0,,,
90498,246,47,0,,,
90499,246,48,0,,,
90500,246,49,0,,,
90501,246,50,0,,,
90502,246,51,0,,,
90503,246,52,0,,,
90504,246,53,0,,,
90505,246,54,0,,,
90506,246,55,0,,,
90507,246,56,0,,,
90508,246,57,0,,,
90509,246,58,0,,,
90510,246,59,0,,,
90511,246,60,0,,,
90512,246,61,1,Wed Jul 01 2026 00:00:00 GMT-0500 (hora de Ecuador),Thu Jul 02 2026 00:00:00 GMT-0500 (hora de Ecuador),
90563,24,51,0,,,
90564,24,52,0,,,
90565,24,53,0,,,
90566,24,54,0,,,
90567,24,55,0,,,
90568,24,56,0,,,
90569,24,57,0,,,
90570,24,58,0,,,
90571,24,59,0,,,
90572,24,60,0,,,
90573,24,61,1,Fri Jul 24 2026 00:00:00 GMT-0500 (hora de Ecuador),Thu Jul 30 2026 00:00:00 GMT-0500 (hora de Ecuador),
90574,261,1,1,Wed Jul 01 2026 00:00:00 GMT-0500 (hora de Ecuador),Thu Jul 30 2026 00:00:00 GMT-0500 (hora de Ecuador),
90575,261,2,0,,,
90576,261,3,0,,,
90577,261,4,0,,,
90578,261,5,0,,,
90579,261,6,0,,,
90580,261,7,0,,,
90581,261,8,0,,,
90582,261,9,0,,,
90583,261,10,0,,,
90584,261,11,0,,,
90585,261,12,0,,,
90586,261,13,0,,,
90587,261,14,0,,,
90588,261,15,0,,,
90589,261,16,0,,,
90590,261,17,0,,,
90591,261,18,0,,,
90592,261,19,0,,,
90593,261,20,0,,,
90594,261,21,0,,,
90595,261,22,0,,,
90596,261,23,0,,,
90597,261,24,0,,,
90598,261,25,0,,,
90599,261,26,0,,,
90600,261,27,0,,,
90601,261,28,0,,,
90602,261,29,0,,,
90603,261,30,0,,,
90604,261,31,0,,,
90605,261,32,0,,,
90606,261,33,0,,,
90607,261,34,0,,,
90608,261,35,0,,,
90609,261,36,0,,,
90610,261,37,0,,,
90611,261,38,0,,,
90612,261,39,0,,,
90613,261,40,0,,,
90614,261,41,0,,,
90615,261,42,0,,,
90616,261,43,0,,,
90617,261,44,0,,,
90618,261,45,0,,,
90619,261,46,0,,,
90620,261,47,0,,,
90621,261,48,0,,,
90622,261,49,0,,,
90623,261,50,0,,,
90624,261,51,0,,,
90625,261,52,0,,,
90626,261,53,0,,,
90627,261,54,0,,,
90628,261,55,0,,,
90629,261,56,0,,,
90630,261,57,0,,,
90631,261,58,0,,,
90632,261,59,0,,,
90633,261,60,0,,,
90634,261,61,1,Wed Jul 01 2026 00:00:00 GMT-0500 (hora de Ecuador),Thu Jul 30 2026 00:00:00 GMT-0500 (hora de Ecuador),
90635,238,1,1,Mon Jul 20 2026 00:00:00 GMT-0500 (hora de Ecuador),Wed Jul 22 2026 00:00:00 GMT-0500 (hora de Ecuador),
90636,238,2,0,,,
90637,238,3,0,,,
90638,238,4,0,,,
90639,238,5,0,,,
90640,238,6,0,,,
90641,238,7,0,,,
90642,238,8,0,,,
90643,238,9,0,,,
90644,238,10,0,,,
90645,238,11,0,,,
90646,238,12,0,,,
90647,238,13,0,,,
90648,238,14,0,,,
90649,238,15,0,,,
90650,238,16,0,,,
90651,238,17,0,,,
90652,238,18,0,,,
90653,238,19,0,,,
90654,238,20,0,,,
90655,238,21,0,,,
90656,238,22,0,,,
90657,238,23,0,,,
90658,238,24,0,,,
90659,238,25,0,,,
90660,238,26,0,,,
90661,238,27,0,,,
90662,238,28,0,,,
90663,238,29,0,,,
90664,238,30,0,,,
90665,238,31,0,,,
90666,238,32,0,,,
90667,238,33,0,,,
90668,238,34,0,,,
90669,238,35,0,,,
90670,238,36,0,,,
90671,238,37,0,,,
90672,238,38,0,,,
90673,238,39,0,,,
90674,238,40,0,,,
90675,238,41,0,,,
90676,238,42,0,,,
90677,238,43,0,,,
90678,238,44,0,,,
90679,238,45,0,,,
90680,238,46,0,,,
90681,238,47,0,,,
90682,238,48,0,,,
90683,238,49,0,,,
90684,238,50,0,,,
90685,238,51,0,,,
90686,238,52,0,,,
90687,238,53,0,,,
90688,238,54,0,,,
90689,238,55,0,,,
90690,238,56,0,,,
90691,238,57,0,,,
90692,238,58,0,,,
90693,238,59,0,,,
90694,238,60,0,,,
90695,238,61,1,Mon Jul 20 2026 00:00:00 GMT-0500 (hora de Ecuador),Fri Jul 31 2026 00:00:00 GMT-0500 (hora de Ecuador),
90696,230,1,1,Wed Jul 01 2026 00:00:00 GMT-0500 (hora de Ecuador),Tue Jul 28 2026 00:00:00 GMT-0500 (hora de Ecuador),
90697,230,2,1,Wed Jul 29 2026 00:00:00 GMT-0500 (hora de Ecuador),Wed Jul 29 2026 00:00:00 GMT-0500 (hora de Ecuador),
90698,230,3,1,Fri Jul 31 2026 00:00:00 GMT-0500 (hora de Ecuador),Fri Jul 31 2026 00:00:00 GMT-0500 (hora de Ecuador),
90699,230,4,1,Fri Jul 31 2026 00:00:00 GMT-0500 (hora de Ecuador),Fri Jul 31 2026 00:00:00 GMT-0500 (hora de Ecuador),
90700,230,5,1,Mon Aug 03 2026 00:00:00 GMT-0500 (hora de Ecuador),Mon Aug 03 2026 00:00:00 GMT-0500 (hora de Ecuador),
90701,230,6,0,,,
90702,230,7,0,,,
90703,230,8,1,Fri Jul 31 2026 00:00:00 GMT-0500 (hora de Ecuador),Fri Jul 31 2026 00:00:00 GMT-0500 (hora de Ecuador),
90704,230,9,1,Fri Jul 31 2026 00:00:00 GMT-0500 (hora de Ecuador),Fri Jul 31 2026 00:00:00 GMT-0500 (hora de Ecuador),
90705,230,10,1,Wed Jul 29 2026 00:00:00 GMT-0500 (hora de Ecuador),Wed Jul 29 2026 00:00:00 GMT-0500 (hora de Ecuador),
90706,230,11,1,Thu Jul 30 2026 00:00:00 GMT-0500 (hora de Ecuador),Thu Jul 30 2026 00:00:00 GMT-0500 (hora de Ecuador),
90707,230,12,1,Mon Aug 03 2026 00:00:00 GMT-0500 (hora de Ecuador),Mon Aug 03 2026 00:00:00 GMT-0500 (hora de Ecuador),
90708,230,13,1,Tue Aug 04 2026 00:00:00 GMT-0500 (hora de Ecuador),Tue Aug 04 2026 00:00:00 GMT-0500 (hora de Ecuador),
90709,230,14,1,Mon Aug 10 2026 00:00:00 GMT-0500 (hora de Ecuador),Mon Aug 10 2026 00:00:00 GMT-0500 (hora de Ecuador),
90710,230,15,1,Tue Aug 11 2026 00:00:00 GMT-0500 (hora de Ecuador),Tue Aug 11 2026 00:00:00 GMT-0500 (hora de Ecuador),
90711,230,16,1,Wed Aug 12 2026 00:00:00 GMT-0500 (hora de Ecuador),Wed Aug 12 2026 00:00:00 GMT-0500 (hora de Ecuador),
90712,230,17,1,Fri Aug 14 2026 00:00:00 GMT-0500 (hora de Ecuador),Fri Aug 14 2026 00:00:00 GMT-0500 (hora de Ecuador),
90713,230,18,1,Fri Aug 14 2026 00:00:00 GMT-0500 (hora de Ecuador),Fri Aug 14 2026 00:00:00 GMT-0500 (hora de Ecuador),
90714,230,19,0,,,
90715,230,20,0,,,
90716,230,21,0,,,
90717,230,22,0,,,
90718,230,23,0,,,
90719,230,24,0,,,
90720,230,25,0,,,
90721,230,26,0,,,
90722,230,27,0,,,
90723,230,28,0,,,
90724,230,29,0,,,
90725,230,30,0,,,
90726,230,31,0,,,
90727,230,32,0,,,
90728,230,33,0,,,
90729,230,34,0,,,
90730,230,35,0,,,
90731,230,36,0,,,
90732,230,37,0,,,
90733,230,38,0,,,
90734,230,39,0,,,
90735,230,40,0,,,
90736,230,41,0,,,
90737,230,42,0,,,
90738,230,43,0,,,
90739,230,44,0,,,
90740,230,45,0,,,
90741,230,46,0,,,
90742,230,47,0,,,
90743,230,48,0,,,
90744,230,49,0,,,
90745,230,50,0,,,
90746,230,51,0,,,
90747,230,52,0,,,
90748,230,53,0,,,
90749,230,54,0,,,
90750,230,55,0,,,
90751,230,56,0,,,
90752,230,57,0,,,
90753,230,58,0,,,
90754,230,59,0,,,
90755,230,60,0,,,
90756,230,61,0,Mon Jul 20 2026 00:00:00 GMT-0500 (hora de Ecuador),,
90757,247,1,1,Mon Jul 20 2026 00:00:00 GMT-0500 (hora de Ecuador),Mon Jul 20 2026 00:00:00 GMT-0500 (hora de Ecuador),
90758,247,2,0,,,
90759,247,3,0,,,
90760,247,4,0,,,
90761,247,5,0,,,
90762,247,6,0,,,
90763,247,7,0,,,
90764,247,8,0,,,
90765,247,9,0,,,
90766,247,10,0,,,
90767,247,11,0,,,
90768,247,12,0,,,
90769,247,13,0,,,
90770,247,14,0,,,
90771,247,15,0,,,
90772,247,16,0,,,
90773,247,17,0,,,
90774,247,18,0,,,
90775,247,19,0,,,
90776,247,20,0,,,
90777,247,21,0,,,
90778,247,22,0,,,
90779,247,23,0,,,
90780,247,24,0,,,
90781,247,25,0,,,
90782,247,26,0,,,
90783,247,27,0,,,
90784,247,28,0,,,
90785,247,29,0,,,
90786,247,30,0,,,
90787,247,31,0,,,
90788,247,32,0,,,
90789,247,33,0,,,
90790,247,34,0,,,
90791,247,35,0,,,
90792,247,36,0,,,
90793,247,37,0,,,
90794,247,38,0,,,
90795,247,39,0,,,
90796,247,40,0,,,
90797,247,41,0,,,
90798,247,42,0,,,
90799,247,43,0,,,
90800,247,44,0,,,
90801,247,45,0,,,
90802,247,46,0,,,
90803,247,47,0,,,
90804,247,48,0,,,
90805,247,49,0,,,
90806,247,50,0,,,
90807,247,51,0,,,
90808,247,52,0,,,
90809,247,53,0,,,
90810,247,54,0,,,
90811,247,55,0,,,
90812,247,56,0,,,
90813,247,57,0,,,
90814,247,58,0,,,
90815,247,59,0,,,
90816,247,60,0,,,
90817,247,61,1,Mon Jul 20 2026 00:00:00 GMT-0500 (hora de Ecuador),Fri Jul 31 2026 00:00:00 GMT-0500 (hora de Ecuador),
90818,228,1,1,Mon Jul 20 2026 00:00:00 GMT-0500 (hora de Ecuador),Mon Jul 20 2026 00:00:00 GMT-0500 (hora de Ecuador),
90819,228,2,0,,,
90820,228,3,0,,,
90821,228,4,0,,,
90822,228,5,0,,,
90823,228,6,0,,,
90824,228,7,0,,,
90825,228,8,0,,,
90826,228,9,0,,,
90827,228,10,0,,,
90828,228,11,0,,,
90829,228,12,0,,,
90830,228,13,0,,,
90831,228,14,0,,,
90832,228,15,0,,,
90833,228,16,0,,,
90834,228,17,0,,,
90835,228,18,0,,,
90836,228,19,0,,,
90837,228,20,0,,,
90838,228,21,0,,,
90839,228,22,0,,,
90840,228,23,0,,,
90841,228,24,0,,,
90842,228,25,0,,,
90843,228,26,0,,,
90844,228,27,0,,,
90845,228,28,0,,,
90846,228,29,0,,,
90847,228,30,0,,,
90848,228,31,0,,,
90849,228,32,0,,,
90850,228,33,0,,,
90851,228,34,0,,,
90852,228,35,0,,,
90853,228,36,0,,,
90854,228,37,0,,,
90855,228,38,0,,,
90856,228,39,0,,,
90857,228,40,0,,,
90858,228,41,0,,,
90859,228,42,0,,,
90860,228,43,0,,,
90861,228,44,0,,,
90862,228,45,0,,,
90863,228,46,0,,,
90864,228,47,0,,,
90865,228,48,0,,,
90866,228,49,0,,,
90867,228,50,0,,,
90868,228,51,0,,,
90869,228,52,0,,,
90870,228,53,0,,,
90871,228,54,0,,,
90872,228,55,0,,,
90873,228,56,0,,,
90874,228,57,0,,,
90875,228,58,0,,,
90876,228,59,0,,,
90877,228,60,0,,,
90878,228,61,1,Mon Jul 20 2026 00:00:00 GMT-0500 (hora de Ecuador),Fri Jul 31 2026 00:00:00 GMT-0500 (hora de Ecuador),
90879,256,1,0,Mon Jul 20 2026 00:00:00 GMT-0500 (hora de Ecuador),Wed Jul 29 2026 00:00:00 GMT-0500 (hora de Ecuador),
90880,256,2,0,,,
90881,256,3,1,Mon Jun 29 2026 00:00:00 GMT-0500 (hora de Ecuador),Wed Jul 29 2026 00:00:00 GMT-0500 (hora de Ecuador),
90882,256,4,1,Mon Jun 29 2026 00:00:00 GMT-0500 (hora de Ecuador),Wed Jul 29 2026 00:00:00 GMT-0500 (hora de Ecuador),
90883,256,5,1,Mon Jun 29 2026 00:00:00 GMT-0500 (hora de Ecuador),Wed Jul 29 2026 00:00:00 GMT-0500 (hora de Ecuador),
90884,256,6,1,Mon Jun 22 2026 00:00:00 GMT-0500 (hora de Ecuador),Wed Jul 29 2026 00:00:00 GMT-0500 (hora de Ecuador),
90885,256,7,1,Mon Jun 22 2026 00:00:00 GMT-0500 (hora de Ecuador),Wed Jul 29 2026 00:00:00 GMT-0500 (hora de Ecuador),
90886,256,8,1,Wed Jul 01 2026 00:00:00 GMT-0500 (hora de Ecuador),Wed Jul 29 2026 00:00:00 GMT-0500 (hora de Ecuador),
90887,256,9,1,Thu Jul 02 2026 00:00:00 GMT-0500 (hora de Ecuador),Wed Jul 29 2026 00:00:00 GMT-0500 (hora de Ecuador),
90888,256,10,1,Thu Jul 02 2026 00:00:00 GMT-0500 (hora de Ecuador),Wed Jul 29 2026 00:00:00 GMT-0500 (hora de Ecuador),
90889,256,11,1,Fri Jul 03 2026 00:00:00 GMT-0500 (hora de Ecuador),Wed Jul 29 2026 00:00:00 GMT-0500 (hora de Ecuador),
90890,256,12,1,Fri Jul 17 2026 00:00:00 GMT-0500 (hora de Ecuador),Wed Jul 29 2026 00:00:00 GMT-0500 (hora de Ecuador),
90891,256,13,1,Mon Jul 20 2026 00:00:00 GMT-0500 (hora de Ecuador),Wed Jul 29 2026 00:00:00 GMT-0500 (hora de Ecuador),
90892,256,14,1,Thu Jul 23 2026 00:00:00 GMT-0500 (hora de Ecuador),Wed Jul 29 2026 00:00:00 GMT-0500 (hora de Ecuador),
90893,256,15,1,Thu Jul 23 2026 00:00:00 GMT-0500 (hora de Ecuador),Wed Jul 29 2026 00:00:00 GMT-0500 (hora de Ecuador),
90894,256,16,1,Mon Jul 27 2026 00:00:00 GMT-0500 (hora de Ecuador),Wed Jul 29 2026 00:00:00 GMT-0500 (hora de Ecuador),
90895,256,17,1,Mon Jul 27 2026 00:00:00 GMT-0500 (hora de Ecuador),Wed Jul 29 2026 00:00:00 GMT-0500 (hora de Ecuador),
90896,256,18,1,Mon Jul 27 2026 00:00:00 GMT-0500 (hora de Ecuador),Wed Jul 29 2026 00:00:00 GMT-0500 (hora de Ecuador),
90897,256,19,1,Mon Jul 27 2026 00:00:00 GMT-0500 (hora de Ecuador),Wed Jul 29 2026 00:00:00 GMT-0500 (hora de Ecuador),
90898,256,20,1,Mon Aug 03 2026 00:00:00 GMT-0500 (hora de Ecuador),Mon Aug 03 2026 00:00:00 GMT-0500 (hora de Ecuador),
90899,256,21,0,,,
90900,256,22,0,,,
90901,256,23,0,,,
90902,256,24,0,,,
90903,256,25,0,,,
90904,256,26,0,,,
90905,256,27,0,,,
90906,256,28,0,,,
90907,256,29,0,,,
90908,256,30,0,,,
90909,256,31,0,,,
90910,256,32,0,,,
90911,256,33,0,,,
90912,256,34,0,,,
90913,256,35,1,Tue Aug 04 2026 00:00:00 GMT-0500 (hora de Ecuador),Tue Aug 04 2026 00:00:00 GMT-0500 (hora de Ecuador),
90914,256,36,1,Wed Aug 05 2026 00:00:00 GMT-0500 (hora de Ecuador),Wed Aug 05 2026 00:00:00 GMT-0500 (hora de Ecuador),
90915,256,37,1,Thu Aug 06 2026 00:00:00 GMT-0500 (hora de Ecuador),Thu Aug 06 2026 00:00:00 GMT-0500 (hora de Ecuador),
90916,256,38,1,Thu Aug 06 2026 00:00:00 GMT-0500 (hora de Ecuador),Thu Aug 06 2026 00:00:00 GMT-0500 (hora de Ecuador),
90917,256,39,0,,,
90918,256,40,0,,,
90919,256,41,1,Mon Aug 10 2026 00:00:00 GMT-0500 (hora de Ecuador),Mon Aug 10 2026 00:00:00 GMT-0500 (hora de Ecuador),
90920,256,42,1,Wed Aug 12 2026 00:00:00 GMT-0500 (hora de Ecuador),Wed Aug 12 2026 00:00:00 GMT-0500 (hora de Ecuador),
90921,256,43,1,Fri Aug 14 2026 00:00:00 GMT-0500 (hora de Ecuador),Fri Aug 14 2026 00:00:00 GMT-0500 (hora de Ecuador),
90922,256,44,1,Mon Aug 17 2026 00:00:00 GMT-0500 (hora de Ecuador),Mon Aug 17 2026 00:00:00 GMT-0500 (hora de Ecuador),
90923,256,45,1,Tue Aug 18 2026 00:00:00 GMT-0500 (hora de Ecuador),Tue Aug 18 2026 00:00:00 GMT-0500 (hora de Ecuador),
90924,256,46,1,Thu Aug 20 2026 00:00:00 GMT-0500 (hora de Ecuador),Thu Aug 20 2026 00:00:00 GMT-0500 (hora de Ecuador),
90925,256,47,1,Fri Aug 21 2026 00:00:00 GMT-0500 (hora de Ecuador),Fri Aug 21 2026 00:00:00 GMT-0500 (hora de Ecuador),
90926,256,48,0,,,
90927,256,49,1,Tue Aug 25 2026 00:00:00 GMT-0500 (hora de Ecuador),Wed Jul 29 2026 00:00:00 GMT-0500 (hora de Ecuador),
90928,256,50,1,Fri Aug 28 2026 00:00:00 GMT-0500 (hora de Ecuador),Fri Aug 28 2026 00:00:00 GMT-0500 (hora de Ecuador),
90929,256,51,0,,,
90930,256,52,0,,,
90931,256,53,0,,,
90932,256,54,0,,,
90933,256,55,0,,,
90934,256,56,0,,,
90935,256,57,0,,,
90936,256,58,0,,,
90937,256,59,0,,,
90938,256,60,0,,,
90939,256,61,0,Mon Jul 20 2026 00:00:00 GMT-0500 (hora de Ecuador),Wed Jul 29 2026 00:00:00 GMT-0500 (hora de Ecuador),
90940,231,1,1,Fri May 29 2026 00:00:00 GMT-0500 (hora de Ecuador),Fri May 29 2026 00:00:00 GMT-0500 (hora de Ecuador),
90941,231,2,1,Tue Jun 02 2026 00:00:00 GMT-0500 (hora de Ecuador),Tue Jun 02 2026 00:00:00 GMT-0500 (hora de Ecuador),
90942,231,3,1,Thu Jun 04 2026 00:00:00 GMT-0500 (hora de Ecuador),Thu Jun 04 2026 00:00:00 GMT-0500 (hora de Ecuador),
90943,231,4,1,Thu Jun 04 2026 00:00:00 GMT-0500 (hora de Ecuador),Thu Jun 04 2026 00:00:00 GMT-0500 (hora de Ecuador),
90944,231,5,1,Thu Jun 04 2026 00:00:00 GMT-0500 (hora de Ecuador),Thu Jun 04 2026 00:00:00 GMT-0500 (hora de Ecuador),
90945,231,6,0,,,
90946,231,7,0,,,
90947,231,8,1,Thu Jun 04 2026 00:00:00 GMT-0500 (hora de Ecuador),Thu Jun 04 2026 00:00:00 GMT-0500 (hora de Ecuador),
90948,231,9,1,Thu Jun 04 2026 00:00:00 GMT-0500 (hora de Ecuador),Thu Jun 04 2026 00:00:00 GMT-0500 (hora de Ecuador),
90949,231,10,1,Fri May 29 2026 00:00:00 GMT-0500 (hora de Ecuador),Fri May 29 2026 00:00:00 GMT-0500 (hora de Ecuador),
90950,231,11,1,Mon Jun 01 2026 00:00:00 GMT-0500 (hora de Ecuador),Mon Jun 01 2026 00:00:00 GMT-0500 (hora de Ecuador),
90951,231,12,1,Thu Jun 04 2026 00:00:00 GMT-0500 (hora de Ecuador),Thu Jun 04 2026 00:00:00 GMT-0500 (hora de Ecuador),
90952,231,13,1,Fri Jun 05 2026 00:00:00 GMT-0500 (hora de Ecuador),Fri Jun 05 2026 00:00:00 GMT-0500 (hora de Ecuador),
90953,231,14,1,Thu Jun 11 2026 00:00:00 GMT-0500 (hora de Ecuador),Thu Jun 11 2026 00:00:00 GMT-0500 (hora de Ecuador),
90954,231,15,1,Thu Jun 25 2026 00:00:00 GMT-0500 (hora de Ecuador),Thu Jun 25 2026 00:00:00 GMT-0500 (hora de Ecuador),
90955,231,16,1,Thu Jun 25 2026 00:00:00 GMT-0500 (hora de Ecuador),Thu Jun 25 2026 00:00:00 GMT-0500 (hora de Ecuador),
90956,231,17,1,Fri Jun 26 2026 00:00:00 GMT-0500 (hora de Ecuador),Fri Jun 26 2026 00:00:00 GMT-0500 (hora de Ecuador),
90957,231,18,1,Thu Jun 25 2026 00:00:00 GMT-0500 (hora de Ecuador),Thu Jun 25 2026 00:00:00 GMT-0500 (hora de Ecuador),
90958,231,19,1,Fri Jun 26 2026 00:00:00 GMT-0500 (hora de Ecuador),Fri Jun 26 2026 00:00:00 GMT-0500 (hora de Ecuador),
90959,231,20,0,,,
90960,231,21,0,,,
90961,231,22,0,,,
90962,231,23,0,,,
90963,231,24,0,,,
90964,231,25,0,,,
90965,231,26,0,,,
90966,231,27,0,,,
90967,231,28,0,,,
90968,231,29,0,,,
90969,231,30,0,,,
90970,231,31,0,,,
90971,231,32,0,,,
90972,231,33,0,,,
90973,231,34,1,Sat Jun 27 2026 00:00:00 GMT-0500 (hora de Ecuador),Sat Jun 27 2026 00:00:00 GMT-0500 (hora de Ecuador),
90974,231,35,1,Mon Jun 29 2026 00:00:00 GMT-0500 (hora de Ecuador),Mon Jun 29 2026 00:00:00 GMT-0500 (hora de Ecuador),
90975,231,36,1,Mon Jun 29 2026 00:00:00 GMT-0500 (hora de Ecuador),Mon Jun 29 2026 00:00:00 GMT-0500 (hora de Ecuador),
90976,231,37,1,Thu Jun 25 2026 00:00:00 GMT-0500 (hora de Ecuador),Thu Jun 25 2026 00:00:00 GMT-0500 (hora de Ecuador),
90977,231,38,1,Mon Jun 29 2026 00:00:00 GMT-0500 (hora de Ecuador),Mon Jun 29 2026 00:00:00 GMT-0500 (hora de Ecuador),
90978,231,39,0,,,
90979,231,40,0,,,
90980,231,41,1,Fri Jul 03 2026 00:00:00 GMT-0500 (hora de Ecuador),Fri Jul 03 2026 00:00:00 GMT-0500 (hora de Ecuador),
90981,231,42,1,Tue Jul 07 2026 00:00:00 GMT-0500 (hora de Ecuador),Tue Jul 07 2026 00:00:00 GMT-0500 (hora de Ecuador),
90982,231,43,1,Tue Jul 14 2026 00:00:00 GMT-0500 (hora de Ecuador),Tue Jul 14 2026 00:00:00 GMT-0500 (hora de Ecuador),
90983,231,44,0,,,
90984,231,45,1,Thu Jul 16 2026 00:00:00 GMT-0500 (hora de Ecuador),Thu Jul 16 2026 00:00:00 GMT-0500 (hora de Ecuador),
90985,231,46,1,Mon Jul 20 2026 00:00:00 GMT-0500 (hora de Ecuador),Mon Jul 20 2026 00:00:00 GMT-0500 (hora de Ecuador),
90986,231,47,1,Tue Jul 21 2026 00:00:00 GMT-0500 (hora de Ecuador),Tue Jul 21 2026 00:00:00 GMT-0500 (hora de Ecuador),
90987,231,48,0,,,
90988,231,49,1,Fri Jul 24 2026 00:00:00 GMT-0500 (hora de Ecuador),Fri Jul 24 2026 00:00:00 GMT-0500 (hora de Ecuador),
90989,231,50,1,Wed Jul 29 2026 00:00:00 GMT-0500 (hora de Ecuador),Wed Jul 29 2026 00:00:00 GMT-0500 (hora de Ecuador),
90990,231,51,0,,,
90991,231,52,0,,,
90992,231,53,0,,,
90993,231,54,0,,,
90994,231,55,0,,,
90995,231,56,0,,,
90996,231,57,0,,,
90997,231,58,0,,,
90998,231,59,0,,,
90999,231,60,0,,,
91000,231,61,0,Mon Jul 20 2026 00:00:00 GMT-0500 (hora de Ecuador),Mon Jul 20 2026 00:00:00 GMT-0500 (hora de Ecuador),
91001,259,1,1,Mon Jul 20 2026 00:00:00 GMT-0500 (hora de Ecuador),Mon Jul 20 2026 00:00:00 GMT-0500 (hora de Ecuador),
91002,259,2,0,,,
91003,259,3,0,,,
91004,259,4,0,,,
91005,259,5,0,,,
91006,259,6,0,,,
91007,259,7,0,,,
91008,259,8,0,,,
91009,259,9,0,,,
91010,259,10,0,,,
91011,259,11,0,,,
91012,259,12,0,,,
91013,259,13,0,,,
91014,259,14,0,,,
91015,259,15,0,,,
91016,259,16,0,,,
91017,259,17,0,,,
91018,259,18,0,,,
91019,259,19,0,,,
91020,259,20,0,,,
91021,259,21,0,,,
91022,259,22,0,,,
91023,259,23,0,,,
91024,259,24,0,,,
91025,259,25,0,,,
91026,259,26,0,,,
91027,259,27,0,,,
91028,259,28,0,,,
91029,259,29,0,,,
91030,259,30,0,,,
91031,259,31,0,,,
91032,259,32,0,,,
91033,259,33,0,,,
91034,259,34,0,,,
91035,259,35,0,,,
91036,259,36,0,,,
91037,259,37,0,,,
91038,259,38,0,,,
91039,259,39,0,,,
91040,259,40,0,,,
91041,259,41,0,,,
91042,259,42,0,,,
91043,259,43,0,,,
91044,259,44,0,,,
91045,259,45,0,,,
91046,259,46,0,,,
91047,259,47,0,,,
91048,259,48,0,,,
91049,259,49,0,,,
91050,259,50,0,,,
91051,259,51,0,,,
91052,259,52,0,,,
91053,259,53,0,,,
91054,259,54,0,,,
91055,259,55,0,,,
91056,259,56,0,,,
91057,259,57,0,,,
91058,259,58,0,,,
91059,259,59,0,,,
91060,259,60,0,,,
91061,259,61,1,Mon Jul 20 2026 00:00:00 GMT-0500 (hora de Ecuador),Fri Jul 31 2026 00:00:00 GMT-0500 (hora de Ecuador),
91112,138,51,0,,,
91113,138,52,0,,,
91114,138,53,0,,,
91115,138,54,0,,,
91116,138,55,0,,,
91117,138,56,0,,,
91118,138,57,0,,,
91119,138,58,0,,,
91120,138,59,0,,,
91121,138,60,0,,,
91122,138,61,1,Mon Jul 20 2026 00:00:00 GMT-0500 (hora de Ecuador),Fri Jul 31 2026 00:00:00 GMT-0500 (hora de Ecuador),
91123,239,1,1,Mon Jul 20 2026 00:00:00 GMT-0500 (hora de Ecuador),Mon Jul 20 2026 00:00:00 GMT-0500 (hora de Ecuador),
91124,239,2,0,,,
91125,239,3,0,,,
91126,239,4,0,,,
91127,239,5,0,,,
91128,239,6,0,,,
91129,239,7,0,,,
91130,239,8,0,,,
91131,239,9,0,,,
91132,239,10,0,,,
91133,239,11,0,,,
91134,239,12,0,,,
91135,239,13,0,,,
91136,239,14,0,,,
91137,239,15,0,,,
91138,239,16,0,,,
91139,239,17,0,,,
91140,239,18,0,,,
91141,239,19,0,,,
91142,239,20,0,,,
91143,239,21,0,,,
91144,239,22,0,,,
91145,239,23,0,,,
91146,239,24,0,,,
91147,239,25,0,,,
91148,239,26,0,,,
91149,239,27,0,,,
91150,239,28,0,,,
91151,239,29,0,,,
91152,239,30,0,,,
91153,239,31,0,,,
91154,239,32,0,,,
91155,239,33,0,,,
91156,239,34,0,,,
91157,239,35,0,,,
91158,239,36,0,,,
91159,239,37,0,,,
91160,239,38,0,,,
91161,239,39,0,,,
91162,239,40,0,,,
91163,239,41,0,,,
91164,239,42,0,,,
91165,239,43,0,,,
91166,239,44,0,,,
91167,239,45,0,,,
91168,239,46,0,,,
91169,239,47,0,,,
91170,239,48,0,,,
91171,239,49,0,,,
91172,239,50,0,,,
91173,239,51,0,,,
91174,239,52,0,,,
91175,239,53,0,,,
91176,239,54,0,,,
91177,239,55,0,,,
91178,239,56,0,,,
91179,239,57,0,,,
91180,239,58,0,,,
91181,239,59,0,,,
91182,239,60,0,,,
91183,239,61,1,Mon Jul 20 2026 00:00:00 GMT-0500 (hora de Ecuador),Fri Jul 31 2026 00:00:00 GMT-0500 (hora de Ecuador),
91184,232,1,1,Mon Jul 20 2026 00:00:00 GMT-0500 (hora de Ecuador),Mon Jul 20 2026 00:00:00 GMT-0500 (hora de Ecuador),
91185,232,2,0,,,
91186,232,3,0,,,
91187,232,4,0,,,
91188,232,5,0,,,
91189,232,6,0,,,
91190,232,7,0,,,
91191,232,8,0,,,
91192,232,9,0,,,
91193,232,10,0,,,
91194,232,11,0,,,
91195,232,12,0,,,
91196,232,13,0,,,
91197,232,14,0,,,
91198,232,15,0,,,
91199,232,16,0,,,
91200,232,17,0,,,
91201,232,18,0,,,
91202,232,19,0,,,
91203,232,20,0,,,
91204,232,21,0,,,
91205,232,22,0,,,
91206,232,23,0,,,
91207,232,24,0,,,
91208,232,25,0,,,
91209,232,26,0,,,
91210,232,27,0,,,
91211,232,28,0,,,
91212,232,29,0,,,
91213,232,30,0,,,
91214,232,31,0,,,
91215,232,32,0,,,
91216,232,33,0,,,
91217,232,34,0,,,
91218,232,35,0,,,
91219,232,36,0,,,
91220,232,37,0,,,
91221,232,38,0,,,
91222,232,39,0,,,
91223,232,40,0,,,
91224,232,41,0,,,
91225,232,42,0,,,
91226,232,43,0,,,
91227,232,44,0,,,
91228,232,45,0,,,
91229,232,46,0,,,
91230,232,47,0,,,
91231,232,48,0,,,
91232,232,49,0,,,
91233,232,50,0,,,
91234,232,51,0,,,
91235,232,52,0,,,
91236,232,53,0,,,
91237,232,54,0,,,
91238,232,55,0,,,
91239,232,56,0,,,
91240,232,57,0,,,
91241,232,58,0,,,
91242,232,59,0,,,
91243,232,60,0,,,
91244,232,61,1,Mon Jul 20 2026 00:00:00 GMT-0500 (hora de Ecuador),Fri Jul 31 2026 00:00:00 GMT-0500 (hora de Ecuador),
91245,233,1,1,Mon Jul 20 2026 00:00:00 GMT-0500 (hora de Ecuador),Mon Jul 20 2026 00:00:00 GMT-0500 (hora de Ecuador),
91246,233,2,0,,,
91247,233,3,0,,,
91248,233,4,0,,,
91249,233,5,0,,,
91250,233,6,0,,,
91251,233,7,0,,,
91252,233,8,0,,,
91253,233,9,0,,,
91254,233,10,0,,,
91255,233,11,0,,,
91256,233,12,0,,,
91257,233,13,0,,,
91258,233,14,0,,,
91259,233,15,0,,,
91260,233,16,0,,,
91261,233,17,0,,,
91262,233,18,0,,,
91263,233,19,0,,,
91264,233,20,0,,,
91265,233,21,0,,,
91266,233,22,0,,,
91267,233,23,0,,,
91268,233,24,0,,,
91269,233,25,0,,,
91270,233,26,0,,,
91271,233,27,0,,,
91272,233,28,0,,,
91273,233,29,0,,,
91274,233,30,0,,,
91275,233,31,0,,,
91276,233,32,0,,,
91277,233,33,0,,,
91278,233,34,0,,,
91279,233,35,0,,,
91280,233,36,0,,,
91281,233,37,0,,,
91282,233,38,0,,,
91283,233,39,0,,,
91284,233,40,0,,,
91285,233,41,0,,,
91286,233,42,0,,,
91287,233,43,0,,,
91288,233,44,0,,,
91289,233,45,0,,,
91290,233,46,0,,,
91291,233,47,0,,,
91292,233,48,0,,,
91293,233,49,0,,,
91294,233,50,0,,,
91295,233,51,0,,,
91296,233,52,0,,,
91297,233,53,0,,,
91298,233,54,0,,,
91299,233,55,0,,,
91300,233,56,0,,,
91301,233,57,0,,,
91302,233,58,0,,,
91303,233,59,0,,,
91304,233,60,0,,,
91305,233,61,1,Mon Jul 20 2026 00:00:00 GMT-0500 (hora de Ecuador),Fri Jul 31 2026 00:00:00 GMT-0500 (hora de Ecuador),
91306,241,1,1,Mon Jul 20 2026 00:00:00 GMT-0500 (hora de Ecuador),Mon Jul 20 2026 00:00:00 GMT-0500 (hora de Ecuador),
91307,241,2,0,,,
91308,241,3,0,,,
91309,241,4,0,,,
91310,241,5,0,,,
91311,241,6,0,,,
91312,241,7,0,,,
91313,241,8,0,,,
91314,241,9,0,,,
91315,241,10,0,,,
91316,241,11,0,,,
91317,241,12,0,,,
91318,241,13,0,,,
91319,241,14,0,,,
91320,241,15,0,,,
91321,241,16,0,,,
91322,241,17,0,,,
91323,241,18,0,,,
91324,241,19,0,,,
91325,241,20,0,,,
91326,241,21,0,,,
91327,241,22,0,,,
91328,241,23,0,,,
91329,241,24,0,,,
91330,241,25,0,,,
91331,241,26,0,,,
91332,241,27,0,,,
91333,241,28,0,,,
91334,241,29,0,,,
91335,241,30,0,,,
91336,241,31,0,,,
91337,241,32,0,,,
91338,241,33,0,,,
91339,241,34,0,,,
91340,241,35,0,,,
91341,241,36,0,,,
91342,241,37,0,,,
91343,241,38,0,,,
91344,241,39,0,,,
91345,241,40,0,,,
91346,241,41,0,,,
91347,241,42,0,,,
91348,241,43,0,,,
91349,241,44,0,,,
91350,241,45,0,,,
91351,241,46,0,,,
91352,241,47,0,,,
91353,241,48,0,,,
91354,241,49,0,,,
91355,241,50,0,,,
91356,241,51,0,,,
91357,241,52,0,,,
91358,241,53,0,,,
91359,241,54,0,,,
91360,241,55,0,,,
91361,241,56,0,,,
91362,241,57,0,,,
91363,241,58,0,,,
91364,241,59,0,,,
91365,241,60,0,,,
91366,241,61,1,Mon Jul 20 2026 00:00:00 GMT-0500 (hora de Ecuador),Fri Jul 31 2026 00:00:00 GMT-0500 (hora de Ecuador),
91367,243,1,1,Mon Jul 20 2026 00:00:00 GMT-0500 (hora de Ecuador),Mon Jul 20 2026 00:00:00 GMT-0500 (hora de Ecuador),
91368,243,2,0,,,
91369,243,3,0,,,
91370,243,4,0,,,
91371,243,5,0,,,
91372,243,6,0,,,
91373,243,7,0,,,
91374,243,8,0,,,
91375,243,9,0,,,
91376,243,10,0,,,
91377,243,11,0,,,
91378,243,12,0,,,
91379,243,13,0,,,
91380,243,14,0,,,
91381,243,15,0,,,
91382,243,16,0,,,
91383,243,17,0,,,
91384,243,18,0,,,
91385,243,19,0,,,
91386,243,20,0,,,
91387,243,21,0,,,
91388,243,22,0,,,
91389,243,23,0,,,
91390,243,24,0,,,
91391,243,25,0,,,
91392,243,26,0,,,
91393,243,27,0,,,
91394,243,28,0,,,
91395,243,29,0,,,
91396,243,30,0,,,
91397,243,31,0,,,
91398,243,32,0,,,
91399,243,33,0,,,
91400,243,34,0,,,
91401,243,35,0,,,
91402,243,36,0,,,
91403,243,37,0,,,
91404,243,38,0,,,
91405,243,39,0,,,
91406,243,40,0,,,
91407,243,41,0,,,
91408,243,42,0,,,
91409,243,43,0,,,
91410,243,44,0,,,
91411,243,45,0,,,
91412,243,46,0,,,
91413,243,47,0,,,
91414,243,48,0,,,
91415,243,49,0,,,
91416,243,50,0,,,
91417,243,51,0,,,
91418,243,52,0,,,
91419,243,53,0,,,
91420,243,54,0,,,
91421,243,55,0,,,
91422,243,56,0,,,
91423,243,57,0,,,
91424,243,58,0,,,
91425,243,59,0,,,
91426,243,60,0,,,
91427,243,61,1,Mon Jul 20 2026 00:00:00 GMT-0500 (hora de Ecuador),Fri Jul 31 2026 00:00:00 GMT-0500 (hora de Ecuador),
91428,242,1,1,Mon Jul 20 2026 00:00:00 GMT-0500 (hora de Ecuador),Mon Jul 20 2026 00:00:00 GMT-0500 (hora de Ecuador),
91429,242,2,0,,,
91430,242,3,0,,,
91431,242,4,0,,,
91432,242,5,0,,,
91433,242,6,0,,,
91434,242,7,0,,,
91435,242,8,0,,,
91436,242,9,0,,,
91437,242,10,0,,,
91438,242,11,0,,,
91439,242,12,0,,,
91440,242,13,0,,,
91441,242,14,0,,,
91442,242,15,0,,,
91443,242,16,0,,,
91444,242,17,0,,,
91445,242,18,0,,,
91446,242,19,0,,,
91447,242,20,0,,,
91448,242,21,0,,,
91449,242,22,0,,,
91450,242,23,0,,,
91451,242,24,0,,,
91452,242,25,0,,,
91453,242,26,0,,,
91454,242,27,0,,,
91455,242,28,0,,,
91456,242,29,0,,,
91457,242,30,0,,,
91458,242,31,0,,,
91459,242,32,0,,,
91460,242,33,0,,,
91461,242,34,0,,,
91462,242,35,0,,,
91463,242,36,0,,,
91464,242,37,0,,,
91465,242,38,0,,,
91466,242,39,0,,,
91467,242,40,0,,,
91468,242,41,0,,,
91469,242,42,0,,,
91470,242,43,0,,,
91471,242,44,0,,,
91472,242,45,0,,,
91473,242,46,0,,,
91474,242,47,0,,,
91475,242,48,0,,,
91476,242,49,0,,,
91477,242,50,0,,,
91478,242,51,0,,,
91479,242,52,0,,,
91480,242,53,0,,,
91481,242,54,0,,,
91482,242,55,0,,,
91483,242,56,0,,,
91484,242,57,0,,,
91485,242,58,0,,,
91486,242,59,0,,,
91487,242,60,0,,,
91488,242,61,1,Mon Jul 20 2026 00:00:00 GMT-0500 (hora de Ecuador),Fri Jul 31 2026 00:00:00 GMT-0500 (hora de Ecuador),
91489,245,1,1,Mon Jul 20 2026 00:00:00 GMT-0500 (hora de Ecuador),Mon Jul 20 2026 00:00:00 GMT-0500 (hora de Ecuador),
91490,245,2,0,,,
91491,245,3,0,,,
91492,245,4,0,,,
91493,245,5,0,,,
91494,245,6,0,,,
91495,245,7,0,,,
91496,245,8,0,,,
91497,245,9,0,,,
91498,245,10,0,,,
91499,245,11,0,,,
91500,245,12,0,,,
91501,245,13,0,,,
91502,245,14,0,,,
91503,245,15,0,,,
91504,245,16,0,,,
91505,245,17,0,,,
91506,245,18,0,,,
91507,245,19,0,,,
91508,245,20,0,,,
91509,245,21,0,,,
91510,245,22,0,,,
91511,245,23,0,,,
91512,245,24,0,,,
91513,245,25,0,,,
91514,245,26,0,,,
91515,245,27,0,,,
91516,245,28,0,,,
91517,245,29,0,,,
91518,245,30,0,,,
91519,245,31,0,,,
91520,245,32,0,,,
91521,245,33,0,,,
91522,245,34,0,,,
91523,245,35,0,,,
91524,245,36,0,,,
91525,245,37,0,,,
91526,245,38,0,,,
91527,245,39,0,,,
91528,245,40,0,,,
91529,245,41,0,,,
91530,245,42,0,,,
91531,245,43,0,,,
91532,245,44,0,,,
91533,245,45,0,,,
91534,245,46,0,,,
91535,245,47,0,,,
91536,245,48,0,,,
91537,245,49,0,,,
91538,245,50,0,,,
91539,245,51,0,,,
91540,245,52,0,,,
91541,245,53,0,,,
91542,245,54,0,,,
91543,245,55,0,,,
91544,245,56,0,,,
91545,245,57,0,,,
91546,245,58,0,,,
91547,245,59,0,,,
91548,245,60,0,,,
91549,245,61,1,Fri Jul 31 2026 00:00:00 GMT-0500 (hora de Ecuador),Fri Jul 31 2026 00:00:00 GMT-0500 (hora de Ecuador),
91600,158,51,0,,,
91601,158,52,0,,,
91602,158,53,0,,,
91603,158,54,0,,,
91604,158,55,0,,,
91605,158,56,0,,,
91606,158,57,0,,,
91607,158,58,0,,,
91608,158,59,0,,,
91609,158,60,0,,,
91610,158,61,0,,,
91661,71,51,0,,,
91662,71,52,0,,,
91663,71,53,0,,,
91664,71,54,0,,,
91665,71,55,0,,,
91666,71,56,0,,,
91667,71,57,0,,,
91668,71,58,0,,,
91669,71,59,0,,,
91670,71,60,0,,,
91671,71,61,0,,,
91672,244,1,1,Mon Jul 20 2026 00:00:00 GMT-0500 (hora de Ecuador),Mon Jul 20 2026 00:00:00 GMT-0500 (hora de Ecuador),
91673,244,2,0,,,
91674,244,3,0,,,
91675,244,4,0,,,
91676,244,5,0,,,
91677,244,6,0,,,
91678,244,7,0,,,
91679,244,8,0,,,
91680,244,9,0,,,
91681,244,10,0,,,
91682,244,11,0,,,
91683,244,12,0,,,
91684,244,13,0,,,
91685,244,14,0,,,
91686,244,15,0,,,
91687,244,16,0,,,
91688,244,17,0,,,
91689,244,18,0,,,
91690,244,19,0,,,
91691,244,20,0,,,
91692,244,21,0,,,
91693,244,22,0,,,
91694,244,23,0,,,
91695,244,24,0,,,
91696,244,25,0,,,
91697,244,26,0,,,
91698,244,27,0,,,
91699,244,28,0,,,
91700,244,29,0,,,
91701,244,30,0,,,
91702,244,31,0,,,
91703,244,32,0,,,
91704,244,33,0,,,
91705,244,34,0,,,
91706,244,35,0,,,
91707,244,36,0,,,
91708,244,37,0,,,
91709,244,38,0,,,
91710,244,39,0,,,
91711,244,40,0,,,
91712,244,41,0,,,
91713,244,42,0,,,
91714,244,43,0,,,
91715,244,44,0,,,
91716,244,45,0,,,
91717,244,46,0,,,
91718,244,47,0,,,
91719,244,48,0,,,
91720,244,49,0,,,
91721,244,50,0,,,
91722,244,51,0,,,
91723,244,52,0,,,
91724,244,53,0,,,
91725,244,54,0,,,
91726,244,55,0,,,
91727,244,56,0,,,
91728,244,57,0,,,
91729,244,58,0,,,
91730,244,59,0,,,
91731,244,60,0,,,
91732,244,61,0,,,
91733,252,1,1,Mon Jul 20 2026 00:00:00 GMT-0500 (hora de Ecuador),Tue May 26 2026 00:00:00 GMT-0500 (hora de Ecuador),
91734,252,2,1,Wed Jul 29 2026 00:00:00 GMT-0500 (hora de Ecuador),Tue May 26 2026 00:00:00 GMT-0500 (hora de Ecuador),
91735,252,3,1,Wed Jul 29 2026 00:00:00 GMT-0500 (hora de Ecuador),Fri Jul 17 2026 00:00:00 GMT-0500 (hora de Ecuador),
91736,252,4,1,Wed Jul 29 2026 00:00:00 GMT-0500 (hora de Ecuador),Fri Jul 17 2026 00:00:00 GMT-0500 (hora de Ecuador),
91737,252,5,1,Wed Jul 29 2026 00:00:00 GMT-0500 (hora de Ecuador),Wed Jul 29 2026 00:00:00 GMT-0500 (hora de Ecuador),
91738,252,6,1,Wed Jul 29 2026 00:00:00 GMT-0500 (hora de Ecuador),Wed Jul 29 2026 00:00:00 GMT-0500 (hora de Ecuador),
91739,252,7,1,Wed Jul 29 2026 00:00:00 GMT-0500 (hora de Ecuador),Wed Jul 29 2026 00:00:00 GMT-0500 (hora de Ecuador),
91740,252,8,1,Wed Jul 29 2026 00:00:00 GMT-0500 (hora de Ecuador),Wed Jul 29 2026 00:00:00 GMT-0500 (hora de Ecuador),
91741,252,9,1,Wed Jul 29 2026 00:00:00 GMT-0500 (hora de Ecuador),Wed Jul 29 2026 00:00:00 GMT-0500 (hora de Ecuador),
91742,252,10,1,Wed Jul 29 2026 00:00:00 GMT-0500 (hora de Ecuador),Wed Jul 29 2026 00:00:00 GMT-0500 (hora de Ecuador),
91743,252,11,1,Wed Jul 29 2026 00:00:00 GMT-0500 (hora de Ecuador),Wed Jul 29 2026 00:00:00 GMT-0500 (hora de Ecuador),
91744,252,12,1,Wed Jul 29 2026 00:00:00 GMT-0500 (hora de Ecuador),Wed Jul 29 2026 00:00:00 GMT-0500 (hora de Ecuador),
91745,252,13,1,Wed Jul 29 2026 00:00:00 GMT-0500 (hora de Ecuador),Wed Jul 29 2026 00:00:00 GMT-0500 (hora de Ecuador),
91746,252,14,1,Wed Jul 29 2026 00:00:00 GMT-0500 (hora de Ecuador),Wed Jul 29 2026 00:00:00 GMT-0500 (hora de Ecuador),
91747,252,15,1,Wed Jul 29 2026 00:00:00 GMT-0500 (hora de Ecuador),Tue Aug 04 2026 00:00:00 GMT-0500 (hora de Ecuador),
91748,252,16,1,Wed Jul 29 2026 00:00:00 GMT-0500 (hora de Ecuador),Tue Aug 04 2026 00:00:00 GMT-0500 (hora de Ecuador),
91749,252,17,1,Wed Jul 29 2026 00:00:00 GMT-0500 (hora de Ecuador),Thu Aug 06 2026 00:00:00 GMT-0500 (hora de Ecuador),
91750,252,18,1,Wed Jul 29 2026 00:00:00 GMT-0500 (hora de Ecuador),Fri Aug 07 2026 00:00:00 GMT-0500 (hora de Ecuador),
91751,252,19,1,Wed Jul 29 2026 00:00:00 GMT-0500 (hora de Ecuador),Mon Aug 10 2026 00:00:00 GMT-0500 (hora de Ecuador),
91752,252,20,1,Wed Jul 29 2026 00:00:00 GMT-0500 (hora de Ecuador),Thu Aug 13 2026 00:00:00 GMT-0500 (hora de Ecuador),
91753,252,21,0,,,
91754,252,22,0,,,
91755,252,23,0,,,
91756,252,24,0,,,
91757,252,25,0,,,
91758,252,26,0,,,
91759,252,27,0,,,
91760,252,28,0,,,
91761,252,29,0,,,
91762,252,30,0,,,
91763,252,31,0,,,
91764,252,32,0,,,
91765,252,33,1,Wed Jul 29 2026 00:00:00 GMT-0500 (hora de Ecuador),Mon Aug 10 2026 00:00:00 GMT-0500 (hora de Ecuador),
91766,252,34,0,,,
91767,252,35,0,,,
91768,252,36,0,,,
91769,252,37,0,,,
91770,252,38,0,,,
91771,252,39,0,,,
91772,252,40,0,,,
91773,252,41,0,,,
91774,252,42,0,,,
91775,252,43,0,,,
91776,252,44,1,Wed Jul 29 2026 00:00:00 GMT-0500 (hora de Ecuador),Wed Aug 19 2026 00:00:00 GMT-0500 (hora de Ecuador),
91777,252,45,0,,,
91778,252,46,0,,,
91779,252,47,0,,,
91780,252,48,0,,,
91781,252,49,1,Wed Jul 29 2026 00:00:00 GMT-0500 (hora de Ecuador),Thu Aug 27 2026 00:00:00 GMT-0500 (hora de Ecuador),
91782,252,50,0,,,
91783,252,51,0,,,
91784,252,52,0,,,
91785,252,53,0,,,
91786,252,54,0,,,
91787,252,55,0,,,
91788,252,56,0,,,
91789,252,57,0,,,
91790,252,58,0,,,
91791,252,59,0,,,
91792,252,60,0,,,
91793,252,61,0,,,
91844,173,51,0,,,
91845,173,52,0,,,
91846,173,53,0,,,
91847,173,54,0,,,
91848,173,55,0,,,
91849,173,56,0,,,
91850,173,57,0,,,
91851,173,58,0,,,
91852,173,59,0,,,
91853,173,60,0,,,
91854,173,61,0,,,
91905,114,51,0,,,
91906,114,52,0,,,
91907,114,53,0,,,
91908,114,54,0,,,
91909,114,55,0,,,
91910,114,56,0,,,
91911,114,57,0,,,
91912,114,58,0,,,
91913,114,59,0,,,
91914,114,60,0,,,
91915,114,61,0,,,
91966,1,51,0,,,
91967,1,52,0,,,
91968,1,53,0,,,
91969,1,54,0,,,
91970,1,55,0,,,
91971,1,56,0,,,
91972,1,57,0,,,
91973,1,58,0,,,
91974,1,59,0,,,
91975,1,60,0,,,
91976,1,61,0,,,
92448,256,62,1,Wed Jun 03 2026 00:00:00 GMT-0500 (hora de Ecuador),Wed Jul 29 2026 00:00:00 GMT-0500 (hora de Ecuador),
92449,256,63,1,Fri Aug 28 2026 00:00:00 GMT-0500 (hora de Ecuador),Fri Aug 28 2026 00:00:00 GMT-0500 (hora de Ecuador),
97177,140,51,0,,,
97178,140,52,0,,,
97179,140,53,0,,,
97180,140,54,0,,,
97181,140,55,0,,,
97182,140,56,0,,,
97183,140,57,0,,,
97184,140,58,0,,,
97185,140,59,0,,,
97186,140,60,0,,,
97187,140,61,0,,,
97188,140,62,0,,,
97189,140,63,0,,,
97253,140,64,1,Wed Apr 08 2026 00:00:00 GMT-0500 (hora de Ecuador),Wed Apr 08 2026 00:00:00 GMT-0500 (hora de Ecuador),
97254,140,65,1,,,
108996,252,62,0,,,
108997,252,63,0,,,
108998,252,64,0,,,
108999,252,65,0,,,
110410,173,62,0,,,
110411,173,63,0,,,
110412,173,64,0,,,
110413,173,65,0,,,
111580,231,62,0,,,
111581,231,63,0,,,
111582,231,64,0,,,
111583,231,65,0,,,
111649,231,67,1,Mon Jun 29 2026 00:00:00 GMT-0500 (hora de Ecuador),Mon Jun 29 2026 00:00:00 GMT-0500 (hora de Ecuador),
112795,195,61,0,,,
112796,195,62,0,,,
112797,195,63,0,,,
112798,195,64,0,,,
112799,195,65,0,,,
112800,195,67,0,,,
129253,230,62,0,,,
129254,230,63,0,,,
129255,230,64,0,,,
129256,230,65,0,,,
129257,230,67,0,,,
130158,157,51,0,,,
130159,157,52,0,,,
130160,157,53,0,,,
130161,157,54,0,,,
130162,157,55,0,,,
130163,157,56,0,,,
130164,157,57,0,,,
130165,157,58,0,,,
130166,157,59,0,,,
130167,157,60,0,,,
130168,157,61,0,,,
130169,157,62,0,,,
130170,157,63,0,,,
130171,157,64,0,,,
130172,157,65,0,,,
130173,157,67,0,,,
